solid OpenSCAD_Model
  facet normal 1 -0 0
    outer loop
      vertex 2.4 2.4 43.0645
      vertex 2.4 18.7 2
      vertex 2.4 18.7 43.0645
    endloop
  endfacet
  facet normal 1 0 0
    outer loop
      vertex 2.4 18.7 2
      vertex 2.4 2.4 43.0645
      vertex 2.4 2.4 2
    endloop
  endfacet
  facet normal -1 0 0
    outer loop
      vertex 37.4 2.4 2
      vertex 37.4 18.7 44.5
      vertex 37.4 18.7 2
    endloop
  endfacet
  facet normal -1 -0 0
    outer loop
      vertex 37.4 18.7 44.5
      vertex 37.4 2.4 2
      vertex 37.4 2.4 44.5
    endloop
  endfacet
  facet normal 0 -1 0
    outer loop
      vertex 3.43553 18.7 44.1
      vertex 18.8558 18.7 24.3316
      vertex 19.9 18.7 24.4
    endloop
  endfacet
  facet normal 0 -1 0
    outer loop
      vertex 3.43553 18.7 44.1
      vertex 17.8294 18.7 24.1274
      vertex 18.8558 18.7 24.3316
    endloop
  endfacet
  facet normal 0 -1 0
    outer loop
      vertex 3.43553 18.7 44.1
      vertex 16.8385 18.7 23.791
      vertex 17.8294 18.7 24.1274
    endloop
  endfacet
  facet normal 0 -1 0
    outer loop
      vertex 2.4 18.7 43.0645
      vertex 15.9 18.7 23.3282
      vertex 16.8385 18.7 23.791
    endloop
  endfacet
  facet normal 0 -1 0
    outer loop
      vertex 2.4 18.7 43.0645
      vertex 15.0299 18.7 22.7468
      vertex 15.9 18.7 23.3282
    endloop
  endfacet
  facet normal 0 -1 0
    outer loop
      vertex 2.4 18.7 43.0645
      vertex 14.2431 18.7 22.0569
      vertex 15.0299 18.7 22.7468
    endloop
  endfacet
  facet normal 0 -1 0
    outer loop
      vertex 2.4 18.7 43.0645
      vertex 13.5532 18.7 21.2701
      vertex 14.2431 18.7 22.0569
    endloop
  endfacet
  facet normal 0 -1 0
    outer loop
      vertex 2.4 18.7 43.0645
      vertex 12.9718 18.7 20.4
      vertex 13.5532 18.7 21.2701
    endloop
  endfacet
  facet normal 0 -1 0
    outer loop
      vertex 2.4 18.7 43.0645
      vertex 12.509 18.7 19.4615
      vertex 12.9718 18.7 20.4
    endloop
  endfacet
  facet normal 0 -1 0
    outer loop
      vertex 2.4 18.7 43.0645
      vertex 12.1726 18.7 18.4706
      vertex 12.509 18.7 19.4615
    endloop
  endfacet
  facet normal 0 -1 0
    outer loop
      vertex 2.4 18.7 43.0645
      vertex 11.9684 18.7 17.4442
      vertex 12.1726 18.7 18.4706
    endloop
  endfacet
  facet normal 0 -1 0
    outer loop
      vertex 2.4 18.7 2
      vertex 11.9684 18.7 17.4442
      vertex 2.4 18.7 43.0645
    endloop
  endfacet
  facet normal 0 -1 0
    outer loop
      vertex 11.9684 18.7 17.4442
      vertex 2.4 18.7 2
      vertex 11.9 18.7 16.4
    endloop
  endfacet
  facet normal 0 -1 -0
    outer loop
      vertex 11.9 18.7 16.4
      vertex 2.4 18.7 2
      vertex 11.9 18.7 2
    endloop
  endfacet
  facet normal 0 -1 0
    outer loop
      vertex 3.43553 18.7 44.1
      vertex 37.4 18.7 44.5
      vertex 3.03555 18.7 44.5
    endloop
  endfacet
  facet normal 0 -1 0
    outer loop
      vertex 16.8385 18.7 23.791
      vertex 3.43553 18.7 44.1
      vertex 2.4 18.7 43.0645
    endloop
  endfacet
  facet normal 0 -1 0
    outer loop
      vertex 3.43553 18.7 44.1
      vertex 19.9 18.7 24.4
      vertex 37.4 18.7 44.5
    endloop
  endfacet
  facet normal 0 -1 0
    outer loop
      vertex 20.9442 18.7 24.3316
      vertex 37.4 18.7 44.5
      vertex 19.9 18.7 24.4
    endloop
  endfacet
  facet normal 0 -1 0
    outer loop
      vertex 21.9706 18.7 24.1274
      vertex 37.4 18.7 44.5
      vertex 20.9442 18.7 24.3316
    endloop
  endfacet
  facet normal 0 -1 0
    outer loop
      vertex 22.9615 18.7 23.791
      vertex 37.4 18.7 44.5
      vertex 21.9706 18.7 24.1274
    endloop
  endfacet
  facet normal 0 -1 0
    outer loop
      vertex 23.9 18.7 23.3282
      vertex 37.4 18.7 44.5
      vertex 22.9615 18.7 23.791
    endloop
  endfacet
  facet normal 0 -1 0
    outer loop
      vertex 24.7701 18.7 22.7468
      vertex 37.4 18.7 44.5
      vertex 23.9 18.7 23.3282
    endloop
  endfacet
  facet normal 0 -1 0
    outer loop
      vertex 25.5569 18.7 22.0569
      vertex 37.4 18.7 44.5
      vertex 24.7701 18.7 22.7468
    endloop
  endfacet
  facet normal 0 -1 0
    outer loop
      vertex 26.2468 18.7 21.2701
      vertex 37.4 18.7 44.5
      vertex 25.5569 18.7 22.0569
    endloop
  endfacet
  facet normal 0 -1 0
    outer loop
      vertex 26.8282 18.7 20.4
      vertex 37.4 18.7 44.5
      vertex 26.2468 18.7 21.2701
    endloop
  endfacet
  facet normal 0 -1 0
    outer loop
      vertex 27.291 18.7 19.4615
      vertex 37.4 18.7 44.5
      vertex 26.8282 18.7 20.4
    endloop
  endfacet
  facet normal 0 -1 0
    outer loop
      vertex 27.6274 18.7 18.4706
      vertex 37.4 18.7 44.5
      vertex 27.291 18.7 19.4615
    endloop
  endfacet
  facet normal 0 -1 0
    outer loop
      vertex 27.8316 18.7 17.4442
      vertex 37.4 18.7 44.5
      vertex 27.6274 18.7 18.4706
    endloop
  endfacet
  facet normal 0 -1 0
    outer loop
      vertex 37.4 18.7 2
      vertex 27.8316 18.7 17.4442
      vertex 27.9 18.7 16.4
    endloop
  endfacet
  facet normal 0 -1 0
    outer loop
      vertex 37.4 18.7 2
      vertex 27.9 18.7 16.4
      vertex 27.9 18.7 2
    endloop
  endfacet
  facet normal 0 -1 0
    outer loop
      vertex 27.8316 18.7 17.4442
      vertex 37.4 18.7 2
      vertex 37.4 18.7 44.5
    endloop
  endfacet
  facet normal -0 0 1
    outer loop
      vertex 2.4 18.7 2
      vertex 11.9 18.3 2
      vertex 11.9 18.7 2
    endloop
  endfacet
  facet normal 0 0 1
    outer loop
      vertex 11.9 18.3 2
      vertex 2.4 18.7 2
      vertex 11.9 2.8 2
    endloop
  endfacet
  facet normal 0 0 1
    outer loop
      vertex 2.4 2.4 2
      vertex 11.9 2.8 2
      vertex 2.4 18.7 2
    endloop
  endfacet
  facet normal 0 0 1
    outer loop
      vertex 11.9 2.8 2
      vertex 2.4 2.4 2
      vertex 11.9 2.4 2
    endloop
  endfacet
  facet normal -0 0 1
    outer loop
      vertex 11.9 18.3 2
      vertex 27.9 2.8 2
      vertex 27.9 18.3 2
    endloop
  endfacet
  facet normal 0 0 1
    outer loop
      vertex 27.9 2.8 2
      vertex 11.9 18.3 2
      vertex 11.9 2.8 2
    endloop
  endfacet
  facet normal 0 0 1
    outer loop
      vertex 27.9 18.3 2
      vertex 37.4 18.7 2
      vertex 27.9 18.7 2
    endloop
  endfacet
  facet normal 0 0 1
    outer loop
      vertex 37.4 18.7 2
      vertex 27.9 18.3 2
      vertex 37.4 2.4 2
    endloop
  endfacet
  facet normal -0 0 1
    outer loop
      vertex 27.9 2.8 2
      vertex 37.4 2.4 2
      vertex 27.9 18.3 2
    endloop
  endfacet
  facet normal 0 0 1
    outer loop
      vertex 37.4 2.4 2
      vertex 27.9 2.8 2
      vertex 27.9 2.4 2
    endloop
  endfacet
  facet normal 0 1 0
    outer loop
      vertex 37.4 2.4 44.5
      vertex 3.43553 2.4 44.1
      vertex 3.03555 2.4 44.5
    endloop
  endfacet
  facet normal 0 1 -0
    outer loop
      vertex 19.9 2.4 24.4
      vertex 3.43553 2.4 44.1
      vertex 37.4 2.4 44.5
    endloop
  endfacet
  facet normal 0 1 -0
    outer loop
      vertex 18.8558 2.4 24.3316
      vertex 3.43553 2.4 44.1
      vertex 19.9 2.4 24.4
    endloop
  endfacet
  facet normal 0 1 0
    outer loop
      vertex 37.4 2.4 44.5
      vertex 20.9442 2.4 24.3316
      vertex 19.9 2.4 24.4
    endloop
  endfacet
  facet normal 0 1 0
    outer loop
      vertex 37.4 2.4 44.5
      vertex 21.9706 2.4 24.1274
      vertex 20.9442 2.4 24.3316
    endloop
  endfacet
  facet normal 0 1 0
    outer loop
      vertex 37.4 2.4 44.5
      vertex 22.9615 2.4 23.791
      vertex 21.9706 2.4 24.1274
    endloop
  endfacet
  facet normal 0 1 0
    outer loop
      vertex 37.4 2.4 44.5
      vertex 23.9 2.4 23.3282
      vertex 22.9615 2.4 23.791
    endloop
  endfacet
  facet normal 0 1 0
    outer loop
      vertex 37.4 2.4 44.5
      vertex 24.7701 2.4 22.7468
      vertex 23.9 2.4 23.3282
    endloop
  endfacet
  facet normal 0 1 0
    outer loop
      vertex 37.4 2.4 44.5
      vertex 25.5569 2.4 22.0569
      vertex 24.7701 2.4 22.7468
    endloop
  endfacet
  facet normal 0 1 0
    outer loop
      vertex 37.4 2.4 44.5
      vertex 26.2468 2.4 21.2701
      vertex 25.5569 2.4 22.0569
    endloop
  endfacet
  facet normal 0 1 0
    outer loop
      vertex 37.4 2.4 44.5
      vertex 26.8282 2.4 20.4
      vertex 26.2468 2.4 21.2701
    endloop
  endfacet
  facet normal 0 1 0
    outer loop
      vertex 37.4 2.4 44.5
      vertex 27.291 2.4 19.4615
      vertex 26.8282 2.4 20.4
    endloop
  endfacet
  facet normal 0 1 0
    outer loop
      vertex 37.4 2.4 44.5
      vertex 27.6274 2.4 18.4706
      vertex 27.291 2.4 19.4615
    endloop
  endfacet
  facet normal 0 1 0
    outer loop
      vertex 37.4 2.4 44.5
      vertex 27.8316 2.4 17.4442
      vertex 27.6274 2.4 18.4706
    endloop
  endfacet
  facet normal 0 1 -0
    outer loop
      vertex 37.4 2.4 2
      vertex 27.8316 2.4 17.4442
      vertex 37.4 2.4 44.5
    endloop
  endfacet
  facet normal 0 1 0
    outer loop
      vertex 27.8316 2.4 17.4442
      vertex 37.4 2.4 2
      vertex 27.9 2.4 16.4
    endloop
  endfacet
  facet normal 0 1 0
    outer loop
      vertex 27.9 2.4 16.4
      vertex 37.4 2.4 2
      vertex 27.9 2.4 2
    endloop
  endfacet
  facet normal 0 1 -0
    outer loop
      vertex 17.8294 2.4 24.1274
      vertex 3.43553 2.4 44.1
      vertex 18.8558 2.4 24.3316
    endloop
  endfacet
  facet normal 0 1 -0
    outer loop
      vertex 16.8385 2.4 23.791
      vertex 3.43553 2.4 44.1
      vertex 17.8294 2.4 24.1274
    endloop
  endfacet
  facet normal 0 1 0
    outer loop
      vertex 3.43553 2.4 44.1
      vertex 16.8385 2.4 23.791
      vertex 2.4 2.4 43.0645
    endloop
  endfacet
  facet normal 0 1 -0
    outer loop
      vertex 15.9 2.4 23.3282
      vertex 2.4 2.4 43.0645
      vertex 16.8385 2.4 23.791
    endloop
  endfacet
  facet normal 0 1 -0
    outer loop
      vertex 15.0299 2.4 22.7468
      vertex 2.4 2.4 43.0645
      vertex 15.9 2.4 23.3282
    endloop
  endfacet
  facet normal 0 1 -0
    outer loop
      vertex 14.2431 2.4 22.0569
      vertex 2.4 2.4 43.0645
      vertex 15.0299 2.4 22.7468
    endloop
  endfacet
  facet normal 0 1 -0
    outer loop
      vertex 13.5532 2.4 21.2701
      vertex 2.4 2.4 43.0645
      vertex 14.2431 2.4 22.0569
    endloop
  endfacet
  facet normal 0 1 -0
    outer loop
      vertex 12.9718 2.4 20.4
      vertex 2.4 2.4 43.0645
      vertex 13.5532 2.4 21.2701
    endloop
  endfacet
  facet normal 0 1 -0
    outer loop
      vertex 12.509 2.4 19.4615
      vertex 2.4 2.4 43.0645
      vertex 12.9718 2.4 20.4
    endloop
  endfacet
  facet normal 0 1 -0
    outer loop
      vertex 12.1726 2.4 18.4706
      vertex 2.4 2.4 43.0645
      vertex 12.509 2.4 19.4615
    endloop
  endfacet
  facet normal 0 1 -0
    outer loop
      vertex 11.9684 2.4 17.4442
      vertex 2.4 2.4 43.0645
      vertex 12.1726 2.4 18.4706
    endloop
  endfacet
  facet normal 0 1 0
    outer loop
      vertex 2.4 2.4 2
      vertex 11.9684 2.4 17.4442
      vertex 11.9 2.4 16.4
    endloop
  endfacet
  facet normal 0 1 0
    outer loop
      vertex 2.4 2.4 2
      vertex 11.9 2.4 16.4
      vertex 11.9 2.4 2
    endloop
  endfacet
  facet normal 0 1 0
    outer loop
      vertex 11.9684 2.4 17.4442
      vertex 2.4 2.4 2
      vertex 2.4 2.4 43.0645
    endloop
  endfacet
  facet normal 1 -0 0
    outer loop
      vertex 39 2.4 44.5
      vertex 39 18.7 2
      vertex 39 18.7 44.5
    endloop
  endfacet
  facet normal 1 0 0
    outer loop
      vertex 39 18.7 2
      vertex 39 2.4 44.5
      vertex 39 2.4 2
    endloop
  endfacet
  facet normal -1 0 0
    outer loop
      vertex 74 2.4 2
      vertex 74 18.7 44.5
      vertex 74 18.7 2
    endloop
  endfacet
  facet normal -1 -0 0
    outer loop
      vertex 74 18.7 44.5
      vertex 74 2.4 2
      vertex 74 2.4 44.5
    endloop
  endfacet
  facet normal 0 -1 0
    outer loop
      vertex 39 18.7 44.5
      vertex 56.5 18.7 24.4
      vertex 74 18.7 44.5
    endloop
  endfacet
  facet normal 0 -1 0
    outer loop
      vertex 39 18.7 44.5
      vertex 55.4558 18.7 24.3316
      vertex 56.5 18.7 24.4
    endloop
  endfacet
  facet normal 0 -1 0
    outer loop
      vertex 39 18.7 44.5
      vertex 54.4294 18.7 24.1274
      vertex 55.4558 18.7 24.3316
    endloop
  endfacet
  facet normal 0 -1 0
    outer loop
      vertex 39 18.7 44.5
      vertex 53.4385 18.7 23.791
      vertex 54.4294 18.7 24.1274
    endloop
  endfacet
  facet normal 0 -1 0
    outer loop
      vertex 39 18.7 44.5
      vertex 52.5 18.7 23.3282
      vertex 53.4385 18.7 23.791
    endloop
  endfacet
  facet normal 0 -1 0
    outer loop
      vertex 39 18.7 44.5
      vertex 51.6299 18.7 22.7468
      vertex 52.5 18.7 23.3282
    endloop
  endfacet
  facet normal 0 -1 0
    outer loop
      vertex 39 18.7 44.5
      vertex 50.8431 18.7 22.0569
      vertex 51.6299 18.7 22.7468
    endloop
  endfacet
  facet normal 0 -1 0
    outer loop
      vertex 39 18.7 44.5
      vertex 50.1532 18.7 21.2701
      vertex 50.8431 18.7 22.0569
    endloop
  endfacet
  facet normal 0 -1 0
    outer loop
      vertex 39 18.7 44.5
      vertex 49.5718 18.7 20.4
      vertex 50.1532 18.7 21.2701
    endloop
  endfacet
  facet normal 0 -1 0
    outer loop
      vertex 39 18.7 44.5
      vertex 49.109 18.7 19.4615
      vertex 49.5718 18.7 20.4
    endloop
  endfacet
  facet normal 0 -1 0
    outer loop
      vertex 39 18.7 44.5
      vertex 48.7726 18.7 18.4706
      vertex 49.109 18.7 19.4615
    endloop
  endfacet
  facet normal 0 -1 0
    outer loop
      vertex 39 18.7 44.5
      vertex 48.5684 18.7 17.4442
      vertex 48.7726 18.7 18.4706
    endloop
  endfacet
  facet normal 0 -1 0
    outer loop
      vertex 39 18.7 2
      vertex 48.5684 18.7 17.4442
      vertex 39 18.7 44.5
    endloop
  endfacet
  facet normal 0 -1 0
    outer loop
      vertex 48.5684 18.7 17.4442
      vertex 39 18.7 2
      vertex 48.5 18.7 16.4
    endloop
  endfacet
  facet normal 0 -1 -0
    outer loop
      vertex 48.5 18.7 16.4
      vertex 39 18.7 2
      vertex 48.5 18.7 2
    endloop
  endfacet
  facet normal 0 -1 0
    outer loop
      vertex 57.5442 18.7 24.3316
      vertex 74 18.7 44.5
      vertex 56.5 18.7 24.4
    endloop
  endfacet
  facet normal 0 -1 0
    outer loop
      vertex 58.5706 18.7 24.1274
      vertex 74 18.7 44.5
      vertex 57.5442 18.7 24.3316
    endloop
  endfacet
  facet normal 0 -1 0
    outer loop
      vertex 59.5615 18.7 23.791
      vertex 74 18.7 44.5
      vertex 58.5706 18.7 24.1274
    endloop
  endfacet
  facet normal 0 -1 0
    outer loop
      vertex 60.5 18.7 23.3282
      vertex 74 18.7 44.5
      vertex 59.5615 18.7 23.791
    endloop
  endfacet
  facet normal 0 -1 0
    outer loop
      vertex 61.3701 18.7 22.7468
      vertex 74 18.7 44.5
      vertex 60.5 18.7 23.3282
    endloop
  endfacet
  facet normal 0 -1 0
    outer loop
      vertex 62.1569 18.7 22.0569
      vertex 74 18.7 44.5
      vertex 61.3701 18.7 22.7468
    endloop
  endfacet
  facet normal 0 -1 0
    outer loop
      vertex 62.8468 18.7 21.2701
      vertex 74 18.7 44.5
      vertex 62.1569 18.7 22.0569
    endloop
  endfacet
  facet normal 0 -1 0
    outer loop
      vertex 63.4282 18.7 20.4
      vertex 74 18.7 44.5
      vertex 62.8468 18.7 21.2701
    endloop
  endfacet
  facet normal 0 -1 0
    outer loop
      vertex 63.891 18.7 19.4615
      vertex 74 18.7 44.5
      vertex 63.4282 18.7 20.4
    endloop
  endfacet
  facet normal 0 -1 0
    outer loop
      vertex 64.2274 18.7 18.4706
      vertex 74 18.7 44.5
      vertex 63.891 18.7 19.4615
    endloop
  endfacet
  facet normal 0 -1 0
    outer loop
      vertex 64.4316 18.7 17.4442
      vertex 74 18.7 44.5
      vertex 64.2274 18.7 18.4706
    endloop
  endfacet
  facet normal 0 -1 0
    outer loop
      vertex 74 18.7 2
      vertex 64.4316 18.7 17.4442
      vertex 64.5 18.7 16.4
    endloop
  endfacet
  facet normal 0 -1 0
    outer loop
      vertex 74 18.7 2
      vertex 64.5 18.7 16.4
      vertex 64.5 18.7 2
    endloop
  endfacet
  facet normal 0 -1 0
    outer loop
      vertex 64.4316 18.7 17.4442
      vertex 74 18.7 2
      vertex 74 18.7 44.5
    endloop
  endfacet
  facet normal -0 0 1
    outer loop
      vertex 39 18.7 2
      vertex 48.5 18.3 2
      vertex 48.5 18.7 2
    endloop
  endfacet
  facet normal 0 0 1
    outer loop
      vertex 48.5 18.3 2
      vertex 39 18.7 2
      vertex 48.5 2.8 2
    endloop
  endfacet
  facet normal 0 0 1
    outer loop
      vertex 39 2.4 2
      vertex 48.5 2.8 2
      vertex 39 18.7 2
    endloop
  endfacet
  facet normal 0 0 1
    outer loop
      vertex 48.5 2.8 2
      vertex 39 2.4 2
      vertex 48.5 2.4 2
    endloop
  endfacet
  facet normal -0 0 1
    outer loop
      vertex 48.5 18.3 2
      vertex 64.5 2.8 2
      vertex 64.5 18.3 2
    endloop
  endfacet
  facet normal 0 0 1
    outer loop
      vertex 64.5 2.8 2
      vertex 48.5 18.3 2
      vertex 48.5 2.8 2
    endloop
  endfacet
  facet normal 0 0 1
    outer loop
      vertex 64.5 18.3 2
      vertex 74 18.7 2
      vertex 64.5 18.7 2
    endloop
  endfacet
  facet normal 0 0 1
    outer loop
      vertex 74 18.7 2
      vertex 64.5 18.3 2
      vertex 74 2.4 2
    endloop
  endfacet
  facet normal -0 0 1
    outer loop
      vertex 64.5 2.8 2
      vertex 74 2.4 2
      vertex 64.5 18.3 2
    endloop
  endfacet
  facet normal 0 0 1
    outer loop
      vertex 74 2.4 2
      vertex 64.5 2.8 2
      vertex 64.5 2.4 2
    endloop
  endfacet
  facet normal 0 1 0
    outer loop
      vertex 74 2.4 44.5
      vertex 56.5 2.4 24.4
      vertex 39 2.4 44.5
    endloop
  endfacet
  facet normal 0 1 0
    outer loop
      vertex 74 2.4 44.5
      vertex 57.5442 2.4 24.3316
      vertex 56.5 2.4 24.4
    endloop
  endfacet
  facet normal 0 1 0
    outer loop
      vertex 74 2.4 44.5
      vertex 58.5706 2.4 24.1274
      vertex 57.5442 2.4 24.3316
    endloop
  endfacet
  facet normal 0 1 0
    outer loop
      vertex 74 2.4 44.5
      vertex 59.5615 2.4 23.791
      vertex 58.5706 2.4 24.1274
    endloop
  endfacet
  facet normal 0 1 0
    outer loop
      vertex 74 2.4 44.5
      vertex 60.5 2.4 23.3282
      vertex 59.5615 2.4 23.791
    endloop
  endfacet
  facet normal 0 1 0
    outer loop
      vertex 74 2.4 44.5
      vertex 61.3701 2.4 22.7468
      vertex 60.5 2.4 23.3282
    endloop
  endfacet
  facet normal 0 1 0
    outer loop
      vertex 74 2.4 44.5
      vertex 62.1569 2.4 22.0569
      vertex 61.3701 2.4 22.7468
    endloop
  endfacet
  facet normal 0 1 0
    outer loop
      vertex 74 2.4 44.5
      vertex 62.8468 2.4 21.2701
      vertex 62.1569 2.4 22.0569
    endloop
  endfacet
  facet normal 0 1 0
    outer loop
      vertex 74 2.4 44.5
      vertex 63.4282 2.4 20.4
      vertex 62.8468 2.4 21.2701
    endloop
  endfacet
  facet normal 0 1 0
    outer loop
      vertex 74 2.4 44.5
      vertex 63.891 2.4 19.4615
      vertex 63.4282 2.4 20.4
    endloop
  endfacet
  facet normal 0 1 0
    outer loop
      vertex 74 2.4 44.5
      vertex 64.2274 2.4 18.4706
      vertex 63.891 2.4 19.4615
    endloop
  endfacet
  facet normal 0 1 0
    outer loop
      vertex 74 2.4 44.5
      vertex 64.4316 2.4 17.4442
      vertex 64.2274 2.4 18.4706
    endloop
  endfacet
  facet normal 0 1 -0
    outer loop
      vertex 74 2.4 2
      vertex 64.4316 2.4 17.4442
      vertex 74 2.4 44.5
    endloop
  endfacet
  facet normal 0 1 0
    outer loop
      vertex 64.4316 2.4 17.4442
      vertex 74 2.4 2
      vertex 64.5 2.4 16.4
    endloop
  endfacet
  facet normal 0 1 0
    outer loop
      vertex 64.5 2.4 16.4
      vertex 74 2.4 2
      vertex 64.5 2.4 2
    endloop
  endfacet
  facet normal 0 1 -0
    outer loop
      vertex 55.4558 2.4 24.3316
      vertex 39 2.4 44.5
      vertex 56.5 2.4 24.4
    endloop
  endfacet
  facet normal 0 1 -0
    outer loop
      vertex 54.4294 2.4 24.1274
      vertex 39 2.4 44.5
      vertex 55.4558 2.4 24.3316
    endloop
  endfacet
  facet normal 0 1 -0
    outer loop
      vertex 53.4385 2.4 23.791
      vertex 39 2.4 44.5
      vertex 54.4294 2.4 24.1274
    endloop
  endfacet
  facet normal 0 1 -0
    outer loop
      vertex 52.5 2.4 23.3282
      vertex 39 2.4 44.5
      vertex 53.4385 2.4 23.791
    endloop
  endfacet
  facet normal 0 1 -0
    outer loop
      vertex 51.6299 2.4 22.7468
      vertex 39 2.4 44.5
      vertex 52.5 2.4 23.3282
    endloop
  endfacet
  facet normal 0 1 -0
    outer loop
      vertex 50.8431 2.4 22.0569
      vertex 39 2.4 44.5
      vertex 51.6299 2.4 22.7468
    endloop
  endfacet
  facet normal 0 1 -0
    outer loop
      vertex 50.1532 2.4 21.2701
      vertex 39 2.4 44.5
      vertex 50.8431 2.4 22.0569
    endloop
  endfacet
  facet normal 0 1 -0
    outer loop
      vertex 49.5718 2.4 20.4
      vertex 39 2.4 44.5
      vertex 50.1532 2.4 21.2701
    endloop
  endfacet
  facet normal 0 1 -0
    outer loop
      vertex 49.109 2.4 19.4615
      vertex 39 2.4 44.5
      vertex 49.5718 2.4 20.4
    endloop
  endfacet
  facet normal 0 1 -0
    outer loop
      vertex 48.7726 2.4 18.4706
      vertex 39 2.4 44.5
      vertex 49.109 2.4 19.4615
    endloop
  endfacet
  facet normal 0 1 -0
    outer loop
      vertex 48.5684 2.4 17.4442
      vertex 39 2.4 44.5
      vertex 48.7726 2.4 18.4706
    endloop
  endfacet
  facet normal 0 1 0
    outer loop
      vertex 39 2.4 2
      vertex 48.5684 2.4 17.4442
      vertex 48.5 2.4 16.4
    endloop
  endfacet
  facet normal 0 1 0
    outer loop
      vertex 39 2.4 2
      vertex 48.5 2.4 16.4
      vertex 48.5 2.4 2
    endloop
  endfacet
  facet normal 0 1 0
    outer loop
      vertex 48.5684 2.4 17.4442
      vertex 39 2.4 2
      vertex 39 2.4 44.5
    endloop
  endfacet
  facet normal 1 -0 0
    outer loop
      vertex 75.6 2.4 44.5
      vertex 75.6 18.7 2
      vertex 75.6 18.7 44.5
    endloop
  endfacet
  facet normal 1 0 0
    outer loop
      vertex 75.6 18.7 2
      vertex 75.6 2.4 44.5
      vertex 75.6 2.4 2
    endloop
  endfacet
  facet normal -1 0 0
    outer loop
      vertex 110.6 2.4 2
      vertex 110.6 18.7 44.5
      vertex 110.6 18.7 2
    endloop
  endfacet
  facet normal -1 -0 0
    outer loop
      vertex 110.6 18.7 44.5
      vertex 110.6 2.4 2
      vertex 110.6 2.4 44.5
    endloop
  endfacet
  facet normal 0 -1 0
    outer loop
      vertex 75.6 18.7 44.5
      vertex 93.1 18.7 24.4
      vertex 110.6 18.7 44.5
    endloop
  endfacet
  facet normal 0 -1 0
    outer loop
      vertex 75.6 18.7 44.5
      vertex 92.0558 18.7 24.3316
      vertex 93.1 18.7 24.4
    endloop
  endfacet
  facet normal 0 -1 0
    outer loop
      vertex 75.6 18.7 44.5
      vertex 91.0294 18.7 24.1274
      vertex 92.0558 18.7 24.3316
    endloop
  endfacet
  facet normal 0 -1 0
    outer loop
      vertex 75.6 18.7 44.5
      vertex 90.0385 18.7 23.791
      vertex 91.0294 18.7 24.1274
    endloop
  endfacet
  facet normal 0 -1 0
    outer loop
      vertex 75.6 18.7 44.5
      vertex 89.1 18.7 23.3282
      vertex 90.0385 18.7 23.791
    endloop
  endfacet
  facet normal 0 -1 0
    outer loop
      vertex 75.6 18.7 44.5
      vertex 88.2299 18.7 22.7468
      vertex 89.1 18.7 23.3282
    endloop
  endfacet
  facet normal 0 -1 0
    outer loop
      vertex 75.6 18.7 44.5
      vertex 87.4431 18.7 22.0569
      vertex 88.2299 18.7 22.7468
    endloop
  endfacet
  facet normal 0 -1 0
    outer loop
      vertex 75.6 18.7 44.5
      vertex 86.7532 18.7 21.2701
      vertex 87.4431 18.7 22.0569
    endloop
  endfacet
  facet normal 0 -1 0
    outer loop
      vertex 75.6 18.7 44.5
      vertex 86.1718 18.7 20.4
      vertex 86.7532 18.7 21.2701
    endloop
  endfacet
  facet normal 0 -1 0
    outer loop
      vertex 75.6 18.7 44.5
      vertex 85.709 18.7 19.4615
      vertex 86.1718 18.7 20.4
    endloop
  endfacet
  facet normal 0 -1 0
    outer loop
      vertex 75.6 18.7 44.5
      vertex 85.3726 18.7 18.4706
      vertex 85.709 18.7 19.4615
    endloop
  endfacet
  facet normal 0 -1 0
    outer loop
      vertex 75.6 18.7 44.5
      vertex 85.1684 18.7 17.4442
      vertex 85.3726 18.7 18.4706
    endloop
  endfacet
  facet normal 0 -1 0
    outer loop
      vertex 75.6 18.7 2
      vertex 85.1684 18.7 17.4442
      vertex 75.6 18.7 44.5
    endloop
  endfacet
  facet normal 0 -1 0
    outer loop
      vertex 85.1684 18.7 17.4442
      vertex 75.6 18.7 2
      vertex 85.1 18.7 16.4
    endloop
  endfacet
  facet normal 0 -1 -0
    outer loop
      vertex 85.1 18.7 16.4
      vertex 75.6 18.7 2
      vertex 85.1 18.7 2
    endloop
  endfacet
  facet normal 0 -1 0
    outer loop
      vertex 94.1442 18.7 24.3316
      vertex 110.6 18.7 44.5
      vertex 93.1 18.7 24.4
    endloop
  endfacet
  facet normal 0 -1 0
    outer loop
      vertex 95.1706 18.7 24.1274
      vertex 110.6 18.7 44.5
      vertex 94.1442 18.7 24.3316
    endloop
  endfacet
  facet normal 0 -1 0
    outer loop
      vertex 96.1615 18.7 23.791
      vertex 110.6 18.7 44.5
      vertex 95.1706 18.7 24.1274
    endloop
  endfacet
  facet normal 0 -1 0
    outer loop
      vertex 97.1 18.7 23.3282
      vertex 110.6 18.7 44.5
      vertex 96.1615 18.7 23.791
    endloop
  endfacet
  facet normal 0 -1 0
    outer loop
      vertex 97.9701 18.7 22.7468
      vertex 110.6 18.7 44.5
      vertex 97.1 18.7 23.3282
    endloop
  endfacet
  facet normal 0 -1 0
    outer loop
      vertex 98.7569 18.7 22.0569
      vertex 110.6 18.7 44.5
      vertex 97.9701 18.7 22.7468
    endloop
  endfacet
  facet normal 0 -1 0
    outer loop
      vertex 99.4468 18.7 21.2701
      vertex 110.6 18.7 44.5
      vertex 98.7569 18.7 22.0569
    endloop
  endfacet
  facet normal 0 -1 0
    outer loop
      vertex 100.028 18.7 20.4
      vertex 110.6 18.7 44.5
      vertex 99.4468 18.7 21.2701
    endloop
  endfacet
  facet normal 0 -1 0
    outer loop
      vertex 100.491 18.7 19.4615
      vertex 110.6 18.7 44.5
      vertex 100.028 18.7 20.4
    endloop
  endfacet
  facet normal 0 -1 0
    outer loop
      vertex 100.827 18.7 18.4706
      vertex 110.6 18.7 44.5
      vertex 100.491 18.7 19.4615
    endloop
  endfacet
  facet normal 0 -1 0
    outer loop
      vertex 101.032 18.7 17.4442
      vertex 110.6 18.7 44.5
      vertex 100.827 18.7 18.4706
    endloop
  endfacet
  facet normal 0 -1 0
    outer loop
      vertex 110.6 18.7 2
      vertex 101.032 18.7 17.4442
      vertex 101.1 18.7 16.4
    endloop
  endfacet
  facet normal 0 -1 0
    outer loop
      vertex 110.6 18.7 2
      vertex 101.1 18.7 16.4
      vertex 101.1 18.7 2
    endloop
  endfacet
  facet normal 0 -1 0
    outer loop
      vertex 101.032 18.7 17.4442
      vertex 110.6 18.7 2
      vertex 110.6 18.7 44.5
    endloop
  endfacet
  facet normal -0 0 1
    outer loop
      vertex 75.6 18.7 2
      vertex 85.1 18.3 2
      vertex 85.1 18.7 2
    endloop
  endfacet
  facet normal 0 0 1
    outer loop
      vertex 85.1 18.3 2
      vertex 75.6 18.7 2
      vertex 85.1 2.8 2
    endloop
  endfacet
  facet normal 0 0 1
    outer loop
      vertex 75.6 2.4 2
      vertex 85.1 2.8 2
      vertex 75.6 18.7 2
    endloop
  endfacet
  facet normal 0 0 1
    outer loop
      vertex 85.1 2.8 2
      vertex 75.6 2.4 2
      vertex 85.1 2.4 2
    endloop
  endfacet
  facet normal -0 0 1
    outer loop
      vertex 85.1 18.3 2
      vertex 101.1 2.8 2
      vertex 101.1 18.3 2
    endloop
  endfacet
  facet normal 0 0 1
    outer loop
      vertex 101.1 2.8 2
      vertex 85.1 18.3 2
      vertex 85.1 2.8 2
    endloop
  endfacet
  facet normal 0 0 1
    outer loop
      vertex 101.1 18.3 2
      vertex 110.6 18.7 2
      vertex 101.1 18.7 2
    endloop
  endfacet
  facet normal 0 0 1
    outer loop
      vertex 110.6 18.7 2
      vertex 101.1 18.3 2
      vertex 110.6 2.4 2
    endloop
  endfacet
  facet normal -0 0 1
    outer loop
      vertex 101.1 2.8 2
      vertex 110.6 2.4 2
      vertex 101.1 18.3 2
    endloop
  endfacet
  facet normal 0 0 1
    outer loop
      vertex 110.6 2.4 2
      vertex 101.1 2.8 2
      vertex 101.1 2.4 2
    endloop
  endfacet
  facet normal 0 1 0
    outer loop
      vertex 110.6 2.4 44.5
      vertex 93.1 2.4 24.4
      vertex 75.6 2.4 44.5
    endloop
  endfacet
  facet normal 0 1 0
    outer loop
      vertex 110.6 2.4 44.5
      vertex 94.1442 2.4 24.3316
      vertex 93.1 2.4 24.4
    endloop
  endfacet
  facet normal 0 1 0
    outer loop
      vertex 110.6 2.4 44.5
      vertex 95.1706 2.4 24.1274
      vertex 94.1442 2.4 24.3316
    endloop
  endfacet
  facet normal 0 1 0
    outer loop
      vertex 110.6 2.4 44.5
      vertex 96.1615 2.4 23.791
      vertex 95.1706 2.4 24.1274
    endloop
  endfacet
  facet normal 0 1 0
    outer loop
      vertex 110.6 2.4 44.5
      vertex 97.1 2.4 23.3282
      vertex 96.1615 2.4 23.791
    endloop
  endfacet
  facet normal 0 1 0
    outer loop
      vertex 110.6 2.4 44.5
      vertex 97.9701 2.4 22.7468
      vertex 97.1 2.4 23.3282
    endloop
  endfacet
  facet normal 0 1 0
    outer loop
      vertex 110.6 2.4 44.5
      vertex 98.7569 2.4 22.0569
      vertex 97.9701 2.4 22.7468
    endloop
  endfacet
  facet normal 0 1 0
    outer loop
      vertex 110.6 2.4 44.5
      vertex 99.4468 2.4 21.2701
      vertex 98.7569 2.4 22.0569
    endloop
  endfacet
  facet normal 0 1 0
    outer loop
      vertex 110.6 2.4 44.5
      vertex 100.028 2.4 20.4
      vertex 99.4468 2.4 21.2701
    endloop
  endfacet
  facet normal 0 1 0
    outer loop
      vertex 110.6 2.4 44.5
      vertex 100.491 2.4 19.4615
      vertex 100.028 2.4 20.4
    endloop
  endfacet
  facet normal 0 1 0
    outer loop
      vertex 110.6 2.4 44.5
      vertex 100.827 2.4 18.4706
      vertex 100.491 2.4 19.4615
    endloop
  endfacet
  facet normal 0 1 0
    outer loop
      vertex 110.6 2.4 44.5
      vertex 101.032 2.4 17.4442
      vertex 100.827 2.4 18.4706
    endloop
  endfacet
  facet normal 0 1 -0
    outer loop
      vertex 110.6 2.4 2
      vertex 101.032 2.4 17.4442
      vertex 110.6 2.4 44.5
    endloop
  endfacet
  facet normal 0 1 0
    outer loop
      vertex 101.032 2.4 17.4442
      vertex 110.6 2.4 2
      vertex 101.1 2.4 16.4
    endloop
  endfacet
  facet normal 0 1 0
    outer loop
      vertex 101.1 2.4 16.4
      vertex 110.6 2.4 2
      vertex 101.1 2.4 2
    endloop
  endfacet
  facet normal 0 1 -0
    outer loop
      vertex 92.0558 2.4 24.3316
      vertex 75.6 2.4 44.5
      vertex 93.1 2.4 24.4
    endloop
  endfacet
  facet normal 0 1 -0
    outer loop
      vertex 91.0294 2.4 24.1274
      vertex 75.6 2.4 44.5
      vertex 92.0558 2.4 24.3316
    endloop
  endfacet
  facet normal 0 1 -0
    outer loop
      vertex 90.0385 2.4 23.791
      vertex 75.6 2.4 44.5
      vertex 91.0294 2.4 24.1274
    endloop
  endfacet
  facet normal 0 1 -0
    outer loop
      vertex 89.1 2.4 23.3282
      vertex 75.6 2.4 44.5
      vertex 90.0385 2.4 23.791
    endloop
  endfacet
  facet normal 0 1 -0
    outer loop
      vertex 88.2299 2.4 22.7468
      vertex 75.6 2.4 44.5
      vertex 89.1 2.4 23.3282
    endloop
  endfacet
  facet normal 0 1 -0
    outer loop
      vertex 87.4431 2.4 22.0569
      vertex 75.6 2.4 44.5
      vertex 88.2299 2.4 22.7468
    endloop
  endfacet
  facet normal 0 1 -0
    outer loop
      vertex 86.7532 2.4 21.2701
      vertex 75.6 2.4 44.5
      vertex 87.4431 2.4 22.0569
    endloop
  endfacet
  facet normal 0 1 -0
    outer loop
      vertex 86.1718 2.4 20.4
      vertex 75.6 2.4 44.5
      vertex 86.7532 2.4 21.2701
    endloop
  endfacet
  facet normal 0 1 -0
    outer loop
      vertex 85.709 2.4 19.4615
      vertex 75.6 2.4 44.5
      vertex 86.1718 2.4 20.4
    endloop
  endfacet
  facet normal 0 1 -0
    outer loop
      vertex 85.3726 2.4 18.4706
      vertex 75.6 2.4 44.5
      vertex 85.709 2.4 19.4615
    endloop
  endfacet
  facet normal 0 1 -0
    outer loop
      vertex 85.1684 2.4 17.4442
      vertex 75.6 2.4 44.5
      vertex 85.3726 2.4 18.4706
    endloop
  endfacet
  facet normal 0 1 0
    outer loop
      vertex 75.6 2.4 2
      vertex 85.1684 2.4 17.4442
      vertex 85.1 2.4 16.4
    endloop
  endfacet
  facet normal 0 1 0
    outer loop
      vertex 75.6 2.4 2
      vertex 85.1 2.4 16.4
      vertex 85.1 2.4 2
    endloop
  endfacet
  facet normal 0 1 0
    outer loop
      vertex 85.1684 2.4 17.4442
      vertex 75.6 2.4 2
      vertex 75.6 2.4 44.5
    endloop
  endfacet
  facet normal 1 -0 0
    outer loop
      vertex 113.7 5.75 44.5
      vertex 113.7 7.95 29.6
      vertex 113.7 7.95 44.5
    endloop
  endfacet
  facet normal 1 0 0
    outer loop
      vertex 113.7 7.95 29.6
      vertex 113.7 5.75 44.5
      vertex 113.7 5.75 29.6
    endloop
  endfacet
  facet normal -1 0 0
    outer loop
      vertex 125.7 5.75 29.6
      vertex 125.7 7.95 44.5
      vertex 125.7 7.95 29.6
    endloop
  endfacet
  facet normal -1 -0 0
    outer loop
      vertex 125.7 7.95 44.5
      vertex 125.7 5.75 29.6
      vertex 125.7 5.75 44.5
    endloop
  endfacet
  facet normal 0 -1 0
    outer loop
      vertex 113.7 7.95 29.6
      vertex 125.7 7.95 44.5
      vertex 113.7 7.95 44.5
    endloop
  endfacet
  facet normal 0 -1 -0
    outer loop
      vertex 125.7 7.95 44.5
      vertex 113.7 7.95 29.6
      vertex 125.7 7.95 29.6
    endloop
  endfacet
  facet normal -0 0 1
    outer loop
      vertex 113.7 7.95 29.6
      vertex 125.7 5.75 29.6
      vertex 125.7 7.95 29.6
    endloop
  endfacet
  facet normal 0 0 1
    outer loop
      vertex 125.7 5.75 29.6
      vertex 113.7 7.95 29.6
      vertex 113.7 5.75 29.6
    endloop
  endfacet
  facet normal 0 1 -0
    outer loop
      vertex 125.7 5.75 29.6
      vertex 113.7 5.75 44.5
      vertex 125.7 5.75 44.5
    endloop
  endfacet
  facet normal 0 1 0
    outer loop
      vertex 113.7 5.75 44.5
      vertex 125.7 5.75 29.6
      vertex 113.7 5.75 29.6
    endloop
  endfacet
  facet normal 1 -0 0
    outer loop
      vertex 113.7 9.45 44.5
      vertex 113.7 11.65 29.6
      vertex 113.7 11.65 44.5
    endloop
  endfacet
  facet normal 1 0 0
    outer loop
      vertex 113.7 11.65 29.6
      vertex 113.7 9.45 44.5
      vertex 113.7 9.45 29.6
    endloop
  endfacet
  facet normal -1 0 0
    outer loop
      vertex 125.7 9.45 29.6
      vertex 125.7 11.65 44.5
      vertex 125.7 11.65 29.6
    endloop
  endfacet
  facet normal -1 -0 0
    outer loop
      vertex 125.7 11.65 44.5
      vertex 125.7 9.45 29.6
      vertex 125.7 9.45 44.5
    endloop
  endfacet
  facet normal -0 0 1
    outer loop
      vertex 113.7 11.65 29.6
      vertex 125.7 9.45 29.6
      vertex 125.7 11.65 29.6
    endloop
  endfacet
  facet normal 0 0 1
    outer loop
      vertex 125.7 9.45 29.6
      vertex 113.7 11.65 29.6
      vertex 113.7 9.45 29.6
    endloop
  endfacet
  facet normal 0 1 -0
    outer loop
      vertex 125.7 9.45 29.6
      vertex 113.7 9.45 44.5
      vertex 125.7 9.45 44.5
    endloop
  endfacet
  facet normal 0 1 0
    outer loop
      vertex 113.7 9.45 44.5
      vertex 125.7 9.45 29.6
      vertex 113.7 9.45 29.6
    endloop
  endfacet
  facet normal 0 -1 0
    outer loop
      vertex 113.7 11.65 29.6
      vertex 125.7 11.65 44.5
      vertex 113.7 11.65 44.5
    endloop
  endfacet
  facet normal 0 -1 -0
    outer loop
      vertex 125.7 11.65 44.5
      vertex 113.7 11.65 29.6
      vertex 125.7 11.65 29.6
    endloop
  endfacet
  facet normal 1 -0 0
    outer loop
      vertex 113.7 13.15 44.5
      vertex 113.7 15.35 29.6
      vertex 113.7 15.35 44.5
    endloop
  endfacet
  facet normal 1 0 0
    outer loop
      vertex 113.7 15.35 29.6
      vertex 113.7 13.15 44.5
      vertex 113.7 13.15 29.6
    endloop
  endfacet
  facet normal -1 0 0
    outer loop
      vertex 125.7 13.15 29.6
      vertex 125.7 15.35 44.5
      vertex 125.7 15.35 29.6
    endloop
  endfacet
  facet normal -1 -0 0
    outer loop
      vertex 125.7 15.35 44.5
      vertex 125.7 13.15 29.6
      vertex 125.7 13.15 44.5
    endloop
  endfacet
  facet normal -0 0 1
    outer loop
      vertex 113.7 15.35 29.6
      vertex 125.7 13.15 29.6
      vertex 125.7 15.35 29.6
    endloop
  endfacet
  facet normal 0 0 1
    outer loop
      vertex 125.7 13.15 29.6
      vertex 113.7 15.35 29.6
      vertex 113.7 13.15 29.6
    endloop
  endfacet
  facet normal 0 1 -0
    outer loop
      vertex 125.7 13.15 29.6
      vertex 113.7 13.15 44.5
      vertex 125.7 13.15 44.5
    endloop
  endfacet
  facet normal 0 1 0
    outer loop
      vertex 113.7 13.15 44.5
      vertex 125.7 13.15 29.6
      vertex 113.7 13.15 29.6
    endloop
  endfacet
  facet normal 0 -1 0
    outer loop
      vertex 113.7 15.35 29.6
      vertex 125.7 15.35 44.5
      vertex 113.7 15.35 44.5
    endloop
  endfacet
  facet normal 0 -1 -0
    outer loop
      vertex 125.7 15.35 44.5
      vertex 113.7 15.35 29.6
      vertex 125.7 15.35 29.6
    endloop
  endfacet
  facet normal 0.946569 0 -0.322503
    outer loop
      vertex 115.081 0 33.5134
      vertex 114.87 2.8 32.8941
      vertex 115.081 2.8 33.5134
    endloop
  endfacet
  facet normal 0.946569 0 -0.322503
    outer loop
      vertex 114.87 2.8 32.8941
      vertex 115.081 0 33.5134
      vertex 114.87 0 32.8941
    endloop
  endfacet
  facet normal 0.897042 0 -0.441945
    outer loop
      vertex 115.37 0 34.1
      vertex 115.081 2.8 33.5134
      vertex 115.37 2.8 34.1
    endloop
  endfacet
  facet normal 0.897042 0 -0.441945
    outer loop
      vertex 115.081 2.8 33.5134
      vertex 115.37 0 34.1
      vertex 115.081 0 33.5134
    endloop
  endfacet
  facet normal -0.897042 0 0.441945
    outer loop
      vertex 124.03 0 14.1
      vertex 124.319 2.8 14.6866
      vertex 124.03 2.8 14.1
    endloop
  endfacet
  facet normal -0.897042 0 0.441945
    outer loop
      vertex 124.319 2.8 14.6866
      vertex 124.03 0 14.1
      vertex 124.319 0 14.6866
    endloop
  endfacet
  facet normal 0.997836 0 -0.0657477
    outer loop
      vertex 114.743 0 32.2526
      vertex 114.7 2.8 31.6
      vertex 114.743 2.8 32.2526
    endloop
  endfacet
  facet normal 0.997836 0 -0.0657477
    outer loop
      vertex 114.7 2.8 31.6
      vertex 114.743 0 32.2526
      vertex 114.7 0 31.6
    endloop
  endfacet
  facet normal 0.980961 0 -0.194204
    outer loop
      vertex 114.87 0 32.8941
      vertex 114.743 2.8 32.2526
      vertex 114.87 2.8 32.8941
    endloop
  endfacet
  facet normal 0.980961 0 -0.194204
    outer loop
      vertex 114.743 2.8 32.2526
      vertex 114.87 0 32.8941
      vertex 114.743 0 32.2526
    endloop
  endfacet
  facet normal -0.980961 0 0.194204
    outer loop
      vertex 124.53 0 15.3059
      vertex 124.657 2.8 15.9474
      vertex 124.53 2.8 15.3059
    endloop
  endfacet
  facet normal -0.980961 0 0.194204
    outer loop
      vertex 124.657 2.8 15.9474
      vertex 124.53 0 15.3059
      vertex 124.657 0 15.9474
    endloop
  endfacet
  facet normal -0.831721 0 -0.555194
    outer loop
      vertex 124.03 0 34.1
      vertex 123.667 2.8 34.6438
      vertex 124.03 2.8 34.1
    endloop
  endfacet
  facet normal -0.831721 -0 -0.555194
    outer loop
      vertex 123.667 2.8 34.6438
      vertex 124.03 0 34.1
      vertex 123.667 0 34.6438
    endloop
  endfacet
  facet normal 0.659197 0 0.75197
    outer loop
      vertex 116.164 2.8 13.0645
      vertex 116.656 0 12.6332
      vertex 116.656 2.8 12.6332
    endloop
  endfacet
  facet normal 0.659197 0 0.75197
    outer loop
      vertex 116.656 0 12.6332
      vertex 116.164 2.8 13.0645
      vertex 116.164 0 13.0645
    endloop
  endfacet
  facet normal 0.980961 -0 0.194204
    outer loop
      vertex 114.743 0 15.9474
      vertex 114.87 2.8 15.3059
      vertex 114.743 2.8 15.9474
    endloop
  endfacet
  facet normal 0.980961 0 0.194204
    outer loop
      vertex 114.87 2.8 15.3059
      vertex 114.743 0 15.9474
      vertex 114.87 0 15.3059
    endloop
  endfacet
  facet normal 1 -0 0
    outer loop
      vertex 114.7 0 31.6
      vertex 114.7 2.8 16.6
      vertex 114.7 2.8 31.6
    endloop
  endfacet
  facet normal 1 0 0
    outer loop
      vertex 114.7 2.8 16.6
      vertex 114.7 0 31.6
      vertex 114.7 0 16.6
    endloop
  endfacet
  facet normal -0.946569 0 0.322503
    outer loop
      vertex 124.319 0 14.6866
      vertex 124.53 2.8 15.3059
      vertex 124.319 2.8 14.6866
    endloop
  endfacet
  facet normal -0.946569 0 0.322503
    outer loop
      vertex 124.53 2.8 15.3059
      vertex 124.319 0 14.6866
      vertex 124.53 0 15.3059
    endloop
  endfacet
  facet normal -1 0 0
    outer loop
      vertex 124.7 0 16.6
      vertex 124.7 2.8 31.6
      vertex 124.7 2.8 16.6
    endloop
  endfacet
  facet normal -1 -0 0
    outer loop
      vertex 124.7 2.8 31.6
      vertex 124.7 0 16.6
      vertex 124.7 0 31.6
    endloop
  endfacet
  facet normal -0.0654033 0 -0.997859
    outer loop
      vertex 119.7 0 36.6
      vertex 120.353 2.8 36.5572
      vertex 120.353 0 36.5572
    endloop
  endfacet
  facet normal -0.0654033 0 -0.997859
    outer loop
      vertex 120.353 2.8 36.5572
      vertex 119.7 0 36.6
      vertex 119.7 2.8 36.6
    endloop
  endfacet
  facet normal -0.946569 0 -0.322503
    outer loop
      vertex 124.53 0 32.8941
      vertex 124.319 2.8 33.5134
      vertex 124.53 2.8 32.8941
    endloop
  endfacet
  facet normal -0.946569 -0 -0.322503
    outer loop
      vertex 124.319 2.8 33.5134
      vertex 124.53 0 32.8941
      vertex 124.319 0 33.5134
    endloop
  endfacet
  facet normal -0.980961 0 -0.194204
    outer loop
      vertex 124.657 0 32.2526
      vertex 124.53 2.8 32.8941
      vertex 124.657 2.8 32.2526
    endloop
  endfacet
  facet normal -0.980961 -0 -0.194204
    outer loop
      vertex 124.53 2.8 32.8941
      vertex 124.657 0 32.2526
      vertex 124.53 0 32.8941
    endloop
  endfacet
  facet normal -0.659197 0 0.75197
    outer loop
      vertex 122.744 2.8 12.6332
      vertex 123.236 0 13.0645
      vertex 123.236 2.8 13.0645
    endloop
  endfacet
  facet normal -0.659197 0 0.75197
    outer loop
      vertex 123.236 0 13.0645
      vertex 122.744 2.8 12.6332
      vertex 122.744 0 12.6332
    endloop
  endfacet
  facet normal -0.0654033 0 0.997859
    outer loop
      vertex 119.7 2.8 11.6
      vertex 120.353 0 11.6428
      vertex 120.353 2.8 11.6428
    endloop
  endfacet
  facet normal -0.0654033 0 0.997859
    outer loop
      vertex 120.353 0 11.6428
      vertex 119.7 2.8 11.6
      vertex 119.7 0 11.6
    endloop
  endfacet
  facet normal 0.946569 -0 0.322503
    outer loop
      vertex 114.87 0 15.3059
      vertex 115.081 2.8 14.6866
      vertex 114.87 2.8 15.3059
    endloop
  endfacet
  facet normal 0.946569 0 0.322503
    outer loop
      vertex 115.081 2.8 14.6866
      vertex 114.87 0 15.3059
      vertex 115.081 0 14.6866
    endloop
  endfacet
  facet normal 0.997836 -0 0.0657477
    outer loop
      vertex 114.7 0 16.6
      vertex 114.743 2.8 15.9474
      vertex 114.7 2.8 16.6
    endloop
  endfacet
  facet normal 0.997836 0 0.0657477
    outer loop
      vertex 114.743 2.8 15.9474
      vertex 114.7 0 16.6
      vertex 114.743 0 15.9474
    endloop
  endfacet
  facet normal -0.997836 0 0.0657477
    outer loop
      vertex 124.657 0 15.9474
      vertex 124.7 2.8 16.6
      vertex 124.657 2.8 15.9474
    endloop
  endfacet
  facet normal -0.997836 0 0.0657477
    outer loop
      vertex 124.7 2.8 16.6
      vertex 124.657 0 15.9474
      vertex 124.7 0 16.6
    endloop
  endfacet
  facet normal -0.751998 0 0.659165
    outer loop
      vertex 123.236 0 13.0645
      vertex 123.667 2.8 13.5562
      vertex 123.236 2.8 13.0645
    endloop
  endfacet
  facet normal -0.751998 0 0.659165
    outer loop
      vertex 123.667 2.8 13.5562
      vertex 123.236 0 13.0645
      vertex 123.667 0 13.5562
    endloop
  endfacet
  facet normal -0.55537 0 0.831603
    outer loop
      vertex 122.2 2.8 12.2699
      vertex 122.744 0 12.6332
      vertex 122.744 2.8 12.6332
    endloop
  endfacet
  facet normal -0.55537 0 0.831603
    outer loop
      vertex 122.744 0 12.6332
      vertex 122.2 2.8 12.2699
      vertex 122.2 0 12.2699
    endloop
  endfacet
  facet normal -0.195233 0 0.980757
    outer loop
      vertex 120.353 2.8 11.6428
      vertex 120.994 0 11.7704
      vertex 120.994 2.8 11.7704
    endloop
  endfacet
  facet normal -0.195233 0 0.980757
    outer loop
      vertex 120.994 0 11.7704
      vertex 120.353 2.8 11.6428
      vertex 120.353 0 11.6428
    endloop
  endfacet
  facet normal 0.442072 0 0.89698
    outer loop
      vertex 117.2 2.8 12.2699
      vertex 117.787 0 11.9806
      vertex 117.787 2.8 11.9806
    endloop
  endfacet
  facet normal 0.442072 0 0.89698
    outer loop
      vertex 117.787 0 11.9806
      vertex 117.2 2.8 12.2699
      vertex 117.2 0 12.2699
    endloop
  endfacet
  facet normal 0.751998 -0 0.659165
    outer loop
      vertex 115.733 0 13.5562
      vertex 116.164 2.8 13.0645
      vertex 115.733 2.8 13.5562
    endloop
  endfacet
  facet normal 0.751998 0 0.659165
    outer loop
      vertex 116.164 2.8 13.0645
      vertex 115.733 0 13.5562
      vertex 116.164 0 13.0645
    endloop
  endfacet
  facet normal 0.897042 -0 0.441945
    outer loop
      vertex 115.081 0 14.6866
      vertex 115.37 2.8 14.1
      vertex 115.081 2.8 14.6866
    endloop
  endfacet
  facet normal 0.897042 0 0.441945
    outer loop
      vertex 115.37 2.8 14.1
      vertex 115.081 0 14.6866
      vertex 115.37 0 14.1
    endloop
  endfacet
  facet normal 0.0654033 0 0.997859
    outer loop
      vertex 119.047 2.8 11.6428
      vertex 119.7 0 11.6
      vertex 119.7 2.8 11.6
    endloop
  endfacet
  facet normal 0.0654033 0 0.997859
    outer loop
      vertex 119.7 0 11.6
      vertex 119.047 2.8 11.6428
      vertex 119.047 0 11.6428
    endloop
  endfacet
  facet normal 0 -1 0
    outer loop
      vertex 119.047 2.8 36.5572
      vertex 120.353 2.8 36.5572
      vertex 119.7 2.8 36.6
    endloop
  endfacet
  facet normal 0 -1 0
    outer loop
      vertex 118.406 2.8 36.4296
      vertex 120.353 2.8 36.5572
      vertex 119.047 2.8 36.5572
    endloop
  endfacet
  facet normal 0 -1 0
    outer loop
      vertex 118.406 2.8 36.4296
      vertex 120.994 2.8 36.4296
      vertex 120.353 2.8 36.5572
    endloop
  endfacet
  facet normal 0 -1 0
    outer loop
      vertex 117.787 2.8 36.2194
      vertex 120.994 2.8 36.4296
      vertex 118.406 2.8 36.4296
    endloop
  endfacet
  facet normal 0 -1 0
    outer loop
      vertex 117.787 2.8 36.2194
      vertex 121.613 2.8 36.2194
      vertex 120.994 2.8 36.4296
    endloop
  endfacet
  facet normal 0 -1 0
    outer loop
      vertex 117.2 2.8 35.9301
      vertex 121.613 2.8 36.2194
      vertex 117.787 2.8 36.2194
    endloop
  endfacet
  facet normal 0 -1 0
    outer loop
      vertex 117.2 2.8 35.9301
      vertex 122.2 2.8 35.9301
      vertex 121.613 2.8 36.2194
    endloop
  endfacet
  facet normal 0 -1 0
    outer loop
      vertex 116.656 2.8 35.5668
      vertex 122.2 2.8 35.9301
      vertex 117.2 2.8 35.9301
    endloop
  endfacet
  facet normal 0 -1 0
    outer loop
      vertex 116.656 2.8 35.5668
      vertex 122.744 2.8 35.5668
      vertex 122.2 2.8 35.9301
    endloop
  endfacet
  facet normal 0 -1 0
    outer loop
      vertex 116.164 2.8 35.1355
      vertex 122.744 2.8 35.5668
      vertex 116.656 2.8 35.5668
    endloop
  endfacet
  facet normal 0 -1 0
    outer loop
      vertex 116.164 2.8 35.1355
      vertex 123.236 2.8 35.1355
      vertex 122.744 2.8 35.5668
    endloop
  endfacet
  facet normal 0 -1 0
    outer loop
      vertex 115.733 2.8 34.6438
      vertex 123.236 2.8 35.1355
      vertex 116.164 2.8 35.1355
    endloop
  endfacet
  facet normal 0 -1 0
    outer loop
      vertex 115.733 2.8 34.6438
      vertex 123.667 2.8 34.6438
      vertex 123.236 2.8 35.1355
    endloop
  endfacet
  facet normal 0 -1 0
    outer loop
      vertex 115.37 2.8 34.1
      vertex 123.667 2.8 34.6438
      vertex 115.733 2.8 34.6438
    endloop
  endfacet
  facet normal 0 -1 0
    outer loop
      vertex 115.37 2.8 34.1
      vertex 124.03 2.8 34.1
      vertex 123.667 2.8 34.6438
    endloop
  endfacet
  facet normal 0 -1 0
    outer loop
      vertex 115.081 2.8 33.5134
      vertex 124.03 2.8 34.1
      vertex 115.37 2.8 34.1
    endloop
  endfacet
  facet normal 0 -1 0
    outer loop
      vertex 115.081 2.8 33.5134
      vertex 124.319 2.8 33.5134
      vertex 124.03 2.8 34.1
    endloop
  endfacet
  facet normal 0 -1 0
    outer loop
      vertex 114.87 2.8 32.8941
      vertex 124.319 2.8 33.5134
      vertex 115.081 2.8 33.5134
    endloop
  endfacet
  facet normal 0 -1 0
    outer loop
      vertex 114.87 2.8 32.8941
      vertex 124.53 2.8 32.8941
      vertex 124.319 2.8 33.5134
    endloop
  endfacet
  facet normal 0 -1 0
    outer loop
      vertex 114.743 2.8 32.2526
      vertex 124.53 2.8 32.8941
      vertex 114.87 2.8 32.8941
    endloop
  endfacet
  facet normal 0 -1 0
    outer loop
      vertex 114.743 2.8 32.2526
      vertex 124.657 2.8 32.2526
      vertex 124.53 2.8 32.8941
    endloop
  endfacet
  facet normal 0 -1 0
    outer loop
      vertex 114.7 2.8 31.6
      vertex 124.657 2.8 32.2526
      vertex 114.743 2.8 32.2526
    endloop
  endfacet
  facet normal 0 -1 0
    outer loop
      vertex 114.7 2.8 31.6
      vertex 124.7 2.8 31.6
      vertex 124.657 2.8 32.2526
    endloop
  endfacet
  facet normal 0 -1 0
    outer loop
      vertex 114.7 2.8 16.6
      vertex 124.7 2.8 31.6
      vertex 114.7 2.8 31.6
    endloop
  endfacet
  facet normal 0 -1 0
    outer loop
      vertex 114.7 2.8 16.6
      vertex 124.7 2.8 16.6
      vertex 124.7 2.8 31.6
    endloop
  endfacet
  facet normal 0 -1 0
    outer loop
      vertex 114.743 2.8 15.9474
      vertex 124.7 2.8 16.6
      vertex 114.7 2.8 16.6
    endloop
  endfacet
  facet normal 0 -1 0
    outer loop
      vertex 114.743 2.8 15.9474
      vertex 124.657 2.8 15.9474
      vertex 124.7 2.8 16.6
    endloop
  endfacet
  facet normal 0 -1 0
    outer loop
      vertex 114.87 2.8 15.3059
      vertex 124.657 2.8 15.9474
      vertex 114.743 2.8 15.9474
    endloop
  endfacet
  facet normal 0 -1 0
    outer loop
      vertex 114.87 2.8 15.3059
      vertex 124.53 2.8 15.3059
      vertex 124.657 2.8 15.9474
    endloop
  endfacet
  facet normal 0 -1 0
    outer loop
      vertex 115.081 2.8 14.6866
      vertex 124.53 2.8 15.3059
      vertex 114.87 2.8 15.3059
    endloop
  endfacet
  facet normal 0 -1 0
    outer loop
      vertex 115.081 2.8 14.6866
      vertex 124.319 2.8 14.6866
      vertex 124.53 2.8 15.3059
    endloop
  endfacet
  facet normal 0 -1 0
    outer loop
      vertex 115.37 2.8 14.1
      vertex 124.319 2.8 14.6866
      vertex 115.081 2.8 14.6866
    endloop
  endfacet
  facet normal 0 -1 0
    outer loop
      vertex 115.37 2.8 14.1
      vertex 124.03 2.8 14.1
      vertex 124.319 2.8 14.6866
    endloop
  endfacet
  facet normal 0 -1 0
    outer loop
      vertex 115.733 2.8 13.5562
      vertex 124.03 2.8 14.1
      vertex 115.37 2.8 14.1
    endloop
  endfacet
  facet normal 0 -1 0
    outer loop
      vertex 115.733 2.8 13.5562
      vertex 123.667 2.8 13.5562
      vertex 124.03 2.8 14.1
    endloop
  endfacet
  facet normal 0 -1 0
    outer loop
      vertex 116.164 2.8 13.0645
      vertex 123.667 2.8 13.5562
      vertex 115.733 2.8 13.5562
    endloop
  endfacet
  facet normal 0 -1 0
    outer loop
      vertex 116.164 2.8 13.0645
      vertex 123.236 2.8 13.0645
      vertex 123.667 2.8 13.5562
    endloop
  endfacet
  facet normal 0 -1 0
    outer loop
      vertex 116.656 2.8 12.6332
      vertex 123.236 2.8 13.0645
      vertex 116.164 2.8 13.0645
    endloop
  endfacet
  facet normal 0 -1 0
    outer loop
      vertex 116.656 2.8 12.6332
      vertex 122.744 2.8 12.6332
      vertex 123.236 2.8 13.0645
    endloop
  endfacet
  facet normal 0 -1 0
    outer loop
      vertex 117.2 2.8 12.2699
      vertex 122.744 2.8 12.6332
      vertex 116.656 2.8 12.6332
    endloop
  endfacet
  facet normal 0 -1 0
    outer loop
      vertex 117.2 2.8 12.2699
      vertex 122.2 2.8 12.2699
      vertex 122.744 2.8 12.6332
    endloop
  endfacet
  facet normal 0 -1 0
    outer loop
      vertex 117.787 2.8 11.9806
      vertex 122.2 2.8 12.2699
      vertex 117.2 2.8 12.2699
    endloop
  endfacet
  facet normal 0 -1 0
    outer loop
      vertex 117.787 2.8 11.9806
      vertex 121.613 2.8 11.9806
      vertex 122.2 2.8 12.2699
    endloop
  endfacet
  facet normal 0 -1 0
    outer loop
      vertex 118.406 2.8 11.7704
      vertex 121.613 2.8 11.9806
      vertex 117.787 2.8 11.9806
    endloop
  endfacet
  facet normal 0 -1 0
    outer loop
      vertex 118.406 2.8 11.7704
      vertex 120.994 2.8 11.7704
      vertex 121.613 2.8 11.9806
    endloop
  endfacet
  facet normal 0 -1 0
    outer loop
      vertex 119.047 2.8 11.6428
      vertex 120.994 2.8 11.7704
      vertex 118.406 2.8 11.7704
    endloop
  endfacet
  facet normal 0 -1 0
    outer loop
      vertex 119.047 2.8 11.6428
      vertex 120.353 2.8 11.6428
      vertex 120.994 2.8 11.7704
    endloop
  endfacet
  facet normal -0 -1 0
    outer loop
      vertex 120.353 2.8 11.6428
      vertex 119.047 2.8 11.6428
      vertex 119.7 2.8 11.6
    endloop
  endfacet
  facet normal -0.897042 0 -0.441945
    outer loop
      vertex 124.319 0 33.5134
      vertex 124.03 2.8 34.1
      vertex 124.319 2.8 33.5134
    endloop
  endfacet
  facet normal -0.897042 -0 -0.441945
    outer loop
      vertex 124.03 2.8 34.1
      vertex 124.319 0 33.5134
      vertex 124.03 0 34.1
    endloop
  endfacet
  facet normal -0.659197 0 -0.75197
    outer loop
      vertex 122.744 0 35.5668
      vertex 123.236 2.8 35.1355
      vertex 123.236 0 35.1355
    endloop
  endfacet
  facet normal -0.659197 0 -0.75197
    outer loop
      vertex 123.236 2.8 35.1355
      vertex 122.744 0 35.5668
      vertex 122.744 2.8 35.5668
    endloop
  endfacet
  facet normal -0.997836 0 -0.0657477
    outer loop
      vertex 124.7 0 31.6
      vertex 124.657 2.8 32.2526
      vertex 124.7 2.8 31.6
    endloop
  endfacet
  facet normal -0.997836 -0 -0.0657477
    outer loop
      vertex 124.657 2.8 32.2526
      vertex 124.7 0 31.6
      vertex 124.657 0 32.2526
    endloop
  endfacet
  facet normal -0.442072 0 0.89698
    outer loop
      vertex 121.613 2.8 11.9806
      vertex 122.2 0 12.2699
      vertex 122.2 2.8 12.2699
    endloop
  endfacet
  facet normal -0.442072 0 0.89698
    outer loop
      vertex 122.2 0 12.2699
      vertex 121.613 2.8 11.9806
      vertex 121.613 0 11.9806
    endloop
  endfacet
  facet normal -0.321546 0 0.946894
    outer loop
      vertex 120.994 2.8 11.7704
      vertex 121.613 0 11.9806
      vertex 121.613 2.8 11.9806
    endloop
  endfacet
  facet normal -0.321546 0 0.946894
    outer loop
      vertex 121.613 0 11.9806
      vertex 120.994 2.8 11.7704
      vertex 120.994 0 11.7704
    endloop
  endfacet
  facet normal 0.195233 0 0.980757
    outer loop
      vertex 118.406 2.8 11.7704
      vertex 119.047 0 11.6428
      vertex 119.047 2.8 11.6428
    endloop
  endfacet
  facet normal 0.195233 0 0.980757
    outer loop
      vertex 119.047 0 11.6428
      vertex 118.406 2.8 11.7704
      vertex 118.406 0 11.7704
    endloop
  endfacet
  facet normal 0.321546 0 0.946894
    outer loop
      vertex 117.787 2.8 11.9806
      vertex 118.406 0 11.7704
      vertex 118.406 2.8 11.7704
    endloop
  endfacet
  facet normal 0.321546 0 0.946894
    outer loop
      vertex 118.406 0 11.7704
      vertex 117.787 2.8 11.9806
      vertex 117.787 0 11.9806
    endloop
  endfacet
  facet normal 0.831721 -0 0.555194
    outer loop
      vertex 115.37 0 14.1
      vertex 115.733 2.8 13.5562
      vertex 115.37 2.8 14.1
    endloop
  endfacet
  facet normal 0.831721 0 0.555194
    outer loop
      vertex 115.733 2.8 13.5562
      vertex 115.37 0 14.1
      vertex 115.733 0 13.5562
    endloop
  endfacet
  facet normal 0.55537 0 0.831603
    outer loop
      vertex 116.656 2.8 12.6332
      vertex 117.2 0 12.2699
      vertex 117.2 2.8 12.2699
    endloop
  endfacet
  facet normal 0.55537 0 0.831603
    outer loop
      vertex 117.2 0 12.2699
      vertex 116.656 2.8 12.6332
      vertex 116.656 0 12.6332
    endloop
  endfacet
  facet normal -0.751998 0 -0.659165
    outer loop
      vertex 123.667 0 34.6438
      vertex 123.236 2.8 35.1355
      vertex 123.667 2.8 34.6438
    endloop
  endfacet
  facet normal -0.751998 -0 -0.659165
    outer loop
      vertex 123.236 2.8 35.1355
      vertex 123.667 0 34.6438
      vertex 123.236 0 35.1355
    endloop
  endfacet
  facet normal -0.442072 0 -0.89698
    outer loop
      vertex 121.613 0 36.2194
      vertex 122.2 2.8 35.9301
      vertex 122.2 0 35.9301
    endloop
  endfacet
  facet normal -0.442072 0 -0.89698
    outer loop
      vertex 122.2 2.8 35.9301
      vertex 121.613 0 36.2194
      vertex 121.613 2.8 36.2194
    endloop
  endfacet
  facet normal -0.55537 0 -0.831603
    outer loop
      vertex 122.2 0 35.9301
      vertex 122.744 2.8 35.5668
      vertex 122.744 0 35.5668
    endloop
  endfacet
  facet normal -0.55537 0 -0.831603
    outer loop
      vertex 122.744 2.8 35.5668
      vertex 122.2 0 35.9301
      vertex 122.2 2.8 35.9301
    endloop
  endfacet
  facet normal -0.195233 0 -0.980757
    outer loop
      vertex 120.353 0 36.5572
      vertex 120.994 2.8 36.4296
      vertex 120.994 0 36.4296
    endloop
  endfacet
  facet normal -0.195233 0 -0.980757
    outer loop
      vertex 120.994 2.8 36.4296
      vertex 120.353 0 36.5572
      vertex 120.353 2.8 36.5572
    endloop
  endfacet
  facet normal 0.0654033 0 -0.997859
    outer loop
      vertex 119.047 0 36.5572
      vertex 119.7 2.8 36.6
      vertex 119.7 0 36.6
    endloop
  endfacet
  facet normal 0.0654033 0 -0.997859
    outer loop
      vertex 119.7 2.8 36.6
      vertex 119.047 0 36.5572
      vertex 119.047 2.8 36.5572
    endloop
  endfacet
  facet normal 0.321546 0 -0.946894
    outer loop
      vertex 117.787 0 36.2194
      vertex 118.406 2.8 36.4296
      vertex 118.406 0 36.4296
    endloop
  endfacet
  facet normal 0.321546 0 -0.946894
    outer loop
      vertex 118.406 2.8 36.4296
      vertex 117.787 0 36.2194
      vertex 117.787 2.8 36.2194
    endloop
  endfacet
  facet normal 0.831721 0 -0.555194
    outer loop
      vertex 115.733 0 34.6438
      vertex 115.37 2.8 34.1
      vertex 115.733 2.8 34.6438
    endloop
  endfacet
  facet normal 0.831721 0 -0.555194
    outer loop
      vertex 115.37 2.8 34.1
      vertex 115.733 0 34.6438
      vertex 115.37 0 34.1
    endloop
  endfacet
  facet normal -0.831721 0 0.555194
    outer loop
      vertex 123.667 0 13.5562
      vertex 124.03 2.8 14.1
      vertex 123.667 2.8 13.5562
    endloop
  endfacet
  facet normal -0.831721 0 0.555194
    outer loop
      vertex 124.03 2.8 14.1
      vertex 123.667 0 13.5562
      vertex 124.03 0 14.1
    endloop
  endfacet
  facet normal -0.321546 0 -0.946894
    outer loop
      vertex 120.994 0 36.4296
      vertex 121.613 2.8 36.2194
      vertex 121.613 0 36.2194
    endloop
  endfacet
  facet normal -0.321546 0 -0.946894
    outer loop
      vertex 121.613 2.8 36.2194
      vertex 120.994 0 36.4296
      vertex 120.994 2.8 36.4296
    endloop
  endfacet
  facet normal 0.195233 0 -0.980757
    outer loop
      vertex 118.406 0 36.4296
      vertex 119.047 2.8 36.5572
      vertex 119.047 0 36.5572
    endloop
  endfacet
  facet normal 0.195233 0 -0.980757
    outer loop
      vertex 119.047 2.8 36.5572
      vertex 118.406 0 36.4296
      vertex 118.406 2.8 36.4296
    endloop
  endfacet
  facet normal 0.659197 0 -0.75197
    outer loop
      vertex 116.164 0 35.1355
      vertex 116.656 2.8 35.5668
      vertex 116.656 0 35.5668
    endloop
  endfacet
  facet normal 0.659197 0 -0.75197
    outer loop
      vertex 116.656 2.8 35.5668
      vertex 116.164 0 35.1355
      vertex 116.164 2.8 35.1355
    endloop
  endfacet
  facet normal 0.751998 0 -0.659165
    outer loop
      vertex 116.164 0 35.1355
      vertex 115.733 2.8 34.6438
      vertex 116.164 2.8 35.1355
    endloop
  endfacet
  facet normal 0.751998 0 -0.659165
    outer loop
      vertex 115.733 2.8 34.6438
      vertex 116.164 0 35.1355
      vertex 115.733 0 34.6438
    endloop
  endfacet
  facet normal 0.442072 0 -0.89698
    outer loop
      vertex 117.2 0 35.9301
      vertex 117.787 2.8 36.2194
      vertex 117.787 0 36.2194
    endloop
  endfacet
  facet normal 0.442072 0 -0.89698
    outer loop
      vertex 117.787 2.8 36.2194
      vertex 117.2 0 35.9301
      vertex 117.2 2.8 35.9301
    endloop
  endfacet
  facet normal 0.55537 0 -0.831603
    outer loop
      vertex 116.656 0 35.5668
      vertex 117.2 2.8 35.9301
      vertex 117.2 0 35.9301
    endloop
  endfacet
  facet normal 0.55537 0 -0.831603
    outer loop
      vertex 117.2 2.8 35.9301
      vertex 116.656 0 35.5668
      vertex 116.656 2.8 35.5668
    endloop
  endfacet
  facet normal 0.980961 0 -0.194204
    outer loop
      vertex 114.87 18.3 32.8941
      vertex 114.743 21.1 32.2526
      vertex 114.87 21.1 32.8941
    endloop
  endfacet
  facet normal 0.980961 0 -0.194204
    outer loop
      vertex 114.743 21.1 32.2526
      vertex 114.87 18.3 32.8941
      vertex 114.743 18.3 32.2526
    endloop
  endfacet
  facet normal 0.946569 0 -0.322503
    outer loop
      vertex 115.081 18.3 33.5134
      vertex 114.87 21.1 32.8941
      vertex 115.081 21.1 33.5134
    endloop
  endfacet
  facet normal 0.946569 0 -0.322503
    outer loop
      vertex 114.87 21.1 32.8941
      vertex 115.081 18.3 33.5134
      vertex 114.87 18.3 32.8941
    endloop
  endfacet
  facet normal 0.897042 0 -0.441945
    outer loop
      vertex 115.37 18.3 34.1
      vertex 115.081 21.1 33.5134
      vertex 115.37 21.1 34.1
    endloop
  endfacet
  facet normal 0.897042 0 -0.441945
    outer loop
      vertex 115.081 21.1 33.5134
      vertex 115.37 18.3 34.1
      vertex 115.081 18.3 33.5134
    endloop
  endfacet
  facet normal 0.897042 -0 0.441945
    outer loop
      vertex 115.081 18.3 14.6866
      vertex 115.37 21.1 14.1
      vertex 115.081 21.1 14.6866
    endloop
  endfacet
  facet normal 0.897042 0 0.441945
    outer loop
      vertex 115.37 21.1 14.1
      vertex 115.081 18.3 14.6866
      vertex 115.37 18.3 14.1
    endloop
  endfacet
  facet normal -0.946569 0 0.322503
    outer loop
      vertex 124.319 18.3 14.6866
      vertex 124.53 21.1 15.3059
      vertex 124.319 21.1 14.6866
    endloop
  endfacet
  facet normal -0.946569 0 0.322503
    outer loop
      vertex 124.53 21.1 15.3059
      vertex 124.319 18.3 14.6866
      vertex 124.53 18.3 15.3059
    endloop
  endfacet
  facet normal 0 1 0
    outer loop
      vertex 120.353 18.3 36.5572
      vertex 119.047 18.3 36.5572
      vertex 119.7 18.3 36.6
    endloop
  endfacet
  facet normal 0 1 0
    outer loop
      vertex 120.994 18.3 36.4296
      vertex 119.047 18.3 36.5572
      vertex 120.353 18.3 36.5572
    endloop
  endfacet
  facet normal 0 1 0
    outer loop
      vertex 120.994 18.3 36.4296
      vertex 118.406 18.3 36.4296
      vertex 119.047 18.3 36.5572
    endloop
  endfacet
  facet normal 0 1 0
    outer loop
      vertex 121.613 18.3 36.2194
      vertex 118.406 18.3 36.4296
      vertex 120.994 18.3 36.4296
    endloop
  endfacet
  facet normal 0 1 0
    outer loop
      vertex 121.613 18.3 36.2194
      vertex 117.787 18.3 36.2194
      vertex 118.406 18.3 36.4296
    endloop
  endfacet
  facet normal 0 1 0
    outer loop
      vertex 122.2 18.3 35.9301
      vertex 117.787 18.3 36.2194
      vertex 121.613 18.3 36.2194
    endloop
  endfacet
  facet normal 0 1 0
    outer loop
      vertex 122.2 18.3 35.9301
      vertex 117.2 18.3 35.9301
      vertex 117.787 18.3 36.2194
    endloop
  endfacet
  facet normal 0 1 0
    outer loop
      vertex 122.744 18.3 35.5668
      vertex 117.2 18.3 35.9301
      vertex 122.2 18.3 35.9301
    endloop
  endfacet
  facet normal 0 1 0
    outer loop
      vertex 122.744 18.3 35.5668
      vertex 116.656 18.3 35.5668
      vertex 117.2 18.3 35.9301
    endloop
  endfacet
  facet normal 0 1 0
    outer loop
      vertex 123.236 18.3 35.1355
      vertex 116.656 18.3 35.5668
      vertex 122.744 18.3 35.5668
    endloop
  endfacet
  facet normal 0 1 0
    outer loop
      vertex 123.236 18.3 35.1355
      vertex 116.164 18.3 35.1355
      vertex 116.656 18.3 35.5668
    endloop
  endfacet
  facet normal 0 1 0
    outer loop
      vertex 123.667 18.3 34.6438
      vertex 116.164 18.3 35.1355
      vertex 123.236 18.3 35.1355
    endloop
  endfacet
  facet normal 0 1 0
    outer loop
      vertex 123.667 18.3 34.6438
      vertex 115.733 18.3 34.6438
      vertex 116.164 18.3 35.1355
    endloop
  endfacet
  facet normal 0 1 0
    outer loop
      vertex 124.03 18.3 34.1
      vertex 115.733 18.3 34.6438
      vertex 123.667 18.3 34.6438
    endloop
  endfacet
  facet normal 0 1 0
    outer loop
      vertex 124.03 18.3 34.1
      vertex 115.37 18.3 34.1
      vertex 115.733 18.3 34.6438
    endloop
  endfacet
  facet normal 0 1 0
    outer loop
      vertex 124.319 18.3 33.5134
      vertex 115.37 18.3 34.1
      vertex 124.03 18.3 34.1
    endloop
  endfacet
  facet normal 0 1 0
    outer loop
      vertex 124.319 18.3 33.5134
      vertex 115.081 18.3 33.5134
      vertex 115.37 18.3 34.1
    endloop
  endfacet
  facet normal 0 1 0
    outer loop
      vertex 124.53 18.3 32.8941
      vertex 115.081 18.3 33.5134
      vertex 124.319 18.3 33.5134
    endloop
  endfacet
  facet normal 0 1 0
    outer loop
      vertex 124.53 18.3 32.8941
      vertex 114.87 18.3 32.8941
      vertex 115.081 18.3 33.5134
    endloop
  endfacet
  facet normal 0 1 0
    outer loop
      vertex 124.657 18.3 32.2526
      vertex 114.87 18.3 32.8941
      vertex 124.53 18.3 32.8941
    endloop
  endfacet
  facet normal 0 1 0
    outer loop
      vertex 124.657 18.3 32.2526
      vertex 114.743 18.3 32.2526
      vertex 114.87 18.3 32.8941
    endloop
  endfacet
  facet normal 0 1 0
    outer loop
      vertex 124.7 18.3 31.6
      vertex 114.743 18.3 32.2526
      vertex 124.657 18.3 32.2526
    endloop
  endfacet
  facet normal 0 1 0
    outer loop
      vertex 124.7 18.3 31.6
      vertex 114.7 18.3 31.6
      vertex 114.743 18.3 32.2526
    endloop
  endfacet
  facet normal 0 1 -0
    outer loop
      vertex 124.7 18.3 16.6
      vertex 114.7 18.3 31.6
      vertex 124.7 18.3 31.6
    endloop
  endfacet
  facet normal 0 1 0
    outer loop
      vertex 124.7 18.3 16.6
      vertex 114.7 18.3 16.6
      vertex 114.7 18.3 31.6
    endloop
  endfacet
  facet normal 0 1 -0
    outer loop
      vertex 124.657 18.3 15.9474
      vertex 114.7 18.3 16.6
      vertex 124.7 18.3 16.6
    endloop
  endfacet
  facet normal 0 1 0
    outer loop
      vertex 124.657 18.3 15.9474
      vertex 114.743 18.3 15.9474
      vertex 114.7 18.3 16.6
    endloop
  endfacet
  facet normal 0 1 -0
    outer loop
      vertex 124.53 18.3 15.3059
      vertex 114.743 18.3 15.9474
      vertex 124.657 18.3 15.9474
    endloop
  endfacet
  facet normal 0 1 0
    outer loop
      vertex 124.53 18.3 15.3059
      vertex 114.87 18.3 15.3059
      vertex 114.743 18.3 15.9474
    endloop
  endfacet
  facet normal 0 1 -0
    outer loop
      vertex 124.319 18.3 14.6866
      vertex 114.87 18.3 15.3059
      vertex 124.53 18.3 15.3059
    endloop
  endfacet
  facet normal 0 1 0
    outer loop
      vertex 124.319 18.3 14.6866
      vertex 115.081 18.3 14.6866
      vertex 114.87 18.3 15.3059
    endloop
  endfacet
  facet normal 0 1 -0
    outer loop
      vertex 124.03 18.3 14.1
      vertex 115.081 18.3 14.6866
      vertex 124.319 18.3 14.6866
    endloop
  endfacet
  facet normal 0 1 0
    outer loop
      vertex 124.03 18.3 14.1
      vertex 115.37 18.3 14.1
      vertex 115.081 18.3 14.6866
    endloop
  endfacet
  facet normal 0 1 -0
    outer loop
      vertex 123.667 18.3 13.5562
      vertex 115.37 18.3 14.1
      vertex 124.03 18.3 14.1
    endloop
  endfacet
  facet normal 0 1 0
    outer loop
      vertex 123.667 18.3 13.5562
      vertex 115.733 18.3 13.5562
      vertex 115.37 18.3 14.1
    endloop
  endfacet
  facet normal 0 1 -0
    outer loop
      vertex 123.236 18.3 13.0645
      vertex 115.733 18.3 13.5562
      vertex 123.667 18.3 13.5562
    endloop
  endfacet
  facet normal 0 1 0
    outer loop
      vertex 123.236 18.3 13.0645
      vertex 116.164 18.3 13.0645
      vertex 115.733 18.3 13.5562
    endloop
  endfacet
  facet normal 0 1 -0
    outer loop
      vertex 122.744 18.3 12.6332
      vertex 116.164 18.3 13.0645
      vertex 123.236 18.3 13.0645
    endloop
  endfacet
  facet normal 0 1 0
    outer loop
      vertex 122.744 18.3 12.6332
      vertex 116.656 18.3 12.6332
      vertex 116.164 18.3 13.0645
    endloop
  endfacet
  facet normal 0 1 -0
    outer loop
      vertex 122.2 18.3 12.2699
      vertex 116.656 18.3 12.6332
      vertex 122.744 18.3 12.6332
    endloop
  endfacet
  facet normal 0 1 0
    outer loop
      vertex 122.2 18.3 12.2699
      vertex 117.2 18.3 12.2699
      vertex 116.656 18.3 12.6332
    endloop
  endfacet
  facet normal 0 1 -0
    outer loop
      vertex 121.613 18.3 11.9806
      vertex 117.2 18.3 12.2699
      vertex 122.2 18.3 12.2699
    endloop
  endfacet
  facet normal 0 1 0
    outer loop
      vertex 121.613 18.3 11.9806
      vertex 117.787 18.3 11.9806
      vertex 117.2 18.3 12.2699
    endloop
  endfacet
  facet normal 0 1 -0
    outer loop
      vertex 120.994 18.3 11.7704
      vertex 117.787 18.3 11.9806
      vertex 121.613 18.3 11.9806
    endloop
  endfacet
  facet normal 0 1 0
    outer loop
      vertex 120.994 18.3 11.7704
      vertex 118.406 18.3 11.7704
      vertex 117.787 18.3 11.9806
    endloop
  endfacet
  facet normal 0 1 -0
    outer loop
      vertex 120.353 18.3 11.6428
      vertex 118.406 18.3 11.7704
      vertex 120.994 18.3 11.7704
    endloop
  endfacet
  facet normal 0 1 0
    outer loop
      vertex 120.353 18.3 11.6428
      vertex 119.047 18.3 11.6428
      vertex 118.406 18.3 11.7704
    endloop
  endfacet
  facet normal -0 1 0
    outer loop
      vertex 119.047 18.3 11.6428
      vertex 120.353 18.3 11.6428
      vertex 119.7 18.3 11.6
    endloop
  endfacet
  facet normal -0.946569 0 -0.322503
    outer loop
      vertex 124.53 18.3 32.8941
      vertex 124.319 21.1 33.5134
      vertex 124.53 21.1 32.8941
    endloop
  endfacet
  facet normal -0.946569 -0 -0.322503
    outer loop
      vertex 124.319 21.1 33.5134
      vertex 124.53 18.3 32.8941
      vertex 124.319 18.3 33.5134
    endloop
  endfacet
  facet normal 1 -0 0
    outer loop
      vertex 114.7 18.3 31.6
      vertex 114.7 21.1 16.6
      vertex 114.7 21.1 31.6
    endloop
  endfacet
  facet normal 1 0 0
    outer loop
      vertex 114.7 21.1 16.6
      vertex 114.7 18.3 31.6
      vertex 114.7 18.3 16.6
    endloop
  endfacet
  facet normal 0.997836 0 -0.0657477
    outer loop
      vertex 114.743 18.3 32.2526
      vertex 114.7 21.1 31.6
      vertex 114.743 21.1 32.2526
    endloop
  endfacet
  facet normal 0.997836 0 -0.0657477
    outer loop
      vertex 114.7 21.1 31.6
      vertex 114.743 18.3 32.2526
      vertex 114.7 18.3 31.6
    endloop
  endfacet
  facet normal 0.0654033 0 0.997859
    outer loop
      vertex 119.047 21.1 11.6428
      vertex 119.7 18.3 11.6
      vertex 119.7 21.1 11.6
    endloop
  endfacet
  facet normal 0.0654033 0 0.997859
    outer loop
      vertex 119.7 18.3 11.6
      vertex 119.047 21.1 11.6428
      vertex 119.047 18.3 11.6428
    endloop
  endfacet
  facet normal 0.997836 -0 0.0657477
    outer loop
      vertex 114.7 18.3 16.6
      vertex 114.743 21.1 15.9474
      vertex 114.7 21.1 16.6
    endloop
  endfacet
  facet normal 0.997836 0 0.0657477
    outer loop
      vertex 114.743 21.1 15.9474
      vertex 114.7 18.3 16.6
      vertex 114.743 18.3 15.9474
    endloop
  endfacet
  facet normal -1 0 0
    outer loop
      vertex 124.7 18.3 16.6
      vertex 124.7 21.1 31.6
      vertex 124.7 21.1 16.6
    endloop
  endfacet
  facet normal -1 -0 0
    outer loop
      vertex 124.7 21.1 31.6
      vertex 124.7 18.3 16.6
      vertex 124.7 18.3 31.6
    endloop
  endfacet
  facet normal -0.997836 0 0.0657477
    outer loop
      vertex 124.657 18.3 15.9474
      vertex 124.7 21.1 16.6
      vertex 124.657 21.1 15.9474
    endloop
  endfacet
  facet normal -0.997836 0 0.0657477
    outer loop
      vertex 124.7 21.1 16.6
      vertex 124.657 18.3 15.9474
      vertex 124.7 18.3 16.6
    endloop
  endfacet
  facet normal 0.321546 0 0.946894
    outer loop
      vertex 117.787 21.1 11.9806
      vertex 118.406 18.3 11.7704
      vertex 118.406 21.1 11.7704
    endloop
  endfacet
  facet normal 0.321546 0 0.946894
    outer loop
      vertex 118.406 18.3 11.7704
      vertex 117.787 21.1 11.9806
      vertex 117.787 18.3 11.9806
    endloop
  endfacet
  facet normal -0.0654033 0 0.997859
    outer loop
      vertex 119.7 21.1 11.6
      vertex 120.353 18.3 11.6428
      vertex 120.353 21.1 11.6428
    endloop
  endfacet
  facet normal -0.0654033 0 0.997859
    outer loop
      vertex 120.353 18.3 11.6428
      vertex 119.7 21.1 11.6
      vertex 119.7 18.3 11.6
    endloop
  endfacet
  facet normal -0.195233 0 0.980757
    outer loop
      vertex 120.353 21.1 11.6428
      vertex 120.994 18.3 11.7704
      vertex 120.994 21.1 11.7704
    endloop
  endfacet
  facet normal -0.195233 0 0.980757
    outer loop
      vertex 120.994 18.3 11.7704
      vertex 120.353 21.1 11.6428
      vertex 120.353 18.3 11.6428
    endloop
  endfacet
  facet normal 0.980961 -0 0.194204
    outer loop
      vertex 114.743 18.3 15.9474
      vertex 114.87 21.1 15.3059
      vertex 114.743 21.1 15.9474
    endloop
  endfacet
  facet normal 0.980961 0 0.194204
    outer loop
      vertex 114.87 21.1 15.3059
      vertex 114.743 18.3 15.9474
      vertex 114.87 18.3 15.3059
    endloop
  endfacet
  facet normal 0.946569 -0 0.322503
    outer loop
      vertex 114.87 18.3 15.3059
      vertex 115.081 21.1 14.6866
      vertex 114.87 21.1 15.3059
    endloop
  endfacet
  facet normal 0.946569 0 0.322503
    outer loop
      vertex 115.081 21.1 14.6866
      vertex 114.87 18.3 15.3059
      vertex 115.081 18.3 14.6866
    endloop
  endfacet
  facet normal -0.980961 0 0.194204
    outer loop
      vertex 124.53 18.3 15.3059
      vertex 124.657 21.1 15.9474
      vertex 124.53 21.1 15.3059
    endloop
  endfacet
  facet normal -0.980961 0 0.194204
    outer loop
      vertex 124.657 21.1 15.9474
      vertex 124.53 18.3 15.3059
      vertex 124.657 18.3 15.9474
    endloop
  endfacet
  facet normal -0.997836 0 -0.0657477
    outer loop
      vertex 124.7 18.3 31.6
      vertex 124.657 21.1 32.2526
      vertex 124.7 21.1 31.6
    endloop
  endfacet
  facet normal -0.997836 -0 -0.0657477
    outer loop
      vertex 124.657 21.1 32.2526
      vertex 124.7 18.3 31.6
      vertex 124.657 18.3 32.2526
    endloop
  endfacet
  facet normal -0.831721 0 -0.555194
    outer loop
      vertex 124.03 18.3 34.1
      vertex 123.667 21.1 34.6438
      vertex 124.03 21.1 34.1
    endloop
  endfacet
  facet normal -0.831721 -0 -0.555194
    outer loop
      vertex 123.667 21.1 34.6438
      vertex 124.03 18.3 34.1
      vertex 123.667 18.3 34.6438
    endloop
  endfacet
  facet normal 0.321546 0 -0.946894
    outer loop
      vertex 117.787 18.3 36.2194
      vertex 118.406 21.1 36.4296
      vertex 118.406 18.3 36.4296
    endloop
  endfacet
  facet normal 0.321546 0 -0.946894
    outer loop
      vertex 118.406 21.1 36.4296
      vertex 117.787 18.3 36.2194
      vertex 117.787 21.1 36.2194
    endloop
  endfacet
  facet normal -0.195233 0 -0.980757
    outer loop
      vertex 120.353 18.3 36.5572
      vertex 120.994 21.1 36.4296
      vertex 120.994 18.3 36.4296
    endloop
  endfacet
  facet normal -0.195233 0 -0.980757
    outer loop
      vertex 120.994 21.1 36.4296
      vertex 120.353 18.3 36.5572
      vertex 120.353 21.1 36.5572
    endloop
  endfacet
  facet normal -0.980961 0 -0.194204
    outer loop
      vertex 124.657 18.3 32.2526
      vertex 124.53 21.1 32.8941
      vertex 124.657 21.1 32.2526
    endloop
  endfacet
  facet normal -0.980961 -0 -0.194204
    outer loop
      vertex 124.53 21.1 32.8941
      vertex 124.657 18.3 32.2526
      vertex 124.53 18.3 32.8941
    endloop
  endfacet
  facet normal -0.751998 0 0.659165
    outer loop
      vertex 123.236 18.3 13.0645
      vertex 123.667 21.1 13.5562
      vertex 123.236 21.1 13.0645
    endloop
  endfacet
  facet normal -0.751998 0 0.659165
    outer loop
      vertex 123.667 21.1 13.5562
      vertex 123.236 18.3 13.0645
      vertex 123.667 18.3 13.5562
    endloop
  endfacet
  facet normal 0.659197 0 0.75197
    outer loop
      vertex 116.164 21.1 13.0645
      vertex 116.656 18.3 12.6332
      vertex 116.656 21.1 12.6332
    endloop
  endfacet
  facet normal 0.659197 0 0.75197
    outer loop
      vertex 116.656 18.3 12.6332
      vertex 116.164 21.1 13.0645
      vertex 116.164 18.3 13.0645
    endloop
  endfacet
  facet normal -0.897042 0 -0.441945
    outer loop
      vertex 124.319 18.3 33.5134
      vertex 124.03 21.1 34.1
      vertex 124.319 21.1 33.5134
    endloop
  endfacet
  facet normal -0.897042 -0 -0.441945
    outer loop
      vertex 124.03 21.1 34.1
      vertex 124.319 18.3 33.5134
      vertex 124.03 18.3 34.1
    endloop
  endfacet
  facet normal -0.442072 0 -0.89698
    outer loop
      vertex 121.613 18.3 36.2194
      vertex 122.2 21.1 35.9301
      vertex 122.2 18.3 35.9301
    endloop
  endfacet
  facet normal -0.442072 0 -0.89698
    outer loop
      vertex 122.2 21.1 35.9301
      vertex 121.613 18.3 36.2194
      vertex 121.613 21.1 36.2194
    endloop
  endfacet
  facet normal -0.751998 0 -0.659165
    outer loop
      vertex 123.667 18.3 34.6438
      vertex 123.236 21.1 35.1355
      vertex 123.667 21.1 34.6438
    endloop
  endfacet
  facet normal -0.751998 -0 -0.659165
    outer loop
      vertex 123.236 21.1 35.1355
      vertex 123.667 18.3 34.6438
      vertex 123.236 18.3 35.1355
    endloop
  endfacet
  facet normal 0.442072 0 -0.89698
    outer loop
      vertex 117.2 18.3 35.9301
      vertex 117.787 21.1 36.2194
      vertex 117.787 18.3 36.2194
    endloop
  endfacet
  facet normal 0.442072 0 -0.89698
    outer loop
      vertex 117.787 21.1 36.2194
      vertex 117.2 18.3 35.9301
      vertex 117.2 21.1 35.9301
    endloop
  endfacet
  facet normal -0.0654033 0 -0.997859
    outer loop
      vertex 119.7 18.3 36.6
      vertex 120.353 21.1 36.5572
      vertex 120.353 18.3 36.5572
    endloop
  endfacet
  facet normal -0.0654033 0 -0.997859
    outer loop
      vertex 120.353 21.1 36.5572
      vertex 119.7 18.3 36.6
      vertex 119.7 21.1 36.6
    endloop
  endfacet
  facet normal -0.831721 0 0.555194
    outer loop
      vertex 123.667 18.3 13.5562
      vertex 124.03 21.1 14.1
      vertex 123.667 21.1 13.5562
    endloop
  endfacet
  facet normal -0.831721 0 0.555194
    outer loop
      vertex 124.03 21.1 14.1
      vertex 123.667 18.3 13.5562
      vertex 124.03 18.3 14.1
    endloop
  endfacet
  facet normal 0.195233 0 0.980757
    outer loop
      vertex 118.406 21.1 11.7704
      vertex 119.047 18.3 11.6428
      vertex 119.047 21.1 11.6428
    endloop
  endfacet
  facet normal 0.195233 0 0.980757
    outer loop
      vertex 119.047 18.3 11.6428
      vertex 118.406 21.1 11.7704
      vertex 118.406 18.3 11.7704
    endloop
  endfacet
  facet normal 0.442072 0 0.89698
    outer loop
      vertex 117.2 21.1 12.2699
      vertex 117.787 18.3 11.9806
      vertex 117.787 21.1 11.9806
    endloop
  endfacet
  facet normal 0.442072 0 0.89698
    outer loop
      vertex 117.787 18.3 11.9806
      vertex 117.2 21.1 12.2699
      vertex 117.2 18.3 12.2699
    endloop
  endfacet
  facet normal 0.55537 0 0.831603
    outer loop
      vertex 116.656 21.1 12.6332
      vertex 117.2 18.3 12.2699
      vertex 117.2 21.1 12.2699
    endloop
  endfacet
  facet normal 0.55537 0 0.831603
    outer loop
      vertex 117.2 18.3 12.2699
      vertex 116.656 21.1 12.6332
      vertex 116.656 18.3 12.6332
    endloop
  endfacet
  facet normal 0.0654033 0 -0.997859
    outer loop
      vertex 119.047 18.3 36.5572
      vertex 119.7 21.1 36.6
      vertex 119.7 18.3 36.6
    endloop
  endfacet
  facet normal 0.0654033 0 -0.997859
    outer loop
      vertex 119.7 21.1 36.6
      vertex 119.047 18.3 36.5572
      vertex 119.047 21.1 36.5572
    endloop
  endfacet
  facet normal 0.195233 0 -0.980757
    outer loop
      vertex 118.406 18.3 36.4296
      vertex 119.047 21.1 36.5572
      vertex 119.047 18.3 36.5572
    endloop
  endfacet
  facet normal 0.195233 0 -0.980757
    outer loop
      vertex 119.047 21.1 36.5572
      vertex 118.406 18.3 36.4296
      vertex 118.406 21.1 36.4296
    endloop
  endfacet
  facet normal -0.321546 0 -0.946894
    outer loop
      vertex 120.994 18.3 36.4296
      vertex 121.613 21.1 36.2194
      vertex 121.613 18.3 36.2194
    endloop
  endfacet
  facet normal -0.321546 0 -0.946894
    outer loop
      vertex 121.613 21.1 36.2194
      vertex 120.994 18.3 36.4296
      vertex 120.994 21.1 36.4296
    endloop
  endfacet
  facet normal -0.897042 0 0.441945
    outer loop
      vertex 124.03 18.3 14.1
      vertex 124.319 21.1 14.6866
      vertex 124.03 21.1 14.1
    endloop
  endfacet
  facet normal -0.897042 0 0.441945
    outer loop
      vertex 124.319 21.1 14.6866
      vertex 124.03 18.3 14.1
      vertex 124.319 18.3 14.6866
    endloop
  endfacet
  facet normal 0.831721 -0 0.555194
    outer loop
      vertex 115.37 18.3 14.1
      vertex 115.733 21.1 13.5562
      vertex 115.37 21.1 14.1
    endloop
  endfacet
  facet normal 0.831721 0 0.555194
    outer loop
      vertex 115.733 21.1 13.5562
      vertex 115.37 18.3 14.1
      vertex 115.733 18.3 13.5562
    endloop
  endfacet
  facet normal 0.751998 -0 0.659165
    outer loop
      vertex 115.733 18.3 13.5562
      vertex 116.164 21.1 13.0645
      vertex 115.733 21.1 13.5562
    endloop
  endfacet
  facet normal 0.751998 0 0.659165
    outer loop
      vertex 116.164 21.1 13.0645
      vertex 115.733 18.3 13.5562
      vertex 116.164 18.3 13.0645
    endloop
  endfacet
  facet normal -0.55537 0 0.831603
    outer loop
      vertex 122.2 21.1 12.2699
      vertex 122.744 18.3 12.6332
      vertex 122.744 21.1 12.6332
    endloop
  endfacet
  facet normal -0.55537 0 0.831603
    outer loop
      vertex 122.744 18.3 12.6332
      vertex 122.2 21.1 12.2699
      vertex 122.2 18.3 12.2699
    endloop
  endfacet
  facet normal -0.659197 0 0.75197
    outer loop
      vertex 122.744 21.1 12.6332
      vertex 123.236 18.3 13.0645
      vertex 123.236 21.1 13.0645
    endloop
  endfacet
  facet normal -0.659197 0 0.75197
    outer loop
      vertex 123.236 18.3 13.0645
      vertex 122.744 21.1 12.6332
      vertex 122.744 18.3 12.6332
    endloop
  endfacet
  facet normal -0.321546 0 0.946894
    outer loop
      vertex 120.994 21.1 11.7704
      vertex 121.613 18.3 11.9806
      vertex 121.613 21.1 11.9806
    endloop
  endfacet
  facet normal -0.321546 0 0.946894
    outer loop
      vertex 121.613 18.3 11.9806
      vertex 120.994 21.1 11.7704
      vertex 120.994 18.3 11.7704
    endloop
  endfacet
  facet normal -0.442072 0 0.89698
    outer loop
      vertex 121.613 21.1 11.9806
      vertex 122.2 18.3 12.2699
      vertex 122.2 21.1 12.2699
    endloop
  endfacet
  facet normal -0.442072 0 0.89698
    outer loop
      vertex 122.2 18.3 12.2699
      vertex 121.613 21.1 11.9806
      vertex 121.613 18.3 11.9806
    endloop
  endfacet
  facet normal -0.55537 0 -0.831603
    outer loop
      vertex 122.2 18.3 35.9301
      vertex 122.744 21.1 35.5668
      vertex 122.744 18.3 35.5668
    endloop
  endfacet
  facet normal -0.55537 0 -0.831603
    outer loop
      vertex 122.744 21.1 35.5668
      vertex 122.2 18.3 35.9301
      vertex 122.2 21.1 35.9301
    endloop
  endfacet
  facet normal -0.659197 0 -0.75197
    outer loop
      vertex 122.744 18.3 35.5668
      vertex 123.236 21.1 35.1355
      vertex 123.236 18.3 35.1355
    endloop
  endfacet
  facet normal -0.659197 0 -0.75197
    outer loop
      vertex 123.236 21.1 35.1355
      vertex 122.744 18.3 35.5668
      vertex 122.744 21.1 35.5668
    endloop
  endfacet
  facet normal 0.55537 0 -0.831603
    outer loop
      vertex 116.656 18.3 35.5668
      vertex 117.2 21.1 35.9301
      vertex 117.2 18.3 35.9301
    endloop
  endfacet
  facet normal 0.55537 0 -0.831603
    outer loop
      vertex 117.2 21.1 35.9301
      vertex 116.656 18.3 35.5668
      vertex 116.656 21.1 35.5668
    endloop
  endfacet
  facet normal 0.831721 0 -0.555194
    outer loop
      vertex 115.733 18.3 34.6438
      vertex 115.37 21.1 34.1
      vertex 115.733 21.1 34.6438
    endloop
  endfacet
  facet normal 0.831721 0 -0.555194
    outer loop
      vertex 115.37 21.1 34.1
      vertex 115.733 18.3 34.6438
      vertex 115.37 18.3 34.1
    endloop
  endfacet
  facet normal 0.659197 0 -0.75197
    outer loop
      vertex 116.164 18.3 35.1355
      vertex 116.656 21.1 35.5668
      vertex 116.656 18.3 35.5668
    endloop
  endfacet
  facet normal 0.659197 0 -0.75197
    outer loop
      vertex 116.656 21.1 35.5668
      vertex 116.164 18.3 35.1355
      vertex 116.164 21.1 35.1355
    endloop
  endfacet
  facet normal 0.751998 0 -0.659165
    outer loop
      vertex 116.164 18.3 35.1355
      vertex 115.733 21.1 34.6438
      vertex 116.164 21.1 35.1355
    endloop
  endfacet
  facet normal 0.751998 0 -0.659165
    outer loop
      vertex 115.733 21.1 34.6438
      vertex 116.164 18.3 35.1355
      vertex 115.733 18.3 34.6438
    endloop
  endfacet
  facet normal 0.980779 0 -0.195124
    outer loop
      vertex 12.1726 0 18.4706
      vertex 11.9684 2.4 17.4442
      vertex 12.1726 2.4 18.4706
    endloop
  endfacet
  facet normal 0.980779 0 -0.195124
    outer loop
      vertex 11.9684 2.4 17.4442
      vertex 12.1726 0 18.4706
      vertex 11.9684 0 17.4442
    endloop
  endfacet
  facet normal 0.94692 0 -0.321469
    outer loop
      vertex 12.509 0 19.4615
      vertex 12.1726 2.4 18.4706
      vertex 12.509 2.4 19.4615
    endloop
  endfacet
  facet normal 0.94692 0 -0.321469
    outer loop
      vertex 12.1726 2.4 18.4706
      vertex 12.509 0 19.4615
      vertex 12.1726 0 18.4706
    endloop
  endfacet
  facet normal 0.997861 0 -0.0653646
    outer loop
      vertex 11.9684 0 17.4442
      vertex 11.9 2.4 16.4
      vertex 11.9684 2.4 17.4442
    endloop
  endfacet
  facet normal 0.997861 0 -0.0653646
    outer loop
      vertex 11.9 2.4 16.4
      vertex 11.9684 0 17.4442
      vertex 11.9 0 16.4
    endloop
  endfacet
  facet normal 0.75189 0 -0.659289
    outer loop
      vertex 14.2431 0 22.0569
      vertex 13.5532 2.4 21.2701
      vertex 14.2431 2.4 22.0569
    endloop
  endfacet
  facet normal 0.75189 0 -0.659289
    outer loop
      vertex 13.5532 2.4 21.2701
      vertex 14.2431 0 22.0569
      vertex 13.5532 0 21.2701
    endloop
  endfacet
  facet normal -1 0 0
    outer loop
      vertex 27.9 2.8 0
      vertex 27.9 2.4 2
      vertex 27.9 2.8 2
    endloop
  endfacet
  facet normal -1 0 0
    outer loop
      vertex 27.9 0 0
      vertex 27.9 2.4 2
      vertex 27.9 2.8 0
    endloop
  endfacet
  facet normal -1 0 0
    outer loop
      vertex 27.9 0 16.4
      vertex 27.9 2.4 2
      vertex 27.9 0 0
    endloop
  endfacet
  facet normal -1 0 0
    outer loop
      vertex 27.9 2.4 2
      vertex 27.9 0 16.4
      vertex 27.9 2.4 16.4
    endloop
  endfacet
  facet normal -0.980779 0 -0.195124
    outer loop
      vertex 27.8316 0 17.4442
      vertex 27.6274 2.4 18.4706
      vertex 27.8316 2.4 17.4442
    endloop
  endfacet
  facet normal -0.980779 -0 -0.195124
    outer loop
      vertex 27.6274 2.4 18.4706
      vertex 27.8316 0 17.4442
      vertex 27.6274 0 18.4706
    endloop
  endfacet
  facet normal 1 0 0
    outer loop
      vertex 11.9 2.4 16.4
      vertex 11.9 0 16.4
      vertex 11.9 2.4 2
    endloop
  endfacet
  facet normal 1 -0 0
    outer loop
      vertex 11.9 2.4 2
      vertex 11.9 2.8 0
      vertex 11.9 2.8 2
    endloop
  endfacet
  facet normal 1 0 0
    outer loop
      vertex 11.9 2.4 2
      vertex 11.9 0 0
      vertex 11.9 2.8 0
    endloop
  endfacet
  facet normal 1 0 0
    outer loop
      vertex 11.9 0 0
      vertex 11.9 2.4 2
      vertex 11.9 0 16.4
    endloop
  endfacet
  facet normal 0.896879 0 -0.442276
    outer loop
      vertex 12.9718 0 20.4
      vertex 12.509 2.4 19.4615
      vertex 12.9718 2.4 20.4
    endloop
  endfacet
  facet normal 0.896879 0 -0.442276
    outer loop
      vertex 12.509 2.4 19.4615
      vertex 12.9718 0 20.4
      vertex 12.509 0 19.4615
    endloop
  endfacet
  facet normal 0.831462 0 -0.555582
    outer loop
      vertex 13.5532 0 21.2701
      vertex 12.9718 2.4 20.4
      vertex 13.5532 2.4 21.2701
    endloop
  endfacet
  facet normal 0.831462 0 -0.555582
    outer loop
      vertex 12.9718 2.4 20.4
      vertex 13.5532 0 21.2701
      vertex 12.9718 0 20.4
    endloop
  endfacet
  facet normal 0 -1 0
    outer loop
      vertex 11.9 2.8 0
      vertex 27.9 2.8 2
      vertex 11.9 2.8 2
    endloop
  endfacet
  facet normal 0 -1 -0
    outer loop
      vertex 27.9 2.8 2
      vertex 11.9 2.8 0
      vertex 27.9 2.8 0
    endloop
  endfacet
  facet normal -0.831462 0 -0.555582
    outer loop
      vertex 26.8282 0 20.4
      vertex 26.2468 2.4 21.2701
      vertex 26.8282 2.4 20.4
    endloop
  endfacet
  facet normal -0.831462 -0 -0.555582
    outer loop
      vertex 26.2468 2.4 21.2701
      vertex 26.8282 0 20.4
      vertex 26.2468 0 21.2701
    endloop
  endfacet
  facet normal -0.94692 0 -0.321469
    outer loop
      vertex 27.6274 0 18.4706
      vertex 27.291 2.4 19.4615
      vertex 27.6274 2.4 18.4706
    endloop
  endfacet
  facet normal -0.94692 -0 -0.321469
    outer loop
      vertex 27.291 2.4 19.4615
      vertex 27.6274 0 18.4706
      vertex 27.291 0 19.4615
    endloop
  endfacet
  facet normal 0.321469 0 -0.94692
    outer loop
      vertex 16.8385 0 23.791
      vertex 17.8294 2.4 24.1274
      vertex 17.8294 0 24.1274
    endloop
  endfacet
  facet normal 0.321469 0 -0.94692
    outer loop
      vertex 17.8294 2.4 24.1274
      vertex 16.8385 0 23.791
      vertex 16.8385 2.4 23.791
    endloop
  endfacet
  facet normal 0.195124 0 -0.980779
    outer loop
      vertex 17.8294 0 24.1274
      vertex 18.8558 2.4 24.3316
      vertex 18.8558 0 24.3316
    endloop
  endfacet
  facet normal 0.195124 0 -0.980779
    outer loop
      vertex 18.8558 2.4 24.3316
      vertex 17.8294 0 24.1274
      vertex 17.8294 2.4 24.1274
    endloop
  endfacet
  facet normal 0.555582 0 -0.831462
    outer loop
      vertex 15.0299 0 22.7468
      vertex 15.9 2.4 23.3282
      vertex 15.9 0 23.3282
    endloop
  endfacet
  facet normal 0.555582 0 -0.831462
    outer loop
      vertex 15.9 2.4 23.3282
      vertex 15.0299 0 22.7468
      vertex 15.0299 2.4 22.7468
    endloop
  endfacet
  facet normal -0.997861 0 -0.0653646
    outer loop
      vertex 27.9 0 16.4
      vertex 27.8316 2.4 17.4442
      vertex 27.9 2.4 16.4
    endloop
  endfacet
  facet normal -0.997861 -0 -0.0653646
    outer loop
      vertex 27.8316 2.4 17.4442
      vertex 27.9 0 16.4
      vertex 27.8316 0 17.4442
    endloop
  endfacet
  facet normal -0.896879 0 -0.442276
    outer loop
      vertex 27.291 0 19.4615
      vertex 26.8282 2.4 20.4
      vertex 27.291 2.4 19.4615
    endloop
  endfacet
  facet normal -0.896879 -0 -0.442276
    outer loop
      vertex 26.8282 2.4 20.4
      vertex 27.291 0 19.4615
      vertex 26.8282 0 20.4
    endloop
  endfacet
  facet normal -0.75189 0 -0.659289
    outer loop
      vertex 26.2468 0 21.2701
      vertex 25.5569 2.4 22.0569
      vertex 26.2468 2.4 21.2701
    endloop
  endfacet
  facet normal -0.75189 -0 -0.659289
    outer loop
      vertex 25.5569 2.4 22.0569
      vertex 26.2468 0 21.2701
      vertex 25.5569 0 22.0569
    endloop
  endfacet
  facet normal -0.321469 0 -0.94692
    outer loop
      vertex 21.9706 0 24.1274
      vertex 22.9615 2.4 23.791
      vertex 22.9615 0 23.791
    endloop
  endfacet
  facet normal -0.321469 0 -0.94692
    outer loop
      vertex 22.9615 2.4 23.791
      vertex 21.9706 0 24.1274
      vertex 21.9706 2.4 24.1274
    endloop
  endfacet
  facet normal 0.442276 0 -0.896879
    outer loop
      vertex 15.9 0 23.3282
      vertex 16.8385 2.4 23.791
      vertex 16.8385 0 23.791
    endloop
  endfacet
  facet normal 0.442276 0 -0.896879
    outer loop
      vertex 16.8385 2.4 23.791
      vertex 15.9 0 23.3282
      vertex 15.9 2.4 23.3282
    endloop
  endfacet
  facet normal 0.659289 0 -0.75189
    outer loop
      vertex 14.2431 0 22.0569
      vertex 15.0299 2.4 22.7468
      vertex 15.0299 0 22.7468
    endloop
  endfacet
  facet normal 0.659289 0 -0.75189
    outer loop
      vertex 15.0299 2.4 22.7468
      vertex 14.2431 0 22.0569
      vertex 14.2431 2.4 22.0569
    endloop
  endfacet
  facet normal -0.555582 0 -0.831462
    outer loop
      vertex 23.9 0 23.3282
      vertex 24.7701 2.4 22.7468
      vertex 24.7701 0 22.7468
    endloop
  endfacet
  facet normal -0.555582 0 -0.831462
    outer loop
      vertex 24.7701 2.4 22.7468
      vertex 23.9 0 23.3282
      vertex 23.9 2.4 23.3282
    endloop
  endfacet
  facet normal -0.442276 0 -0.896879
    outer loop
      vertex 22.9615 0 23.791
      vertex 23.9 2.4 23.3282
      vertex 23.9 0 23.3282
    endloop
  endfacet
  facet normal -0.442276 0 -0.896879
    outer loop
      vertex 23.9 2.4 23.3282
      vertex 22.9615 0 23.791
      vertex 22.9615 2.4 23.791
    endloop
  endfacet
  facet normal 0.0653646 0 -0.997861
    outer loop
      vertex 18.8558 0 24.3316
      vertex 19.9 2.4 24.4
      vertex 19.9 0 24.4
    endloop
  endfacet
  facet normal 0.0653646 0 -0.997861
    outer loop
      vertex 19.9 2.4 24.4
      vertex 18.8558 0 24.3316
      vertex 18.8558 2.4 24.3316
    endloop
  endfacet
  facet normal -0.0653646 0 -0.997861
    outer loop
      vertex 19.9 0 24.4
      vertex 20.9442 2.4 24.3316
      vertex 20.9442 0 24.3316
    endloop
  endfacet
  facet normal -0.0653646 0 -0.997861
    outer loop
      vertex 20.9442 2.4 24.3316
      vertex 19.9 0 24.4
      vertex 19.9 2.4 24.4
    endloop
  endfacet
  facet normal -0.659289 0 -0.75189
    outer loop
      vertex 24.7701 0 22.7468
      vertex 25.5569 2.4 22.0569
      vertex 25.5569 0 22.0569
    endloop
  endfacet
  facet normal -0.659289 0 -0.75189
    outer loop
      vertex 25.5569 2.4 22.0569
      vertex 24.7701 0 22.7468
      vertex 24.7701 2.4 22.7468
    endloop
  endfacet
  facet normal -0.195124 0 -0.980779
    outer loop
      vertex 20.9442 0 24.3316
      vertex 21.9706 2.4 24.1274
      vertex 21.9706 0 24.1274
    endloop
  endfacet
  facet normal -0.195124 0 -0.980779
    outer loop
      vertex 21.9706 2.4 24.1274
      vertex 20.9442 0 24.3316
      vertex 20.9442 2.4 24.3316
    endloop
  endfacet
  facet normal 0.980779 0 -0.195124
    outer loop
      vertex 12.1726 18.7 18.4706
      vertex 11.9684 21.1 17.4442
      vertex 12.1726 21.1 18.4706
    endloop
  endfacet
  facet normal 0.980779 0 -0.195124
    outer loop
      vertex 11.9684 21.1 17.4442
      vertex 12.1726 18.7 18.4706
      vertex 11.9684 18.7 17.4442
    endloop
  endfacet
  facet normal 0.94692 0 -0.321469
    outer loop
      vertex 12.509 18.7 19.4615
      vertex 12.1726 21.1 18.4706
      vertex 12.509 21.1 19.4615
    endloop
  endfacet
  facet normal 0.94692 0 -0.321469
    outer loop
      vertex 12.1726 21.1 18.4706
      vertex 12.509 18.7 19.4615
      vertex 12.1726 18.7 18.4706
    endloop
  endfacet
  facet normal 0.997861 0 -0.0653646
    outer loop
      vertex 11.9684 18.7 17.4442
      vertex 11.9 21.1 16.4
      vertex 11.9684 21.1 17.4442
    endloop
  endfacet
  facet normal 0.997861 0 -0.0653646
    outer loop
      vertex 11.9 21.1 16.4
      vertex 11.9684 18.7 17.4442
      vertex 11.9 18.7 16.4
    endloop
  endfacet
  facet normal 0.75189 0 -0.659289
    outer loop
      vertex 14.2431 18.7 22.0569
      vertex 13.5532 21.1 21.2701
      vertex 14.2431 21.1 22.0569
    endloop
  endfacet
  facet normal 0.75189 0 -0.659289
    outer loop
      vertex 13.5532 21.1 21.2701
      vertex 14.2431 18.7 22.0569
      vertex 13.5532 18.7 21.2701
    endloop
  endfacet
  facet normal 0 1 -0
    outer loop
      vertex 27.9 18.3 0
      vertex 11.9 18.3 2
      vertex 27.9 18.3 2
    endloop
  endfacet
  facet normal 0 1 0
    outer loop
      vertex 11.9 18.3 2
      vertex 27.9 18.3 0
      vertex 11.9 18.3 0
    endloop
  endfacet
  facet normal -0.195124 0 -0.980779
    outer loop
      vertex 20.9442 18.7 24.3316
      vertex 21.9706 21.1 24.1274
      vertex 21.9706 18.7 24.1274
    endloop
  endfacet
  facet normal -0.195124 0 -0.980779
    outer loop
      vertex 21.9706 21.1 24.1274
      vertex 20.9442 18.7 24.3316
      vertex 20.9442 21.1 24.3316
    endloop
  endfacet
  facet normal -1 0 0
    outer loop
      vertex 27.9 21.1 0
      vertex 27.9 18.7 2
      vertex 27.9 21.1 16.4
    endloop
  endfacet
  facet normal -1 0 0
    outer loop
      vertex 27.9 18.3 0
      vertex 27.9 18.7 2
      vertex 27.9 21.1 0
    endloop
  endfacet
  facet normal -1 -0 0
    outer loop
      vertex 27.9 18.7 2
      vertex 27.9 18.3 0
      vertex 27.9 18.3 2
    endloop
  endfacet
  facet normal -1 -0 0
    outer loop
      vertex 27.9 21.1 16.4
      vertex 27.9 18.7 2
      vertex 27.9 18.7 16.4
    endloop
  endfacet
  facet normal -0.831462 0 -0.555582
    outer loop
      vertex 26.8282 18.7 20.4
      vertex 26.2468 21.1 21.2701
      vertex 26.8282 21.1 20.4
    endloop
  endfacet
  facet normal -0.831462 -0 -0.555582
    outer loop
      vertex 26.2468 21.1 21.2701
      vertex 26.8282 18.7 20.4
      vertex 26.2468 18.7 21.2701
    endloop
  endfacet
  facet normal 1 0 0
    outer loop
      vertex 11.9 18.7 2
      vertex 11.9 21.1 16.4
      vertex 11.9 18.7 16.4
    endloop
  endfacet
  facet normal 1 0 0
    outer loop
      vertex 11.9 21.1 16.4
      vertex 11.9 18.7 2
      vertex 11.9 21.1 0
    endloop
  endfacet
  facet normal 1 0 0
    outer loop
      vertex 11.9 18.3 0
      vertex 11.9 18.7 2
      vertex 11.9 18.3 2
    endloop
  endfacet
  facet normal 1 0 0
    outer loop
      vertex 11.9 18.7 2
      vertex 11.9 18.3 0
      vertex 11.9 21.1 0
    endloop
  endfacet
  facet normal 0.896879 0 -0.442276
    outer loop
      vertex 12.9718 18.7 20.4
      vertex 12.509 21.1 19.4615
      vertex 12.9718 21.1 20.4
    endloop
  endfacet
  facet normal 0.896879 0 -0.442276
    outer loop
      vertex 12.509 21.1 19.4615
      vertex 12.9718 18.7 20.4
      vertex 12.509 18.7 19.4615
    endloop
  endfacet
  facet normal -0.997861 0 -0.0653646
    outer loop
      vertex 27.9 18.7 16.4
      vertex 27.8316 21.1 17.4442
      vertex 27.9 21.1 16.4
    endloop
  endfacet
  facet normal -0.997861 -0 -0.0653646
    outer loop
      vertex 27.8316 21.1 17.4442
      vertex 27.9 18.7 16.4
      vertex 27.8316 18.7 17.4442
    endloop
  endfacet
  facet normal -0.980779 0 -0.195124
    outer loop
      vertex 27.8316 18.7 17.4442
      vertex 27.6274 21.1 18.4706
      vertex 27.8316 21.1 17.4442
    endloop
  endfacet
  facet normal -0.980779 -0 -0.195124
    outer loop
      vertex 27.6274 21.1 18.4706
      vertex 27.8316 18.7 17.4442
      vertex 27.6274 18.7 18.4706
    endloop
  endfacet
  facet normal 0.555582 0 -0.831462
    outer loop
      vertex 15.0299 18.7 22.7468
      vertex 15.9 21.1 23.3282
      vertex 15.9 18.7 23.3282
    endloop
  endfacet
  facet normal 0.555582 0 -0.831462
    outer loop
      vertex 15.9 21.1 23.3282
      vertex 15.0299 18.7 22.7468
      vertex 15.0299 21.1 22.7468
    endloop
  endfacet
  facet normal -0.896879 0 -0.442276
    outer loop
      vertex 27.291 18.7 19.4615
      vertex 26.8282 21.1 20.4
      vertex 27.291 21.1 19.4615
    endloop
  endfacet
  facet normal -0.896879 -0 -0.442276
    outer loop
      vertex 26.8282 21.1 20.4
      vertex 27.291 18.7 19.4615
      vertex 26.8282 18.7 20.4
    endloop
  endfacet
  facet normal -0.94692 0 -0.321469
    outer loop
      vertex 27.6274 18.7 18.4706
      vertex 27.291 21.1 19.4615
      vertex 27.6274 21.1 18.4706
    endloop
  endfacet
  facet normal -0.94692 -0 -0.321469
    outer loop
      vertex 27.291 21.1 19.4615
      vertex 27.6274 18.7 18.4706
      vertex 27.291 18.7 19.4615
    endloop
  endfacet
  facet normal -0.321469 0 -0.94692
    outer loop
      vertex 21.9706 18.7 24.1274
      vertex 22.9615 21.1 23.791
      vertex 22.9615 18.7 23.791
    endloop
  endfacet
  facet normal -0.321469 0 -0.94692
    outer loop
      vertex 22.9615 21.1 23.791
      vertex 21.9706 18.7 24.1274
      vertex 21.9706 21.1 24.1274
    endloop
  endfacet
  facet normal -0.0653646 0 -0.997861
    outer loop
      vertex 19.9 18.7 24.4
      vertex 20.9442 21.1 24.3316
      vertex 20.9442 18.7 24.3316
    endloop
  endfacet
  facet normal -0.0653646 0 -0.997861
    outer loop
      vertex 20.9442 21.1 24.3316
      vertex 19.9 18.7 24.4
      vertex 19.9 21.1 24.4
    endloop
  endfacet
  facet normal 0.831462 0 -0.555582
    outer loop
      vertex 13.5532 18.7 21.2701
      vertex 12.9718 21.1 20.4
      vertex 13.5532 21.1 21.2701
    endloop
  endfacet
  facet normal 0.831462 0 -0.555582
    outer loop
      vertex 12.9718 21.1 20.4
      vertex 13.5532 18.7 21.2701
      vertex 12.9718 18.7 20.4
    endloop
  endfacet
  facet normal 0.659289 0 -0.75189
    outer loop
      vertex 14.2431 18.7 22.0569
      vertex 15.0299 21.1 22.7468
      vertex 15.0299 18.7 22.7468
    endloop
  endfacet
  facet normal 0.659289 0 -0.75189
    outer loop
      vertex 15.0299 21.1 22.7468
      vertex 14.2431 18.7 22.0569
      vertex 14.2431 21.1 22.0569
    endloop
  endfacet
  facet normal -0.75189 0 -0.659289
    outer loop
      vertex 26.2468 18.7 21.2701
      vertex 25.5569 21.1 22.0569
      vertex 26.2468 21.1 21.2701
    endloop
  endfacet
  facet normal -0.75189 -0 -0.659289
    outer loop
      vertex 25.5569 21.1 22.0569
      vertex 26.2468 18.7 21.2701
      vertex 25.5569 18.7 22.0569
    endloop
  endfacet
  facet normal -0.555582 0 -0.831462
    outer loop
      vertex 23.9 18.7 23.3282
      vertex 24.7701 21.1 22.7468
      vertex 24.7701 18.7 22.7468
    endloop
  endfacet
  facet normal -0.555582 0 -0.831462
    outer loop
      vertex 24.7701 21.1 22.7468
      vertex 23.9 18.7 23.3282
      vertex 23.9 21.1 23.3282
    endloop
  endfacet
  facet normal -0.659289 0 -0.75189
    outer loop
      vertex 24.7701 18.7 22.7468
      vertex 25.5569 21.1 22.0569
      vertex 25.5569 18.7 22.0569
    endloop
  endfacet
  facet normal -0.659289 0 -0.75189
    outer loop
      vertex 25.5569 21.1 22.0569
      vertex 24.7701 18.7 22.7468
      vertex 24.7701 21.1 22.7468
    endloop
  endfacet
  facet normal -0.442276 0 -0.896879
    outer loop
      vertex 22.9615 18.7 23.791
      vertex 23.9 21.1 23.3282
      vertex 23.9 18.7 23.3282
    endloop
  endfacet
  facet normal -0.442276 0 -0.896879
    outer loop
      vertex 23.9 21.1 23.3282
      vertex 22.9615 18.7 23.791
      vertex 22.9615 21.1 23.791
    endloop
  endfacet
  facet normal 0.0653646 0 -0.997861
    outer loop
      vertex 18.8558 18.7 24.3316
      vertex 19.9 21.1 24.4
      vertex 19.9 18.7 24.4
    endloop
  endfacet
  facet normal 0.0653646 0 -0.997861
    outer loop
      vertex 19.9 21.1 24.4
      vertex 18.8558 18.7 24.3316
      vertex 18.8558 21.1 24.3316
    endloop
  endfacet
  facet normal 0.195124 0 -0.980779
    outer loop
      vertex 17.8294 18.7 24.1274
      vertex 18.8558 21.1 24.3316
      vertex 18.8558 18.7 24.3316
    endloop
  endfacet
  facet normal 0.195124 0 -0.980779
    outer loop
      vertex 18.8558 21.1 24.3316
      vertex 17.8294 18.7 24.1274
      vertex 17.8294 21.1 24.1274
    endloop
  endfacet
  facet normal 0.442276 0 -0.896879
    outer loop
      vertex 15.9 18.7 23.3282
      vertex 16.8385 21.1 23.791
      vertex 16.8385 18.7 23.791
    endloop
  endfacet
  facet normal 0.442276 0 -0.896879
    outer loop
      vertex 16.8385 21.1 23.791
      vertex 15.9 18.7 23.3282
      vertex 15.9 21.1 23.3282
    endloop
  endfacet
  facet normal 0.321469 0 -0.94692
    outer loop
      vertex 16.8385 18.7 23.791
      vertex 17.8294 21.1 24.1274
      vertex 17.8294 18.7 24.1274
    endloop
  endfacet
  facet normal 0.321469 0 -0.94692
    outer loop
      vertex 17.8294 21.1 24.1274
      vertex 16.8385 18.7 23.791
      vertex 16.8385 21.1 23.791
    endloop
  endfacet
  facet normal 0.980779 0 -0.195124
    outer loop
      vertex 48.7726 0 18.4706
      vertex 48.5684 2.4 17.4442
      vertex 48.7726 2.4 18.4706
    endloop
  endfacet
  facet normal 0.980779 0 -0.195124
    outer loop
      vertex 48.5684 2.4 17.4442
      vertex 48.7726 0 18.4706
      vertex 48.5684 0 17.4442
    endloop
  endfacet
  facet normal 0.94692 0 -0.321469
    outer loop
      vertex 49.109 0 19.4615
      vertex 48.7726 2.4 18.4706
      vertex 49.109 2.4 19.4615
    endloop
  endfacet
  facet normal 0.94692 0 -0.321469
    outer loop
      vertex 48.7726 2.4 18.4706
      vertex 49.109 0 19.4615
      vertex 48.7726 0 18.4706
    endloop
  endfacet
  facet normal 0.997861 0 -0.0653646
    outer loop
      vertex 48.5684 0 17.4442
      vertex 48.5 2.4 16.4
      vertex 48.5684 2.4 17.4442
    endloop
  endfacet
  facet normal 0.997861 0 -0.0653646
    outer loop
      vertex 48.5 2.4 16.4
      vertex 48.5684 0 17.4442
      vertex 48.5 0 16.4
    endloop
  endfacet
  facet normal 0.75189 0 -0.659289
    outer loop
      vertex 50.8431 0 22.0569
      vertex 50.1532 2.4 21.2701
      vertex 50.8431 2.4 22.0569
    endloop
  endfacet
  facet normal 0.75189 0 -0.659289
    outer loop
      vertex 50.1532 2.4 21.2701
      vertex 50.8431 0 22.0569
      vertex 50.1532 0 21.2701
    endloop
  endfacet
  facet normal -0.195124 0 -0.980779
    outer loop
      vertex 57.5442 0 24.3316
      vertex 58.5706 2.4 24.1274
      vertex 58.5706 0 24.1274
    endloop
  endfacet
  facet normal -0.195124 0 -0.980779
    outer loop
      vertex 58.5706 2.4 24.1274
      vertex 57.5442 0 24.3316
      vertex 57.5442 2.4 24.3316
    endloop
  endfacet
  facet normal -1 0 0
    outer loop
      vertex 64.5 2.8 0
      vertex 64.5 2.4 2
      vertex 64.5 2.8 2
    endloop
  endfacet
  facet normal -1 0 0
    outer loop
      vertex 64.5 0 0
      vertex 64.5 2.4 2
      vertex 64.5 2.8 0
    endloop
  endfacet
  facet normal -1 0 0
    outer loop
      vertex 64.5 0 16.4
      vertex 64.5 2.4 2
      vertex 64.5 0 0
    endloop
  endfacet
  facet normal -1 0 0
    outer loop
      vertex 64.5 2.4 2
      vertex 64.5 0 16.4
      vertex 64.5 2.4 16.4
    endloop
  endfacet
  facet normal -0.94692 0 -0.321469
    outer loop
      vertex 64.2274 0 18.4706
      vertex 63.891 2.4 19.4615
      vertex 64.2274 2.4 18.4706
    endloop
  endfacet
  facet normal -0.94692 -0 -0.321469
    outer loop
      vertex 63.891 2.4 19.4615
      vertex 64.2274 0 18.4706
      vertex 63.891 0 19.4615
    endloop
  endfacet
  facet normal 1 0 0
    outer loop
      vertex 48.5 2.4 16.4
      vertex 48.5 0 16.4
      vertex 48.5 2.4 2
    endloop
  endfacet
  facet normal 1 -0 0
    outer loop
      vertex 48.5 2.4 2
      vertex 48.5 2.8 0
      vertex 48.5 2.8 2
    endloop
  endfacet
  facet normal 1 0 0
    outer loop
      vertex 48.5 2.4 2
      vertex 48.5 0 0
      vertex 48.5 2.8 0
    endloop
  endfacet
  facet normal 1 0 0
    outer loop
      vertex 48.5 0 0
      vertex 48.5 2.4 2
      vertex 48.5 0 16.4
    endloop
  endfacet
  facet normal 0.195124 0 -0.980779
    outer loop
      vertex 54.4294 0 24.1274
      vertex 55.4558 2.4 24.3316
      vertex 55.4558 0 24.3316
    endloop
  endfacet
  facet normal 0.195124 0 -0.980779
    outer loop
      vertex 55.4558 2.4 24.3316
      vertex 54.4294 0 24.1274
      vertex 54.4294 2.4 24.1274
    endloop
  endfacet
  facet normal 0.896879 0 -0.442276
    outer loop
      vertex 49.5718 0 20.4
      vertex 49.109 2.4 19.4615
      vertex 49.5718 2.4 20.4
    endloop
  endfacet
  facet normal 0.896879 0 -0.442276
    outer loop
      vertex 49.109 2.4 19.4615
      vertex 49.5718 0 20.4
      vertex 49.109 0 19.4615
    endloop
  endfacet
  facet normal 0 -1 0
    outer loop
      vertex 48.5 2.8 0
      vertex 64.5 2.8 2
      vertex 48.5 2.8 2
    endloop
  endfacet
  facet normal 0 -1 -0
    outer loop
      vertex 64.5 2.8 2
      vertex 48.5 2.8 0
      vertex 64.5 2.8 0
    endloop
  endfacet
  facet normal -0.997861 0 -0.0653646
    outer loop
      vertex 64.5 0 16.4
      vertex 64.4316 2.4 17.4442
      vertex 64.5 2.4 16.4
    endloop
  endfacet
  facet normal -0.997861 -0 -0.0653646
    outer loop
      vertex 64.4316 2.4 17.4442
      vertex 64.5 0 16.4
      vertex 64.4316 0 17.4442
    endloop
  endfacet
  facet normal -0.980779 0 -0.195124
    outer loop
      vertex 64.4316 0 17.4442
      vertex 64.2274 2.4 18.4706
      vertex 64.4316 2.4 17.4442
    endloop
  endfacet
  facet normal -0.980779 -0 -0.195124
    outer loop
      vertex 64.2274 2.4 18.4706
      vertex 64.4316 0 17.4442
      vertex 64.2274 0 18.4706
    endloop
  endfacet
  facet normal 0.555582 0 -0.831462
    outer loop
      vertex 51.6299 0 22.7468
      vertex 52.5 2.4 23.3282
      vertex 52.5 0 23.3282
    endloop
  endfacet
  facet normal 0.555582 0 -0.831462
    outer loop
      vertex 52.5 2.4 23.3282
      vertex 51.6299 0 22.7468
      vertex 51.6299 2.4 22.7468
    endloop
  endfacet
  facet normal -0.321469 0 -0.94692
    outer loop
      vertex 58.5706 0 24.1274
      vertex 59.5615 2.4 23.791
      vertex 59.5615 0 23.791
    endloop
  endfacet
  facet normal -0.321469 0 -0.94692
    outer loop
      vertex 59.5615 2.4 23.791
      vertex 58.5706 0 24.1274
      vertex 58.5706 2.4 24.1274
    endloop
  endfacet
  facet normal -0.0653646 0 -0.997861
    outer loop
      vertex 56.5 0 24.4
      vertex 57.5442 2.4 24.3316
      vertex 57.5442 0 24.3316
    endloop
  endfacet
  facet normal -0.0653646 0 -0.997861
    outer loop
      vertex 57.5442 2.4 24.3316
      vertex 56.5 0 24.4
      vertex 56.5 2.4 24.4
    endloop
  endfacet
  facet normal 0.831462 0 -0.555582
    outer loop
      vertex 50.1532 0 21.2701
      vertex 49.5718 2.4 20.4
      vertex 50.1532 2.4 21.2701
    endloop
  endfacet
  facet normal 0.831462 0 -0.555582
    outer loop
      vertex 49.5718 2.4 20.4
      vertex 50.1532 0 21.2701
      vertex 49.5718 0 20.4
    endloop
  endfacet
  facet normal 0.659289 0 -0.75189
    outer loop
      vertex 50.8431 0 22.0569
      vertex 51.6299 2.4 22.7468
      vertex 51.6299 0 22.7468
    endloop
  endfacet
  facet normal 0.659289 0 -0.75189
    outer loop
      vertex 51.6299 2.4 22.7468
      vertex 50.8431 0 22.0569
      vertex 50.8431 2.4 22.0569
    endloop
  endfacet
  facet normal -0.896879 0 -0.442276
    outer loop
      vertex 63.891 0 19.4615
      vertex 63.4282 2.4 20.4
      vertex 63.891 2.4 19.4615
    endloop
  endfacet
  facet normal -0.896879 -0 -0.442276
    outer loop
      vertex 63.4282 2.4 20.4
      vertex 63.891 0 19.4615
      vertex 63.4282 0 20.4
    endloop
  endfacet
  facet normal -0.831462 0 -0.555582
    outer loop
      vertex 63.4282 0 20.4
      vertex 62.8468 2.4 21.2701
      vertex 63.4282 2.4 20.4
    endloop
  endfacet
  facet normal -0.831462 -0 -0.555582
    outer loop
      vertex 62.8468 2.4 21.2701
      vertex 63.4282 0 20.4
      vertex 62.8468 0 21.2701
    endloop
  endfacet
  facet normal -0.659289 0 -0.75189
    outer loop
      vertex 61.3701 0 22.7468
      vertex 62.1569 2.4 22.0569
      vertex 62.1569 0 22.0569
    endloop
  endfacet
  facet normal -0.659289 0 -0.75189
    outer loop
      vertex 62.1569 2.4 22.0569
      vertex 61.3701 0 22.7468
      vertex 61.3701 2.4 22.7468
    endloop
  endfacet
  facet normal -0.555582 0 -0.831462
    outer loop
      vertex 60.5 0 23.3282
      vertex 61.3701 2.4 22.7468
      vertex 61.3701 0 22.7468
    endloop
  endfacet
  facet normal -0.555582 0 -0.831462
    outer loop
      vertex 61.3701 2.4 22.7468
      vertex 60.5 0 23.3282
      vertex 60.5 2.4 23.3282
    endloop
  endfacet
  facet normal -0.75189 0 -0.659289
    outer loop
      vertex 62.8468 0 21.2701
      vertex 62.1569 2.4 22.0569
      vertex 62.8468 2.4 21.2701
    endloop
  endfacet
  facet normal -0.75189 -0 -0.659289
    outer loop
      vertex 62.1569 2.4 22.0569
      vertex 62.8468 0 21.2701
      vertex 62.1569 0 22.0569
    endloop
  endfacet
  facet normal -0.442276 0 -0.896879
    outer loop
      vertex 59.5615 0 23.791
      vertex 60.5 2.4 23.3282
      vertex 60.5 0 23.3282
    endloop
  endfacet
  facet normal -0.442276 0 -0.896879
    outer loop
      vertex 60.5 2.4 23.3282
      vertex 59.5615 0 23.791
      vertex 59.5615 2.4 23.791
    endloop
  endfacet
  facet normal 0.0653646 0 -0.997861
    outer loop
      vertex 55.4558 0 24.3316
      vertex 56.5 2.4 24.4
      vertex 56.5 0 24.4
    endloop
  endfacet
  facet normal 0.0653646 0 -0.997861
    outer loop
      vertex 56.5 2.4 24.4
      vertex 55.4558 0 24.3316
      vertex 55.4558 2.4 24.3316
    endloop
  endfacet
  facet normal 0.442276 0 -0.896879
    outer loop
      vertex 52.5 0 23.3282
      vertex 53.4385 2.4 23.791
      vertex 53.4385 0 23.791
    endloop
  endfacet
  facet normal 0.442276 0 -0.896879
    outer loop
      vertex 53.4385 2.4 23.791
      vertex 52.5 0 23.3282
      vertex 52.5 2.4 23.3282
    endloop
  endfacet
  facet normal 0.321469 0 -0.94692
    outer loop
      vertex 53.4385 0 23.791
      vertex 54.4294 2.4 24.1274
      vertex 54.4294 0 24.1274
    endloop
  endfacet
  facet normal 0.321469 0 -0.94692
    outer loop
      vertex 54.4294 2.4 24.1274
      vertex 53.4385 0 23.791
      vertex 53.4385 2.4 23.791
    endloop
  endfacet
  facet normal 0.980779 0 -0.195124
    outer loop
      vertex 48.7726 18.7 18.4706
      vertex 48.5684 21.1 17.4442
      vertex 48.7726 21.1 18.4706
    endloop
  endfacet
  facet normal 0.980779 0 -0.195124
    outer loop
      vertex 48.5684 21.1 17.4442
      vertex 48.7726 18.7 18.4706
      vertex 48.5684 18.7 17.4442
    endloop
  endfacet
  facet normal 0.94692 0 -0.321469
    outer loop
      vertex 49.109 18.7 19.4615
      vertex 48.7726 21.1 18.4706
      vertex 49.109 21.1 19.4615
    endloop
  endfacet
  facet normal 0.94692 0 -0.321469
    outer loop
      vertex 48.7726 21.1 18.4706
      vertex 49.109 18.7 19.4615
      vertex 48.7726 18.7 18.4706
    endloop
  endfacet
  facet normal 0.997861 0 -0.0653646
    outer loop
      vertex 48.5684 18.7 17.4442
      vertex 48.5 21.1 16.4
      vertex 48.5684 21.1 17.4442
    endloop
  endfacet
  facet normal 0.997861 0 -0.0653646
    outer loop
      vertex 48.5 21.1 16.4
      vertex 48.5684 18.7 17.4442
      vertex 48.5 18.7 16.4
    endloop
  endfacet
  facet normal 0.555582 0 -0.831462
    outer loop
      vertex 51.6299 18.7 22.7468
      vertex 52.5 21.1 23.3282
      vertex 52.5 18.7 23.3282
    endloop
  endfacet
  facet normal 0.555582 0 -0.831462
    outer loop
      vertex 52.5 21.1 23.3282
      vertex 51.6299 18.7 22.7468
      vertex 51.6299 21.1 22.7468
    endloop
  endfacet
  facet normal -1 0 0
    outer loop
      vertex 64.5 21.1 0
      vertex 64.5 18.7 2
      vertex 64.5 21.1 16.4
    endloop
  endfacet
  facet normal -1 0 0
    outer loop
      vertex 64.5 18.3 0
      vertex 64.5 18.7 2
      vertex 64.5 21.1 0
    endloop
  endfacet
  facet normal -1 -0 0
    outer loop
      vertex 64.5 18.7 2
      vertex 64.5 18.3 0
      vertex 64.5 18.3 2
    endloop
  endfacet
  facet normal -1 -0 0
    outer loop
      vertex 64.5 21.1 16.4
      vertex 64.5 18.7 2
      vertex 64.5 18.7 16.4
    endloop
  endfacet
  facet normal 0.896879 0 -0.442276
    outer loop
      vertex 49.5718 18.7 20.4
      vertex 49.109 21.1 19.4615
      vertex 49.5718 21.1 20.4
    endloop
  endfacet
  facet normal 0.896879 0 -0.442276
    outer loop
      vertex 49.109 21.1 19.4615
      vertex 49.5718 18.7 20.4
      vertex 49.109 18.7 19.4615
    endloop
  endfacet
  facet normal -0.980779 0 -0.195124
    outer loop
      vertex 64.4316 18.7 17.4442
      vertex 64.2274 21.1 18.4706
      vertex 64.4316 21.1 17.4442
    endloop
  endfacet
  facet normal -0.980779 -0 -0.195124
    outer loop
      vertex 64.2274 21.1 18.4706
      vertex 64.4316 18.7 17.4442
      vertex 64.2274 18.7 18.4706
    endloop
  endfacet
  facet normal 0 1 -0
    outer loop
      vertex 64.5 18.3 0
      vertex 48.5 18.3 2
      vertex 64.5 18.3 2
    endloop
  endfacet
  facet normal 0 1 0
    outer loop
      vertex 48.5 18.3 2
      vertex 64.5 18.3 0
      vertex 48.5 18.3 0
    endloop
  endfacet
  facet normal 1 0 0
    outer loop
      vertex 48.5 18.7 2
      vertex 48.5 21.1 16.4
      vertex 48.5 18.7 16.4
    endloop
  endfacet
  facet normal 1 0 0
    outer loop
      vertex 48.5 21.1 16.4
      vertex 48.5 18.7 2
      vertex 48.5 21.1 0
    endloop
  endfacet
  facet normal 1 0 0
    outer loop
      vertex 48.5 18.3 0
      vertex 48.5 18.7 2
      vertex 48.5 18.3 2
    endloop
  endfacet
  facet normal 1 0 0
    outer loop
      vertex 48.5 18.7 2
      vertex 48.5 18.3 0
      vertex 48.5 21.1 0
    endloop
  endfacet
  facet normal -0.94692 0 -0.321469
    outer loop
      vertex 64.2274 18.7 18.4706
      vertex 63.891 21.1 19.4615
      vertex 64.2274 21.1 18.4706
    endloop
  endfacet
  facet normal -0.94692 -0 -0.321469
    outer loop
      vertex 63.891 21.1 19.4615
      vertex 64.2274 18.7 18.4706
      vertex 63.891 18.7 19.4615
    endloop
  endfacet
  facet normal 0.442276 0 -0.896879
    outer loop
      vertex 52.5 18.7 23.3282
      vertex 53.4385 21.1 23.791
      vertex 53.4385 18.7 23.791
    endloop
  endfacet
  facet normal 0.442276 0 -0.896879
    outer loop
      vertex 53.4385 21.1 23.791
      vertex 52.5 18.7 23.3282
      vertex 52.5 21.1 23.3282
    endloop
  endfacet
  facet normal 0.659289 0 -0.75189
    outer loop
      vertex 50.8431 18.7 22.0569
      vertex 51.6299 21.1 22.7468
      vertex 51.6299 18.7 22.7468
    endloop
  endfacet
  facet normal 0.659289 0 -0.75189
    outer loop
      vertex 51.6299 21.1 22.7468
      vertex 50.8431 18.7 22.0569
      vertex 50.8431 21.1 22.0569
    endloop
  endfacet
  facet normal -0.321469 0 -0.94692
    outer loop
      vertex 58.5706 18.7 24.1274
      vertex 59.5615 21.1 23.791
      vertex 59.5615 18.7 23.791
    endloop
  endfacet
  facet normal -0.321469 0 -0.94692
    outer loop
      vertex 59.5615 21.1 23.791
      vertex 58.5706 18.7 24.1274
      vertex 58.5706 21.1 24.1274
    endloop
  endfacet
  facet normal -0.997861 0 -0.0653646
    outer loop
      vertex 64.5 18.7 16.4
      vertex 64.4316 21.1 17.4442
      vertex 64.5 21.1 16.4
    endloop
  endfacet
  facet normal -0.997861 -0 -0.0653646
    outer loop
      vertex 64.4316 21.1 17.4442
      vertex 64.5 18.7 16.4
      vertex 64.4316 18.7 17.4442
    endloop
  endfacet
  facet normal -0.831462 0 -0.555582
    outer loop
      vertex 63.4282 18.7 20.4
      vertex 62.8468 21.1 21.2701
      vertex 63.4282 21.1 20.4
    endloop
  endfacet
  facet normal -0.831462 -0 -0.555582
    outer loop
      vertex 62.8468 21.1 21.2701
      vertex 63.4282 18.7 20.4
      vertex 62.8468 18.7 21.2701
    endloop
  endfacet
  facet normal 0.75189 0 -0.659289
    outer loop
      vertex 50.8431 18.7 22.0569
      vertex 50.1532 21.1 21.2701
      vertex 50.8431 21.1 22.0569
    endloop
  endfacet
  facet normal 0.75189 0 -0.659289
    outer loop
      vertex 50.1532 21.1 21.2701
      vertex 50.8431 18.7 22.0569
      vertex 50.1532 18.7 21.2701
    endloop
  endfacet
  facet normal -0.442276 0 -0.896879
    outer loop
      vertex 59.5615 18.7 23.791
      vertex 60.5 21.1 23.3282
      vertex 60.5 18.7 23.3282
    endloop
  endfacet
  facet normal -0.442276 0 -0.896879
    outer loop
      vertex 60.5 21.1 23.3282
      vertex 59.5615 18.7 23.791
      vertex 59.5615 21.1 23.791
    endloop
  endfacet
  facet normal -0.75189 0 -0.659289
    outer loop
      vertex 62.8468 18.7 21.2701
      vertex 62.1569 21.1 22.0569
      vertex 62.8468 21.1 21.2701
    endloop
  endfacet
  facet normal -0.75189 -0 -0.659289
    outer loop
      vertex 62.1569 21.1 22.0569
      vertex 62.8468 18.7 21.2701
      vertex 62.1569 18.7 22.0569
    endloop
  endfacet
  facet normal -0.555582 0 -0.831462
    outer loop
      vertex 60.5 18.7 23.3282
      vertex 61.3701 21.1 22.7468
      vertex 61.3701 18.7 22.7468
    endloop
  endfacet
  facet normal -0.555582 0 -0.831462
    outer loop
      vertex 61.3701 21.1 22.7468
      vertex 60.5 18.7 23.3282
      vertex 60.5 21.1 23.3282
    endloop
  endfacet
  facet normal -0.896879 0 -0.442276
    outer loop
      vertex 63.891 18.7 19.4615
      vertex 63.4282 21.1 20.4
      vertex 63.891 21.1 19.4615
    endloop
  endfacet
  facet normal -0.896879 -0 -0.442276
    outer loop
      vertex 63.4282 21.1 20.4
      vertex 63.891 18.7 19.4615
      vertex 63.4282 18.7 20.4
    endloop
  endfacet
  facet normal 0.0653646 0 -0.997861
    outer loop
      vertex 55.4558 18.7 24.3316
      vertex 56.5 21.1 24.4
      vertex 56.5 18.7 24.4
    endloop
  endfacet
  facet normal 0.0653646 0 -0.997861
    outer loop
      vertex 56.5 21.1 24.4
      vertex 55.4558 18.7 24.3316
      vertex 55.4558 21.1 24.3316
    endloop
  endfacet
  facet normal 0.195124 0 -0.980779
    outer loop
      vertex 54.4294 18.7 24.1274
      vertex 55.4558 21.1 24.3316
      vertex 55.4558 18.7 24.3316
    endloop
  endfacet
  facet normal 0.195124 0 -0.980779
    outer loop
      vertex 55.4558 21.1 24.3316
      vertex 54.4294 18.7 24.1274
      vertex 54.4294 21.1 24.1274
    endloop
  endfacet
  facet normal -0.0653646 0 -0.997861
    outer loop
      vertex 56.5 18.7 24.4
      vertex 57.5442 21.1 24.3316
      vertex 57.5442 18.7 24.3316
    endloop
  endfacet
  facet normal -0.0653646 0 -0.997861
    outer loop
      vertex 57.5442 21.1 24.3316
      vertex 56.5 18.7 24.4
      vertex 56.5 21.1 24.4
    endloop
  endfacet
  facet normal -0.659289 0 -0.75189
    outer loop
      vertex 61.3701 18.7 22.7468
      vertex 62.1569 21.1 22.0569
      vertex 62.1569 18.7 22.0569
    endloop
  endfacet
  facet normal -0.659289 0 -0.75189
    outer loop
      vertex 62.1569 21.1 22.0569
      vertex 61.3701 18.7 22.7468
      vertex 61.3701 21.1 22.7468
    endloop
  endfacet
  facet normal 0.321469 0 -0.94692
    outer loop
      vertex 53.4385 18.7 23.791
      vertex 54.4294 21.1 24.1274
      vertex 54.4294 18.7 24.1274
    endloop
  endfacet
  facet normal 0.321469 0 -0.94692
    outer loop
      vertex 54.4294 21.1 24.1274
      vertex 53.4385 18.7 23.791
      vertex 53.4385 21.1 23.791
    endloop
  endfacet
  facet normal -0.195124 0 -0.980779
    outer loop
      vertex 57.5442 18.7 24.3316
      vertex 58.5706 21.1 24.1274
      vertex 58.5706 18.7 24.1274
    endloop
  endfacet
  facet normal -0.195124 0 -0.980779
    outer loop
      vertex 58.5706 21.1 24.1274
      vertex 57.5442 18.7 24.3316
      vertex 57.5442 21.1 24.3316
    endloop
  endfacet
  facet normal 0.831462 0 -0.555582
    outer loop
      vertex 50.1532 18.7 21.2701
      vertex 49.5718 21.1 20.4
      vertex 50.1532 21.1 21.2701
    endloop
  endfacet
  facet normal 0.831462 0 -0.555582
    outer loop
      vertex 49.5718 21.1 20.4
      vertex 50.1532 18.7 21.2701
      vertex 49.5718 18.7 20.4
    endloop
  endfacet
  facet normal 0.980779 0 -0.195124
    outer loop
      vertex 85.3726 0 18.4706
      vertex 85.1684 2.4 17.4442
      vertex 85.3726 2.4 18.4706
    endloop
  endfacet
  facet normal 0.980779 0 -0.195124
    outer loop
      vertex 85.1684 2.4 17.4442
      vertex 85.3726 0 18.4706
      vertex 85.1684 0 17.4442
    endloop
  endfacet
  facet normal 0.94692 0 -0.321469
    outer loop
      vertex 85.709 0 19.4615
      vertex 85.3726 2.4 18.4706
      vertex 85.709 2.4 19.4615
    endloop
  endfacet
  facet normal 0.94692 0 -0.321469
    outer loop
      vertex 85.3726 2.4 18.4706
      vertex 85.709 0 19.4615
      vertex 85.3726 0 18.4706
    endloop
  endfacet
  facet normal 0.997861 0 -0.0653646
    outer loop
      vertex 85.1684 0 17.4442
      vertex 85.1 2.4 16.4
      vertex 85.1684 2.4 17.4442
    endloop
  endfacet
  facet normal 0.997861 0 -0.0653646
    outer loop
      vertex 85.1 2.4 16.4
      vertex 85.1684 0 17.4442
      vertex 85.1 0 16.4
    endloop
  endfacet
  facet normal 0.555582 0 -0.831462
    outer loop
      vertex 88.2299 0 22.7468
      vertex 89.1 2.4 23.3282
      vertex 89.1 0 23.3282
    endloop
  endfacet
  facet normal 0.555582 0 -0.831462
    outer loop
      vertex 89.1 2.4 23.3282
      vertex 88.2299 0 22.7468
      vertex 88.2299 2.4 22.7468
    endloop
  endfacet
  facet normal -1 0 0
    outer loop
      vertex 101.1 2.8 0
      vertex 101.1 2.4 2
      vertex 101.1 2.8 2
    endloop
  endfacet
  facet normal -1 0 0
    outer loop
      vertex 101.1 0 0
      vertex 101.1 2.4 2
      vertex 101.1 2.8 0
    endloop
  endfacet
  facet normal -1 0 0
    outer loop
      vertex 101.1 0 16.4
      vertex 101.1 2.4 2
      vertex 101.1 0 0
    endloop
  endfacet
  facet normal -1 0 0
    outer loop
      vertex 101.1 2.4 2
      vertex 101.1 0 16.4
      vertex 101.1 2.4 16.4
    endloop
  endfacet
  facet normal 0.896879 0 -0.442276
    outer loop
      vertex 86.1718 0 20.4
      vertex 85.709 2.4 19.4615
      vertex 86.1718 2.4 20.4
    endloop
  endfacet
  facet normal 0.896879 0 -0.442276
    outer loop
      vertex 85.709 2.4 19.4615
      vertex 86.1718 0 20.4
      vertex 85.709 0 19.4615
    endloop
  endfacet
  facet normal 0 -1 0
    outer loop
      vertex 85.1 2.8 0
      vertex 101.1 2.8 2
      vertex 85.1 2.8 2
    endloop
  endfacet
  facet normal 0 -1 -0
    outer loop
      vertex 101.1 2.8 2
      vertex 85.1 2.8 0
      vertex 101.1 2.8 0
    endloop
  endfacet
  facet normal -0.980632 0 -0.195859
    outer loop
      vertex 101.032 0 17.4442
      vertex 100.827 2.4 18.4706
      vertex 101.032 2.4 17.4442
    endloop
  endfacet
  facet normal -0.980632 -0 -0.195859
    outer loop
      vertex 100.827 2.4 18.4706
      vertex 101.032 0 17.4442
      vertex 100.827 0 18.4706
    endloop
  endfacet
  facet normal 1 0 0
    outer loop
      vertex 85.1 2.4 16.4
      vertex 85.1 0 16.4
      vertex 85.1 2.4 2
    endloop
  endfacet
  facet normal 1 -0 0
    outer loop
      vertex 85.1 2.4 2
      vertex 85.1 2.8 0
      vertex 85.1 2.8 2
    endloop
  endfacet
  facet normal 1 0 0
    outer loop
      vertex 85.1 2.4 2
      vertex 85.1 0 0
      vertex 85.1 2.8 0
    endloop
  endfacet
  facet normal 1 0 0
    outer loop
      vertex 85.1 0 0
      vertex 85.1 2.4 2
      vertex 85.1 0 16.4
    endloop
  endfacet
  facet normal 0.75189 0 -0.659289
    outer loop
      vertex 87.4431 0 22.0569
      vertex 86.7532 2.4 21.2701
      vertex 87.4431 2.4 22.0569
    endloop
  endfacet
  facet normal 0.75189 0 -0.659289
    outer loop
      vertex 86.7532 2.4 21.2701
      vertex 87.4431 0 22.0569
      vertex 86.7532 0 21.2701
    endloop
  endfacet
  facet normal -0.83155 0 -0.55545
    outer loop
      vertex 100.028 0 20.4
      vertex 99.4468 2.4 21.2701
      vertex 100.028 2.4 20.4
    endloop
  endfacet
  facet normal -0.83155 -0 -0.55545
    outer loop
      vertex 99.4468 2.4 21.2701
      vertex 100.028 0 20.4
      vertex 99.4468 0 21.2701
    endloop
  endfacet
  facet normal -0.947036 0 -0.321126
    outer loop
      vertex 100.827 0 18.4706
      vertex 100.491 2.4 19.4615
      vertex 100.827 2.4 18.4706
    endloop
  endfacet
  facet normal -0.947036 -0 -0.321126
    outer loop
      vertex 100.491 2.4 19.4615
      vertex 100.827 0 18.4706
      vertex 100.491 0 19.4615
    endloop
  endfacet
  facet normal 0.442276 0 -0.896879
    outer loop
      vertex 89.1 0 23.3282
      vertex 90.0385 2.4 23.791
      vertex 90.0385 0 23.791
    endloop
  endfacet
  facet normal 0.442276 0 -0.896879
    outer loop
      vertex 90.0385 2.4 23.791
      vertex 89.1 0 23.3282
      vertex 89.1 2.4 23.3282
    endloop
  endfacet
  facet normal 0.659289 0 -0.75189
    outer loop
      vertex 87.4431 0 22.0569
      vertex 88.2299 2.4 22.7468
      vertex 88.2299 0 22.7468
    endloop
  endfacet
  facet normal 0.659289 0 -0.75189
    outer loop
      vertex 88.2299 2.4 22.7468
      vertex 87.4431 0 22.0569
      vertex 87.4431 2.4 22.0569
    endloop
  endfacet
  facet normal -0.321469 0 -0.94692
    outer loop
      vertex 95.1706 0 24.1274
      vertex 96.1615 2.4 23.791
      vertex 96.1615 0 23.791
    endloop
  endfacet
  facet normal -0.321469 0 -0.94692
    outer loop
      vertex 96.1615 2.4 23.791
      vertex 95.1706 0 24.1274
      vertex 95.1706 2.4 24.1274
    endloop
  endfacet
  facet normal -0.997886 0 -0.064984
    outer loop
      vertex 101.1 0 16.4
      vertex 101.032 2.4 17.4442
      vertex 101.1 2.4 16.4
    endloop
  endfacet
  facet normal -0.997886 -0 -0.064984
    outer loop
      vertex 101.032 2.4 17.4442
      vertex 101.1 0 16.4
      vertex 101.032 0 17.4442
    endloop
  endfacet
  facet normal -0.896803 0 -0.442429
    outer loop
      vertex 100.491 0 19.4615
      vertex 100.028 2.4 20.4
      vertex 100.491 2.4 19.4615
    endloop
  endfacet
  facet normal -0.896803 -0 -0.442429
    outer loop
      vertex 100.028 2.4 20.4
      vertex 100.491 0 19.4615
      vertex 100.028 0 20.4
    endloop
  endfacet
  facet normal 0.831462 0 -0.555582
    outer loop
      vertex 86.7532 0 21.2701
      vertex 86.1718 2.4 20.4
      vertex 86.7532 2.4 21.2701
    endloop
  endfacet
  facet normal 0.831462 0 -0.555582
    outer loop
      vertex 86.1718 2.4 20.4
      vertex 86.7532 0 21.2701
      vertex 86.1718 0 20.4
    endloop
  endfacet
  facet normal -0.442276 0 -0.896879
    outer loop
      vertex 96.1615 0 23.791
      vertex 97.1 2.4 23.3282
      vertex 97.1 0 23.3282
    endloop
  endfacet
  facet normal -0.442276 0 -0.896879
    outer loop
      vertex 97.1 2.4 23.3282
      vertex 96.1615 0 23.791
      vertex 96.1615 2.4 23.791
    endloop
  endfacet
  facet normal -0.75189 0 -0.659289
    outer loop
      vertex 99.4468 0 21.2701
      vertex 98.7569 2.4 22.0569
      vertex 99.4468 2.4 21.2701
    endloop
  endfacet
  facet normal -0.75189 -0 -0.659289
    outer loop
      vertex 98.7569 2.4 22.0569
      vertex 99.4468 0 21.2701
      vertex 98.7569 0 22.0569
    endloop
  endfacet
  facet normal -0.555582 0 -0.831462
    outer loop
      vertex 97.1 0 23.3282
      vertex 97.9701 2.4 22.7468
      vertex 97.9701 0 22.7468
    endloop
  endfacet
  facet normal -0.555582 0 -0.831462
    outer loop
      vertex 97.9701 2.4 22.7468
      vertex 97.1 0 23.3282
      vertex 97.1 2.4 23.3282
    endloop
  endfacet
  facet normal 0.0653646 0 -0.997861
    outer loop
      vertex 92.0558 0 24.3316
      vertex 93.1 2.4 24.4
      vertex 93.1 0 24.4
    endloop
  endfacet
  facet normal 0.0653646 0 -0.997861
    outer loop
      vertex 93.1 2.4 24.4
      vertex 92.0558 0 24.3316
      vertex 92.0558 2.4 24.3316
    endloop
  endfacet
  facet normal 0.195124 0 -0.980779
    outer loop
      vertex 91.0294 0 24.1274
      vertex 92.0558 2.4 24.3316
      vertex 92.0558 0 24.3316
    endloop
  endfacet
  facet normal 0.195124 0 -0.980779
    outer loop
      vertex 92.0558 2.4 24.3316
      vertex 91.0294 0 24.1274
      vertex 91.0294 2.4 24.1274
    endloop
  endfacet
  facet normal -0.0653646 0 -0.997861
    outer loop
      vertex 93.1 0 24.4
      vertex 94.1442 2.4 24.3316
      vertex 94.1442 0 24.3316
    endloop
  endfacet
  facet normal -0.0653646 0 -0.997861
    outer loop
      vertex 94.1442 2.4 24.3316
      vertex 93.1 0 24.4
      vertex 93.1 2.4 24.4
    endloop
  endfacet
  facet normal -0.659289 0 -0.75189
    outer loop
      vertex 97.9701 0 22.7468
      vertex 98.7569 2.4 22.0569
      vertex 98.7569 0 22.0569
    endloop
  endfacet
  facet normal -0.659289 0 -0.75189
    outer loop
      vertex 98.7569 2.4 22.0569
      vertex 97.9701 0 22.7468
      vertex 97.9701 2.4 22.7468
    endloop
  endfacet
  facet normal 0.321469 0 -0.94692
    outer loop
      vertex 90.0385 0 23.791
      vertex 91.0294 2.4 24.1274
      vertex 91.0294 0 24.1274
    endloop
  endfacet
  facet normal 0.321469 0 -0.94692
    outer loop
      vertex 91.0294 2.4 24.1274
      vertex 90.0385 0 23.791
      vertex 90.0385 2.4 23.791
    endloop
  endfacet
  facet normal -0.195124 0 -0.980779
    outer loop
      vertex 94.1442 0 24.3316
      vertex 95.1706 2.4 24.1274
      vertex 95.1706 0 24.1274
    endloop
  endfacet
  facet normal -0.195124 0 -0.980779
    outer loop
      vertex 95.1706 2.4 24.1274
      vertex 94.1442 0 24.3316
      vertex 94.1442 2.4 24.3316
    endloop
  endfacet
  facet normal 0.980779 0 -0.195124
    outer loop
      vertex 85.3726 18.7 18.4706
      vertex 85.1684 21.1 17.4442
      vertex 85.3726 21.1 18.4706
    endloop
  endfacet
  facet normal 0.980779 0 -0.195124
    outer loop
      vertex 85.1684 21.1 17.4442
      vertex 85.3726 18.7 18.4706
      vertex 85.1684 18.7 17.4442
    endloop
  endfacet
  facet normal 0.94692 0 -0.321469
    outer loop
      vertex 85.709 18.7 19.4615
      vertex 85.3726 21.1 18.4706
      vertex 85.709 21.1 19.4615
    endloop
  endfacet
  facet normal 0.94692 0 -0.321469
    outer loop
      vertex 85.3726 21.1 18.4706
      vertex 85.709 18.7 19.4615
      vertex 85.3726 18.7 18.4706
    endloop
  endfacet
  facet normal 0.997861 0 -0.0653646
    outer loop
      vertex 85.1684 18.7 17.4442
      vertex 85.1 21.1 16.4
      vertex 85.1684 21.1 17.4442
    endloop
  endfacet
  facet normal 0.997861 0 -0.0653646
    outer loop
      vertex 85.1 21.1 16.4
      vertex 85.1684 18.7 17.4442
      vertex 85.1 18.7 16.4
    endloop
  endfacet
  facet normal 0 1 -0
    outer loop
      vertex 101.1 18.3 0
      vertex 85.1 18.3 2
      vertex 101.1 18.3 2
    endloop
  endfacet
  facet normal 0 1 0
    outer loop
      vertex 85.1 18.3 2
      vertex 101.1 18.3 0
      vertex 85.1 18.3 0
    endloop
  endfacet
  facet normal -1 0 0
    outer loop
      vertex 101.1 21.1 0
      vertex 101.1 18.7 2
      vertex 101.1 21.1 16.4
    endloop
  endfacet
  facet normal -1 0 0
    outer loop
      vertex 101.1 18.3 0
      vertex 101.1 18.7 2
      vertex 101.1 21.1 0
    endloop
  endfacet
  facet normal -1 -0 0
    outer loop
      vertex 101.1 18.7 2
      vertex 101.1 18.3 0
      vertex 101.1 18.3 2
    endloop
  endfacet
  facet normal -1 -0 0
    outer loop
      vertex 101.1 21.1 16.4
      vertex 101.1 18.7 2
      vertex 101.1 18.7 16.4
    endloop
  endfacet
  facet normal -0.980632 0 -0.195859
    outer loop
      vertex 101.032 18.7 17.4442
      vertex 100.827 21.1 18.4706
      vertex 101.032 21.1 17.4442
    endloop
  endfacet
  facet normal -0.980632 -0 -0.195859
    outer loop
      vertex 100.827 21.1 18.4706
      vertex 101.032 18.7 17.4442
      vertex 100.827 18.7 18.4706
    endloop
  endfacet
  facet normal 1 0 0
    outer loop
      vertex 85.1 18.7 2
      vertex 85.1 21.1 16.4
      vertex 85.1 18.7 16.4
    endloop
  endfacet
  facet normal 1 0 0
    outer loop
      vertex 85.1 21.1 16.4
      vertex 85.1 18.7 2
      vertex 85.1 21.1 0
    endloop
  endfacet
  facet normal 1 0 0
    outer loop
      vertex 85.1 18.3 0
      vertex 85.1 18.7 2
      vertex 85.1 18.3 2
    endloop
  endfacet
  facet normal 1 0 0
    outer loop
      vertex 85.1 18.7 2
      vertex 85.1 18.3 0
      vertex 85.1 21.1 0
    endloop
  endfacet
  facet normal 0.896879 0 -0.442276
    outer loop
      vertex 86.1718 18.7 20.4
      vertex 85.709 21.1 19.4615
      vertex 86.1718 21.1 20.4
    endloop
  endfacet
  facet normal 0.896879 0 -0.442276
    outer loop
      vertex 85.709 21.1 19.4615
      vertex 86.1718 18.7 20.4
      vertex 85.709 18.7 19.4615
    endloop
  endfacet
  facet normal 0.831462 0 -0.555582
    outer loop
      vertex 86.7532 18.7 21.2701
      vertex 86.1718 21.1 20.4
      vertex 86.7532 21.1 21.2701
    endloop
  endfacet
  facet normal 0.831462 0 -0.555582
    outer loop
      vertex 86.1718 21.1 20.4
      vertex 86.7532 18.7 21.2701
      vertex 86.1718 18.7 20.4
    endloop
  endfacet
  facet normal -0.83155 0 -0.55545
    outer loop
      vertex 100.028 18.7 20.4
      vertex 99.4468 21.1 21.2701
      vertex 100.028 21.1 20.4
    endloop
  endfacet
  facet normal -0.83155 -0 -0.55545
    outer loop
      vertex 99.4468 21.1 21.2701
      vertex 100.028 18.7 20.4
      vertex 99.4468 18.7 21.2701
    endloop
  endfacet
  facet normal -0.947036 0 -0.321126
    outer loop
      vertex 100.827 18.7 18.4706
      vertex 100.491 21.1 19.4615
      vertex 100.827 21.1 18.4706
    endloop
  endfacet
  facet normal -0.947036 -0 -0.321126
    outer loop
      vertex 100.491 21.1 19.4615
      vertex 100.827 18.7 18.4706
      vertex 100.491 18.7 19.4615
    endloop
  endfacet
  facet normal 0.321469 0 -0.94692
    outer loop
      vertex 90.0385 18.7 23.791
      vertex 91.0294 21.1 24.1274
      vertex 91.0294 18.7 24.1274
    endloop
  endfacet
  facet normal 0.321469 0 -0.94692
    outer loop
      vertex 91.0294 21.1 24.1274
      vertex 90.0385 18.7 23.791
      vertex 90.0385 21.1 23.791
    endloop
  endfacet
  facet normal 0.195124 0 -0.980779
    outer loop
      vertex 91.0294 18.7 24.1274
      vertex 92.0558 21.1 24.3316
      vertex 92.0558 18.7 24.3316
    endloop
  endfacet
  facet normal 0.195124 0 -0.980779
    outer loop
      vertex 92.0558 21.1 24.3316
      vertex 91.0294 18.7 24.1274
      vertex 91.0294 21.1 24.1274
    endloop
  endfacet
  facet normal 0.555582 0 -0.831462
    outer loop
      vertex 88.2299 18.7 22.7468
      vertex 89.1 21.1 23.3282
      vertex 89.1 18.7 23.3282
    endloop
  endfacet
  facet normal 0.555582 0 -0.831462
    outer loop
      vertex 89.1 21.1 23.3282
      vertex 88.2299 18.7 22.7468
      vertex 88.2299 21.1 22.7468
    endloop
  endfacet
  facet normal 0.659289 0 -0.75189
    outer loop
      vertex 87.4431 18.7 22.0569
      vertex 88.2299 21.1 22.7468
      vertex 88.2299 18.7 22.7468
    endloop
  endfacet
  facet normal 0.659289 0 -0.75189
    outer loop
      vertex 88.2299 21.1 22.7468
      vertex 87.4431 18.7 22.0569
      vertex 87.4431 21.1 22.0569
    endloop
  endfacet
  facet normal -0.997886 0 -0.064984
    outer loop
      vertex 101.1 18.7 16.4
      vertex 101.032 21.1 17.4442
      vertex 101.1 21.1 16.4
    endloop
  endfacet
  facet normal -0.997886 -0 -0.064984
    outer loop
      vertex 101.032 21.1 17.4442
      vertex 101.1 18.7 16.4
      vertex 101.032 18.7 17.4442
    endloop
  endfacet
  facet normal -0.896803 0 -0.442429
    outer loop
      vertex 100.491 18.7 19.4615
      vertex 100.028 21.1 20.4
      vertex 100.491 21.1 19.4615
    endloop
  endfacet
  facet normal -0.896803 -0 -0.442429
    outer loop
      vertex 100.028 21.1 20.4
      vertex 100.491 18.7 19.4615
      vertex 100.028 18.7 20.4
    endloop
  endfacet
  facet normal -0.75189 0 -0.659289
    outer loop
      vertex 99.4468 18.7 21.2701
      vertex 98.7569 21.1 22.0569
      vertex 99.4468 21.1 21.2701
    endloop
  endfacet
  facet normal -0.75189 -0 -0.659289
    outer loop
      vertex 98.7569 21.1 22.0569
      vertex 99.4468 18.7 21.2701
      vertex 98.7569 18.7 22.0569
    endloop
  endfacet
  facet normal -0.321469 0 -0.94692
    outer loop
      vertex 95.1706 18.7 24.1274
      vertex 96.1615 21.1 23.791
      vertex 96.1615 18.7 23.791
    endloop
  endfacet
  facet normal -0.321469 0 -0.94692
    outer loop
      vertex 96.1615 21.1 23.791
      vertex 95.1706 18.7 24.1274
      vertex 95.1706 21.1 24.1274
    endloop
  endfacet
  facet normal 0.442276 0 -0.896879
    outer loop
      vertex 89.1 18.7 23.3282
      vertex 90.0385 21.1 23.791
      vertex 90.0385 18.7 23.791
    endloop
  endfacet
  facet normal 0.442276 0 -0.896879
    outer loop
      vertex 90.0385 21.1 23.791
      vertex 89.1 18.7 23.3282
      vertex 89.1 21.1 23.3282
    endloop
  endfacet
  facet normal -0.555582 0 -0.831462
    outer loop
      vertex 97.1 18.7 23.3282
      vertex 97.9701 21.1 22.7468
      vertex 97.9701 18.7 22.7468
    endloop
  endfacet
  facet normal -0.555582 0 -0.831462
    outer loop
      vertex 97.9701 21.1 22.7468
      vertex 97.1 18.7 23.3282
      vertex 97.1 21.1 23.3282
    endloop
  endfacet
  facet normal -0.442276 0 -0.896879
    outer loop
      vertex 96.1615 18.7 23.791
      vertex 97.1 21.1 23.3282
      vertex 97.1 18.7 23.3282
    endloop
  endfacet
  facet normal -0.442276 0 -0.896879
    outer loop
      vertex 97.1 21.1 23.3282
      vertex 96.1615 18.7 23.791
      vertex 96.1615 21.1 23.791
    endloop
  endfacet
  facet normal 0.0653646 0 -0.997861
    outer loop
      vertex 92.0558 18.7 24.3316
      vertex 93.1 21.1 24.4
      vertex 93.1 18.7 24.4
    endloop
  endfacet
  facet normal 0.0653646 0 -0.997861
    outer loop
      vertex 93.1 21.1 24.4
      vertex 92.0558 18.7 24.3316
      vertex 92.0558 21.1 24.3316
    endloop
  endfacet
  facet normal -0.0653646 0 -0.997861
    outer loop
      vertex 93.1 18.7 24.4
      vertex 94.1442 21.1 24.3316
      vertex 94.1442 18.7 24.3316
    endloop
  endfacet
  facet normal -0.0653646 0 -0.997861
    outer loop
      vertex 94.1442 21.1 24.3316
      vertex 93.1 18.7 24.4
      vertex 93.1 21.1 24.4
    endloop
  endfacet
  facet normal 0.75189 0 -0.659289
    outer loop
      vertex 87.4431 18.7 22.0569
      vertex 86.7532 21.1 21.2701
      vertex 87.4431 21.1 22.0569
    endloop
  endfacet
  facet normal 0.75189 0 -0.659289
    outer loop
      vertex 86.7532 21.1 21.2701
      vertex 87.4431 18.7 22.0569
      vertex 86.7532 18.7 21.2701
    endloop
  endfacet
  facet normal -0.659289 0 -0.75189
    outer loop
      vertex 97.9701 18.7 22.7468
      vertex 98.7569 21.1 22.0569
      vertex 98.7569 18.7 22.0569
    endloop
  endfacet
  facet normal -0.659289 0 -0.75189
    outer loop
      vertex 98.7569 21.1 22.0569
      vertex 97.9701 18.7 22.7468
      vertex 97.9701 21.1 22.7468
    endloop
  endfacet
  facet normal -0.195124 0 -0.980779
    outer loop
      vertex 94.1442 18.7 24.3316
      vertex 95.1706 21.1 24.1274
      vertex 95.1706 18.7 24.1274
    endloop
  endfacet
  facet normal -0.195124 0 -0.980779
    outer loop
      vertex 95.1706 21.1 24.1274
      vertex 94.1442 18.7 24.3316
      vertex 94.1442 21.1 24.3316
    endloop
  endfacet
  facet normal -1 0 0
    outer loop
      vertex 0 3 0
      vertex 0 18.1 44
      vertex 0 18.1 0
    endloop
  endfacet
  facet normal -1 -0 0
    outer loop
      vertex 0 18.1 44
      vertex 0 3 0
      vertex 0 3 44
    endloop
  endfacet
  facet normal -1 0 0
    outer loop
      vertex 0 3 44.2
      vertex 0 18.1 44.5
      vertex 0 18.1 44.2
    endloop
  endfacet
  facet normal -1 -0 0
    outer loop
      vertex 0 18.1 44.5
      vertex 0 3 44.2
      vertex 0 3 44.5
    endloop
  endfacet
  facet normal -0.997859 0.0653993 0
    outer loop
      vertex 0 18.1 0
      vertex 0.0256653 18.4916 43.9743
      vertex 0.0256653 18.4916 0
    endloop
  endfacet
  facet normal -0.997859 0.0653993 0
    outer loop
      vertex 0.0256653 18.4916 43.9743
      vertex 0 18.1 0
      vertex 0 18.1 44
    endloop
  endfacet
  facet normal -0.997859 0.0653993 0
    outer loop
      vertex 0 18.1 44.5
      vertex 0.0256653 18.4916 44.2257
      vertex 0 18.1 44.2
    endloop
  endfacet
  facet normal -0.997859 0.0653993 0
    outer loop
      vertex 0.0256653 18.4916 44.2257
      vertex 0 18.1 44.5
      vertex 0.0256653 18.4916 44.5
    endloop
  endfacet
  facet normal 0 0 1
    outer loop
      vertex 127.3 18.7933 48.4
      vertex 129.2 18.1 48.4
      vertex 129.174 18.4916 48.4
    endloop
  endfacet
  facet normal 0 0 1
    outer loop
      vertex 129.2 18.1 48.4
      vertex 127.3 18.7933 48.4
      vertex 129.2 3 48.4
    endloop
  endfacet
  facet normal -0 0 1
    outer loop
      vertex 127.3 18.7933 48.4
      vertex 129.174 18.4916 48.4
      vertex 129.098 18.8765 48.4
    endloop
  endfacet
  facet normal 0 0 1
    outer loop
      vertex 127.3 2.30667 48.4
      vertex 129.2 3 48.4
      vertex 127.3 18.7933 48.4
    endloop
  endfacet
  facet normal 0 0 1
    outer loop
      vertex 127.3 18.7933 48.4
      vertex 129.098 18.8765 48.4
      vertex 128.972 19.2481 48.4
    endloop
  endfacet
  facet normal 0 0 1
    outer loop
      vertex 129.2 3 48.4
      vertex 127.3 2.30667 48.4
      vertex 129.174 2.60842 48.4
    endloop
  endfacet
  facet normal 0 0 1
    outer loop
      vertex 127.3 18.7933 48.4
      vertex 128.972 19.2481 48.4
      vertex 128.798 19.6 48.4
    endloop
  endfacet
  facet normal 0 0 1
    outer loop
      vertex 129.174 2.60842 48.4
      vertex 127.3 2.30667 48.4
      vertex 129.098 2.22354 48.4
    endloop
  endfacet
  facet normal 0 0 1
    outer loop
      vertex 127.3 18.7933 48.4
      vertex 128.798 19.6 48.4
      vertex 128.58 19.9263 48.4
    endloop
  endfacet
  facet normal 0 0 1
    outer loop
      vertex 129.098 2.22354 48.4
      vertex 127.3 2.30667 48.4
      vertex 128.972 1.85195 48.4
    endloop
  endfacet
  facet normal 0 0 1
    outer loop
      vertex 127.3 18.7933 48.4
      vertex 128.58 19.9263 48.4
      vertex 128.321 20.2213 48.4
    endloop
  endfacet
  facet normal 0 0 1
    outer loop
      vertex 128.972 1.85195 48.4
      vertex 127.3 2.30667 48.4
      vertex 128.798 1.5 48.4
    endloop
  endfacet
  facet normal 0 0 1
    outer loop
      vertex 127.3 18.7933 48.4
      vertex 128.321 20.2213 48.4
      vertex 128.026 20.4801 48.4
    endloop
  endfacet
  facet normal 0 0 1
    outer loop
      vertex 128.798 1.5 48.4
      vertex 127.3 2.30667 48.4
      vertex 128.58 1.17372 48.4
    endloop
  endfacet
  facet normal 0 0 1
    outer loop
      vertex 127.3 18.7933 48.4
      vertex 128.026 20.4801 48.4
      vertex 127.7 20.6981 48.4
    endloop
  endfacet
  facet normal 0 0 1
    outer loop
      vertex 128.58 1.17372 48.4
      vertex 127.3 2.30667 48.4
      vertex 128.321 0.878679 48.4
    endloop
  endfacet
  facet normal 0 0 1
    outer loop
      vertex 127.3 18.7933 48.4
      vertex 127.7 20.6981 48.4
      vertex 127.348 20.8716 48.4
    endloop
  endfacet
  facet normal 0 0 1
    outer loop
      vertex 128.321 0.878679 48.4
      vertex 127.3 2.30667 48.4
      vertex 128.026 0.61994 48.4
    endloop
  endfacet
  facet normal 0 0 1
    outer loop
      vertex 128.026 0.61994 48.4
      vertex 127.3 2.30667 48.4
      vertex 127.7 0.401923 48.4
    endloop
  endfacet
  facet normal 0 0 1
    outer loop
      vertex 126.976 20.9978 48.4
      vertex 127.3 18.7933 48.4
      vertex 127.348 20.8716 48.4
    endloop
  endfacet
  facet normal 0 0 1
    outer loop
      vertex 126.592 21.0743 48.4
      vertex 127.3 18.7933 48.4
      vertex 126.976 20.9978 48.4
    endloop
  endfacet
  facet normal 0 0 1
    outer loop
      vertex 126.2 21.1 48.4
      vertex 127.3 18.7933 48.4
      vertex 126.592 21.0743 48.4
    endloop
  endfacet
  facet normal -0 0 1
    outer loop
      vertex 3 21.1 48.4
      vertex 127.3 18.7933 48.4
      vertex 126.2 21.1 48.4
    endloop
  endfacet
  facet normal 0 0 1
    outer loop
      vertex 0.0856848 18.7933 48.4
      vertex 3 21.1 48.4
      vertex 2.60842 21.0743 48.4
    endloop
  endfacet
  facet normal 0 0 1
    outer loop
      vertex 0.0856848 18.7933 48.4
      vertex 2.60842 21.0743 48.4
      vertex 2.22354 20.9978 48.4
    endloop
  endfacet
  facet normal 0 0 1
    outer loop
      vertex 0.0856848 18.7933 48.4
      vertex 2.22354 20.9978 48.4
      vertex 1.85195 20.8716 48.4
    endloop
  endfacet
  facet normal 0 0 1
    outer loop
      vertex 0.0856848 18.7933 48.4
      vertex 1.85195 20.8716 48.4
      vertex 1.5 20.6981 48.4
    endloop
  endfacet
  facet normal 0 0 1
    outer loop
      vertex 0.0856848 18.7933 48.4
      vertex 1.5 20.6981 48.4
      vertex 1.17372 20.4801 48.4
    endloop
  endfacet
  facet normal 0 0 1
    outer loop
      vertex 0.0856848 18.7933 48.4
      vertex 1.17372 20.4801 48.4
      vertex 0.878679 20.2213 48.4
    endloop
  endfacet
  facet normal 0 0 1
    outer loop
      vertex 0.0856848 18.7933 48.4
      vertex 0.878679 20.2213 48.4
      vertex 0.61994 19.9263 48.4
    endloop
  endfacet
  facet normal 0 0 1
    outer loop
      vertex 0.0856848 18.7933 48.4
      vertex 0.61994 19.9263 48.4
      vertex 0.401923 19.6 48.4
    endloop
  endfacet
  facet normal 0 0 1
    outer loop
      vertex 0.0856848 18.7933 48.4
      vertex 0.401923 19.6 48.4
      vertex 0.228361 19.2481 48.4
    endloop
  endfacet
  facet normal 0 0 1
    outer loop
      vertex 0.0856848 18.7933 48.4
      vertex 0.228361 19.2481 48.4
      vertex 0.102222 18.8765 48.4
    endloop
  endfacet
  facet normal 0 0 1
    outer loop
      vertex 3 21.1 48.4
      vertex 0.0856848 18.7933 48.4
      vertex 127.3 18.7933 48.4
    endloop
  endfacet
  facet normal 0 0 1
    outer loop
      vertex 127.7 0.401923 48.4
      vertex 127.3 2.30667 48.4
      vertex 127.348 0.228361 48.4
    endloop
  endfacet
  facet normal 0 0 1
    outer loop
      vertex 127.3 2.30667 48.4
      vertex 126.976 0.102222 48.4
      vertex 127.348 0.228361 48.4
    endloop
  endfacet
  facet normal 0 0 1
    outer loop
      vertex 127.3 2.30667 48.4
      vertex 126.592 0.0256653 48.4
      vertex 126.976 0.102222 48.4
    endloop
  endfacet
  facet normal 0 0 1
    outer loop
      vertex 127.3 2.30667 48.4
      vertex 126.2 0 48.4
      vertex 126.592 0.0256653 48.4
    endloop
  endfacet
  facet normal 0 0 1
    outer loop
      vertex 127.3 2.30667 48.4
      vertex 3 0 48.4
      vertex 126.2 0 48.4
    endloop
  endfacet
  facet normal -0 0 1
    outer loop
      vertex 0.0856863 2.30667 48.4
      vertex 3 0 48.4
      vertex 127.3 2.30667 48.4
    endloop
  endfacet
  facet normal 0 0 1
    outer loop
      vertex 3 0 48.4
      vertex 0.0856863 2.30667 48.4
      vertex 2.60842 0.0256653 48.4
    endloop
  endfacet
  facet normal 0 0 1
    outer loop
      vertex 2.60842 0.0256653 48.4
      vertex 0.0856863 2.30667 48.4
      vertex 2.22354 0.102222 48.4
    endloop
  endfacet
  facet normal 0 0 1
    outer loop
      vertex 2.22354 0.102222 48.4
      vertex 0.0856863 2.30667 48.4
      vertex 1.85195 0.228361 48.4
    endloop
  endfacet
  facet normal 0 0 1
    outer loop
      vertex 1.85195 0.228361 48.4
      vertex 0.0856863 2.30667 48.4
      vertex 1.5 0.401923 48.4
    endloop
  endfacet
  facet normal 0 0 1
    outer loop
      vertex 1.5 0.401923 48.4
      vertex 0.0856863 2.30667 48.4
      vertex 1.17372 0.61994 48.4
    endloop
  endfacet
  facet normal 0 0 1
    outer loop
      vertex 1.17372 0.61994 48.4
      vertex 0.0856863 2.30667 48.4
      vertex 0.878679 0.878679 48.4
    endloop
  endfacet
  facet normal 0 0 1
    outer loop
      vertex 0.878679 0.878679 48.4
      vertex 0.0856863 2.30667 48.4
      vertex 0.61994 1.17372 48.4
    endloop
  endfacet
  facet normal 0 0 1
    outer loop
      vertex 0.61994 1.17372 48.4
      vertex 0.0856863 2.30667 48.4
      vertex 0.401923 1.5 48.4
    endloop
  endfacet
  facet normal 0 0 1
    outer loop
      vertex 0.401923 1.5 48.4
      vertex 0.0856863 2.30667 48.4
      vertex 0.228361 1.85195 48.4
    endloop
  endfacet
  facet normal 0 0 1
    outer loop
      vertex 0.228361 1.85195 48.4
      vertex 0.0856863 2.30667 48.4
      vertex 0.102222 2.22354 48.4
    endloop
  endfacet
  facet normal 0.195519 -0.9807 0
    outer loop
      vertex 126.592 0.0256653 0
      vertex 126.976 0.102222 48.4
      vertex 126.592 0.0256653 48.4
    endloop
  endfacet
  facet normal 0.195519 -0.9807 0
    outer loop
      vertex 126.976 0.102222 48.4
      vertex 126.592 0.0256653 0
      vertex 126.976 0.102222 0
    endloop
  endfacet
  facet normal 0.997803 0.0662484 0
    outer loop
      vertex 129.2 18.1 48.4
      vertex 129.174 18.4916 0
      vertex 129.174 18.4916 48.4
    endloop
  endfacet
  facet normal 0.997803 0.0662484 0
    outer loop
      vertex 129.174 18.4916 0
      vertex 129.2 18.1 48.4
      vertex 129.2 18.1 0
    endloop
  endfacet
  facet normal 0 -1 0
    outer loop
      vertex 58.5706 0 24.1274
      vertex 126.2 0 48.4
      vertex 57.5442 0 24.3316
    endloop
  endfacet
  facet normal 0 -1 0
    outer loop
      vertex 126.2 0 48.4
      vertex 92.0558 0 24.3316
      vertex 93.1 0 24.4
    endloop
  endfacet
  facet normal 0 -1 0
    outer loop
      vertex 91.0294 0 24.1274
      vertex 126.2 0 48.4
      vertex 58.5706 0 24.1274
    endloop
  endfacet
  facet normal 0 -1 0
    outer loop
      vertex 126.2 0 48.4
      vertex 91.0294 0 24.1274
      vertex 92.0558 0 24.3316
    endloop
  endfacet
  facet normal 0 -1 0
    outer loop
      vertex 59.5615 0 23.791
      vertex 91.0294 0 24.1274
      vertex 58.5706 0 24.1274
    endloop
  endfacet
  facet normal 0 -1 0
    outer loop
      vertex 59.5615 0 23.791
      vertex 90.0385 0 23.791
      vertex 91.0294 0 24.1274
    endloop
  endfacet
  facet normal 0 -1 0
    outer loop
      vertex 60.5 0 23.3282
      vertex 90.0385 0 23.791
      vertex 59.5615 0 23.791
    endloop
  endfacet
  facet normal 0 -1 0
    outer loop
      vertex 60.5 0 23.3282
      vertex 89.1 0 23.3282
      vertex 90.0385 0 23.791
    endloop
  endfacet
  facet normal 0 -1 0
    outer loop
      vertex 61.3701 0 22.7468
      vertex 89.1 0 23.3282
      vertex 60.5 0 23.3282
    endloop
  endfacet
  facet normal 0 -1 0
    outer loop
      vertex 61.3701 0 22.7468
      vertex 88.2299 0 22.7468
      vertex 89.1 0 23.3282
    endloop
  endfacet
  facet normal 0 -1 0
    outer loop
      vertex 62.1569 0 22.0569
      vertex 88.2299 0 22.7468
      vertex 61.3701 0 22.7468
    endloop
  endfacet
  facet normal 0 -1 0
    outer loop
      vertex 62.1569 0 22.0569
      vertex 87.4431 0 22.0569
      vertex 88.2299 0 22.7468
    endloop
  endfacet
  facet normal 0 -1 0
    outer loop
      vertex 62.8468 0 21.2701
      vertex 87.4431 0 22.0569
      vertex 62.1569 0 22.0569
    endloop
  endfacet
  facet normal 0 -1 0
    outer loop
      vertex 62.8468 0 21.2701
      vertex 86.7532 0 21.2701
      vertex 87.4431 0 22.0569
    endloop
  endfacet
  facet normal 0 -1 0
    outer loop
      vertex 63.4282 0 20.4
      vertex 86.7532 0 21.2701
      vertex 62.8468 0 21.2701
    endloop
  endfacet
  facet normal 0 -1 0
    outer loop
      vertex 63.4282 0 20.4
      vertex 86.1718 0 20.4
      vertex 86.7532 0 21.2701
    endloop
  endfacet
  facet normal 0 -1 0
    outer loop
      vertex 63.891 0 19.4615
      vertex 86.1718 0 20.4
      vertex 63.4282 0 20.4
    endloop
  endfacet
  facet normal 0 -1 0
    outer loop
      vertex 63.891 0 19.4615
      vertex 85.709 0 19.4615
      vertex 86.1718 0 20.4
    endloop
  endfacet
  facet normal 0 -1 0
    outer loop
      vertex 64.2274 0 18.4706
      vertex 85.709 0 19.4615
      vertex 63.891 0 19.4615
    endloop
  endfacet
  facet normal 0 -1 0
    outer loop
      vertex 64.2274 0 18.4706
      vertex 85.3726 0 18.4706
      vertex 85.709 0 19.4615
    endloop
  endfacet
  facet normal 0 -1 0
    outer loop
      vertex 64.4316 0 17.4442
      vertex 85.3726 0 18.4706
      vertex 64.2274 0 18.4706
    endloop
  endfacet
  facet normal 0 -1 0
    outer loop
      vertex 64.4316 0 17.4442
      vertex 85.1684 0 17.4442
      vertex 85.3726 0 18.4706
    endloop
  endfacet
  facet normal 0 -1 0
    outer loop
      vertex 64.5 0 16.4
      vertex 85.1684 0 17.4442
      vertex 64.4316 0 17.4442
    endloop
  endfacet
  facet normal 0 -1 0
    outer loop
      vertex 64.5 0 16.4
      vertex 85.1 0 16.4
      vertex 85.1684 0 17.4442
    endloop
  endfacet
  facet normal 0 -1 0
    outer loop
      vertex 64.5 0 0
      vertex 85.1 0 16.4
      vertex 64.5 0 16.4
    endloop
  endfacet
  facet normal 0 -1 -0
    outer loop
      vertex 85.1 0 16.4
      vertex 64.5 0 0
      vertex 85.1 0 0
    endloop
  endfacet
  facet normal 0 -1 0
    outer loop
      vertex 21.9706 0 24.1274
      vertex 3 0 48.4
      vertex 20.9442 0 24.3316
    endloop
  endfacet
  facet normal 0 -1 0
    outer loop
      vertex 3 0 48.4
      vertex 55.4558 0 24.3316
      vertex 56.5 0 24.4
    endloop
  endfacet
  facet normal 0 -1 0
    outer loop
      vertex 22.9615 0 23.791
      vertex 3 0 48.4
      vertex 21.9706 0 24.1274
    endloop
  endfacet
  facet normal 0 -1 0
    outer loop
      vertex 3 0 48.4
      vertex 54.4294 0 24.1274
      vertex 55.4558 0 24.3316
    endloop
  endfacet
  facet normal 0 -1 0
    outer loop
      vertex 53.4385 0 23.791
      vertex 3 0 48.4
      vertex 22.9615 0 23.791
    endloop
  endfacet
  facet normal 0 -1 0
    outer loop
      vertex 3 0 48.4
      vertex 53.4385 0 23.791
      vertex 54.4294 0 24.1274
    endloop
  endfacet
  facet normal 0 -1 0
    outer loop
      vertex 23.9 0 23.3282
      vertex 53.4385 0 23.791
      vertex 22.9615 0 23.791
    endloop
  endfacet
  facet normal 0 -1 0
    outer loop
      vertex 23.9 0 23.3282
      vertex 52.5 0 23.3282
      vertex 53.4385 0 23.791
    endloop
  endfacet
  facet normal 0 -1 0
    outer loop
      vertex 24.7701 0 22.7468
      vertex 52.5 0 23.3282
      vertex 23.9 0 23.3282
    endloop
  endfacet
  facet normal 0 -1 0
    outer loop
      vertex 24.7701 0 22.7468
      vertex 51.6299 0 22.7468
      vertex 52.5 0 23.3282
    endloop
  endfacet
  facet normal 0 -1 0
    outer loop
      vertex 25.5569 0 22.0569
      vertex 51.6299 0 22.7468
      vertex 24.7701 0 22.7468
    endloop
  endfacet
  facet normal 0 -1 0
    outer loop
      vertex 25.5569 0 22.0569
      vertex 50.8431 0 22.0569
      vertex 51.6299 0 22.7468
    endloop
  endfacet
  facet normal 0 -1 0
    outer loop
      vertex 26.2468 0 21.2701
      vertex 50.8431 0 22.0569
      vertex 25.5569 0 22.0569
    endloop
  endfacet
  facet normal 0 -1 0
    outer loop
      vertex 26.2468 0 21.2701
      vertex 50.1532 0 21.2701
      vertex 50.8431 0 22.0569
    endloop
  endfacet
  facet normal 0 -1 0
    outer loop
      vertex 26.8282 0 20.4
      vertex 50.1532 0 21.2701
      vertex 26.2468 0 21.2701
    endloop
  endfacet
  facet normal 0 -1 0
    outer loop
      vertex 26.8282 0 20.4
      vertex 49.5718 0 20.4
      vertex 50.1532 0 21.2701
    endloop
  endfacet
  facet normal 0 -1 0
    outer loop
      vertex 27.291 0 19.4615
      vertex 49.5718 0 20.4
      vertex 26.8282 0 20.4
    endloop
  endfacet
  facet normal 0 -1 0
    outer loop
      vertex 27.291 0 19.4615
      vertex 49.109 0 19.4615
      vertex 49.5718 0 20.4
    endloop
  endfacet
  facet normal 0 -1 0
    outer loop
      vertex 27.6274 0 18.4706
      vertex 49.109 0 19.4615
      vertex 27.291 0 19.4615
    endloop
  endfacet
  facet normal 0 -1 0
    outer loop
      vertex 27.6274 0 18.4706
      vertex 48.7726 0 18.4706
      vertex 49.109 0 19.4615
    endloop
  endfacet
  facet normal 0 -1 0
    outer loop
      vertex 27.8316 0 17.4442
      vertex 48.7726 0 18.4706
      vertex 27.6274 0 18.4706
    endloop
  endfacet
  facet normal 0 -1 0
    outer loop
      vertex 27.8316 0 17.4442
      vertex 48.5684 0 17.4442
      vertex 48.7726 0 18.4706
    endloop
  endfacet
  facet normal 0 -1 0
    outer loop
      vertex 27.9 0 16.4
      vertex 48.5684 0 17.4442
      vertex 27.8316 0 17.4442
    endloop
  endfacet
  facet normal 0 -1 0
    outer loop
      vertex 27.9 0 16.4
      vertex 48.5 0 16.4
      vertex 48.5684 0 17.4442
    endloop
  endfacet
  facet normal 0 -1 0
    outer loop
      vertex 27.9 0 0
      vertex 48.5 0 16.4
      vertex 27.9 0 16.4
    endloop
  endfacet
  facet normal 0 -1 -0
    outer loop
      vertex 48.5 0 16.4
      vertex 27.9 0 0
      vertex 48.5 0 0
    endloop
  endfacet
  facet normal 0 -1 0
    outer loop
      vertex 57.5442 0 24.3316
      vertex 3 0 48.4
      vertex 56.5 0 24.4
    endloop
  endfacet
  facet normal 0 -1 0
    outer loop
      vertex 126.2 0 48.4
      vertex 119.047 0 36.5572
      vertex 119.7 0 36.6
    endloop
  endfacet
  facet normal 0 -1 0
    outer loop
      vertex 126.2 0 48.4
      vertex 118.406 0 36.4296
      vertex 119.047 0 36.5572
    endloop
  endfacet
  facet normal 0 -1 0
    outer loop
      vertex 126.2 0 48.4
      vertex 117.787 0 36.2194
      vertex 118.406 0 36.4296
    endloop
  endfacet
  facet normal 0 -1 0
    outer loop
      vertex 126.2 0 48.4
      vertex 117.2 0 35.9301
      vertex 117.787 0 36.2194
    endloop
  endfacet
  facet normal 0 -1 0
    outer loop
      vertex 3 0 48.4
      vertex 57.5442 0 24.3316
      vertex 126.2 0 48.4
    endloop
  endfacet
  facet normal 0 -1 0
    outer loop
      vertex 126.2 0 48.4
      vertex 116.656 0 35.5668
      vertex 117.2 0 35.9301
    endloop
  endfacet
  facet normal -0 -1 0
    outer loop
      vertex 116.164 0 35.1355
      vertex 126.2 0 48.4
      vertex 93.1 0 24.4
    endloop
  endfacet
  facet normal 0 -1 0
    outer loop
      vertex 126.2 0 48.4
      vertex 116.164 0 35.1355
      vertex 116.656 0 35.5668
    endloop
  endfacet
  facet normal 0 -1 0
    outer loop
      vertex 116.164 0 35.1355
      vertex 93.1 0 24.4
      vertex 115.733 0 34.6438
    endloop
  endfacet
  facet normal 0 -1 0
    outer loop
      vertex 94.1442 0 24.3316
      vertex 115.733 0 34.6438
      vertex 93.1 0 24.4
    endloop
  endfacet
  facet normal 0 -1 0
    outer loop
      vertex 115.733 0 34.6438
      vertex 94.1442 0 24.3316
      vertex 115.37 0 34.1
    endloop
  endfacet
  facet normal 0 -1 0
    outer loop
      vertex 95.1706 0 24.1274
      vertex 115.37 0 34.1
      vertex 94.1442 0 24.3316
    endloop
  endfacet
  facet normal 0 -1 0
    outer loop
      vertex 20.9442 0 24.3316
      vertex 3 0 48.4
      vertex 19.9 0 24.4
    endloop
  endfacet
  facet normal 0 -1 0
    outer loop
      vertex 3 0 48.4
      vertex 18.8558 0 24.3316
      vertex 19.9 0 24.4
    endloop
  endfacet
  facet normal 0 -1 0
    outer loop
      vertex 3 0 48.4
      vertex 17.8294 0 24.1274
      vertex 18.8558 0 24.3316
    endloop
  endfacet
  facet normal 0 -1 0
    outer loop
      vertex 3 0 48.4
      vertex 16.8385 0 23.791
      vertex 17.8294 0 24.1274
    endloop
  endfacet
  facet normal 0 -1 0
    outer loop
      vertex 3 0 48.4
      vertex 15.9 0 23.3282
      vertex 16.8385 0 23.791
    endloop
  endfacet
  facet normal 0 -1 0
    outer loop
      vertex 3 0 48.4
      vertex 15.0299 0 22.7468
      vertex 15.9 0 23.3282
    endloop
  endfacet
  facet normal 0 -1 0
    outer loop
      vertex 3 0 48.4
      vertex 14.2431 0 22.0569
      vertex 15.0299 0 22.7468
    endloop
  endfacet
  facet normal 0 -1 0
    outer loop
      vertex 3 0 48.4
      vertex 13.5532 0 21.2701
      vertex 14.2431 0 22.0569
    endloop
  endfacet
  facet normal 0 -1 0
    outer loop
      vertex 3 0 48.4
      vertex 12.9718 0 20.4
      vertex 13.5532 0 21.2701
    endloop
  endfacet
  facet normal 0 -1 0
    outer loop
      vertex 3 0 48.4
      vertex 12.509 0 19.4615
      vertex 12.9718 0 20.4
    endloop
  endfacet
  facet normal 0 -1 0
    outer loop
      vertex 3 0 48.4
      vertex 12.1726 0 18.4706
      vertex 12.509 0 19.4615
    endloop
  endfacet
  facet normal 0 -1 0
    outer loop
      vertex 3 0 48.4
      vertex 11.9684 0 17.4442
      vertex 12.1726 0 18.4706
    endloop
  endfacet
  facet normal 0 -1 0
    outer loop
      vertex 3 0 0
      vertex 11.9684 0 17.4442
      vertex 3 0 48.4
    endloop
  endfacet
  facet normal 0 -1 0
    outer loop
      vertex 11.9684 0 17.4442
      vertex 3 0 0
      vertex 11.9 0 16.4
    endloop
  endfacet
  facet normal 0 -1 -0
    outer loop
      vertex 11.9 0 16.4
      vertex 3 0 0
      vertex 11.9 0 0
    endloop
  endfacet
  facet normal 0 -1 0
    outer loop
      vertex 120.353 0 36.5572
      vertex 126.2 0 48.4
      vertex 119.7 0 36.6
    endloop
  endfacet
  facet normal 0 -1 0
    outer loop
      vertex 120.994 0 36.4296
      vertex 126.2 0 48.4
      vertex 120.353 0 36.5572
    endloop
  endfacet
  facet normal 0 -1 0
    outer loop
      vertex 121.613 0 36.2194
      vertex 126.2 0 48.4
      vertex 120.994 0 36.4296
    endloop
  endfacet
  facet normal 0 -1 0
    outer loop
      vertex 122.2 0 35.9301
      vertex 126.2 0 48.4
      vertex 121.613 0 36.2194
    endloop
  endfacet
  facet normal 0 -1 0
    outer loop
      vertex 122.744 0 35.5668
      vertex 126.2 0 48.4
      vertex 122.2 0 35.9301
    endloop
  endfacet
  facet normal 0 -1 0
    outer loop
      vertex 123.236 0 35.1355
      vertex 126.2 0 48.4
      vertex 122.744 0 35.5668
    endloop
  endfacet
  facet normal 0 -1 0
    outer loop
      vertex 123.667 0 34.6438
      vertex 126.2 0 48.4
      vertex 123.236 0 35.1355
    endloop
  endfacet
  facet normal 0 -1 0
    outer loop
      vertex 124.03 0 34.1
      vertex 126.2 0 48.4
      vertex 123.667 0 34.6438
    endloop
  endfacet
  facet normal 0 -1 0
    outer loop
      vertex 124.319 0 33.5134
      vertex 126.2 0 48.4
      vertex 124.03 0 34.1
    endloop
  endfacet
  facet normal 0 -1 0
    outer loop
      vertex 124.53 0 32.8941
      vertex 126.2 0 48.4
      vertex 124.319 0 33.5134
    endloop
  endfacet
  facet normal 0 -1 0
    outer loop
      vertex 124.657 0 32.2526
      vertex 126.2 0 48.4
      vertex 124.53 0 32.8941
    endloop
  endfacet
  facet normal 0 -1 0
    outer loop
      vertex 124.7 0 31.6
      vertex 126.2 0 48.4
      vertex 124.657 0 32.2526
    endloop
  endfacet
  facet normal 0 -1 0
    outer loop
      vertex 124.7 0 16.6
      vertex 126.2 0 48.4
      vertex 124.7 0 31.6
    endloop
  endfacet
  facet normal 0 -1 0
    outer loop
      vertex 119.047 0 11.6428
      vertex 126.2 0 0
      vertex 119.7 0 11.6
    endloop
  endfacet
  facet normal 0 -1 0
    outer loop
      vertex 119.7 0 11.6
      vertex 126.2 0 0
      vertex 120.353 0 11.6428
    endloop
  endfacet
  facet normal 0 -1 0
    outer loop
      vertex 120.353 0 11.6428
      vertex 126.2 0 0
      vertex 120.994 0 11.7704
    endloop
  endfacet
  facet normal 0 -1 0
    outer loop
      vertex 120.994 0 11.7704
      vertex 126.2 0 0
      vertex 121.613 0 11.9806
    endloop
  endfacet
  facet normal 0 -1 0
    outer loop
      vertex 124.7 0 16.6
      vertex 126.2 0 0
      vertex 126.2 0 48.4
    endloop
  endfacet
  facet normal 0 -1 0
    outer loop
      vertex 124.657 0 15.9474
      vertex 126.2 0 0
      vertex 124.7 0 16.6
    endloop
  endfacet
  facet normal 0 -1 0
    outer loop
      vertex 124.53 0 15.3059
      vertex 126.2 0 0
      vertex 124.657 0 15.9474
    endloop
  endfacet
  facet normal 0 -1 0
    outer loop
      vertex 124.319 0 14.6866
      vertex 126.2 0 0
      vertex 124.53 0 15.3059
    endloop
  endfacet
  facet normal 0 -1 0
    outer loop
      vertex 124.03 0 14.1
      vertex 126.2 0 0
      vertex 124.319 0 14.6866
    endloop
  endfacet
  facet normal 0 -1 0
    outer loop
      vertex 123.667 0 13.5562
      vertex 126.2 0 0
      vertex 124.03 0 14.1
    endloop
  endfacet
  facet normal 0 -1 0
    outer loop
      vertex 123.236 0 13.0645
      vertex 126.2 0 0
      vertex 123.667 0 13.5562
    endloop
  endfacet
  facet normal 0 -1 0
    outer loop
      vertex 122.744 0 12.6332
      vertex 126.2 0 0
      vertex 123.236 0 13.0645
    endloop
  endfacet
  facet normal 0 -1 0
    outer loop
      vertex 122.2 0 12.2699
      vertex 126.2 0 0
      vertex 122.744 0 12.6332
    endloop
  endfacet
  facet normal 0 -1 0
    outer loop
      vertex 121.613 0 11.9806
      vertex 126.2 0 0
      vertex 122.2 0 12.2699
    endloop
  endfacet
  facet normal 0 -1 0
    outer loop
      vertex 115.37 0 34.1
      vertex 95.1706 0 24.1274
      vertex 115.081 0 33.5134
    endloop
  endfacet
  facet normal 0 -1 0
    outer loop
      vertex 96.1615 0 23.791
      vertex 115.081 0 33.5134
      vertex 95.1706 0 24.1274
    endloop
  endfacet
  facet normal 0 -1 0
    outer loop
      vertex 115.081 0 33.5134
      vertex 96.1615 0 23.791
      vertex 114.87 0 32.8941
    endloop
  endfacet
  facet normal 0 -1 0
    outer loop
      vertex 114.87 0 32.8941
      vertex 96.1615 0 23.791
      vertex 114.743 0 32.2526
    endloop
  endfacet
  facet normal 0 -1 0
    outer loop
      vertex 97.1 0 23.3282
      vertex 114.743 0 32.2526
      vertex 96.1615 0 23.791
    endloop
  endfacet
  facet normal 0 -1 0
    outer loop
      vertex 114.743 0 32.2526
      vertex 97.1 0 23.3282
      vertex 114.7 0 31.6
    endloop
  endfacet
  facet normal 0 -1 0
    outer loop
      vertex 97.9701 0 22.7468
      vertex 114.7 0 31.6
      vertex 97.1 0 23.3282
    endloop
  endfacet
  facet normal 0 -1 0
    outer loop
      vertex 98.7569 0 22.0569
      vertex 114.7 0 31.6
      vertex 97.9701 0 22.7468
    endloop
  endfacet
  facet normal 0 -1 0
    outer loop
      vertex 99.4468 0 21.2701
      vertex 114.7 0 31.6
      vertex 98.7569 0 22.0569
    endloop
  endfacet
  facet normal 0 -1 0
    outer loop
      vertex 100.028 0 20.4
      vertex 114.7 0 31.6
      vertex 99.4468 0 21.2701
    endloop
  endfacet
  facet normal 0 -1 0
    outer loop
      vertex 100.491 0 19.4615
      vertex 114.7 0 31.6
      vertex 100.028 0 20.4
    endloop
  endfacet
  facet normal 0 -1 0
    outer loop
      vertex 114.7 0 16.6
      vertex 100.491 0 19.4615
      vertex 100.827 0 18.4706
    endloop
  endfacet
  facet normal 0 -1 0
    outer loop
      vertex 114.7 0 16.6
      vertex 100.827 0 18.4706
      vertex 101.032 0 17.4442
    endloop
  endfacet
  facet normal 0 -1 0
    outer loop
      vertex 100.491 0 19.4615
      vertex 114.7 0 16.6
      vertex 114.7 0 31.6
    endloop
  endfacet
  facet normal 0 -1 0
    outer loop
      vertex 101.1 0 16.4
      vertex 114.7 0 16.6
      vertex 101.032 0 17.4442
    endloop
  endfacet
  facet normal 0 -1 0
    outer loop
      vertex 101.1 0 16.4
      vertex 114.743 0 15.9474
      vertex 114.7 0 16.6
    endloop
  endfacet
  facet normal 0 -1 0
    outer loop
      vertex 101.1 0 16.4
      vertex 114.87 0 15.3059
      vertex 114.743 0 15.9474
    endloop
  endfacet
  facet normal 0 -1 0
    outer loop
      vertex 101.1 0 16.4
      vertex 115.081 0 14.6866
      vertex 114.87 0 15.3059
    endloop
  endfacet
  facet normal 0 -1 0
    outer loop
      vertex 101.1 0 16.4
      vertex 115.37 0 14.1
      vertex 115.081 0 14.6866
    endloop
  endfacet
  facet normal 0 -1 0
    outer loop
      vertex 101.1 0 16.4
      vertex 115.733 0 13.5562
      vertex 115.37 0 14.1
    endloop
  endfacet
  facet normal 0 -1 0
    outer loop
      vertex 101.1 0 0
      vertex 115.733 0 13.5562
      vertex 101.1 0 16.4
    endloop
  endfacet
  facet normal 0 -1 -0
    outer loop
      vertex 115.733 0 13.5562
      vertex 101.1 0 0
      vertex 116.164 0 13.0645
    endloop
  endfacet
  facet normal 0 -1 -0
    outer loop
      vertex 116.164 0 13.0645
      vertex 101.1 0 0
      vertex 116.656 0 12.6332
    endloop
  endfacet
  facet normal 0 -1 -0
    outer loop
      vertex 116.656 0 12.6332
      vertex 101.1 0 0
      vertex 117.2 0 12.2699
    endloop
  endfacet
  facet normal 0 -1 -0
    outer loop
      vertex 117.2 0 12.2699
      vertex 101.1 0 0
      vertex 117.787 0 11.9806
    endloop
  endfacet
  facet normal 0 -1 0
    outer loop
      vertex 118.406 0 11.7704
      vertex 126.2 0 0
      vertex 119.047 0 11.6428
    endloop
  endfacet
  facet normal 0 -1 0
    outer loop
      vertex 117.787 0 11.9806
      vertex 126.2 0 0
      vertex 118.406 0 11.7704
    endloop
  endfacet
  facet normal 0 -1 0
    outer loop
      vertex 126.2 0 0
      vertex 117.787 0 11.9806
      vertex 101.1 0 0
    endloop
  endfacet
  facet normal 0.0653328 -0.997864 0
    outer loop
      vertex 126.2 0 0
      vertex 126.592 0.0256653 48.4
      vertex 126.2 0 48.4
    endloop
  endfacet
  facet normal 0.0653328 -0.997864 0
    outer loop
      vertex 126.592 0.0256653 48.4
      vertex 126.2 0 0
      vertex 126.592 0.0256653 0
    endloop
  endfacet
  facet normal -0.0654906 0.997853 0
    outer loop
      vertex 3 21.1 0
      vertex 2.60842 21.0743 43.2729
      vertex 3 21.1 43.6645
    endloop
  endfacet
  facet normal -0.0654906 0.997853 0
    outer loop
      vertex 2.60842 21.0743 43.2729
      vertex 3 21.1 0
      vertex 2.60842 21.0743 0
    endloop
  endfacet
  facet normal -0.0654906 0.997853 0
    outer loop
      vertex 3 21.1 48.4
      vertex 2.60842 21.0743 44.9271
      vertex 2.60842 21.0743 48.4
    endloop
  endfacet
  facet normal -0.0654906 0.997853 0
    outer loop
      vertex 2.60842 21.0743 44.9271
      vertex 3 21.1 48.4
      vertex 3 21.1 44.5355
    endloop
  endfacet
  facet normal 0 1 -0
    outer loop
      vertex 54.4294 21.1 24.1274
      vertex 3 21.1 48.4
      vertex 55.4558 21.1 24.3316
    endloop
  endfacet
  facet normal 0 1 0
    outer loop
      vertex 3 21.1 48.4
      vertex 20.9442 21.1 24.3316
      vertex 19.9 21.1 24.4
    endloop
  endfacet
  facet normal 0 1 -0
    outer loop
      vertex 53.4385 21.1 23.791
      vertex 3 21.1 48.4
      vertex 54.4294 21.1 24.1274
    endloop
  endfacet
  facet normal 0 1 0
    outer loop
      vertex 3 21.1 48.4
      vertex 21.9706 21.1 24.1274
      vertex 20.9442 21.1 24.3316
    endloop
  endfacet
  facet normal 0 1 -0
    outer loop
      vertex 22.9615 21.1 23.791
      vertex 3 21.1 48.4
      vertex 53.4385 21.1 23.791
    endloop
  endfacet
  facet normal 0 1 0
    outer loop
      vertex 3 21.1 48.4
      vertex 22.9615 21.1 23.791
      vertex 21.9706 21.1 24.1274
    endloop
  endfacet
  facet normal 0 1 -0
    outer loop
      vertex 52.5 21.1 23.3282
      vertex 22.9615 21.1 23.791
      vertex 53.4385 21.1 23.791
    endloop
  endfacet
  facet normal 0 1 0
    outer loop
      vertex 52.5 21.1 23.3282
      vertex 23.9 21.1 23.3282
      vertex 22.9615 21.1 23.791
    endloop
  endfacet
  facet normal 0 1 -0
    outer loop
      vertex 51.6299 21.1 22.7468
      vertex 23.9 21.1 23.3282
      vertex 52.5 21.1 23.3282
    endloop
  endfacet
  facet normal 0 1 0
    outer loop
      vertex 51.6299 21.1 22.7468
      vertex 24.7701 21.1 22.7468
      vertex 23.9 21.1 23.3282
    endloop
  endfacet
  facet normal 0 1 -0
    outer loop
      vertex 50.8431 21.1 22.0569
      vertex 24.7701 21.1 22.7468
      vertex 51.6299 21.1 22.7468
    endloop
  endfacet
  facet normal 0 1 0
    outer loop
      vertex 50.8431 21.1 22.0569
      vertex 25.5569 21.1 22.0569
      vertex 24.7701 21.1 22.7468
    endloop
  endfacet
  facet normal 0 1 -0
    outer loop
      vertex 50.1532 21.1 21.2701
      vertex 25.5569 21.1 22.0569
      vertex 50.8431 21.1 22.0569
    endloop
  endfacet
  facet normal 0 1 0
    outer loop
      vertex 50.1532 21.1 21.2701
      vertex 26.2468 21.1 21.2701
      vertex 25.5569 21.1 22.0569
    endloop
  endfacet
  facet normal 0 1 -0
    outer loop
      vertex 49.5718 21.1 20.4
      vertex 26.2468 21.1 21.2701
      vertex 50.1532 21.1 21.2701
    endloop
  endfacet
  facet normal 0 1 0
    outer loop
      vertex 49.5718 21.1 20.4
      vertex 26.8282 21.1 20.4
      vertex 26.2468 21.1 21.2701
    endloop
  endfacet
  facet normal 0 1 -0
    outer loop
      vertex 49.109 21.1 19.4615
      vertex 26.8282 21.1 20.4
      vertex 49.5718 21.1 20.4
    endloop
  endfacet
  facet normal 0 1 0
    outer loop
      vertex 49.109 21.1 19.4615
      vertex 27.291 21.1 19.4615
      vertex 26.8282 21.1 20.4
    endloop
  endfacet
  facet normal 0 1 -0
    outer loop
      vertex 48.7726 21.1 18.4706
      vertex 27.291 21.1 19.4615
      vertex 49.109 21.1 19.4615
    endloop
  endfacet
  facet normal 0 1 0
    outer loop
      vertex 48.7726 21.1 18.4706
      vertex 27.6274 21.1 18.4706
      vertex 27.291 21.1 19.4615
    endloop
  endfacet
  facet normal 0 1 -0
    outer loop
      vertex 48.5684 21.1 17.4442
      vertex 27.6274 21.1 18.4706
      vertex 48.7726 21.1 18.4706
    endloop
  endfacet
  facet normal 0 1 0
    outer loop
      vertex 48.5684 21.1 17.4442
      vertex 27.8316 21.1 17.4442
      vertex 27.6274 21.1 18.4706
    endloop
  endfacet
  facet normal 0 1 -0
    outer loop
      vertex 48.5 21.1 16.4
      vertex 27.8316 21.1 17.4442
      vertex 48.5684 21.1 17.4442
    endloop
  endfacet
  facet normal 0 1 0
    outer loop
      vertex 48.5 21.1 16.4
      vertex 27.9 21.1 16.4
      vertex 27.8316 21.1 17.4442
    endloop
  endfacet
  facet normal 0 1 -0
    outer loop
      vertex 48.5 21.1 0
      vertex 27.9 21.1 16.4
      vertex 48.5 21.1 16.4
    endloop
  endfacet
  facet normal 0 1 0
    outer loop
      vertex 27.9 21.1 16.4
      vertex 48.5 21.1 0
      vertex 27.9 21.1 0
    endloop
  endfacet
  facet normal 0 1 0
    outer loop
      vertex 91.0294 21.1 24.1274
      vertex 126.2 21.1 48.4
      vertex 92.0558 21.1 24.3316
    endloop
  endfacet
  facet normal 0 1 0
    outer loop
      vertex 126.2 21.1 48.4
      vertex 57.5442 21.1 24.3316
      vertex 56.5 21.1 24.4
    endloop
  endfacet
  facet normal 0 1 0
    outer loop
      vertex 58.5706 21.1 24.1274
      vertex 126.2 21.1 48.4
      vertex 91.0294 21.1 24.1274
    endloop
  endfacet
  facet normal 0 1 0
    outer loop
      vertex 126.2 21.1 48.4
      vertex 58.5706 21.1 24.1274
      vertex 57.5442 21.1 24.3316
    endloop
  endfacet
  facet normal 0 1 -0
    outer loop
      vertex 90.0385 21.1 23.791
      vertex 58.5706 21.1 24.1274
      vertex 91.0294 21.1 24.1274
    endloop
  endfacet
  facet normal 0 1 0
    outer loop
      vertex 90.0385 21.1 23.791
      vertex 59.5615 21.1 23.791
      vertex 58.5706 21.1 24.1274
    endloop
  endfacet
  facet normal 0 1 -0
    outer loop
      vertex 89.1 21.1 23.3282
      vertex 59.5615 21.1 23.791
      vertex 90.0385 21.1 23.791
    endloop
  endfacet
  facet normal 0 1 0
    outer loop
      vertex 89.1 21.1 23.3282
      vertex 60.5 21.1 23.3282
      vertex 59.5615 21.1 23.791
    endloop
  endfacet
  facet normal 0 1 -0
    outer loop
      vertex 88.2299 21.1 22.7468
      vertex 60.5 21.1 23.3282
      vertex 89.1 21.1 23.3282
    endloop
  endfacet
  facet normal 0 1 0
    outer loop
      vertex 88.2299 21.1 22.7468
      vertex 61.3701 21.1 22.7468
      vertex 60.5 21.1 23.3282
    endloop
  endfacet
  facet normal 0 1 -0
    outer loop
      vertex 87.4431 21.1 22.0569
      vertex 61.3701 21.1 22.7468
      vertex 88.2299 21.1 22.7468
    endloop
  endfacet
  facet normal 0 1 0
    outer loop
      vertex 87.4431 21.1 22.0569
      vertex 62.1569 21.1 22.0569
      vertex 61.3701 21.1 22.7468
    endloop
  endfacet
  facet normal 0 1 -0
    outer loop
      vertex 86.7532 21.1 21.2701
      vertex 62.1569 21.1 22.0569
      vertex 87.4431 21.1 22.0569
    endloop
  endfacet
  facet normal 0 1 0
    outer loop
      vertex 86.7532 21.1 21.2701
      vertex 62.8468 21.1 21.2701
      vertex 62.1569 21.1 22.0569
    endloop
  endfacet
  facet normal 0 1 -0
    outer loop
      vertex 86.1718 21.1 20.4
      vertex 62.8468 21.1 21.2701
      vertex 86.7532 21.1 21.2701
    endloop
  endfacet
  facet normal 0 1 0
    outer loop
      vertex 86.1718 21.1 20.4
      vertex 63.4282 21.1 20.4
      vertex 62.8468 21.1 21.2701
    endloop
  endfacet
  facet normal 0 1 -0
    outer loop
      vertex 85.709 21.1 19.4615
      vertex 63.4282 21.1 20.4
      vertex 86.1718 21.1 20.4
    endloop
  endfacet
  facet normal 0 1 0
    outer loop
      vertex 85.709 21.1 19.4615
      vertex 63.891 21.1 19.4615
      vertex 63.4282 21.1 20.4
    endloop
  endfacet
  facet normal 0 1 -0
    outer loop
      vertex 85.3726 21.1 18.4706
      vertex 63.891 21.1 19.4615
      vertex 85.709 21.1 19.4615
    endloop
  endfacet
  facet normal 0 1 0
    outer loop
      vertex 85.3726 21.1 18.4706
      vertex 64.2274 21.1 18.4706
      vertex 63.891 21.1 19.4615
    endloop
  endfacet
  facet normal 0 1 -0
    outer loop
      vertex 85.1684 21.1 17.4442
      vertex 64.2274 21.1 18.4706
      vertex 85.3726 21.1 18.4706
    endloop
  endfacet
  facet normal 0 1 0
    outer loop
      vertex 85.1684 21.1 17.4442
      vertex 64.4316 21.1 17.4442
      vertex 64.2274 21.1 18.4706
    endloop
  endfacet
  facet normal 0 1 -0
    outer loop
      vertex 85.1 21.1 16.4
      vertex 64.4316 21.1 17.4442
      vertex 85.1684 21.1 17.4442
    endloop
  endfacet
  facet normal 0 1 0
    outer loop
      vertex 85.1 21.1 16.4
      vertex 64.5 21.1 16.4
      vertex 64.4316 21.1 17.4442
    endloop
  endfacet
  facet normal 0 1 -0
    outer loop
      vertex 85.1 21.1 0
      vertex 64.5 21.1 16.4
      vertex 85.1 21.1 16.4
    endloop
  endfacet
  facet normal 0 1 0
    outer loop
      vertex 64.5 21.1 16.4
      vertex 85.1 21.1 0
      vertex 64.5 21.1 0
    endloop
  endfacet
  facet normal 0 1 0
    outer loop
      vertex 115.733 21.1 34.6438
      vertex 94.1442 21.1 24.3316
      vertex 93.1 21.1 24.4
    endloop
  endfacet
  facet normal 0 1 0
    outer loop
      vertex 114.743 21.1 32.2526
      vertex 95.1706 21.1 24.1274
      vertex 94.1442 21.1 24.3316
    endloop
  endfacet
  facet normal 0 1 0
    outer loop
      vertex 114.743 21.1 32.2526
      vertex 96.1615 21.1 23.791
      vertex 95.1706 21.1 24.1274
    endloop
  endfacet
  facet normal 0 1 0
    outer loop
      vertex 114.743 21.1 32.2526
      vertex 97.1 21.1 23.3282
      vertex 96.1615 21.1 23.791
    endloop
  endfacet
  facet normal 0 1 0
    outer loop
      vertex 114.7 21.1 31.6
      vertex 97.9701 21.1 22.7468
      vertex 97.1 21.1 23.3282
    endloop
  endfacet
  facet normal 0 1 0
    outer loop
      vertex 114.7 21.1 31.6
      vertex 98.7569 21.1 22.0569
      vertex 97.9701 21.1 22.7468
    endloop
  endfacet
  facet normal 0 1 0
    outer loop
      vertex 114.7 21.1 31.6
      vertex 99.4468 21.1 21.2701
      vertex 98.7569 21.1 22.0569
    endloop
  endfacet
  facet normal 0 1 0
    outer loop
      vertex 114.7 21.1 31.6
      vertex 100.028 21.1 20.4
      vertex 99.4468 21.1 21.2701
    endloop
  endfacet
  facet normal 0 1 0
    outer loop
      vertex 114.7 21.1 31.6
      vertex 100.491 21.1 19.4615
      vertex 100.028 21.1 20.4
    endloop
  endfacet
  facet normal 0 1 -0
    outer loop
      vertex 114.7 21.1 16.6
      vertex 100.491 21.1 19.4615
      vertex 114.7 21.1 31.6
    endloop
  endfacet
  facet normal 0 1 0
    outer loop
      vertex 100.491 21.1 19.4615
      vertex 114.7 21.1 16.6
      vertex 100.827 21.1 18.4706
    endloop
  endfacet
  facet normal 0 1 0
    outer loop
      vertex 100.827 21.1 18.4706
      vertex 114.7 21.1 16.6
      vertex 101.032 21.1 17.4442
    endloop
  endfacet
  facet normal 0 1 0
    outer loop
      vertex 114.7 21.1 16.6
      vertex 101.1 21.1 16.4
      vertex 101.032 21.1 17.4442
    endloop
  endfacet
  facet normal 0 1 0
    outer loop
      vertex 114.743 21.1 15.9474
      vertex 101.1 21.1 16.4
      vertex 114.7 21.1 16.6
    endloop
  endfacet
  facet normal 0 1 0
    outer loop
      vertex 114.87 21.1 15.3059
      vertex 101.1 21.1 16.4
      vertex 114.743 21.1 15.9474
    endloop
  endfacet
  facet normal 0 1 0
    outer loop
      vertex 115.081 21.1 14.6866
      vertex 101.1 21.1 16.4
      vertex 114.87 21.1 15.3059
    endloop
  endfacet
  facet normal 0 1 0
    outer loop
      vertex 115.37 21.1 14.1
      vertex 101.1 21.1 16.4
      vertex 115.081 21.1 14.6866
    endloop
  endfacet
  facet normal 0 1 0
    outer loop
      vertex 115.733 21.1 13.5562
      vertex 101.1 21.1 16.4
      vertex 115.37 21.1 14.1
    endloop
  endfacet
  facet normal 0 1 0
    outer loop
      vertex 101.1 21.1 0
      vertex 115.733 21.1 13.5562
      vertex 116.164 21.1 13.0645
    endloop
  endfacet
  facet normal 0 1 0
    outer loop
      vertex 101.1 21.1 0
      vertex 116.164 21.1 13.0645
      vertex 116.656 21.1 12.6332
    endloop
  endfacet
  facet normal 0 1 0
    outer loop
      vertex 101.1 21.1 0
      vertex 116.656 21.1 12.6332
      vertex 117.2 21.1 12.2699
    endloop
  endfacet
  facet normal 0 1 0
    outer loop
      vertex 101.1 21.1 0
      vertex 117.2 21.1 12.2699
      vertex 117.787 21.1 11.9806
    endloop
  endfacet
  facet normal 0 1 0
    outer loop
      vertex 126.2 21.1 0
      vertex 117.787 21.1 11.9806
      vertex 118.406 21.1 11.7704
    endloop
  endfacet
  facet normal 0 1 0
    outer loop
      vertex 126.2 21.1 0
      vertex 119.047 21.1 11.6428
      vertex 119.7 21.1 11.6
    endloop
  endfacet
  facet normal 0 1 0
    outer loop
      vertex 126.2 21.1 0
      vertex 118.406 21.1 11.7704
      vertex 119.047 21.1 11.6428
    endloop
  endfacet
  facet normal 0 1 0
    outer loop
      vertex 117.787 21.1 11.9806
      vertex 126.2 21.1 0
      vertex 101.1 21.1 0
    endloop
  endfacet
  facet normal 0 1 0
    outer loop
      vertex 115.733 21.1 13.5562
      vertex 101.1 21.1 0
      vertex 101.1 21.1 16.4
    endloop
  endfacet
  facet normal 0 1 -0
    outer loop
      vertex 56.5 21.1 24.4
      vertex 3 21.1 48.4
      vertex 126.2 21.1 48.4
    endloop
  endfacet
  facet normal 0 1 -0
    outer loop
      vertex 55.4558 21.1 24.3316
      vertex 3 21.1 48.4
      vertex 56.5 21.1 24.4
    endloop
  endfacet
  facet normal 0 1 0
    outer loop
      vertex 3 21.1 48.4
      vertex 3.43553 21.1 44.1
      vertex 3 21.1 44.5355
    endloop
  endfacet
  facet normal 0 1 0
    outer loop
      vertex 119.047 21.1 36.5572
      vertex 126.2 21.1 48.4
      vertex 119.7 21.1 36.6
    endloop
  endfacet
  facet normal 0 1 0
    outer loop
      vertex 126.2 21.1 48.4
      vertex 120.353 21.1 36.5572
      vertex 119.7 21.1 36.6
    endloop
  endfacet
  facet normal 0 1 0
    outer loop
      vertex 126.2 21.1 48.4
      vertex 120.994 21.1 36.4296
      vertex 120.353 21.1 36.5572
    endloop
  endfacet
  facet normal 0 1 0
    outer loop
      vertex 126.2 21.1 48.4
      vertex 121.613 21.1 36.2194
      vertex 120.994 21.1 36.4296
    endloop
  endfacet
  facet normal 0 1 0
    outer loop
      vertex 126.2 21.1 48.4
      vertex 122.2 21.1 35.9301
      vertex 121.613 21.1 36.2194
    endloop
  endfacet
  facet normal 0 1 0
    outer loop
      vertex 126.2 21.1 48.4
      vertex 122.744 21.1 35.5668
      vertex 122.2 21.1 35.9301
    endloop
  endfacet
  facet normal 0 1 0
    outer loop
      vertex 126.2 21.1 48.4
      vertex 123.236 21.1 35.1355
      vertex 122.744 21.1 35.5668
    endloop
  endfacet
  facet normal 0 1 0
    outer loop
      vertex 126.2 21.1 48.4
      vertex 123.667 21.1 34.6438
      vertex 123.236 21.1 35.1355
    endloop
  endfacet
  facet normal 0 1 0
    outer loop
      vertex 126.2 21.1 48.4
      vertex 124.03 21.1 34.1
      vertex 123.667 21.1 34.6438
    endloop
  endfacet
  facet normal 0 1 0
    outer loop
      vertex 126.2 21.1 48.4
      vertex 124.319 21.1 33.5134
      vertex 124.03 21.1 34.1
    endloop
  endfacet
  facet normal 0 1 0
    outer loop
      vertex 126.2 21.1 48.4
      vertex 124.53 21.1 32.8941
      vertex 124.319 21.1 33.5134
    endloop
  endfacet
  facet normal 0 1 0
    outer loop
      vertex 126.2 21.1 48.4
      vertex 124.657 21.1 32.2526
      vertex 124.53 21.1 32.8941
    endloop
  endfacet
  facet normal 0 1 0
    outer loop
      vertex 126.2 21.1 48.4
      vertex 124.7 21.1 31.6
      vertex 124.657 21.1 32.2526
    endloop
  endfacet
  facet normal 0 1 0
    outer loop
      vertex 126.2 21.1 48.4
      vertex 124.7 21.1 16.6
      vertex 124.7 21.1 31.6
    endloop
  endfacet
  facet normal 0 1 0
    outer loop
      vertex 120.353 21.1 11.6428
      vertex 126.2 21.1 0
      vertex 119.7 21.1 11.6
    endloop
  endfacet
  facet normal 0 1 0
    outer loop
      vertex 120.994 21.1 11.7704
      vertex 126.2 21.1 0
      vertex 120.353 21.1 11.6428
    endloop
  endfacet
  facet normal 0 1 0
    outer loop
      vertex 121.613 21.1 11.9806
      vertex 126.2 21.1 0
      vertex 120.994 21.1 11.7704
    endloop
  endfacet
  facet normal 0 1 0
    outer loop
      vertex 122.2 21.1 12.2699
      vertex 126.2 21.1 0
      vertex 121.613 21.1 11.9806
    endloop
  endfacet
  facet normal 0 1 0
    outer loop
      vertex 122.744 21.1 12.6332
      vertex 126.2 21.1 0
      vertex 122.2 21.1 12.2699
    endloop
  endfacet
  facet normal 0 1 0
    outer loop
      vertex 123.236 21.1 13.0645
      vertex 126.2 21.1 0
      vertex 122.744 21.1 12.6332
    endloop
  endfacet
  facet normal 0 1 0
    outer loop
      vertex 123.667 21.1 13.5562
      vertex 126.2 21.1 0
      vertex 123.236 21.1 13.0645
    endloop
  endfacet
  facet normal 0 1 0
    outer loop
      vertex 124.03 21.1 14.1
      vertex 126.2 21.1 0
      vertex 123.667 21.1 13.5562
    endloop
  endfacet
  facet normal 0 1 0
    outer loop
      vertex 124.319 21.1 14.6866
      vertex 126.2 21.1 0
      vertex 124.03 21.1 14.1
    endloop
  endfacet
  facet normal 0 1 0
    outer loop
      vertex 124.53 21.1 15.3059
      vertex 126.2 21.1 0
      vertex 124.319 21.1 14.6866
    endloop
  endfacet
  facet normal 0 1 0
    outer loop
      vertex 124.657 21.1 15.9474
      vertex 126.2 21.1 0
      vertex 124.53 21.1 15.3059
    endloop
  endfacet
  facet normal 0 1 0
    outer loop
      vertex 124.7 21.1 16.6
      vertex 126.2 21.1 0
      vertex 124.657 21.1 15.9474
    endloop
  endfacet
  facet normal 0 1 -0
    outer loop
      vertex 126.2 21.1 0
      vertex 124.7 21.1 16.6
      vertex 126.2 21.1 48.4
    endloop
  endfacet
  facet normal 0 1 0
    outer loop
      vertex 118.406 21.1 36.4296
      vertex 126.2 21.1 48.4
      vertex 119.047 21.1 36.5572
    endloop
  endfacet
  facet normal 0 1 0
    outer loop
      vertex 117.787 21.1 36.2194
      vertex 126.2 21.1 48.4
      vertex 118.406 21.1 36.4296
    endloop
  endfacet
  facet normal 0 1 0
    outer loop
      vertex 117.2 21.1 35.9301
      vertex 126.2 21.1 48.4
      vertex 117.787 21.1 36.2194
    endloop
  endfacet
  facet normal 0 1 0
    outer loop
      vertex 116.656 21.1 35.5668
      vertex 126.2 21.1 48.4
      vertex 117.2 21.1 35.9301
    endloop
  endfacet
  facet normal 0 1 0
    outer loop
      vertex 116.164 21.1 35.1355
      vertex 126.2 21.1 48.4
      vertex 116.656 21.1 35.5668
    endloop
  endfacet
  facet normal 0 1 0
    outer loop
      vertex 92.0558 21.1 24.3316
      vertex 116.164 21.1 35.1355
      vertex 93.1 21.1 24.4
    endloop
  endfacet
  facet normal 0 1 0
    outer loop
      vertex 93.1 21.1 24.4
      vertex 116.164 21.1 35.1355
      vertex 115.733 21.1 34.6438
    endloop
  endfacet
  facet normal 0 1 0
    outer loop
      vertex 94.1442 21.1 24.3316
      vertex 115.733 21.1 34.6438
      vertex 115.37 21.1 34.1
    endloop
  endfacet
  facet normal 0 1 0
    outer loop
      vertex 94.1442 21.1 24.3316
      vertex 115.37 21.1 34.1
      vertex 115.081 21.1 33.5134
    endloop
  endfacet
  facet normal 0 1 0
    outer loop
      vertex 94.1442 21.1 24.3316
      vertex 115.081 21.1 33.5134
      vertex 114.87 21.1 32.8941
    endloop
  endfacet
  facet normal 0 1 0
    outer loop
      vertex 94.1442 21.1 24.3316
      vertex 114.87 21.1 32.8941
      vertex 114.743 21.1 32.2526
    endloop
  endfacet
  facet normal 0 1 0
    outer loop
      vertex 97.1 21.1 23.3282
      vertex 114.743 21.1 32.2526
      vertex 114.7 21.1 31.6
    endloop
  endfacet
  facet normal 0 1 -0
    outer loop
      vertex 116.164 21.1 35.1355
      vertex 92.0558 21.1 24.3316
      vertex 126.2 21.1 48.4
    endloop
  endfacet
  facet normal 0 1 0
    outer loop
      vertex 3 21.1 48.4
      vertex 19.9 21.1 24.4
      vertex 3.43553 21.1 44.1
    endloop
  endfacet
  facet normal 0 1 -0
    outer loop
      vertex 18.8558 21.1 24.3316
      vertex 3.43553 21.1 44.1
      vertex 19.9 21.1 24.4
    endloop
  endfacet
  facet normal 0 1 -0
    outer loop
      vertex 17.8294 21.1 24.1274
      vertex 3.43553 21.1 44.1
      vertex 18.8558 21.1 24.3316
    endloop
  endfacet
  facet normal 0 1 -0
    outer loop
      vertex 16.8385 21.1 23.791
      vertex 3.43553 21.1 44.1
      vertex 17.8294 21.1 24.1274
    endloop
  endfacet
  facet normal 0 1 0
    outer loop
      vertex 3.43553 21.1 44.1
      vertex 16.8385 21.1 23.791
      vertex 3 21.1 43.6645
    endloop
  endfacet
  facet normal 0 1 -0
    outer loop
      vertex 15.9 21.1 23.3282
      vertex 3 21.1 43.6645
      vertex 16.8385 21.1 23.791
    endloop
  endfacet
  facet normal 0 1 -0
    outer loop
      vertex 15.0299 21.1 22.7468
      vertex 3 21.1 43.6645
      vertex 15.9 21.1 23.3282
    endloop
  endfacet
  facet normal 0 1 -0
    outer loop
      vertex 14.2431 21.1 22.0569
      vertex 3 21.1 43.6645
      vertex 15.0299 21.1 22.7468
    endloop
  endfacet
  facet normal 0 1 -0
    outer loop
      vertex 13.5532 21.1 21.2701
      vertex 3 21.1 43.6645
      vertex 14.2431 21.1 22.0569
    endloop
  endfacet
  facet normal 0 1 -0
    outer loop
      vertex 12.9718 21.1 20.4
      vertex 3 21.1 43.6645
      vertex 13.5532 21.1 21.2701
    endloop
  endfacet
  facet normal 0 1 -0
    outer loop
      vertex 12.509 21.1 19.4615
      vertex 3 21.1 43.6645
      vertex 12.9718 21.1 20.4
    endloop
  endfacet
  facet normal 0 1 -0
    outer loop
      vertex 12.1726 21.1 18.4706
      vertex 3 21.1 43.6645
      vertex 12.509 21.1 19.4615
    endloop
  endfacet
  facet normal 0 1 -0
    outer loop
      vertex 11.9684 21.1 17.4442
      vertex 3 21.1 43.6645
      vertex 12.1726 21.1 18.4706
    endloop
  endfacet
  facet normal 0 1 0
    outer loop
      vertex 3 21.1 0
      vertex 11.9684 21.1 17.4442
      vertex 11.9 21.1 16.4
    endloop
  endfacet
  facet normal 0 1 0
    outer loop
      vertex 3 21.1 0
      vertex 11.9 21.1 16.4
      vertex 11.9 21.1 0
    endloop
  endfacet
  facet normal 0 1 0
    outer loop
      vertex 11.9684 21.1 17.4442
      vertex 3 21.1 0
      vertex 3 21.1 43.6645
    endloop
  endfacet
  facet normal 0.997803 -0.0662518 0
    outer loop
      vertex 129.174 2.60842 48.4
      vertex 129.2 3 0
      vertex 129.2 3 48.4
    endloop
  endfacet
  facet normal 0.997803 -0.0662518 0
    outer loop
      vertex 129.2 3 0
      vertex 129.174 2.60842 48.4
      vertex 129.174 2.60842 0
    endloop
  endfacet
  facet normal -0.659339 -0.751846 0
    outer loop
      vertex 0.878679 0.878679 48.4
      vertex 1.17372 0.61994 45.3737
      vertex 1.17372 0.61994 48.4
    endloop
  endfacet
  facet normal -0.659339 -0.751846 0
    outer loop
      vertex 1.17372 0.61994 45.3737
      vertex 0.878679 0.878679 48.4
      vertex 0.878679 0.878679 45.0787
    endloop
  endfacet
  facet normal -0.659339 -0.751846 0
    outer loop
      vertex 0.878679 0.878679 0
      vertex 1.17372 0.61994 42.8263
      vertex 0.878679 0.878679 43.1213
    endloop
  endfacet
  facet normal -0.659339 -0.751846 -0
    outer loop
      vertex 1.17372 0.61994 42.8263
      vertex 0.878679 0.878679 0
      vertex 1.17372 0.61994 0
    endloop
  endfacet
  facet normal -0.321442 -0.946929 0
    outer loop
      vertex 1.85195 0.228361 0
      vertex 2.22354 0.102222 48.4
      vertex 1.85195 0.228361 48.4
    endloop
  endfacet
  facet normal -0.321442 -0.946929 -0
    outer loop
      vertex 2.22354 0.102222 48.4
      vertex 1.85195 0.228361 0
      vertex 2.22354 0.102222 0
    endloop
  endfacet
  facet normal 0 0 -1
    outer loop
      vertex 3 0 0
      vertex 11.9 2.8 0
      vertex 11.9 0 0
    endloop
  endfacet
  facet normal 0 0 -1
    outer loop
      vertex 11.9 2.8 0
      vertex 0 3 0
      vertex 11.9 18.3 0
    endloop
  endfacet
  facet normal -0 0 -1
    outer loop
      vertex 11.9 2.8 0
      vertex 3 0 0
      vertex 0 3 0
    endloop
  endfacet
  facet normal 0 0 -1
    outer loop
      vertex 0 18.1 0
      vertex 11.9 18.3 0
      vertex 0 3 0
    endloop
  endfacet
  facet normal 0 0 -1
    outer loop
      vertex 0 3 0
      vertex 3 0 0
      vertex 2.60842 0.0256653 0
    endloop
  endfacet
  facet normal 0 -0 -1
    outer loop
      vertex 3 21.1 0
      vertex 11.9 18.3 0
      vertex 0 18.1 0
    endloop
  endfacet
  facet normal 0 0 -1
    outer loop
      vertex 0 3 0
      vertex 2.60842 0.0256653 0
      vertex 2.22354 0.102222 0
    endloop
  endfacet
  facet normal 0 0 -1
    outer loop
      vertex 11.9 18.3 0
      vertex 3 21.1 0
      vertex 11.9 21.1 0
    endloop
  endfacet
  facet normal 0 0 -1
    outer loop
      vertex 0 3 0
      vertex 2.22354 0.102222 0
      vertex 1.85195 0.228361 0
    endloop
  endfacet
  facet normal 0 0 -1
    outer loop
      vertex 3 21.1 0
      vertex 0 18.1 0
      vertex 2.60842 21.0743 0
    endloop
  endfacet
  facet normal 0 0 -1
    outer loop
      vertex 0 3 0
      vertex 1.85195 0.228361 0
      vertex 1.5 0.401923 0
    endloop
  endfacet
  facet normal 0 0 -1
    outer loop
      vertex 2.60842 21.0743 0
      vertex 0 18.1 0
      vertex 2.22354 20.9978 0
    endloop
  endfacet
  facet normal 0 0 -1
    outer loop
      vertex 0 3 0
      vertex 1.5 0.401923 0
      vertex 1.17372 0.61994 0
    endloop
  endfacet
  facet normal 0 0 -1
    outer loop
      vertex 2.22354 20.9978 0
      vertex 0 18.1 0
      vertex 1.85195 20.8716 0
    endloop
  endfacet
  facet normal 0 0 -1
    outer loop
      vertex 0 3 0
      vertex 1.17372 0.61994 0
      vertex 0.878679 0.878679 0
    endloop
  endfacet
  facet normal 0 0 -1
    outer loop
      vertex 1.85195 20.8716 0
      vertex 0 18.1 0
      vertex 1.5 20.6981 0
    endloop
  endfacet
  facet normal 0 0 -1
    outer loop
      vertex 0 3 0
      vertex 0.878679 0.878679 0
      vertex 0.61994 1.17372 0
    endloop
  endfacet
  facet normal 0 0 -1
    outer loop
      vertex 1.5 20.6981 0
      vertex 0 18.1 0
      vertex 1.17372 20.4801 0
    endloop
  endfacet
  facet normal 0 0 -1
    outer loop
      vertex 0 3 0
      vertex 0.61994 1.17372 0
      vertex 0.401923 1.5 0
    endloop
  endfacet
  facet normal 0 0 -1
    outer loop
      vertex 1.17372 20.4801 0
      vertex 0 18.1 0
      vertex 0.878679 20.2213 0
    endloop
  endfacet
  facet normal 0 0 -1
    outer loop
      vertex 0 3 0
      vertex 0.401923 1.5 0
      vertex 0.228361 1.85195 0
    endloop
  endfacet
  facet normal 0 0 -1
    outer loop
      vertex 0.878679 20.2213 0
      vertex 0 18.1 0
      vertex 0.61994 19.9263 0
    endloop
  endfacet
  facet normal 0 0 -1
    outer loop
      vertex 0 3 0
      vertex 0.228361 1.85195 0
      vertex 0.102222 2.22354 0
    endloop
  endfacet
  facet normal 0 0 -1
    outer loop
      vertex 0.61994 19.9263 0
      vertex 0 18.1 0
      vertex 0.401923 19.6 0
    endloop
  endfacet
  facet normal 0 0 -1
    outer loop
      vertex 0 3 0
      vertex 0.102222 2.22354 0
      vertex 0.0256653 2.60842 0
    endloop
  endfacet
  facet normal 0 0 -1
    outer loop
      vertex 0.401923 19.6 0
      vertex 0 18.1 0
      vertex 0.228361 19.2481 0
    endloop
  endfacet
  facet normal 0 0 -1
    outer loop
      vertex 0.228361 19.2481 0
      vertex 0 18.1 0
      vertex 0.102222 18.8765 0
    endloop
  endfacet
  facet normal 0 0 -1
    outer loop
      vertex 0.102222 18.8765 0
      vertex 0 18.1 0
      vertex 0.0256653 18.4916 0
    endloop
  endfacet
  facet normal 0 0 -1
    outer loop
      vertex 11.9 2.8 0
      vertex 27.9 18.3 0
      vertex 27.9 2.8 0
    endloop
  endfacet
  facet normal -0 0 -1
    outer loop
      vertex 27.9 18.3 0
      vertex 11.9 2.8 0
      vertex 11.9 18.3 0
    endloop
  endfacet
  facet normal 0 0 -1
    outer loop
      vertex 27.9 2.8 0
      vertex 48.5 2.8 0
      vertex 48.5 0 0
    endloop
  endfacet
  facet normal 0 0 -1
    outer loop
      vertex 48.5 2.8 0
      vertex 27.9 2.8 0
      vertex 48.5 18.3 0
    endloop
  endfacet
  facet normal 0 0 -1
    outer loop
      vertex 27.9 2.8 0
      vertex 48.5 0 0
      vertex 27.9 0 0
    endloop
  endfacet
  facet normal 0 0 -1
    outer loop
      vertex 27.9 18.3 0
      vertex 48.5 18.3 0
      vertex 27.9 2.8 0
    endloop
  endfacet
  facet normal 0 0 -1
    outer loop
      vertex 48.5 18.3 0
      vertex 27.9 18.3 0
      vertex 48.5 21.1 0
    endloop
  endfacet
  facet normal -0 0 -1
    outer loop
      vertex 48.5 21.1 0
      vertex 27.9 18.3 0
      vertex 27.9 21.1 0
    endloop
  endfacet
  facet normal 0 0 -1
    outer loop
      vertex 48.5 2.8 0
      vertex 64.5 18.3 0
      vertex 64.5 2.8 0
    endloop
  endfacet
  facet normal -0 0 -1
    outer loop
      vertex 64.5 18.3 0
      vertex 48.5 2.8 0
      vertex 48.5 18.3 0
    endloop
  endfacet
  facet normal 0 0 -1
    outer loop
      vertex 64.5 2.8 0
      vertex 85.1 2.8 0
      vertex 85.1 0 0
    endloop
  endfacet
  facet normal 0 0 -1
    outer loop
      vertex 85.1 2.8 0
      vertex 64.5 2.8 0
      vertex 85.1 18.3 0
    endloop
  endfacet
  facet normal 0 0 -1
    outer loop
      vertex 64.5 2.8 0
      vertex 85.1 0 0
      vertex 64.5 0 0
    endloop
  endfacet
  facet normal 0 0 -1
    outer loop
      vertex 64.5 18.3 0
      vertex 85.1 18.3 0
      vertex 64.5 2.8 0
    endloop
  endfacet
  facet normal 0 0 -1
    outer loop
      vertex 85.1 18.3 0
      vertex 64.5 18.3 0
      vertex 85.1 21.1 0
    endloop
  endfacet
  facet normal -0 0 -1
    outer loop
      vertex 85.1 21.1 0
      vertex 64.5 18.3 0
      vertex 64.5 21.1 0
    endloop
  endfacet
  facet normal 0 0 -1
    outer loop
      vertex 85.1 2.8 0
      vertex 101.1 18.3 0
      vertex 101.1 2.8 0
    endloop
  endfacet
  facet normal -0 0 -1
    outer loop
      vertex 101.1 18.3 0
      vertex 85.1 2.8 0
      vertex 85.1 18.3 0
    endloop
  endfacet
  facet normal 0 0 -1
    outer loop
      vertex 126.2 0 0
      vertex 129.2 3 0
      vertex 129.174 2.60842 0
    endloop
  endfacet
  facet normal -0 0 -1
    outer loop
      vertex 129.2 3 0
      vertex 126.2 0 0
      vertex 129.2 18.1 0
    endloop
  endfacet
  facet normal 0 0 -1
    outer loop
      vertex 126.2 0 0
      vertex 129.174 2.60842 0
      vertex 129.098 2.22354 0
    endloop
  endfacet
  facet normal 0 0 -1
    outer loop
      vertex 126.2 21.1 0
      vertex 129.2 18.1 0
      vertex 126.2 0 0
    endloop
  endfacet
  facet normal 0 0 -1
    outer loop
      vertex 126.2 0 0
      vertex 129.098 2.22354 0
      vertex 128.972 1.85195 0
    endloop
  endfacet
  facet normal 0 0 -1
    outer loop
      vertex 129.2 18.1 0
      vertex 126.2 21.1 0
      vertex 129.174 18.4916 0
    endloop
  endfacet
  facet normal 0 0 -1
    outer loop
      vertex 126.2 0 0
      vertex 128.972 1.85195 0
      vertex 128.798 1.5 0
    endloop
  endfacet
  facet normal 0 0 -1
    outer loop
      vertex 129.174 18.4916 0
      vertex 126.2 21.1 0
      vertex 129.098 18.8765 0
    endloop
  endfacet
  facet normal 0 0 -1
    outer loop
      vertex 126.2 0 0
      vertex 128.798 1.5 0
      vertex 128.58 1.17372 0
    endloop
  endfacet
  facet normal 0 0 -1
    outer loop
      vertex 129.098 18.8765 0
      vertex 126.2 21.1 0
      vertex 128.972 19.2481 0
    endloop
  endfacet
  facet normal 0 0 -1
    outer loop
      vertex 126.2 0 0
      vertex 128.58 1.17372 0
      vertex 128.321 0.878679 0
    endloop
  endfacet
  facet normal 0 0 -1
    outer loop
      vertex 128.972 19.2481 0
      vertex 126.2 21.1 0
      vertex 128.798 19.6 0
    endloop
  endfacet
  facet normal 0 0 -1
    outer loop
      vertex 126.2 0 0
      vertex 128.321 0.878679 0
      vertex 128.026 0.61994 0
    endloop
  endfacet
  facet normal 0 0 -1
    outer loop
      vertex 128.798 19.6 0
      vertex 126.2 21.1 0
      vertex 128.58 19.9263 0
    endloop
  endfacet
  facet normal 0 0 -1
    outer loop
      vertex 126.2 0 0
      vertex 128.026 0.61994 0
      vertex 127.7 0.401923 0
    endloop
  endfacet
  facet normal 0 0 -1
    outer loop
      vertex 128.58 19.9263 0
      vertex 126.2 21.1 0
      vertex 128.321 20.2213 0
    endloop
  endfacet
  facet normal 0 0 -1
    outer loop
      vertex 126.2 0 0
      vertex 127.7 0.401923 0
      vertex 127.348 0.228361 0
    endloop
  endfacet
  facet normal 0 0 -1
    outer loop
      vertex 128.321 20.2213 0
      vertex 126.2 21.1 0
      vertex 128.026 20.4801 0
    endloop
  endfacet
  facet normal 0 0 -1
    outer loop
      vertex 126.2 0 0
      vertex 127.348 0.228361 0
      vertex 126.976 0.102222 0
    endloop
  endfacet
  facet normal 0 0 -1
    outer loop
      vertex 128.026 20.4801 0
      vertex 126.2 21.1 0
      vertex 127.7 20.6981 0
    endloop
  endfacet
  facet normal 0 0 -1
    outer loop
      vertex 126.2 0 0
      vertex 126.976 0.102222 0
      vertex 126.592 0.0256653 0
    endloop
  endfacet
  facet normal 0 0 -1
    outer loop
      vertex 127.7 20.6981 0
      vertex 126.2 21.1 0
      vertex 127.348 20.8716 0
    endloop
  endfacet
  facet normal 0 0 -1
    outer loop
      vertex 127.348 20.8716 0
      vertex 126.2 21.1 0
      vertex 126.976 20.9978 0
    endloop
  endfacet
  facet normal 0 0 -1
    outer loop
      vertex 126.976 20.9978 0
      vertex 126.2 21.1 0
      vertex 126.592 21.0743 0
    endloop
  endfacet
  facet normal 0 0 -1
    outer loop
      vertex 101.1 2.8 0
      vertex 126.2 0 0
      vertex 101.1 0 0
    endloop
  endfacet
  facet normal 0 0 -1
    outer loop
      vertex 126.2 0 0
      vertex 101.1 2.8 0
      vertex 126.2 21.1 0
    endloop
  endfacet
  facet normal 0 0 -1
    outer loop
      vertex 101.1 18.3 0
      vertex 126.2 21.1 0
      vertex 101.1 2.8 0
    endloop
  endfacet
  facet normal -0 0 -1
    outer loop
      vertex 126.2 21.1 0
      vertex 101.1 18.3 0
      vertex 101.1 21.1 0
    endloop
  endfacet
  facet normal -0.980788 0.195079 0
    outer loop
      vertex 0.0256653 18.4916 0
      vertex 0.102222 18.8765 43.8978
      vertex 0.102222 18.8765 0
    endloop
  endfacet
  facet normal -0.980788 0.195079 0
    outer loop
      vertex 0.102222 18.8765 43.8978
      vertex 0.0256653 18.4916 0
      vertex 0.0256653 18.4916 43.9743
    endloop
  endfacet
  facet normal -0.980813 0.194951 0
    outer loop
      vertex 0.102222 18.8765 48.3109
      vertex 0.0856848 18.7933 48.4
      vertex 0.102222 18.8765 48.4
    endloop
  endfacet
  facet normal -0.980794 0.195045 0
    outer loop
      vertex 0.102222 18.8765 44.3022
      vertex 0.0671224 18.7 44.5
      vertex 0.102222 18.8765 44.689
    endloop
  endfacet
  facet normal -0.980789 0.195074 2.64961e-05
    outer loop
      vertex 0.0256653 18.4916 44.2257
      vertex 0.0671224 18.7 44.5
      vertex 0.102222 18.8765 44.3022
    endloop
  endfacet
  facet normal -0.980782 0.195107 0
    outer loop
      vertex 0.0671224 18.7 44.5
      vertex 0.0256653 18.4916 44.2257
      vertex 0.0256653 18.4916 44.5
    endloop
  endfacet
  facet normal 1 -0 0
    outer loop
      vertex 129.2 3 48.4
      vertex 129.2 18.1 0
      vertex 129.2 18.1 48.4
    endloop
  endfacet
  facet normal 1 0 0
    outer loop
      vertex 129.2 18.1 0
      vertex 129.2 3 48.4
      vertex 129.2 3 0
    endloop
  endfacet
  facet normal -0.0654026 -0.997859 0
    outer loop
      vertex 2.60842 0.0256653 0
      vertex 3 0 48.4
      vertex 2.60842 0.0256653 48.4
    endloop
  endfacet
  facet normal -0.0654026 -0.997859 -0
    outer loop
      vertex 3 0 48.4
      vertex 2.60842 0.0256653 0
      vertex 3 0 0
    endloop
  endfacet
  facet normal -0.896873 -0.442288 -0
    outer loop
      vertex 0.401923 1.5 48.4
      vertex 0.228361 1.85195 47.9128
      vertex 0.401923 1.5 47.5357
    endloop
  endfacet
  facet normal -0.896873 -0.442288 0
    outer loop
      vertex 0.228361 1.85195 47.9128
      vertex 0.401923 1.5 48.4
      vertex 0.228361 1.85195 48.4
    endloop
  endfacet
  facet normal -0.896873 -0.442288 -0
    outer loop
      vertex 0.401923 1.5 43.5981
      vertex 0.228361 1.85195 0
      vertex 0.401923 1.5 0
    endloop
  endfacet
  facet normal -0.896873 -0.442288 0
    outer loop
      vertex 0.228361 1.85195 0
      vertex 0.401923 1.5 43.5981
      vertex 0.228361 1.85195 43.7716
    endloop
  endfacet
  facet normal -0.896873 -0.442288 0
    outer loop
      vertex 0.401923 1.5 44.6019
      vertex 0.228361 1.85195 45.0872
      vertex 0.228361 1.85195 44.4284
    endloop
  endfacet
  facet normal -0.896873 -0.442288 0
    outer loop
      vertex 0.228361 1.85195 45.0872
      vertex 0.401923 1.5 44.6019
      vertex 0.401923 1.5 45.4643
    endloop
  endfacet
  facet normal -0.831465 -0.555577 -0
    outer loop
      vertex 0.61994 1.17372 48.4
      vertex 0.401923 1.5 47.5357
      vertex 0.61994 1.17372 47.1861
    endloop
  endfacet
  facet normal -0.831465 -0.555577 0
    outer loop
      vertex 0.401923 1.5 47.5357
      vertex 0.61994 1.17372 48.4
      vertex 0.401923 1.5 48.4
    endloop
  endfacet
  facet normal -0.831465 -0.555577 -0
    outer loop
      vertex 0.61994 1.17372 43.3801
      vertex 0.401923 1.5 0
      vertex 0.61994 1.17372 0
    endloop
  endfacet
  facet normal -0.831465 -0.555577 0
    outer loop
      vertex 0.401923 1.5 0
      vertex 0.61994 1.17372 43.3801
      vertex 0.401923 1.5 43.5981
    endloop
  endfacet
  facet normal -0.831465 -0.555577 0
    outer loop
      vertex 0.61994 1.17372 44.8199
      vertex 0.401923 1.5 45.4643
      vertex 0.401923 1.5 44.6019
    endloop
  endfacet
  facet normal -0.831465 -0.555577 0
    outer loop
      vertex 0.401923 1.5 45.4643
      vertex 0.61994 1.17372 44.8199
      vertex 0.61994 1.17372 45.8139
    endloop
  endfacet
  facet normal 0.0654208 0.997858 -0
    outer loop
      vertex 126.592 21.0743 0
      vertex 126.2 21.1 48.4
      vertex 126.592 21.0743 48.4
    endloop
  endfacet
  facet normal 0.0654208 0.997858 0
    outer loop
      vertex 126.2 21.1 48.4
      vertex 126.592 21.0743 0
      vertex 126.2 21.1 0
    endloop
  endfacet
  facet normal 0.659478 0.751724 -0
    outer loop
      vertex 128.321 20.2213 0
      vertex 128.026 20.4801 48.4
      vertex 128.321 20.2213 48.4
    endloop
  endfacet
  facet normal 0.659478 0.751724 0
    outer loop
      vertex 128.026 20.4801 48.4
      vertex 128.321 20.2213 0
      vertex 128.026 20.4801 0
    endloop
  endfacet
  facet normal 0.555906 -0.831245 0
    outer loop
      vertex 127.7 0.401923 0
      vertex 128.026 0.61994 48.4
      vertex 127.7 0.401923 48.4
    endloop
  endfacet
  facet normal 0.555906 -0.831245 0
    outer loop
      vertex 128.026 0.61994 48.4
      vertex 127.7 0.401923 0
      vertex 128.026 0.61994 0
    endloop
  endfacet
  facet normal 0.751516 -0.659714 0
    outer loop
      vertex 128.321 0.878679 48.4
      vertex 128.58 1.17372 0
      vertex 128.58 1.17372 48.4
    endloop
  endfacet
  facet normal 0.751516 -0.659714 0
    outer loop
      vertex 128.58 1.17372 0
      vertex 128.321 0.878679 48.4
      vertex 128.321 0.878679 0
    endloop
  endfacet
  facet normal -0.442288 -0.896873 0
    outer loop
      vertex 1.5 0.401923 0
      vertex 1.85195 0.228361 48.4
      vertex 1.5 0.401923 48.4
    endloop
  endfacet
  facet normal -0.442288 -0.896873 -0
    outer loop
      vertex 1.85195 0.228361 48.4
      vertex 1.5 0.401923 0
      vertex 1.85195 0.228361 0
    endloop
  endfacet
  facet normal -0.751846 -0.659339 0
    outer loop
      vertex 0.878679 0.878679 45.0787
      vertex 0.61994 1.17372 45.8139
      vertex 0.61994 1.17372 44.8199
    endloop
  endfacet
  facet normal -0.751842 -0.659343 0
    outer loop
      vertex 0.772284 1 46
      vertex 0.878679 0.878679 45.0787
      vertex 0.772284 1 47
    endloop
  endfacet
  facet normal -0.751848 -0.659336 -1.70017e-06
    outer loop
      vertex 0.61994 1.17372 45.8139
      vertex 0.878679 0.878679 45.0787
      vertex 0.772284 1 46
    endloop
  endfacet
  facet normal -0.751849 -0.659336 1.16822e-06
    outer loop
      vertex 0.878679 0.878679 48.4
      vertex 0.61994 1.17372 47.1861
      vertex 0.772284 1 47
    endloop
  endfacet
  facet normal -0.751846 -0.659339 0
    outer loop
      vertex 0.61994 1.17372 47.1861
      vertex 0.878679 0.878679 48.4
      vertex 0.61994 1.17372 48.4
    endloop
  endfacet
  facet normal -0.751842 -0.659343 -0
    outer loop
      vertex 0.878679 0.878679 48.4
      vertex 0.772284 1 47
      vertex 0.878679 0.878679 45.0787
    endloop
  endfacet
  facet normal -0.751846 -0.659339 -0
    outer loop
      vertex 0.878679 0.878679 43.1213
      vertex 0.61994 1.17372 0
      vertex 0.878679 0.878679 0
    endloop
  endfacet
  facet normal -0.751846 -0.659339 0
    outer loop
      vertex 0.61994 1.17372 0
      vertex 0.878679 0.878679 43.1213
      vertex 0.61994 1.17372 43.3801
    endloop
  endfacet
  facet normal -0.980786 -0.195089 -0
    outer loop
      vertex 0.102222 2.22354 43.8978
      vertex 0.0256653 2.60842 0
      vertex 0.102222 2.22354 0
    endloop
  endfacet
  facet normal -0.980786 -0.195089 0
    outer loop
      vertex 0.0256653 2.60842 0
      vertex 0.102222 2.22354 43.8978
      vertex 0.0256653 2.60842 43.9743
    endloop
  endfacet
  facet normal -0.980785 -0.195092 -0
    outer loop
      vertex 0.102222 2.22354 48.4
      vertex 0.0856863 2.30667 48.4
      vertex 0.102222 2.22354 48.3109
    endloop
  endfacet
  facet normal -0.980786 -0.195088 0
    outer loop
      vertex 0.0256653 2.60842 44.2257
      vertex 0.067124 2.39999 44.5
      vertex 0.0256653 2.60842 44.5
    endloop
  endfacet
  facet normal -0.980786 -0.195089 -9.68719e-07
    outer loop
      vertex 0.102222 2.22354 44.3022
      vertex 0.067124 2.39999 44.5
      vertex 0.0256653 2.60842 44.2257
    endloop
  endfacet
  facet normal -0.980785 -0.19509 0
    outer loop
      vertex 0.067124 2.39999 44.5
      vertex 0.102222 2.22354 44.3022
      vertex 0.102222 2.22354 44.689
    endloop
  endfacet
  facet normal -0.997859 -0.0654026 -0
    outer loop
      vertex 0.0256653 2.60842 43.9743
      vertex 0 3 0
      vertex 0.0256653 2.60842 0
    endloop
  endfacet
  facet normal -0.997859 -0.0654026 0
    outer loop
      vertex 0 3 0
      vertex 0.0256653 2.60842 43.9743
      vertex 0 3 44
    endloop
  endfacet
  facet normal -0.997859 -0.0654026 0
    outer loop
      vertex 0.0256653 2.60842 44.2257
      vertex 0 3 44.5
      vertex 0 3 44.2
    endloop
  endfacet
  facet normal -0.997859 -0.0654026 0
    outer loop
      vertex 0 3 44.5
      vertex 0.0256653 2.60842 44.2257
      vertex 0.0256653 2.60842 44.5
    endloop
  endfacet
  facet normal -0.946929 -0.321442 -0
    outer loop
      vertex 0.228361 1.85195 48.4
      vertex 0.102222 2.22354 48.3109
      vertex 0.228361 1.85195 47.9128
    endloop
  endfacet
  facet normal -0.946929 -0.321442 0
    outer loop
      vertex 0.102222 2.22354 48.3109
      vertex 0.228361 1.85195 48.4
      vertex 0.102222 2.22354 48.4
    endloop
  endfacet
  facet normal -0.946929 -0.321442 -0
    outer loop
      vertex 0.228361 1.85195 43.7716
      vertex 0.102222 2.22354 0
      vertex 0.228361 1.85195 0
    endloop
  endfacet
  facet normal -0.946929 -0.321442 0
    outer loop
      vertex 0.102222 2.22354 0
      vertex 0.228361 1.85195 43.7716
      vertex 0.102222 2.22354 43.8978
    endloop
  endfacet
  facet normal -0.946929 -0.321442 0
    outer loop
      vertex 0.228361 1.85195 44.4284
      vertex 0.102222 2.22354 44.689
      vertex 0.102222 2.22354 44.3022
    endloop
  endfacet
  facet normal -0.946929 -0.321442 0
    outer loop
      vertex 0.102222 2.22354 44.689
      vertex 0.228361 1.85195 44.4284
      vertex 0.228361 1.85195 45.0872
    endloop
  endfacet
  facet normal -0.19495 0.980813 0
    outer loop
      vertex 2.60842 21.0743 0
      vertex 2.22354 20.9978 42.888
      vertex 2.60842 21.0743 43.2729
    endloop
  endfacet
  facet normal -0.19495 0.980813 0
    outer loop
      vertex 2.22354 20.9978 42.888
      vertex 2.60842 21.0743 0
      vertex 2.22354 20.9978 0
    endloop
  endfacet
  facet normal -0.19495 0.980813 0
    outer loop
      vertex 2.60842 21.0743 48.4
      vertex 2.22354 20.9978 45.312
      vertex 2.22354 20.9978 48.4
    endloop
  endfacet
  facet normal -0.19495 0.980813 0
    outer loop
      vertex 2.22354 20.9978 45.312
      vertex 2.60842 21.0743 48.4
      vertex 2.60842 21.0743 44.9271
    endloop
  endfacet
  facet normal -0.659426 0.751769 0
    outer loop
      vertex 0.878679 20.2213 0
      vertex 1.17372 20.4801 42.8263
      vertex 1.17372 20.4801 0
    endloop
  endfacet
  facet normal -0.659426 0.751769 0
    outer loop
      vertex 1.17372 20.4801 42.8263
      vertex 0.878679 20.2213 0
      vertex 0.878679 20.2213 43.1213
    endloop
  endfacet
  facet normal -0.659426 0.751769 0
    outer loop
      vertex 1.17372 20.4801 45.3737
      vertex 0.878679 20.2213 48.4
      vertex 1.17372 20.4801 48.4
    endloop
  endfacet
  facet normal -0.659426 0.751769 0
    outer loop
      vertex 0.878679 20.2213 48.4
      vertex 1.17372 20.4801 45.3737
      vertex 0.878679 20.2213 45.0787
    endloop
  endfacet
  facet normal -0.896848 0.442338 0
    outer loop
      vertex 0.228361 19.2481 47.9128
      vertex 0.401923 19.6 48.4
      vertex 0.401923 19.6 47.5357
    endloop
  endfacet
  facet normal -0.896848 0.442338 0
    outer loop
      vertex 0.401923 19.6 48.4
      vertex 0.228361 19.2481 47.9128
      vertex 0.228361 19.2481 48.4
    endloop
  endfacet
  facet normal -0.896848 0.442338 0
    outer loop
      vertex 0.228361 19.2481 0
      vertex 0.401923 19.6 43.5981
      vertex 0.401923 19.6 0
    endloop
  endfacet
  facet normal -0.896848 0.442338 0
    outer loop
      vertex 0.401923 19.6 43.5981
      vertex 0.228361 19.2481 0
      vertex 0.228361 19.2481 43.7716
    endloop
  endfacet
  facet normal -0.896848 0.442338 0
    outer loop
      vertex 0.228361 19.2481 45.0872
      vertex 0.401923 19.6 44.6019
      vertex 0.228361 19.2481 44.4284
    endloop
  endfacet
  facet normal -0.896848 0.442338 0
    outer loop
      vertex 0.401923 19.6 44.6019
      vertex 0.228361 19.2481 45.0872
      vertex 0.401923 19.6 45.4643
    endloop
  endfacet
  facet normal -0.831481 0.555553 0
    outer loop
      vertex 0.401923 19.6 47.5357
      vertex 0.61994 19.9263 48.4
      vertex 0.61994 19.9263 47.1861
    endloop
  endfacet
  facet normal -0.831481 0.555553 0
    outer loop
      vertex 0.61994 19.9263 48.4
      vertex 0.401923 19.6 47.5357
      vertex 0.401923 19.6 48.4
    endloop
  endfacet
  facet normal -0.831481 0.555553 0
    outer loop
      vertex 0.401923 19.6 0
      vertex 0.61994 19.9263 43.3801
      vertex 0.61994 19.9263 0
    endloop
  endfacet
  facet normal -0.831481 0.555553 0
    outer loop
      vertex 0.61994 19.9263 43.3801
      vertex 0.401923 19.6 0
      vertex 0.401923 19.6 43.5981
    endloop
  endfacet
  facet normal -0.831481 0.555553 0
    outer loop
      vertex 0.401923 19.6 45.4643
      vertex 0.61994 19.9263 44.8199
      vertex 0.401923 19.6 44.6019
    endloop
  endfacet
  facet normal -0.831481 0.555553 0
    outer loop
      vertex 0.61994 19.9263 44.8199
      vertex 0.401923 19.6 45.4643
      vertex 0.61994 19.9263 45.8139
    endloop
  endfacet
  facet normal -0.751764 0.659433 0
    outer loop
      vertex 0.772277 20.1 47
      vertex 0.878679 20.2213 45.0787
      vertex 0.772277 20.1 46
    endloop
  endfacet
  facet normal -0.751801 0.65939 0
    outer loop
      vertex 0.61994 19.9263 45.8139
      vertex 0.878679 20.2213 45.0787
      vertex 0.61994 19.9263 44.8199
    endloop
  endfacet
  facet normal -0.751819 0.65937 -1.46132e-05
    outer loop
      vertex 0.878679 20.2213 45.0787
      vertex 0.61994 19.9263 45.8139
      vertex 0.772277 20.1 46
    endloop
  endfacet
  facet normal -0.751764 0.659433 0
    outer loop
      vertex 0.878679 20.2213 45.0787
      vertex 0.772277 20.1 47
      vertex 0.878679 20.2213 48.4
    endloop
  endfacet
  facet normal -0.751821 0.659367 1.0041e-05
    outer loop
      vertex 0.61994 19.9263 47.1861
      vertex 0.878679 20.2213 48.4
      vertex 0.772277 20.1 47
    endloop
  endfacet
  facet normal -0.751801 0.65939 0
    outer loop
      vertex 0.878679 20.2213 48.4
      vertex 0.61994 19.9263 47.1861
      vertex 0.61994 19.9263 48.4
    endloop
  endfacet
  facet normal -0.751801 0.65939 0
    outer loop
      vertex 0.61994 19.9263 0
      vertex 0.878679 20.2213 43.1213
      vertex 0.878679 20.2213 0
    endloop
  endfacet
  facet normal -0.751801 0.65939 0
    outer loop
      vertex 0.878679 20.2213 43.1213
      vertex 0.61994 19.9263 0
      vertex 0.61994 19.9263 43.3801
    endloop
  endfacet
  facet normal 0.195379 0.980728 -0
    outer loop
      vertex 126.976 20.9978 0
      vertex 126.592 21.0743 48.4
      vertex 126.976 20.9978 48.4
    endloop
  endfacet
  facet normal 0.195379 0.980728 0
    outer loop
      vertex 126.592 21.0743 48.4
      vertex 126.976 20.9978 0
      vertex 126.592 21.0743 0
    endloop
  endfacet
  facet normal 0.831501 0.555523 0
    outer loop
      vertex 128.798 19.6 48.4
      vertex 128.58 19.9263 0
      vertex 128.58 19.9263 48.4
    endloop
  endfacet
  facet normal 0.831501 0.555523 0
    outer loop
      vertex 128.58 19.9263 0
      vertex 128.798 19.6 48.4
      vertex 128.798 19.6 0
    endloop
  endfacet
  facet normal 0.44211 0.896961 -0
    outer loop
      vertex 127.7 20.6981 0
      vertex 127.348 20.8716 48.4
      vertex 127.7 20.6981 48.4
    endloop
  endfacet
  facet normal 0.44211 0.896961 0
    outer loop
      vertex 127.348 20.8716 48.4
      vertex 127.7 20.6981 0
      vertex 127.348 20.8716 0
    endloop
  endfacet
  facet normal 0.555877 0.831265 -0
    outer loop
      vertex 128.026 20.4801 0
      vertex 127.7 20.6981 48.4
      vertex 128.026 20.4801 48.4
    endloop
  endfacet
  facet normal 0.555877 0.831265 0
    outer loop
      vertex 127.7 20.6981 48.4
      vertex 128.026 20.4801 0
      vertex 127.7 20.6981 0
    endloop
  endfacet
  facet normal 0.321264 0.94699 -0
    outer loop
      vertex 127.348 20.8716 0
      vertex 126.976 20.9978 48.4
      vertex 127.348 20.8716 48.4
    endloop
  endfacet
  facet normal 0.321264 0.94699 0
    outer loop
      vertex 126.976 20.9978 48.4
      vertex 127.348 20.8716 0
      vertex 126.976 20.9978 0
    endloop
  endfacet
  facet normal 0.896405 0.443235 0
    outer loop
      vertex 128.972 19.2481 48.4
      vertex 128.798 19.6 0
      vertex 128.798 19.6 48.4
    endloop
  endfacet
  facet normal 0.896405 0.443235 0
    outer loop
      vertex 128.798 19.6 0
      vertex 128.972 19.2481 48.4
      vertex 128.972 19.2481 0
    endloop
  endfacet
  facet normal 0.981058 0.193714 0
    outer loop
      vertex 129.174 18.4916 48.4
      vertex 129.098 18.8765 0
      vertex 129.098 18.8765 48.4
    endloop
  endfacet
  facet normal 0.981058 0.193714 0
    outer loop
      vertex 129.098 18.8765 0
      vertex 129.174 18.4916 48.4
      vertex 129.174 18.4916 0
    endloop
  endfacet
  facet normal 0.442237 -0.896898 0
    outer loop
      vertex 127.348 0.228361 0
      vertex 127.7 0.401923 48.4
      vertex 127.348 0.228361 48.4
    endloop
  endfacet
  facet normal 0.442237 -0.896898 0
    outer loop
      vertex 127.7 0.401923 48.4
      vertex 127.348 0.228361 0
      vertex 127.7 0.401923 0
    endloop
  endfacet
  facet normal 0.65939 -0.751801 0
    outer loop
      vertex 128.026 0.61994 0
      vertex 128.321 0.878679 48.4
      vertex 128.026 0.61994 48.4
    endloop
  endfacet
  facet normal 0.65939 -0.751801 0
    outer loop
      vertex 128.321 0.878679 48.4
      vertex 128.026 0.61994 0
      vertex 128.321 0.878679 0
    endloop
  endfacet
  facet normal 0.89643 -0.443185 0
    outer loop
      vertex 128.798 1.5 48.4
      vertex 128.972 1.85195 0
      vertex 128.972 1.85195 48.4
    endloop
  endfacet
  facet normal 0.89643 -0.443185 0
    outer loop
      vertex 128.972 1.85195 0
      vertex 128.798 1.5 48.4
      vertex 128.798 1.5 0
    endloop
  endfacet
  facet normal 0.981056 -0.193723 0
    outer loop
      vertex 129.098 2.22354 48.4
      vertex 129.174 2.60842 0
      vertex 129.174 2.60842 48.4
    endloop
  endfacet
  facet normal 0.981056 -0.193723 0
    outer loop
      vertex 129.174 2.60842 0
      vertex 129.098 2.22354 48.4
      vertex 129.098 2.22354 0
    endloop
  endfacet
  facet normal 0.831485 -0.555547 0
    outer loop
      vertex 128.58 1.17372 48.4
      vertex 128.798 1.5 0
      vertex 128.798 1.5 48.4
    endloop
  endfacet
  facet normal 0.831485 -0.555547 0
    outer loop
      vertex 128.798 1.5 0
      vertex 128.58 1.17372 48.4
      vertex 128.58 1.17372 0
    endloop
  endfacet
  facet normal -0.555576 -0.831465 -0
    outer loop
      vertex 1.17372 0.61994 42.8263
      vertex 1.17372 0.61994 0
      vertex 1.35322 0.5 42.6468
    endloop
  endfacet
  facet normal -0.555577 -0.831465 -2.53328e-08
    outer loop
      vertex 1.17372 0.61994 48.4
      vertex 1.35322 0.5 45.5532
      vertex 1.5 0.401923 48.4
    endloop
  endfacet
  facet normal -0.555576 -0.831465 0
    outer loop
      vertex 1.35322 0.5 45.5532
      vertex 1.17372 0.61994 48.4
      vertex 1.17372 0.61994 45.3737
    endloop
  endfacet
  facet normal -0.555577 -0.831465 0
    outer loop
      vertex 1.35322 0.5 42.6468
      vertex 1.5 0.401923 48.4
      vertex 1.35322 0.5 45.5532
    endloop
  endfacet
  facet normal -0.555577 -0.831465 1.69104e-09
    outer loop
      vertex 1.5 0.401923 0
      vertex 1.35322 0.5 42.6468
      vertex 1.17372 0.61994 0
    endloop
  endfacet
  facet normal -0.555577 -0.831465 0
    outer loop
      vertex 1.35322 0.5 42.6468
      vertex 1.5 0.401923 0
      vertex 1.5 0.401923 48.4
    endloop
  endfacet
  facet normal -0.195089 -0.980786 0
    outer loop
      vertex 2.22354 0.102222 0
      vertex 2.60842 0.0256653 48.4
      vertex 2.22354 0.102222 48.4
    endloop
  endfacet
  facet normal -0.195089 -0.980786 -0
    outer loop
      vertex 2.60842 0.0256653 48.4
      vertex 2.22354 0.102222 0
      vertex 2.60842 0.0256653 0
    endloop
  endfacet
  facet normal -0.321582 0.946882 0
    outer loop
      vertex 2.22354 20.9978 0
      vertex 1.85195 20.8716 42.5164
      vertex 2.22354 20.9978 42.888
    endloop
  endfacet
  facet normal -0.321582 0.946882 0
    outer loop
      vertex 1.85195 20.8716 42.5164
      vertex 2.22354 20.9978 0
      vertex 1.85195 20.8716 0
    endloop
  endfacet
  facet normal -0.321582 0.946882 0
    outer loop
      vertex 2.22354 20.9978 48.4
      vertex 1.85195 20.8716 45.6836
      vertex 1.85195 20.8716 48.4
    endloop
  endfacet
  facet normal -0.321582 0.946882 0
    outer loop
      vertex 1.85195 20.8716 45.6836
      vertex 2.22354 20.9978 48.4
      vertex 2.22354 20.9978 45.312
    endloop
  endfacet
  facet normal -0.442181 0.896926 0
    outer loop
      vertex 1.85195 20.8716 42.5164
      vertex 1.85195 20.8716 0
      vertex 1.66777 20.7808 42.3322
    endloop
  endfacet
  facet normal -0.44216 0.896936 1.10169e-07
    outer loop
      vertex 1.5 20.6981 0
      vertex 1.66777 20.7808 42.3322
      vertex 1.85195 20.8716 0
    endloop
  endfacet
  facet normal -0.442138 0.896947 0
    outer loop
      vertex 1.66777 20.7808 42.3322
      vertex 1.5 20.6981 0
      vertex 1.5 20.6981 42.5
    endloop
  endfacet
  facet normal -0.44216 0.896936 -1.84176e-06
    outer loop
      vertex 1.85195 20.8716 48.4
      vertex 1.66777 20.7808 45.8678
      vertex 1.5 20.6981 48.4
    endloop
  endfacet
  facet normal -0.442181 0.896926 0
    outer loop
      vertex 1.66777 20.7808 45.8678
      vertex 1.85195 20.8716 48.4
      vertex 1.85195 20.8716 45.6836
    endloop
  endfacet
  facet normal -0.442138 0.896947 0
    outer loop
      vertex 1.5 20.6981 48.4
      vertex 1.66777 20.7808 45.8678
      vertex 1.5 20.6981 45.7
    endloop
  endfacet
  facet normal -0.555547 0.831485 0
    outer loop
      vertex 1.17372 20.4801 0
      vertex 1.5 20.6981 42.5
      vertex 1.5 20.6981 0
    endloop
  endfacet
  facet normal -0.555547 0.831485 0
    outer loop
      vertex 1.5 20.6981 42.5
      vertex 1.17372 20.4801 0
      vertex 1.17372 20.4801 42.8263
    endloop
  endfacet
  facet normal -0.555547 0.831485 0
    outer loop
      vertex 1.5 20.6981 45.7
      vertex 1.17372 20.4801 48.4
      vertex 1.5 20.6981 48.4
    endloop
  endfacet
  facet normal -0.555547 0.831485 0
    outer loop
      vertex 1.17372 20.4801 48.4
      vertex 1.5 20.6981 45.7
      vertex 1.17372 20.4801 45.3737
    endloop
  endfacet
  facet normal -0.946932 0.321434 0
    outer loop
      vertex 0.102222 18.8765 0
      vertex 0.228361 19.2481 43.7716
      vertex 0.228361 19.2481 0
    endloop
  endfacet
  facet normal -0.946932 0.321434 0
    outer loop
      vertex 0.228361 19.2481 43.7716
      vertex 0.102222 18.8765 0
      vertex 0.102222 18.8765 43.8978
    endloop
  endfacet
  facet normal -0.946932 0.321434 0
    outer loop
      vertex 0.102222 18.8765 48.3109
      vertex 0.228361 19.2481 48.4
      vertex 0.228361 19.2481 47.9128
    endloop
  endfacet
  facet normal -0.946932 0.321434 0
    outer loop
      vertex 0.228361 19.2481 48.4
      vertex 0.102222 18.8765 48.3109
      vertex 0.102222 18.8765 48.4
    endloop
  endfacet
  facet normal -0.946932 0.321434 0
    outer loop
      vertex 0.102222 18.8765 44.689
      vertex 0.228361 19.2481 44.4284
      vertex 0.102222 18.8765 44.3022
    endloop
  endfacet
  facet normal -0.946932 0.321434 0
    outer loop
      vertex 0.228361 19.2481 44.4284
      vertex 0.102222 18.8765 44.689
      vertex 0.228361 19.2481 45.0872
    endloop
  endfacet
  facet normal 0.751471 0.659766 0
    outer loop
      vertex 128.58 19.9263 48.4
      vertex 128.321 20.2213 0
      vertex 128.321 20.2213 48.4
    endloop
  endfacet
  facet normal 0.751471 0.659766 0
    outer loop
      vertex 128.321 20.2213 0
      vertex 128.58 19.9263 48.4
      vertex 128.58 19.9263 0
    endloop
  endfacet
  facet normal 0.94704 0.321117 0
    outer loop
      vertex 129.098 18.8765 48.4
      vertex 128.972 19.2481 0
      vertex 128.972 19.2481 48.4
    endloop
  endfacet
  facet normal 0.94704 0.321117 0
    outer loop
      vertex 128.972 19.2481 0
      vertex 129.098 18.8765 48.4
      vertex 129.098 18.8765 0
    endloop
  endfacet
  facet normal 0.321124 -0.947037 0
    outer loop
      vertex 126.976 0.102222 0
      vertex 127.348 0.228361 48.4
      vertex 126.976 0.102222 48.4
    endloop
  endfacet
  facet normal 0.321124 -0.947037 0
    outer loop
      vertex 127.348 0.228361 48.4
      vertex 126.976 0.102222 0
      vertex 127.348 0.228361 0
    endloop
  endfacet
  facet normal 0.947037 -0.321125 0
    outer loop
      vertex 128.972 1.85195 48.4
      vertex 129.098 2.22354 0
      vertex 129.098 2.22354 48.4
    endloop
  endfacet
  facet normal 0.947037 -0.321125 0
    outer loop
      vertex 129.098 2.22354 0
      vertex 128.972 1.85195 48.4
      vertex 128.972 1.85195 0
    endloop
  endfacet
  facet normal 4.17843e-06 -0.731004 0.682373
    outer loop
      vertex 37.4 18.7 44.5
      vertex 0.772277 20.1 46
      vertex 1.66777 19.9766 45.8678
    endloop
  endfacet
  facet normal -6.26191e-06 -0.73104 0.682335
    outer loop
      vertex 0.61994 19.9263 45.8139
      vertex 1.66777 19.9766 45.8678
      vertex 0.772277 20.1 46
    endloop
  endfacet
  facet normal -5.54619e-06 -0.731047 0.682328
    outer loop
      vertex 0.401923 19.6 45.4643
      vertex 1.66777 19.9766 45.8678
      vertex 0.61994 19.9263 45.8139
    endloop
  endfacet
  facet normal -0.000299561 -0.731044 0.68233
    outer loop
      vertex 0.299986 18.7 44.5
      vertex 0.401923 19.6 45.4643
      vertex 0.228361 19.2481 45.0872
    endloop
  endfacet
  facet normal -0.000355584 -0.731048 0.682326
    outer loop
      vertex 0.299986 18.7 44.5
      vertex 0.228361 19.2481 45.0872
      vertex 0.102222 18.8765 44.689
    endloop
  endfacet
  facet normal 0 -0.730862 0.682525
    outer loop
      vertex 0.299986 18.7 44.5
      vertex 0.102222 18.8765 44.689
      vertex 0.0671224 18.7 44.5
    endloop
  endfacet
  facet normal 3.33448e-06 -0.73106 0.682313
    outer loop
      vertex 0.401923 19.6 45.4643
      vertex 0.299986 18.7 44.5
      vertex 1.66777 19.9766 45.8678
    endloop
  endfacet
  facet normal 0 -0.731059 0.682314
    outer loop
      vertex 37.4 18.7 44.5
      vertex 1.66777 19.9766 45.8678
      vertex 3.03555 18.7 44.5
    endloop
  endfacet
  facet normal 0 -0.731055 0.682318
    outer loop
      vertex 0.772277 20.1 46
      vertex 37.4 18.7 44.5
      vertex 39 18.7 44.5
    endloop
  endfacet
  facet normal 0 -0.731055 0.682318
    outer loop
      vertex 74 18.7 44.5
      vertex 0.772277 20.1 46
      vertex 39 18.7 44.5
    endloop
  endfacet
  facet normal 0 -0.731055 0.682318
    outer loop
      vertex 0.772277 20.1 46
      vertex 74 18.7 44.5
      vertex 127.3 20.1 46
    endloop
  endfacet
  facet normal 0 -0.731055 0.682318
    outer loop
      vertex 75.6 18.7 44.5
      vertex 127.3 20.1 46
      vertex 74 18.7 44.5
    endloop
  endfacet
  facet normal 0 -0.731055 0.682318
    outer loop
      vertex 110.6 18.7 44.5
      vertex 127.3 20.1 46
      vertex 75.6 18.7 44.5
    endloop
  endfacet
  facet normal 0 -0.731055 0.682318
    outer loop
      vertex 110.6 18.7 44.5
      vertex 127.3 18.7 44.5
      vertex 127.3 20.1 46
    endloop
  endfacet
  facet normal -0.00193997 -0.730711 -0.682685
    outer loop
      vertex 0.228361 19.2481 47.9128
      vertex 0.0856848 18.7933 48.4
      vertex 0.102222 18.8765 48.3109
    endloop
  endfacet
  facet normal -0.000519385 -0.730919 -0.682464
    outer loop
      vertex 0.0856848 18.7933 48.4
      vertex 0.228361 19.2481 47.9128
      vertex 0.772277 20.1 47
    endloop
  endfacet
  facet normal 0.00058223 -0.731247 -0.682113
    outer loop
      vertex 0.772277 20.1 47
      vertex 0.228361 19.2481 47.9128
      vertex 0.401923 19.6 47.5357
    endloop
  endfacet
  facet normal 6.28241e-05 -0.731068 -0.682305
    outer loop
      vertex 0.772277 20.1 47
      vertex 0.401923 19.6 47.5357
      vertex 0.61994 19.9263 47.1861
    endloop
  endfacet
  facet normal 0 -0.731047 -0.682328
    outer loop
      vertex 0.0856848 18.7933 48.4
      vertex 0.772277 20.1 47
      vertex 127.3 18.7933 48.4
    endloop
  endfacet
  facet normal 0 -0.731047 -0.682328
    outer loop
      vertex 127.3 18.7933 48.4
      vertex 0.772277 20.1 47
      vertex 127.3 20.1 47
    endloop
  endfacet
  facet normal 0 1 -0
    outer loop
      vertex 127.3 1 46
      vertex 0.772284 1 47
      vertex 127.3 1 47
    endloop
  endfacet
  facet normal 0 1 0
    outer loop
      vertex 0.772284 1 47
      vertex 127.3 1 46
      vertex 0.772284 1 46
    endloop
  endfacet
  facet normal 0 -1 0
    outer loop
      vertex 0.772277 20.1 46
      vertex 127.3 20.1 47
      vertex 0.772277 20.1 47
    endloop
  endfacet
  facet normal 0 -1 -0
    outer loop
      vertex 127.3 20.1 47
      vertex 0.772277 20.1 46
      vertex 127.3 20.1 46
    endloop
  endfacet
  facet normal 0 0.731018 0.682358
    outer loop
      vertex 127.3 1 46
      vertex 1.66777 1.1234 45.8678
      vertex 0.772284 1 46
    endloop
  endfacet
  facet normal -0 0.731058 0.682316
    outer loop
      vertex 3.03555 2.39999 44.5
      vertex 127.3 1 46
      vertex 127.3 2.39999 44.5
    endloop
  endfacet
  facet normal 9.06153e-08 0.731061 0.682312
    outer loop
      vertex 127.3 1 46
      vertex 3.03555 2.39999 44.5
      vertex 1.66777 1.1234 45.8678
    endloop
  endfacet
  facet normal 4.08571e-06 0.731005 0.682372
    outer loop
      vertex 1.66777 1.1234 45.8678
      vertex 0.61994 1.17372 45.8139
      vertex 0.772284 1 46
    endloop
  endfacet
  facet normal 1.10928e-05 0.731073 0.6823
    outer loop
      vertex 1.66777 1.1234 45.8678
      vertex 0.401923 1.5 45.4643
      vertex 0.61994 1.17372 45.8139
    endloop
  endfacet
  facet normal 5.83538e-06 0.731064 0.682308
    outer loop
      vertex 0.299986 2.39999 44.5
      vertex 0.401923 1.5 45.4643
      vertex 1.66777 1.1234 45.8678
    endloop
  endfacet
  facet normal -4.78585e-06 0.731064 0.682309
    outer loop
      vertex 0.401923 1.5 45.4643
      vertex 0.299986 2.39999 44.5
      vertex 0.228361 1.85195 45.0872
    endloop
  endfacet
  facet normal -0.000227184 0.731077 0.682295
    outer loop
      vertex 0.228361 1.85195 45.0872
      vertex 0.299986 2.39999 44.5
      vertex 0.102222 2.22354 44.689
    endloop
  endfacet
  facet normal 0 0.730959 0.682422
    outer loop
      vertex 0.102222 2.22354 44.689
      vertex 0.299986 2.39999 44.5
      vertex 0.067124 2.39999 44.5
    endloop
  endfacet
  facet normal 0 0.731054 -0.682319
    outer loop
      vertex 0.772284 1 47
      vertex 0.0856863 2.30667 48.4
      vertex 127.3 2.30667 48.4
    endloop
  endfacet
  facet normal 8.80962e-06 0.731057 -0.682317
    outer loop
      vertex 0.228361 1.85195 47.9128
      vertex 0.0856863 2.30667 48.4
      vertex 0.772284 1 47
    endloop
  endfacet
  facet normal 0.0022959 0.731389 -0.681957
    outer loop
      vertex 0.0856863 2.30667 48.4
      vertex 0.228361 1.85195 47.9128
      vertex 0.102222 2.22354 48.3109
    endloop
  endfacet
  facet normal 0.000162629 0.731102 -0.682268
    outer loop
      vertex 0.228361 1.85195 47.9128
      vertex 0.772284 1 47
      vertex 0.401923 1.5 47.5357
    endloop
  endfacet
  facet normal 0 0.731054 -0.682319
    outer loop
      vertex 0.772284 1 47
      vertex 127.3 2.30667 48.4
      vertex 127.3 1 47
    endloop
  endfacet
  facet normal 0.000680411 0.731281 -0.682076
    outer loop
      vertex 0.401923 1.5 47.5357
      vertex 0.772284 1 47
      vertex 0.61994 1.17372 47.1861
    endloop
  endfacet
  facet normal -1 0 0
    outer loop
      vertex 127.3 20.1 46
      vertex 127.3 18.7933 48.4
      vertex 127.3 20.1 47
    endloop
  endfacet
  facet normal -1 0 0
    outer loop
      vertex 127.3 18.7 44.5
      vertex 127.3 18.7933 48.4
      vertex 127.3 20.1 46
    endloop
  endfacet
  facet normal -1 0 0
    outer loop
      vertex 127.3 2.39999 44.5
      vertex 127.3 18.7933 48.4
      vertex 127.3 18.7 44.5
    endloop
  endfacet
  facet normal -1 0 0
    outer loop
      vertex 127.3 2.39999 44.5
      vertex 127.3 2.30667 48.4
      vertex 127.3 18.7933 48.4
    endloop
  endfacet
  facet normal -1 0 0
    outer loop
      vertex 127.3 1 46
      vertex 127.3 2.30667 48.4
      vertex 127.3 2.39999 44.5
    endloop
  endfacet
  facet normal -1 0 0
    outer loop
      vertex 127.3 2.30667 48.4
      vertex 127.3 1 46
      vertex 127.3 1 47
    endloop
  endfacet
  facet normal 0 0 1
    outer loop
      vertex 39 18.7 44.5
      vertex 37.4 18.7 44.5
      vertex 39 2.4 44.5
    endloop
  endfacet
  facet normal 0 0 1
    outer loop
      vertex 75.6 18.7 44.5
      vertex 74 18.7 44.5
      vertex 75.6 2.4 44.5
    endloop
  endfacet
  facet normal -0 0 1
    outer loop
      vertex 113.7 9.45 44.5
      vertex 125.7 7.95 44.5
      vertex 125.7 9.45 44.5
    endloop
  endfacet
  facet normal 0 0 1
    outer loop
      vertex 125.7 7.95 44.5
      vertex 113.7 9.45 44.5
      vertex 113.7 7.95 44.5
    endloop
  endfacet
  facet normal -0 0 1
    outer loop
      vertex 113.7 13.15 44.5
      vertex 125.7 11.65 44.5
      vertex 125.7 13.15 44.5
    endloop
  endfacet
  facet normal 0 0 1
    outer loop
      vertex 125.7 11.65 44.5
      vertex 113.7 13.15 44.5
      vertex 113.7 11.65 44.5
    endloop
  endfacet
  facet normal 0 0 1
    outer loop
      vertex 125.7 13.15 44.5
      vertex 127.3 18.7 44.5
      vertex 125.7 15.35 44.5
    endloop
  endfacet
  facet normal 0 0 1
    outer loop
      vertex 127.3 18.7 44.5
      vertex 113.7 15.35 44.5
      vertex 125.7 15.35 44.5
    endloop
  endfacet
  facet normal 0 0 1
    outer loop
      vertex 110.6 18.7 44.5
      vertex 113.7 13.15 44.5
      vertex 113.7 15.35 44.5
    endloop
  endfacet
  facet normal 0 0 1
    outer loop
      vertex 113.7 13.15 44.5
      vertex 110.6 18.7 44.5
      vertex 113.7 11.65 44.5
    endloop
  endfacet
  facet normal 0 0 1
    outer loop
      vertex 113.7 11.65 44.5
      vertex 110.6 18.7 44.5
      vertex 113.7 9.45 44.5
    endloop
  endfacet
  facet normal 0 0 1
    outer loop
      vertex 110.6 2.4 44.5
      vertex 113.7 9.45 44.5
      vertex 110.6 18.7 44.5
    endloop
  endfacet
  facet normal 0 0 1
    outer loop
      vertex 113.7 9.45 44.5
      vertex 110.6 2.4 44.5
      vertex 113.7 7.95 44.5
    endloop
  endfacet
  facet normal -0 0 1
    outer loop
      vertex 110.6 18.7 44.5
      vertex 113.7 15.35 44.5
      vertex 127.3 18.7 44.5
    endloop
  endfacet
  facet normal 0 0 1
    outer loop
      vertex 125.7 11.65 44.5
      vertex 127.3 18.7 44.5
      vertex 125.7 13.15 44.5
    endloop
  endfacet
  facet normal 0 0 1
    outer loop
      vertex 127.3 18.7 44.5
      vertex 125.7 11.65 44.5
      vertex 127.3 2.39999 44.5
    endloop
  endfacet
  facet normal -0 0 1
    outer loop
      vertex 125.7 9.45 44.5
      vertex 127.3 2.39999 44.5
      vertex 125.7 11.65 44.5
    endloop
  endfacet
  facet normal -0 0 1
    outer loop
      vertex 125.7 7.95 44.5
      vertex 127.3 2.39999 44.5
      vertex 125.7 9.45 44.5
    endloop
  endfacet
  facet normal -0 0 1
    outer loop
      vertex 125.7 5.75 44.5
      vertex 127.3 2.39999 44.5
      vertex 125.7 7.95 44.5
    endloop
  endfacet
  facet normal -0 0 1
    outer loop
      vertex 113.7 5.75 44.5
      vertex 127.3 2.39999 44.5
      vertex 125.7 5.75 44.5
    endloop
  endfacet
  facet normal 0 0 1
    outer loop
      vertex 113.7 7.95 44.5
      vertex 110.6 2.4 44.5
      vertex 113.7 5.75 44.5
    endloop
  endfacet
  facet normal -0 0 1
    outer loop
      vertex 110.6 2.4 44.5
      vertex 127.3 2.39999 44.5
      vertex 113.7 5.75 44.5
    endloop
  endfacet
  facet normal -0 0 1
    outer loop
      vertex 75.6 2.4 44.5
      vertex 127.3 2.39999 44.5
      vertex 110.6 2.4 44.5
    endloop
  endfacet
  facet normal 0 0 1
    outer loop
      vertex 74 2.4 44.5
      vertex 75.6 2.4 44.5
      vertex 74 18.7 44.5
    endloop
  endfacet
  facet normal -0 0 1
    outer loop
      vertex 74 2.4 44.5
      vertex 127.3 2.39999 44.5
      vertex 75.6 2.4 44.5
    endloop
  endfacet
  facet normal -0 0 1
    outer loop
      vertex 39 2.4 44.5
      vertex 127.3 2.39999 44.5
      vertex 74 2.4 44.5
    endloop
  endfacet
  facet normal 0 0 1
    outer loop
      vertex 37.4 2.4 44.5
      vertex 39 2.4 44.5
      vertex 37.4 18.7 44.5
    endloop
  endfacet
  facet normal -0 0 1
    outer loop
      vertex 37.4 2.4 44.5
      vertex 127.3 2.39999 44.5
      vertex 39 2.4 44.5
    endloop
  endfacet
  facet normal 0 0 1
    outer loop
      vertex 3.03555 2.39999 44.5
      vertex 37.4 2.4 44.5
      vertex 3.03555 2.4 44.5
    endloop
  endfacet
  facet normal 0 0 1
    outer loop
      vertex 37.4 2.4 44.5
      vertex 3.03555 2.39999 44.5
      vertex 127.3 2.39999 44.5
    endloop
  endfacet
  facet normal -0 0 1
    outer loop
      vertex 0 3 44.5
      vertex 0.299986 2.39999 44.5
      vertex 0.299986 18.7 44.5
    endloop
  endfacet
  facet normal 0 0 1
    outer loop
      vertex 0.0256653 18.4916 44.5
      vertex 0.299986 18.7 44.5
      vertex 0.0671224 18.7 44.5
    endloop
  endfacet
  facet normal 0 0 1
    outer loop
      vertex 0.299986 18.7 44.5
      vertex 0.0256653 18.4916 44.5
      vertex 0 18.1 44.5
    endloop
  endfacet
  facet normal 0 0 1
    outer loop
      vertex 0 3 44.5
      vertex 0.299986 18.7 44.5
      vertex 0 18.1 44.5
    endloop
  endfacet
  facet normal -0 -0 1
    outer loop
      vertex 0.0256653 2.60842 44.5
      vertex 0.299986 2.39999 44.5
      vertex 0 3 44.5
    endloop
  endfacet
  facet normal 0 0 1
    outer loop
      vertex 0.299986 2.39999 44.5
      vertex 0.0256653 2.60842 44.5
      vertex 0.067124 2.39999 44.5
    endloop
  endfacet
  facet normal -0.707124 0 -0.707089
    outer loop
      vertex 3.43553 2.4 44.1
      vertex 3.03555 2.39999 44.5
      vertex 3.03555 2.4 44.5
    endloop
  endfacet
  facet normal -0.707124 0 -0.707089
    outer loop
      vertex 3.43553 0.5 44.1
      vertex 3.03555 2.39999 44.5
      vertex 3.43553 2.4 44.1
    endloop
  endfacet
  facet normal -0.707114 4.40172e-06 -0.7071
    outer loop
      vertex 3.03555 2.39999 44.5
      vertex 3.43553 0.5 44.1
      vertex 1.66777 1.1234 45.8678
    endloop
  endfacet
  facet normal -0.707115 -0 -0.707099
    outer loop
      vertex 1.66777 1.1234 45.8678
      vertex 3.43553 0.5 44.1
      vertex 1.66777 0.5 45.8678
    endloop
  endfacet
  facet normal -0.707082 -1.40104e-05 -0.707131
    outer loop
      vertex 3.03555 18.7 44.5
      vertex 3 21.1 44.5355
      vertex 3.43553 21.1 44.1
    endloop
  endfacet
  facet normal -0.707124 -1.52511e-05 -0.707089
    outer loop
      vertex 3 21.1 44.5355
      vertex 3.03555 18.7 44.5
      vertex 2.60842 21.0743 44.9271
    endloop
  endfacet
  facet normal -0.707125 -8.6943e-07 -0.707088
    outer loop
      vertex 2.60842 21.0743 44.9271
      vertex 1.66777 19.9766 45.8678
      vertex 2.22354 20.9978 45.312
    endloop
  endfacet
  facet normal -0.707114 -1.27782e-05 -0.707099
    outer loop
      vertex 2.22354 20.9978 45.312
      vertex 1.66777 19.9766 45.8678
      vertex 1.85195 20.8716 45.6836
    endloop
  endfacet
  facet normal -0.707145 0 -0.707068
    outer loop
      vertex 1.85195 20.8716 45.6836
      vertex 1.66777 19.9766 45.8678
      vertex 1.66777 20.7808 45.8678
    endloop
  endfacet
  facet normal -0.707124 0 -0.707089
    outer loop
      vertex 3.03555 18.7 44.5
      vertex 3.43553 21.1 44.1
      vertex 3.43553 18.7 44.1
    endloop
  endfacet
  facet normal -0.707118 -1.29725e-05 -0.707096
    outer loop
      vertex 2.60842 21.0743 44.9271
      vertex 3.03555 18.7 44.5
      vertex 1.66777 19.9766 45.8678
    endloop
  endfacet
  facet normal -0.707082 0 0.707131
    outer loop
      vertex 3 21.1 43.6645
      vertex 3.43553 18.7 44.1
      vertex 3.43553 21.1 44.1
    endloop
  endfacet
  facet normal -0.707125 9.17927e-06 0.707088
    outer loop
      vertex 2.4 18.7 43.0645
      vertex 3 21.1 43.6645
      vertex 2.60842 21.0743 43.2729
    endloop
  endfacet
  facet normal -0.707097 -5.12141e-06 0.707117
    outer loop
      vertex 3 21.1 43.6645
      vertex 2.4 18.7 43.0645
      vertex 3.43553 18.7 44.1
    endloop
  endfacet
  facet normal -0.707118 1.0572e-05 0.707095
    outer loop
      vertex 1.85195 20.8716 42.5164
      vertex 2.4 18.7 43.0645
      vertex 2.22354 20.9978 42.888
    endloop
  endfacet
  facet normal -0.707126 9.3446e-06 0.707087
    outer loop
      vertex 2.22354 20.9978 42.888
      vertex 2.4 18.7 43.0645
      vertex 2.60842 21.0743 43.2729
    endloop
  endfacet
  facet normal -0.707097 0 0.707117
    outer loop
      vertex 2.4 2.4 43.0645
      vertex 3.43553 0.5 44.1
      vertex 3.43553 2.4 44.1
    endloop
  endfacet
  facet normal -0.707144 -2.75452e-06 0.707069
    outer loop
      vertex 2.4 18.7 43.0645
      vertex 1.85195 20.8716 42.5164
      vertex 1.66777 20.7808 42.3322
    endloop
  endfacet
  facet normal -0.707141 0 0.707073
    outer loop
      vertex 1.66777 0.5 42.3322
      vertex 2.4 18.7 43.0645
      vertex 1.66777 20.7808 42.3322
    endloop
  endfacet
  facet normal -0.707115 -1.98849e-05 0.707099
    outer loop
      vertex 2.4 2.4 43.0645
      vertex 1.66777 0.5 42.3322
      vertex 3.43553 0.5 44.1
    endloop
  endfacet
  facet normal -0.707141 0 0.707073
    outer loop
      vertex 2.4 18.7 43.0645
      vertex 1.66777 0.5 42.3322
      vertex 2.4 2.4 43.0645
    endloop
  endfacet
  facet normal 0.707287 -0.000474184 0.706927
    outer loop
      vertex 1.17372 20.4801 42.8263
      vertex 1.66777 20.7808 42.3322
      vertex 1.5 20.6981 42.5
    endloop
  endfacet
  facet normal 0.707335 -0.000632234 0.706878
    outer loop
      vertex 0.878679 20.2213 43.1213
      vertex 1.66777 20.7808 42.3322
      vertex 1.17372 20.4801 42.8263
    endloop
  endfacet
  facet normal 0.70698 0.000368057 0.707233
    outer loop
      vertex 0.61994 19.9263 43.3801
      vertex 1.66777 20.7808 42.3322
      vertex 0.878679 20.2213 43.1213
    endloop
  endfacet
  facet normal 0.707192 -0.000150273 0.707022
    outer loop
      vertex 0.401923 19.6 43.5981
      vertex 1.66777 20.7808 42.3322
      vertex 0.61994 19.9263 43.3801
    endloop
  endfacet
  facet normal 0.707242 -0.000257737 0.706972
    outer loop
      vertex 0.228361 19.2481 43.7716
      vertex 1.66777 20.7808 42.3322
      vertex 0.401923 19.6 43.5981
    endloop
  endfacet
  facet normal 0.707007 0.000184155 0.707207
    outer loop
      vertex 0.102222 18.8765 43.8978
      vertex 1.66777 20.7808 42.3322
      vertex 0.228361 19.2481 43.7716
    endloop
  endfacet
  facet normal 0.707206 -0.000143551 0.707008
    outer loop
      vertex 0.0256653 18.4916 43.9743
      vertex 1.66777 20.7808 42.3322
      vertex 0.102222 18.8765 43.8978
    endloop
  endfacet
  facet normal 0.707058 6.91085e-05 0.707156
    outer loop
      vertex 0 18.1 44
      vertex 1.66777 20.7808 42.3322
      vertex 0.0256653 18.4916 43.9743
    endloop
  endfacet
  facet normal 0.707113 0 0.7071
    outer loop
      vertex 1.66777 0.5 42.3322
      vertex 0 18.1 44
      vertex 0 3 44
    endloop
  endfacet
  facet normal 0.707062 -6.85675e-05 0.707152
    outer loop
      vertex 1.66777 0.5 42.3322
      vertex 0 3 44
      vertex 0.0256653 2.60842 43.9743
    endloop
  endfacet
  facet normal 0.707195 0.000139342 0.707018
    outer loop
      vertex 1.66777 0.5 42.3322
      vertex 0.0256653 2.60842 43.9743
      vertex 0.102222 2.22354 43.8978
    endloop
  endfacet
  facet normal 0.707023 -0.000172634 0.70719
    outer loop
      vertex 1.66777 0.5 42.3322
      vertex 0.102222 2.22354 43.8978
      vertex 0.228361 1.85195 43.7716
    endloop
  endfacet
  facet normal 0.707212 0.000227947 0.707002
    outer loop
      vertex 1.66777 0.5 42.3322
      vertex 0.228361 1.85195 43.7716
      vertex 0.401923 1.5 43.5981
    endloop
  endfacet
  facet normal 0.707169 0.000119921 0.707045
    outer loop
      vertex 1.66777 0.5 42.3322
      vertex 0.401923 1.5 43.5981
      vertex 0.61994 1.17372 43.3801
    endloop
  endfacet
  facet normal 0.707053 -0.000240235 0.70716
    outer loop
      vertex 1.66777 0.5 42.3322
      vertex 0.61994 1.17372 43.3801
      vertex 0.878679 0.878679 43.1213
    endloop
  endfacet
  facet normal 0.707175 0.000267756 0.707038
    outer loop
      vertex 1.66777 0.5 42.3322
      vertex 0.878679 0.878679 43.1213
      vertex 1.17372 0.61994 42.8263
    endloop
  endfacet
  facet normal 0.707163 0.000168202 0.707051
    outer loop
      vertex 1.66777 0.5 42.3322
      vertex 1.17372 0.61994 42.8263
      vertex 1.35322 0.5 42.6468
    endloop
  endfacet
  facet normal 0.707113 0 0.7071
    outer loop
      vertex 0 18.1 44
      vertex 1.66777 0.5 42.3322
      vertex 1.66777 20.7808 42.3322
    endloop
  endfacet
  facet normal 0 1 0
    outer loop
      vertex 3.43553 0.5 44.1
      vertex 1.35322 0.5 45.5532
      vertex 1.66777 0.5 45.8678
    endloop
  endfacet
  facet normal 0 1 0
    outer loop
      vertex 3.43553 0.5 44.1
      vertex 1.35322 0.5 42.6468
      vertex 1.35322 0.5 45.5532
    endloop
  endfacet
  facet normal -0 1 0
    outer loop
      vertex 1.35322 0.5 42.6468
      vertex 3.43553 0.5 44.1
      vertex 1.66777 0.5 42.3322
    endloop
  endfacet
  facet normal 0.70717 0 -0.707044
    outer loop
      vertex 1.66777 19.9766 45.8678
      vertex 1.5 20.6981 45.7
      vertex 1.66777 20.7808 45.8678
    endloop
  endfacet
  facet normal 0.707134 -1.67239e-05 -0.70708
    outer loop
      vertex 1.5 20.6981 45.7
      vertex 1.66777 19.9766 45.8678
      vertex 1.17372 20.4801 45.3737
    endloop
  endfacet
  facet normal 0.707097 -8.95572e-05 -0.707117
    outer loop
      vertex 1.17372 20.4801 45.3737
      vertex 1.66777 19.9766 45.8678
      vertex 0.878679 20.2213 45.0787
    endloop
  endfacet
  facet normal 0.707128 0.000109386 -0.707086
    outer loop
      vertex 1.66777 19.9766 45.8678
      vertex 0.61994 19.9263 44.8199
      vertex 0.878679 20.2213 45.0787
    endloop
  endfacet
  facet normal 0.707132 -7.06659e-05 -0.707081
    outer loop
      vertex 1.66777 19.9766 45.8678
      vertex 0.401923 19.6 44.6019
      vertex 0.61994 19.9263 44.8199
    endloop
  endfacet
  facet normal 0.707127 -3.35529e-05 -0.707087
    outer loop
      vertex 0.299986 18.7 44.5
      vertex 0.401923 19.6 44.6019
      vertex 1.66777 19.9766 45.8678
    endloop
  endfacet
  facet normal 0.706981 -5.97715e-07 -0.707232
    outer loop
      vertex 0.401923 19.6 44.6019
      vertex 0.299986 18.7 44.5
      vertex 0.228361 19.2481 44.4284
    endloop
  endfacet
  facet normal 0.707196 5.55453e-05 -0.707018
    outer loop
      vertex 0.228361 19.2481 44.4284
      vertex 0.299986 18.7 44.5
      vertex 0.102222 18.8765 44.3022
    endloop
  endfacet
  facet normal 0.707122 -0.000110202 -0.707092
    outer loop
      vertex 0.299986 18.7 44.5
      vertex 0.0256653 18.4916 44.2257
      vertex 0.102222 18.8765 44.3022
    endloop
  endfacet
  facet normal 0.707054 6.9626e-05 -0.70716
    outer loop
      vertex 0.299986 18.7 44.5
      vertex 0 18.1 44.2
      vertex 0.0256653 18.4916 44.2257
    endloop
  endfacet
  facet normal 0.707123 0 -0.70709
    outer loop
      vertex 0.299986 18.7 44.5
      vertex 0 3 44.2
      vertex 0 18.1 44.2
    endloop
  endfacet
  facet normal 0.707123 0 -0.70709
    outer loop
      vertex 0.299986 2.39999 44.5
      vertex 0 3 44.2
      vertex 0.299986 18.7 44.5
    endloop
  endfacet
  facet normal 0.707054 -6.96303e-05 -0.70716
    outer loop
      vertex 0 3 44.2
      vertex 0.299986 2.39999 44.5
      vertex 0.0256653 2.60842 44.2257
    endloop
  endfacet
  facet normal 0.707122 0.000110211 -0.707092
    outer loop
      vertex 0.299986 2.39999 44.5
      vertex 0.102222 2.22354 44.3022
      vertex 0.0256653 2.60842 44.2257
    endloop
  endfacet
  facet normal 0.707196 -5.55501e-05 -0.707018
    outer loop
      vertex 0.299986 2.39999 44.5
      vertex 0.228361 1.85195 44.4284
      vertex 0.102222 2.22354 44.3022
    endloop
  endfacet
  facet normal 0.706981 5.97749e-07 -0.707232
    outer loop
      vertex 0.299986 2.39999 44.5
      vertex 0.401923 1.5 44.6019
      vertex 0.228361 1.85195 44.4284
    endloop
  endfacet
  facet normal 0.707127 3.35533e-05 -0.707087
    outer loop
      vertex 1.66777 1.1234 45.8678
      vertex 0.401923 1.5 44.6019
      vertex 0.299986 2.39999 44.5
    endloop
  endfacet
  facet normal 0.707132 7.06713e-05 -0.707081
    outer loop
      vertex 0.401923 1.5 44.6019
      vertex 1.66777 1.1234 45.8678
      vertex 0.61994 1.17372 44.8199
    endloop
  endfacet
  facet normal 0.707128 -0.000109372 -0.707086
    outer loop
      vertex 1.66777 1.1234 45.8678
      vertex 0.878679 0.878679 45.0787
      vertex 0.61994 1.17372 44.8199
    endloop
  endfacet
  facet normal 0.707097 8.95708e-05 -0.707117
    outer loop
      vertex 1.66777 1.1234 45.8678
      vertex 1.17372 0.61994 45.3737
      vertex 0.878679 0.878679 45.0787
    endloop
  endfacet
  facet normal 0.707163 0 -0.707051
    outer loop
      vertex 1.35322 0.5 45.5532
      vertex 1.66777 1.1234 45.8678
      vertex 1.66777 0.5 45.8678
    endloop
  endfacet
  facet normal 0.707121 4.24131e-05 -0.707093
    outer loop
      vertex 1.66777 1.1234 45.8678
      vertex 1.35322 0.5 45.5532
      vertex 1.17372 0.61994 45.3737
    endloop
  endfacet
  facet normal 0 0.707107 0.707107
    outer loop
      vertex 126.95 19.85 47
      vertex 0 18.45 48.4
      vertex 126.95 18.45 48.4
    endloop
  endfacet
  facet normal 0 0.707107 0.707107
    outer loop
      vertex 0 18.45 48.4
      vertex 126.95 19.85 47
      vertex 0 19.85 47
    endloop
  endfacet
  facet normal 0 -1 0
    outer loop
      vertex 0 1.25 46
      vertex 126.95 1.25 47
      vertex 0 1.25 47
    endloop
  endfacet
  facet normal 0 -1 -0
    outer loop
      vertex 126.95 1.25 47
      vertex 0 1.25 46
      vertex 126.95 1.25 46
    endloop
  endfacet
  facet normal 0 1 -0
    outer loop
      vertex 126.95 19.85 46
      vertex 0 19.85 47
      vertex 126.95 19.85 47
    endloop
  endfacet
  facet normal 0 1 0
    outer loop
      vertex 0 19.85 47
      vertex 126.95 19.85 46
      vertex 0 19.85 46
    endloop
  endfacet
  facet normal -1 0 0
    outer loop
      vertex 0 18.45 44.6
      vertex 0 19.85 47
      vertex 0 19.85 46
    endloop
  endfacet
  facet normal -1 0 0
    outer loop
      vertex 0 18.45 44.6
      vertex 0 18.45 48.4
      vertex 0 19.85 47
    endloop
  endfacet
  facet normal -1 0 0
    outer loop
      vertex 0 2.64999 44.6
      vertex 0 18.45 48.4
      vertex 0 18.45 44.6
    endloop
  endfacet
  facet normal -1 0 0
    outer loop
      vertex 0 2.64999 44.6
      vertex 0 2.64999 48.4
      vertex 0 18.45 48.4
    endloop
  endfacet
  facet normal -1 0 0
    outer loop
      vertex 0 1.25 46
      vertex 0 2.64999 48.4
      vertex 0 2.64999 44.6
    endloop
  endfacet
  facet normal -1 0 0
    outer loop
      vertex 0 2.64999 48.4
      vertex 0 1.25 46
      vertex 0 1.25 47
    endloop
  endfacet
  facet normal 0 0 1
    outer loop
      vertex 71.0485 11.7141 48.4
      vertex 70.8955 11.5798 48.4
      vertex 71.0485 8.12344 48.4
    endloop
  endfacet
  facet normal -0 0 1
    outer loop
      vertex 76.5429 11.5419 48.4
      vertex 100.101 4.4 48.4
      vertex 76.5503 11.6358 48.4
    endloop
  endfacet
  facet normal 0 0 1
    outer loop
      vertex 100.101 4.4 48.4
      vertex 76.5429 11.5419 48.4
      vertex 76.5527 9.00839 48.4
    endloop
  endfacet
  facet normal -0 0 1
    outer loop
      vertex 76.5306 11.4493 48.4
      vertex 76.5527 9.00839 48.4
      vertex 76.5429 11.5419 48.4
    endloop
  endfacet
  facet normal -0 0 1
    outer loop
      vertex 76.5134 11.358 48.4
      vertex 76.5527 9.00839 48.4
      vertex 76.5306 11.4493 48.4
    endloop
  endfacet
  facet normal -0 0 1
    outer loop
      vertex 76.4913 11.268 48.4
      vertex 76.5527 9.00839 48.4
      vertex 76.5134 11.358 48.4
    endloop
  endfacet
  facet normal -0 0 1
    outer loop
      vertex 76.4642 11.1793 48.4
      vertex 76.5527 9.00839 48.4
      vertex 76.4913 11.268 48.4
    endloop
  endfacet
  facet normal -0 0 1
    outer loop
      vertex 76.4323 11.0919 48.4
      vertex 76.5527 9.00839 48.4
      vertex 76.4642 11.1793 48.4
    endloop
  endfacet
  facet normal -0 0 1
    outer loop
      vertex 76.395 11.0046 48.4
      vertex 76.5527 9.00839 48.4
      vertex 76.4323 11.0919 48.4
    endloop
  endfacet
  facet normal -0 0 1
    outer loop
      vertex 76.352 10.9162 48.4
      vertex 76.5527 9.00839 48.4
      vertex 76.395 11.0046 48.4
    endloop
  endfacet
  facet normal -0 0 1
    outer loop
      vertex 76.3033 10.8265 48.4
      vertex 76.5527 9.00839 48.4
      vertex 76.352 10.9162 48.4
    endloop
  endfacet
  facet normal -0 0 1
    outer loop
      vertex 76.2488 10.7357 48.4
      vertex 76.5527 9.00839 48.4
      vertex 76.3033 10.8265 48.4
    endloop
  endfacet
  facet normal -0 0 1
    outer loop
      vertex 76.1886 10.6437 48.4
      vertex 76.5527 9.00839 48.4
      vertex 76.2488 10.7357 48.4
    endloop
  endfacet
  facet normal -0 0 1
    outer loop
      vertex 76.1226 10.5505 48.4
      vertex 76.5527 9.00839 48.4
      vertex 76.1886 10.6437 48.4
    endloop
  endfacet
  facet normal -0 0 1
    outer loop
      vertex 76.0509 10.4562 48.4
      vertex 76.5527 9.00839 48.4
      vertex 76.1226 10.5505 48.4
    endloop
  endfacet
  facet normal -0 0 1
    outer loop
      vertex 75.9958 10.3893 48.4
      vertex 76.5527 9.00839 48.4
      vertex 76.0509 10.4562 48.4
    endloop
  endfacet
  facet normal -0 0 1
    outer loop
      vertex 75.9294 10.3145 48.4
      vertex 76.5527 9.00839 48.4
      vertex 75.9958 10.3893 48.4
    endloop
  endfacet
  facet normal -0 0 1
    outer loop
      vertex 75.8516 10.2318 48.4
      vertex 76.5527 9.00839 48.4
      vertex 75.9294 10.3145 48.4
    endloop
  endfacet
  facet normal -0 0 1
    outer loop
      vertex 75.7625 10.1412 48.4
      vertex 76.5527 9.00839 48.4
      vertex 75.8516 10.2318 48.4
    endloop
  endfacet
  facet normal -0 0 1
    outer loop
      vertex 75.662 10.0427 48.4
      vertex 76.5527 9.00839 48.4
      vertex 75.7625 10.1412 48.4
    endloop
  endfacet
  facet normal -0 0 1
    outer loop
      vertex 75.5502 9.93638 48.4
      vertex 76.5527 9.00839 48.4
      vertex 75.662 10.0427 48.4
    endloop
  endfacet
  facet normal -0 0 1
    outer loop
      vertex 75.427 9.82214 48.4
      vertex 76.5527 9.00839 48.4
      vertex 75.5502 9.93638 48.4
    endloop
  endfacet
  facet normal -0 0 1
    outer loop
      vertex 75.3049 9.70964 48.4
      vertex 76.5527 9.00839 48.4
      vertex 75.427 9.82214 48.4
    endloop
  endfacet
  facet normal -0 0 1
    outer loop
      vertex 75.1963 9.60847 48.4
      vertex 76.5527 9.00839 48.4
      vertex 75.3049 9.70964 48.4
    endloop
  endfacet
  facet normal -0 0 1
    outer loop
      vertex 75.1012 9.51864 48.4
      vertex 76.5527 9.00839 48.4
      vertex 75.1963 9.60847 48.4
    endloop
  endfacet
  facet normal -0 0 1
    outer loop
      vertex 75.0196 9.44018 48.4
      vertex 76.5527 9.00839 48.4
      vertex 75.1012 9.51864 48.4
    endloop
  endfacet
  facet normal -0 0 1
    outer loop
      vertex 74.9514 9.37306 48.4
      vertex 76.5527 9.00839 48.4
      vertex 75.0196 9.44018 48.4
    endloop
  endfacet
  facet normal -0 0 1
    outer loop
      vertex 74.8968 9.31727 48.4
      vertex 76.5527 9.00839 48.4
      vertex 74.9514 9.37306 48.4
    endloop
  endfacet
  facet normal -0 0 1
    outer loop
      vertex 74.8557 9.27284 48.4
      vertex 76.5527 9.00839 48.4
      vertex 74.8968 9.31727 48.4
    endloop
  endfacet
  facet normal -0 0 1
    outer loop
      vertex 74.8222 9.23423 48.4
      vertex 76.5527 9.00839 48.4
      vertex 74.8557 9.27284 48.4
    endloop
  endfacet
  facet normal -0 0 1
    outer loop
      vertex 74.7906 9.1959 48.4
      vertex 76.5527 9.00839 48.4
      vertex 74.8222 9.23423 48.4
    endloop
  endfacet
  facet normal -0 0 1
    outer loop
      vertex 74.7609 9.15785 48.4
      vertex 76.5527 9.00839 48.4
      vertex 74.7906 9.1959 48.4
    endloop
  endfacet
  facet normal -0 0 1
    outer loop
      vertex 74.7331 9.12008 48.4
      vertex 76.5527 9.00839 48.4
      vertex 74.7609 9.15785 48.4
    endloop
  endfacet
  facet normal -0 0 1
    outer loop
      vertex 74.7071 9.08258 48.4
      vertex 76.5527 9.00839 48.4
      vertex 74.7331 9.12008 48.4
    endloop
  endfacet
  facet normal -0 0 1
    outer loop
      vertex 74.683 9.04535 48.4
      vertex 76.5527 9.00839 48.4
      vertex 74.7071 9.08258 48.4
    endloop
  endfacet
  facet normal 0 0 1
    outer loop
      vertex 76.5527 9.00839 48.4
      vertex 74.683 9.04535 48.4
      vertex 74.6607 9.00839 48.4
    endloop
  endfacet
  facet normal 0 0 1
    outer loop
      vertex 126.95 18.45 48.4
      vertex 117.799 16.7 48.4
      vertex 126.95 2.64999 48.4
    endloop
  endfacet
  facet normal 0 0 1
    outer loop
      vertex 126.95 18.45 48.4
      vertex 116.101 16.7 48.4
      vertex 117.799 16.7 48.4
    endloop
  endfacet
  facet normal 0 0 1
    outer loop
      vertex 116.101 16.7 48.4
      vertex 113.799 16.7 48.4
      vertex 116.101 4.4 48.4
    endloop
  endfacet
  facet normal 0 0 1
    outer loop
      vertex 126.95 18.45 48.4
      vertex 113.799 16.7 48.4
      vertex 116.101 16.7 48.4
    endloop
  endfacet
  facet normal 0 0 1
    outer loop
      vertex 126.95 18.45 48.4
      vertex 112.101 16.7 48.4
      vertex 113.799 16.7 48.4
    endloop
  endfacet
  facet normal 0 0 1
    outer loop
      vertex 112.101 16.7 48.4
      vertex 109.799 16.7 48.4
      vertex 112.101 4.4 48.4
    endloop
  endfacet
  facet normal 0 0 1
    outer loop
      vertex 126.95 18.45 48.4
      vertex 109.799 16.7 48.4
      vertex 112.101 16.7 48.4
    endloop
  endfacet
  facet normal 0 0 1
    outer loop
      vertex 126.95 18.45 48.4
      vertex 108.101 16.7 48.4
      vertex 109.799 16.7 48.4
    endloop
  endfacet
  facet normal 0 0 1
    outer loop
      vertex 108.101 16.7 48.4
      vertex 105.799 16.7 48.4
      vertex 108.101 4.4 48.4
    endloop
  endfacet
  facet normal 0 0 1
    outer loop
      vertex 126.95 18.45 48.4
      vertex 105.799 16.7 48.4
      vertex 108.101 16.7 48.4
    endloop
  endfacet
  facet normal 0 0 1
    outer loop
      vertex 126.95 18.45 48.4
      vertex 104.101 16.7 48.4
      vertex 105.799 16.7 48.4
    endloop
  endfacet
  facet normal 0 0 1
    outer loop
      vertex 104.101 16.7 48.4
      vertex 101.799 16.7 48.4
      vertex 104.101 4.4 48.4
    endloop
  endfacet
  facet normal 0 0 1
    outer loop
      vertex 126.95 18.45 48.4
      vertex 101.799 16.7 48.4
      vertex 104.101 16.7 48.4
    endloop
  endfacet
  facet normal 0 0 1
    outer loop
      vertex 126.95 18.45 48.4
      vertex 100.101 16.7 48.4
      vertex 101.799 16.7 48.4
    endloop
  endfacet
  facet normal 0 0 1
    outer loop
      vertex 76.5503 11.6358 48.4
      vertex 100.101 16.7 48.4
      vertex 76.5527 11.7311 48.4
    endloop
  endfacet
  facet normal 0 0 1
    outer loop
      vertex 100.101 16.7 48.4
      vertex 76.5441 11.8957 48.4
      vertex 76.5527 11.7311 48.4
    endloop
  endfacet
  facet normal 0 0 1
    outer loop
      vertex 100.101 16.7 48.4
      vertex 76.5184 12.0524 48.4
      vertex 76.5441 11.8957 48.4
    endloop
  endfacet
  facet normal 0 0 1
    outer loop
      vertex 100.101 16.7 48.4
      vertex 76.4755 12.2013 48.4
      vertex 76.5184 12.0524 48.4
    endloop
  endfacet
  facet normal 0 0 1
    outer loop
      vertex 100.101 16.7 48.4
      vertex 76.4154 12.3422 48.4
      vertex 76.4755 12.2013 48.4
    endloop
  endfacet
  facet normal 0 0 1
    outer loop
      vertex 100.101 16.7 48.4
      vertex 76.3382 12.4753 48.4
      vertex 76.4154 12.3422 48.4
    endloop
  endfacet
  facet normal 0 0 1
    outer loop
      vertex 100.101 16.7 48.4
      vertex 76.2438 12.6004 48.4
      vertex 76.3382 12.4753 48.4
    endloop
  endfacet
  facet normal 0 0 1
    outer loop
      vertex 100.101 16.7 48.4
      vertex 76.1323 12.7177 48.4
      vertex 76.2438 12.6004 48.4
    endloop
  endfacet
  facet normal 0 0 1
    outer loop
      vertex 100.101 16.7 48.4
      vertex 76.0057 12.823 48.4
      vertex 76.1323 12.7177 48.4
    endloop
  endfacet
  facet normal 0 0 1
    outer loop
      vertex 100.101 16.7 48.4
      vertex 75.8663 12.912 48.4
      vertex 76.0057 12.823 48.4
    endloop
  endfacet
  facet normal 0 0 1
    outer loop
      vertex 100.101 16.7 48.4
      vertex 75.714 12.9849 48.4
      vertex 75.8663 12.912 48.4
    endloop
  endfacet
  facet normal 0 0 1
    outer loop
      vertex 100.101 16.7 48.4
      vertex 75.5488 13.0416 48.4
      vertex 75.714 12.9849 48.4
    endloop
  endfacet
  facet normal 0 0 1
    outer loop
      vertex 100.101 16.7 48.4
      vertex 75.3708 13.082 48.4
      vertex 75.5488 13.0416 48.4
    endloop
  endfacet
  facet normal 0 0 1
    outer loop
      vertex 100.101 16.7 48.4
      vertex 75.1798 13.1063 48.4
      vertex 75.3708 13.082 48.4
    endloop
  endfacet
  facet normal 0 0 1
    outer loop
      vertex 100.101 16.7 48.4
      vertex 74.9761 13.1144 48.4
      vertex 75.1798 13.1063 48.4
    endloop
  endfacet
  facet normal 0 0 1
    outer loop
      vertex 72.0012 13.1144 48.4
      vertex 74.9761 13.1144 48.4
      vertex 100.101 16.7 48.4
    endloop
  endfacet
  facet normal 0 0 1
    outer loop
      vertex 74.9761 13.1144 48.4
      vertex 72.0012 13.1144 48.4
      vertex 74.7888 13.1074 48.4
    endloop
  endfacet
  facet normal 0 0 1
    outer loop
      vertex 73.3458 8.67978 48.4
      vertex 72.0012 8.12344 48.4
      vertex 73.2993 8.54391 48.4
    endloop
  endfacet
  facet normal 0 0 1
    outer loop
      vertex 73.2993 8.54391 48.4
      vertex 72.0012 8.12344 48.4
      vertex 73.2616 8.4059 48.4
    endloop
  endfacet
  facet normal 0 0 1
    outer loop
      vertex 73.2616 8.4059 48.4
      vertex 72.0012 8.12344 48.4
      vertex 73.2328 8.26574 48.4
    endloop
  endfacet
  facet normal 0 0 1
    outer loop
      vertex 72.0012 8.12344 48.4
      vertex 73.3248 11.6429 48.4
      vertex 72.0012 13.1144 48.4
    endloop
  endfacet
  facet normal 0 0 1
    outer loop
      vertex 73.3564 11.8586 48.4
      vertex 72.0012 13.1144 48.4
      vertex 73.3248 11.6429 48.4
    endloop
  endfacet
  facet normal 0 0 1
    outer loop
      vertex 73.4029 12.0561 48.4
      vertex 72.0012 13.1144 48.4
      vertex 73.3564 11.8586 48.4
    endloop
  endfacet
  facet normal 0 0 1
    outer loop
      vertex 73.4641 12.2356 48.4
      vertex 72.0012 13.1144 48.4
      vertex 73.4029 12.0561 48.4
    endloop
  endfacet
  facet normal 0 0 1
    outer loop
      vertex 73.5402 12.3969 48.4
      vertex 72.0012 13.1144 48.4
      vertex 73.4641 12.2356 48.4
    endloop
  endfacet
  facet normal 0 0 1
    outer loop
      vertex 73.631 12.54 48.4
      vertex 72.0012 13.1144 48.4
      vertex 73.5402 12.3969 48.4
    endloop
  endfacet
  facet normal 0 0 1
    outer loop
      vertex 73.7367 12.6651 48.4
      vertex 72.0012 13.1144 48.4
      vertex 73.631 12.54 48.4
    endloop
  endfacet
  facet normal 0 0 1
    outer loop
      vertex 73.8572 12.772 48.4
      vertex 72.0012 13.1144 48.4
      vertex 73.7367 12.6651 48.4
    endloop
  endfacet
  facet normal 0 0 1
    outer loop
      vertex 73.9896 12.8628 48.4
      vertex 72.0012 13.1144 48.4
      vertex 73.8572 12.772 48.4
    endloop
  endfacet
  facet normal 0 0 1
    outer loop
      vertex 74.1312 12.9397 48.4
      vertex 72.0012 13.1144 48.4
      vertex 73.9896 12.8628 48.4
    endloop
  endfacet
  facet normal 0 0 1
    outer loop
      vertex 74.2819 13.0026 48.4
      vertex 72.0012 13.1144 48.4
      vertex 74.1312 12.9397 48.4
    endloop
  endfacet
  facet normal 0 0 1
    outer loop
      vertex 74.4417 13.0515 48.4
      vertex 72.0012 13.1144 48.4
      vertex 74.2819 13.0026 48.4
    endloop
  endfacet
  facet normal 0 0 1
    outer loop
      vertex 74.6107 13.0865 48.4
      vertex 72.0012 13.1144 48.4
      vertex 74.4417 13.0515 48.4
    endloop
  endfacet
  facet normal 0 0 1
    outer loop
      vertex 74.7888 13.1074 48.4
      vertex 72.0012 13.1144 48.4
      vertex 74.6107 13.0865 48.4
    endloop
  endfacet
  facet normal 0 0 1
    outer loop
      vertex 100.101 16.7 48.4
      vertex 71.2282 13.1144 48.4
      vertex 72.0012 13.1144 48.4
    endloop
  endfacet
  facet normal 0 0 1
    outer loop
      vertex 71.2282 13.1144 48.4
      vertex 71.1128 12.8641 48.4
      vertex 71.1761 12.9869 48.4
    endloop
  endfacet
  facet normal 0 0 1
    outer loop
      vertex 71.2282 13.1144 48.4
      vertex 71.0382 12.7458 48.4
      vertex 71.1128 12.8641 48.4
    endloop
  endfacet
  facet normal 0 0 1
    outer loop
      vertex 71.2282 13.1144 48.4
      vertex 70.9525 12.6323 48.4
      vertex 71.0382 12.7458 48.4
    endloop
  endfacet
  facet normal 0 0 1
    outer loop
      vertex 71.2282 13.1144 48.4
      vertex 70.8556 12.5233 48.4
      vertex 70.9525 12.6323 48.4
    endloop
  endfacet
  facet normal 0 0 1
    outer loop
      vertex 71.2282 13.1144 48.4
      vertex 70.7474 12.419 48.4
      vertex 70.8556 12.5233 48.4
    endloop
  endfacet
  facet normal 0 0 1
    outer loop
      vertex 71.2282 13.1144 48.4
      vertex 70.628 12.3193 48.4
      vertex 70.7474 12.419 48.4
    endloop
  endfacet
  facet normal 0 0 1
    outer loop
      vertex 71.2282 13.1144 48.4
      vertex 70.5044 12.2264 48.4
      vertex 70.628 12.3193 48.4
    endloop
  endfacet
  facet normal 0 0 1
    outer loop
      vertex 71.2282 13.1144 48.4
      vertex 70.3833 12.1425 48.4
      vertex 70.5044 12.2264 48.4
    endloop
  endfacet
  facet normal 0 0 1
    outer loop
      vertex 71.2282 13.1144 48.4
      vertex 70.2649 12.0674 48.4
      vertex 70.3833 12.1425 48.4
    endloop
  endfacet
  facet normal 0 0 1
    outer loop
      vertex 71.2282 13.1144 48.4
      vertex 70.1492 12.0013 48.4
      vertex 70.2649 12.0674 48.4
    endloop
  endfacet
  facet normal 0 0 1
    outer loop
      vertex 69.8177 11.8565 48.4
      vertex 70.1492 12.0013 48.4
      vertex 71.2282 13.1144 48.4
    endloop
  endfacet
  facet normal 0 0 1
    outer loop
      vertex 70.1492 12.0013 48.4
      vertex 69.8177 11.8565 48.4
      vertex 70.036 11.9441 48.4
    endloop
  endfacet
  facet normal 0 0 1
    outer loop
      vertex 70.036 11.9441 48.4
      vertex 69.8177 11.8565 48.4
      vertex 69.9255 11.8959 48.4
    endloop
  endfacet
  facet normal -0 0 1
    outer loop
      vertex 67.1786 11.2521 48.4
      vertex 69.8177 10.9919 48.4
      vertex 69.8177 11.8565 48.4
    endloop
  endfacet
  facet normal -0 0 1
    outer loop
      vertex 66.5729 12.4973 48.4
      vertex 69.8177 11.8565 48.4
      vertex 71.2282 13.1144 48.4
    endloop
  endfacet
  facet normal 0 0 1
    outer loop
      vertex 69.8177 10.9919 48.4
      vertex 67.219 10.9379 48.4
      vertex 67.2324 10.602 48.4
    endloop
  endfacet
  facet normal 0 0 1
    outer loop
      vertex 69.8177 10.9919 48.4
      vertex 67.1786 11.2521 48.4
      vertex 67.219 10.9379 48.4
    endloop
  endfacet
  facet normal 0 0 1
    outer loop
      vertex 69.8177 11.8565 48.4
      vertex 67.1113 11.5446 48.4
      vertex 67.1786 11.2521 48.4
    endloop
  endfacet
  facet normal 0 0 1
    outer loop
      vertex 69.8177 11.8565 48.4
      vertex 67.0171 11.8154 48.4
      vertex 67.1113 11.5446 48.4
    endloop
  endfacet
  facet normal 0 0 1
    outer loop
      vertex 69.8177 11.8565 48.4
      vertex 66.896 12.0644 48.4
      vertex 67.0171 11.8154 48.4
    endloop
  endfacet
  facet normal 0 0 1
    outer loop
      vertex 69.8177 11.8565 48.4
      vertex 66.7479 12.2917 48.4
      vertex 66.896 12.0644 48.4
    endloop
  endfacet
  facet normal 0 0 1
    outer loop
      vertex 69.8177 11.8565 48.4
      vertex 66.5729 12.4973 48.4
      vertex 66.7479 12.2917 48.4
    endloop
  endfacet
  facet normal 0 0 1
    outer loop
      vertex 71.2282 13.1144 48.4
      vertex 66.3756 12.6781 48.4
      vertex 66.5729 12.4973 48.4
    endloop
  endfacet
  facet normal -0 0 1
    outer loop
      vertex 64.8149 13.1788 48.4
      vertex 71.2282 13.1144 48.4
      vertex 100.101 16.7 48.4
    endloop
  endfacet
  facet normal 0 0 1
    outer loop
      vertex 71.2282 13.1144 48.4
      vertex 66.1603 12.8311 48.4
      vertex 66.3756 12.6781 48.4
    endloop
  endfacet
  facet normal 0 0 1
    outer loop
      vertex 71.2282 13.1144 48.4
      vertex 65.927 12.9563 48.4
      vertex 66.1603 12.8311 48.4
    endloop
  endfacet
  facet normal 0 0 1
    outer loop
      vertex 71.2282 13.1144 48.4
      vertex 65.6759 13.0537 48.4
      vertex 65.927 12.9563 48.4
    endloop
  endfacet
  facet normal 0 0 1
    outer loop
      vertex 71.2282 13.1144 48.4
      vertex 65.4068 13.1232 48.4
      vertex 65.6759 13.0537 48.4
    endloop
  endfacet
  facet normal 0 0 1
    outer loop
      vertex 71.2282 13.1144 48.4
      vertex 65.1198 13.1649 48.4
      vertex 65.4068 13.1232 48.4
    endloop
  endfacet
  facet normal 0 0 1
    outer loop
      vertex 71.2282 13.1144 48.4
      vertex 64.8149 13.1788 48.4
      vertex 65.1198 13.1649 48.4
    endloop
  endfacet
  facet normal 0 0 1
    outer loop
      vertex 100.101 16.7 48.4
      vertex 64.6444 13.1748 48.4
      vertex 64.8149 13.1788 48.4
    endloop
  endfacet
  facet normal 0 0 1
    outer loop
      vertex 59.8326 13.0941 48.4
      vertex 64.6444 13.1748 48.4
      vertex 100.101 16.7 48.4
    endloop
  endfacet
  facet normal 0 0 1
    outer loop
      vertex 61.544 10.8847 48.4
      vertex 62.4109 10.5782 48.4
      vertex 62.4156 10.7902 48.4
    endloop
  endfacet
  facet normal 0 0 1
    outer loop
      vertex 61.6782 11.1248 48.4
      vertex 62.4156 10.7902 48.4
      vertex 62.4295 10.9923 48.4
    endloop
  endfacet
  facet normal 0 0 1
    outer loop
      vertex 62.4851 11.3665 48.4
      vertex 61.7588 11.3968 48.4
      vertex 62.4527 11.1844 48.4
    endloop
  endfacet
  facet normal -0 0 1
    outer loop
      vertex 61.7588 11.3968 48.4
      vertex 62.4851 11.3665 48.4
      vertex 61.7789 11.5447 48.4
    endloop
  endfacet
  facet normal 0 0 1
    outer loop
      vertex 62.5269 11.5387 48.4
      vertex 61.7789 11.5447 48.4
      vertex 62.4851 11.3665 48.4
    endloop
  endfacet
  facet normal -0 0 1
    outer loop
      vertex 61.7789 11.5447 48.4
      vertex 62.5269 11.5387 48.4
      vertex 61.7856 11.7005 48.4
    endloop
  endfacet
  facet normal 0 0 1
    outer loop
      vertex 62.5779 11.7009 48.4
      vertex 61.7856 11.7005 48.4
      vertex 62.5269 11.5387 48.4
    endloop
  endfacet
  facet normal -0 0 1
    outer loop
      vertex 61.7812 11.8245 48.4
      vertex 62.5779 11.7009 48.4
      vertex 62.6381 11.8531 48.4
    endloop
  endfacet
  facet normal 0 0 1
    outer loop
      vertex 61.7458 12.0603 48.4
      vertex 62.6381 11.8531 48.4
      vertex 62.6891 11.96 48.4
    endloop
  endfacet
  facet normal 0 0 1
    outer loop
      vertex 61.7148 12.1722 48.4
      vertex 62.6891 11.96 48.4
      vertex 62.7451 12.0638 48.4
    endloop
  endfacet
  facet normal 0 0 1
    outer loop
      vertex 61.7148 12.1722 48.4
      vertex 62.7451 12.0638 48.4
      vertex 62.8062 12.1643 48.4
    endloop
  endfacet
  facet normal 0 0 1
    outer loop
      vertex 61.6749 12.2801 48.4
      vertex 62.8062 12.1643 48.4
      vertex 62.8723 12.2617 48.4
    endloop
  endfacet
  facet normal 0 0 1
    outer loop
      vertex 61.6262 12.3839 48.4
      vertex 62.8723 12.2617 48.4
      vertex 62.9435 12.3558 48.4
    endloop
  endfacet
  facet normal 0 0 1
    outer loop
      vertex 61.5686 12.4838 48.4
      vertex 62.9435 12.3558 48.4
      vertex 63.0197 12.4468 48.4
    endloop
  endfacet
  facet normal 0 0 1
    outer loop
      vertex 61.5037 12.5774 48.4
      vertex 63.0197 12.4468 48.4
      vertex 63.1009 12.5346 48.4
    endloop
  endfacet
  facet normal 0 0 1
    outer loop
      vertex 61.4329 12.6624 48.4
      vertex 63.1009 12.5346 48.4
      vertex 63.1859 12.6177 48.4
    endloop
  endfacet
  facet normal 0 0 1
    outer loop
      vertex 61.3562 12.739 48.4
      vertex 63.1859 12.6177 48.4
      vertex 63.2731 12.6943 48.4
    endloop
  endfacet
  facet normal -0 0 1
    outer loop
      vertex 61.3562 12.739 48.4
      vertex 63.2731 12.6943 48.4
      vertex 63.3626 12.7646 48.4
    endloop
  endfacet
  facet normal -0 0 1
    outer loop
      vertex 61.2736 12.807 48.4
      vertex 63.3626 12.7646 48.4
      vertex 63.4544 12.8286 48.4
    endloop
  endfacet
  facet normal 0 0 1
    outer loop
      vertex 62.5779 11.7009 48.4
      vertex 61.7812 11.8245 48.4
      vertex 61.7856 11.7005 48.4
    endloop
  endfacet
  facet normal -0 0 1
    outer loop
      vertex 61.1851 12.8666 48.4
      vertex 63.4544 12.8286 48.4
      vertex 63.5485 12.8861 48.4
    endloop
  endfacet
  facet normal 0 0 1
    outer loop
      vertex 62.6381 11.8531 48.4
      vertex 61.7679 11.9444 48.4
      vertex 61.7812 11.8245 48.4
    endloop
  endfacet
  facet normal -0 0 1
    outer loop
      vertex 61.0908 12.9176 48.4
      vertex 63.5485 12.8861 48.4
      vertex 63.6448 12.9373 48.4
    endloop
  endfacet
  facet normal 0 0 1
    outer loop
      vertex 62.6381 11.8531 48.4
      vertex 61.7458 12.0603 48.4
      vertex 61.7679 11.9444 48.4
    endloop
  endfacet
  facet normal 0 0 1
    outer loop
      vertex 62.6891 11.96 48.4
      vertex 61.7148 12.1722 48.4
      vertex 61.7458 12.0603 48.4
    endloop
  endfacet
  facet normal 0 0 1
    outer loop
      vertex 61.0908 12.9176 48.4
      vertex 63.6448 12.9373 48.4
      vertex 63.7435 12.9822 48.4
    endloop
  endfacet
  facet normal 0 0 1
    outer loop
      vertex 62.8062 12.1643 48.4
      vertex 61.6749 12.2801 48.4
      vertex 61.7148 12.1722 48.4
    endloop
  endfacet
  facet normal 0 0 1
    outer loop
      vertex 60.9905 12.9601 48.4
      vertex 63.7435 12.9822 48.4
      vertex 63.8791 13.0344 48.4
    endloop
  endfacet
  facet normal 0 0 1
    outer loop
      vertex 62.8723 12.2617 48.4
      vertex 61.6262 12.3839 48.4
      vertex 61.6749 12.2801 48.4
    endloop
  endfacet
  facet normal 0 0 1
    outer loop
      vertex 60.8785 12.9957 48.4
      vertex 63.8791 13.0344 48.4
      vertex 64.0205 13.0785 48.4
    endloop
  endfacet
  facet normal 0 0 1
    outer loop
      vertex 62.9435 12.3558 48.4
      vertex 61.5686 12.4838 48.4
      vertex 61.6262 12.3839 48.4
    endloop
  endfacet
  facet normal 0 0 1
    outer loop
      vertex 60.7486 13.0257 48.4
      vertex 64.0205 13.0785 48.4
      vertex 64.1678 13.1146 48.4
    endloop
  endfacet
  facet normal 0 0 1
    outer loop
      vertex 63.0197 12.4468 48.4
      vertex 61.5037 12.5774 48.4
      vertex 61.5686 12.4838 48.4
    endloop
  endfacet
  facet normal 0 0 1
    outer loop
      vertex 63.1009 12.5346 48.4
      vertex 61.4329 12.6624 48.4
      vertex 61.5037 12.5774 48.4
    endloop
  endfacet
  facet normal 0 0 1
    outer loop
      vertex 60.601 13.0503 48.4
      vertex 64.1678 13.1146 48.4
      vertex 64.3209 13.1427 48.4
    endloop
  endfacet
  facet normal 0 0 1
    outer loop
      vertex 63.1859 12.6177 48.4
      vertex 61.3562 12.739 48.4
      vertex 61.4329 12.6624 48.4
    endloop
  endfacet
  facet normal 0 0 1
    outer loop
      vertex 63.3626 12.7646 48.4
      vertex 61.2736 12.807 48.4
      vertex 61.3562 12.739 48.4
    endloop
  endfacet
  facet normal 0 0 1
    outer loop
      vertex 60.4356 13.0695 48.4
      vertex 64.3209 13.1427 48.4
      vertex 64.4797 13.1628 48.4
    endloop
  endfacet
  facet normal 0 0 1
    outer loop
      vertex 63.4544 12.8286 48.4
      vertex 61.1851 12.8666 48.4
      vertex 61.2736 12.807 48.4
    endloop
  endfacet
  facet normal 0 -0 1
    outer loop
      vertex 60.0514 13.0914 48.4
      vertex 64.6444 13.1748 48.4
      vertex 59.8326 13.0941 48.4
    endloop
  endfacet
  facet normal 0 0 1
    outer loop
      vertex 63.5485 12.8861 48.4
      vertex 61.0908 12.9176 48.4
      vertex 61.1851 12.8666 48.4
    endloop
  endfacet
  facet normal 0 0 1
    outer loop
      vertex 63.7435 12.9822 48.4
      vertex 60.9905 12.9601 48.4
      vertex 61.0908 12.9176 48.4
    endloop
  endfacet
  facet normal 0 0 1
    outer loop
      vertex 63.8791 13.0344 48.4
      vertex 60.8785 12.9957 48.4
      vertex 60.9905 12.9601 48.4
    endloop
  endfacet
  facet normal 0 0 1
    outer loop
      vertex 64.0205 13.0785 48.4
      vertex 60.7486 13.0257 48.4
      vertex 60.8785 12.9957 48.4
    endloop
  endfacet
  facet normal 0 0 1
    outer loop
      vertex 64.1678 13.1146 48.4
      vertex 60.601 13.0503 48.4
      vertex 60.7486 13.0257 48.4
    endloop
  endfacet
  facet normal 0 0 1
    outer loop
      vertex 64.3209 13.1427 48.4
      vertex 60.4356 13.0695 48.4
      vertex 60.601 13.0503 48.4
    endloop
  endfacet
  facet normal 0 0 1
    outer loop
      vertex 64.4797 13.1628 48.4
      vertex 60.2524 13.0831 48.4
      vertex 60.4356 13.0695 48.4
    endloop
  endfacet
  facet normal 0 0 1
    outer loop
      vertex 64.4797 13.1628 48.4
      vertex 60.0514 13.0914 48.4
      vertex 60.2524 13.0831 48.4
    endloop
  endfacet
  facet normal 0 0 1
    outer loop
      vertex 64.6444 13.1748 48.4
      vertex 60.0514 13.0914 48.4
      vertex 64.4797 13.1628 48.4
    endloop
  endfacet
  facet normal 0 0 1
    outer loop
      vertex 100.101 16.7 48.4
      vertex 57.7203 13.0941 48.4
      vertex 59.8326 13.0941 48.4
    endloop
  endfacet
  facet normal 0 0 1
    outer loop
      vertex 56.9979 11.4371 48.4
      vertex 57.7203 13.0941 48.4
      vertex 57.0013 11.5649 48.4
    endloop
  endfacet
  facet normal 0 0 1
    outer loop
      vertex 57.7203 13.0941 48.4
      vertex 56.9954 11.73 48.4
      vertex 57.0013 11.5649 48.4
    endloop
  endfacet
  facet normal 0 0 1
    outer loop
      vertex 57.7203 13.0941 48.4
      vertex 56.9777 11.8861 48.4
      vertex 56.9954 11.73 48.4
    endloop
  endfacet
  facet normal 0 0 1
    outer loop
      vertex 57.7203 13.0941 48.4
      vertex 56.9483 12.0334 48.4
      vertex 56.9777 11.8861 48.4
    endloop
  endfacet
  facet normal 0 0 1
    outer loop
      vertex 57.7203 13.0941 48.4
      vertex 56.9071 12.1716 48.4
      vertex 56.9483 12.0334 48.4
    endloop
  endfacet
  facet normal 0 0 1
    outer loop
      vertex 57.7203 13.0941 48.4
      vertex 56.8542 12.301 48.4
      vertex 56.9071 12.1716 48.4
    endloop
  endfacet
  facet normal 0 0 1
    outer loop
      vertex 57.7203 13.0941 48.4
      vertex 56.7895 12.4214 48.4
      vertex 56.8542 12.301 48.4
    endloop
  endfacet
  facet normal 0 0 1
    outer loop
      vertex 57.7203 13.0941 48.4
      vertex 56.713 12.5329 48.4
      vertex 56.7895 12.4214 48.4
    endloop
  endfacet
  facet normal 0 0 1
    outer loop
      vertex 57.7203 13.0941 48.4
      vertex 56.6278 12.6346 48.4
      vertex 56.713 12.5329 48.4
    endloop
  endfacet
  facet normal 0 0 1
    outer loop
      vertex 57.7203 13.0941 48.4
      vertex 56.537 12.7256 48.4
      vertex 56.6278 12.6346 48.4
    endloop
  endfacet
  facet normal 0 0 1
    outer loop
      vertex 57.7203 13.0941 48.4
      vertex 56.4405 12.8058 48.4
      vertex 56.537 12.7256 48.4
    endloop
  endfacet
  facet normal 0 0 1
    outer loop
      vertex 57.7203 13.0941 48.4
      vertex 56.3382 12.8753 48.4
      vertex 56.4405 12.8058 48.4
    endloop
  endfacet
  facet normal 0 0 1
    outer loop
      vertex 57.7203 13.0941 48.4
      vertex 56.2304 12.9341 48.4
      vertex 56.3382 12.8753 48.4
    endloop
  endfacet
  facet normal 0 0 1
    outer loop
      vertex 57.7203 13.0941 48.4
      vertex 56.1168 12.9821 48.4
      vertex 56.2304 12.9341 48.4
    endloop
  endfacet
  facet normal 0 0 1
    outer loop
      vertex 55.0527 13.0926 48.4
      vertex 57.7203 13.0941 48.4
      vertex 100.101 16.7 48.4
    endloop
  endfacet
  facet normal 0 0 1
    outer loop
      vertex 57.7203 13.0941 48.4
      vertex 55.9976 13.0195 48.4
      vertex 56.1168 12.9821 48.4
    endloop
  endfacet
  facet normal 0 0 1
    outer loop
      vertex 57.7203 13.0941 48.4
      vertex 55.9052 13.0393 48.4
      vertex 55.9976 13.0195 48.4
    endloop
  endfacet
  facet normal 0 0 1
    outer loop
      vertex 57.7203 13.0941 48.4
      vertex 55.7867 13.056 48.4
      vertex 55.9052 13.0393 48.4
    endloop
  endfacet
  facet normal 0 0 1
    outer loop
      vertex 57.7203 13.0941 48.4
      vertex 55.6422 13.0697 48.4
      vertex 55.7867 13.056 48.4
    endloop
  endfacet
  facet normal 0 0 1
    outer loop
      vertex 57.7203 13.0941 48.4
      vertex 55.4717 13.0804 48.4
      vertex 55.6422 13.0697 48.4
    endloop
  endfacet
  facet normal 0 0 1
    outer loop
      vertex 57.7203 13.0941 48.4
      vertex 55.2752 13.088 48.4
      vertex 55.4717 13.0804 48.4
    endloop
  endfacet
  facet normal 0 0 1
    outer loop
      vertex 57.7203 13.0941 48.4
      vertex 55.0527 13.0926 48.4
      vertex 55.2752 13.088 48.4
    endloop
  endfacet
  facet normal 0 0 1
    outer loop
      vertex 100.101 16.7 48.4
      vertex 54.8041 13.0941 48.4
      vertex 55.0527 13.0926 48.4
    endloop
  endfacet
  facet normal -0 0 1
    outer loop
      vertex 50.1191 13.1788 48.4
      vertex 54.8041 13.0941 48.4
      vertex 100.101 16.7 48.4
    endloop
  endfacet
  facet normal 0 0 1
    outer loop
      vertex 53.1936 13.0941 48.4
      vertex 52.5366 10.602 48.4
      vertex 53.1936 8.12344 48.4
    endloop
  endfacet
  facet normal 0 0 1
    outer loop
      vertex 53.1936 13.0941 48.4
      vertex 52.5232 10.9379 48.4
      vertex 52.5366 10.602 48.4
    endloop
  endfacet
  facet normal 0 0 1
    outer loop
      vertex 53.1936 13.0941 48.4
      vertex 52.4828 11.2521 48.4
      vertex 52.5232 10.9379 48.4
    endloop
  endfacet
  facet normal 0 0 1
    outer loop
      vertex 53.1936 13.0941 48.4
      vertex 52.4155 11.5446 48.4
      vertex 52.4828 11.2521 48.4
    endloop
  endfacet
  facet normal 0 0 1
    outer loop
      vertex 53.1936 13.0941 48.4
      vertex 52.3213 11.8154 48.4
      vertex 52.4155 11.5446 48.4
    endloop
  endfacet
  facet normal 0 0 1
    outer loop
      vertex 53.1936 13.0941 48.4
      vertex 52.2001 12.0644 48.4
      vertex 52.3213 11.8154 48.4
    endloop
  endfacet
  facet normal 0 0 1
    outer loop
      vertex 53.1936 13.0941 48.4
      vertex 52.0521 12.2917 48.4
      vertex 52.2001 12.0644 48.4
    endloop
  endfacet
  facet normal 0 0 1
    outer loop
      vertex 53.1936 13.0941 48.4
      vertex 51.8771 12.4973 48.4
      vertex 52.0521 12.2917 48.4
    endloop
  endfacet
  facet normal 0 0 1
    outer loop
      vertex 53.1936 13.0941 48.4
      vertex 51.6797 12.6781 48.4
      vertex 51.8771 12.4973 48.4
    endloop
  endfacet
  facet normal 0 0 1
    outer loop
      vertex 53.1936 13.0941 48.4
      vertex 51.4644 12.8311 48.4
      vertex 51.6797 12.6781 48.4
    endloop
  endfacet
  facet normal 0 0 1
    outer loop
      vertex 53.1936 13.0941 48.4
      vertex 51.2312 12.9563 48.4
      vertex 51.4644 12.8311 48.4
    endloop
  endfacet
  facet normal 0 0 1
    outer loop
      vertex 54.8041 13.0941 48.4
      vertex 50.1191 13.1788 48.4
      vertex 53.1936 13.0941 48.4
    endloop
  endfacet
  facet normal 0 0 1
    outer loop
      vertex 53.1936 13.0941 48.4
      vertex 50.9801 13.0537 48.4
      vertex 51.2312 12.9563 48.4
    endloop
  endfacet
  facet normal 0 0 1
    outer loop
      vertex 53.1936 13.0941 48.4
      vertex 50.711 13.1232 48.4
      vertex 50.9801 13.0537 48.4
    endloop
  endfacet
  facet normal 0 0 1
    outer loop
      vertex 53.1936 13.0941 48.4
      vertex 50.424 13.1649 48.4
      vertex 50.711 13.1232 48.4
    endloop
  endfacet
  facet normal 0 0 1
    outer loop
      vertex 53.1936 13.0941 48.4
      vertex 50.1191 13.1788 48.4
      vertex 50.424 13.1649 48.4
    endloop
  endfacet
  facet normal 0 0 1
    outer loop
      vertex 0 18.45 48.4
      vertex 50.1191 13.1788 48.4
      vertex 100.101 16.7 48.4
    endloop
  endfacet
  facet normal 0 0 1
    outer loop
      vertex 47.7197 10.7902 48.4
      vertex 47.1192 10.7885 48.4
      vertex 47.7151 10.5782 48.4
    endloop
  endfacet
  facet normal 0 0 1
    outer loop
      vertex 47.7337 10.9923 48.4
      vertex 47.1192 10.7885 48.4
      vertex 47.7197 10.7902 48.4
    endloop
  endfacet
  facet normal 0 0 1
    outer loop
      vertex 47.7568 11.1844 48.4
      vertex 47.1192 10.7885 48.4
      vertex 47.7337 10.9923 48.4
    endloop
  endfacet
  facet normal 0 0 1
    outer loop
      vertex 47.0548 11.7175 48.4
      vertex 47.7568 11.1844 48.4
      vertex 47.7893 11.3665 48.4
    endloop
  endfacet
  facet normal 0 0 1
    outer loop
      vertex 47.0548 11.7175 48.4
      vertex 47.7893 11.3665 48.4
      vertex 47.831 11.5387 48.4
    endloop
  endfacet
  facet normal 0 0 1
    outer loop
      vertex 47.0548 11.7175 48.4
      vertex 47.831 11.5387 48.4
      vertex 47.882 11.7009 48.4
    endloop
  endfacet
  facet normal 0 0 1
    outer loop
      vertex 47.0046 11.9071 48.4
      vertex 47.882 11.7009 48.4
      vertex 47.9423 11.8531 48.4
    endloop
  endfacet
  facet normal -0 0 1
    outer loop
      vertex 47.0046 11.9071 48.4
      vertex 47.9423 11.8531 48.4
      vertex 47.9933 11.96 48.4
    endloop
  endfacet
  facet normal 0 0 1
    outer loop
      vertex 46.9392 12.0846 48.4
      vertex 47.9933 11.96 48.4
      vertex 48.0493 12.0638 48.4
    endloop
  endfacet
  facet normal -0 0 1
    outer loop
      vertex 46.9392 12.0846 48.4
      vertex 48.0493 12.0638 48.4
      vertex 48.1103 12.1643 48.4
    endloop
  endfacet
  facet normal -0 0 1
    outer loop
      vertex 46.8587 12.25 48.4
      vertex 48.1103 12.1643 48.4
      vertex 48.1764 12.2617 48.4
    endloop
  endfacet
  facet normal 0 0 1
    outer loop
      vertex 47.7568 11.1844 48.4
      vertex 47.0548 11.7175 48.4
      vertex 47.1192 10.7885 48.4
    endloop
  endfacet
  facet normal 0 0 1
    outer loop
      vertex 46.763 12.4033 48.4
      vertex 48.1764 12.2617 48.4
      vertex 48.2476 12.3558 48.4
    endloop
  endfacet
  facet normal -0 0 1
    outer loop
      vertex 46.763 12.4033 48.4
      vertex 48.2476 12.3558 48.4
      vertex 48.3238 12.4468 48.4
    endloop
  endfacet
  facet normal 0 0 1
    outer loop
      vertex 46.6522 12.5445 48.4
      vertex 48.3238 12.4468 48.4
      vertex 48.4051 12.5346 48.4
    endloop
  endfacet
  facet normal -0 0 1
    outer loop
      vertex 46.6522 12.5445 48.4
      vertex 48.4051 12.5346 48.4
      vertex 48.4901 12.6177 48.4
    endloop
  endfacet
  facet normal -0 0 1
    outer loop
      vertex 46.5262 12.6736 48.4
      vertex 48.4901 12.6177 48.4
      vertex 48.5773 12.6943 48.4
    endloop
  endfacet
  facet normal 0 0 1
    outer loop
      vertex 46.3851 12.7906 48.4
      vertex 48.5773 12.6943 48.4
      vertex 48.6668 12.7646 48.4
    endloop
  endfacet
  facet normal -0 0 1
    outer loop
      vertex 46.3851 12.7906 48.4
      vertex 48.6668 12.7646 48.4
      vertex 48.7586 12.8286 48.4
    endloop
  endfacet
  facet normal 0 0 1
    outer loop
      vertex 47.882 11.7009 48.4
      vertex 47.0046 11.9071 48.4
      vertex 47.0548 11.7175 48.4
    endloop
  endfacet
  facet normal 0 0 1
    outer loop
      vertex 46.2281 12.8936 48.4
      vertex 48.7586 12.8286 48.4
      vertex 48.8527 12.8861 48.4
    endloop
  endfacet
  facet normal -0 0 1
    outer loop
      vertex 46.2281 12.8936 48.4
      vertex 48.8527 12.8861 48.4
      vertex 48.949 12.9373 48.4
    endloop
  endfacet
  facet normal 0 0 1
    outer loop
      vertex 47.9933 11.96 48.4
      vertex 46.9392 12.0846 48.4
      vertex 47.0046 11.9071 48.4
    endloop
  endfacet
  facet normal -0 0 1
    outer loop
      vertex 46.0546 12.9807 48.4
      vertex 48.949 12.9373 48.4
      vertex 49.0477 12.9822 48.4
    endloop
  endfacet
  facet normal 0 0 1
    outer loop
      vertex 48.1103 12.1643 48.4
      vertex 46.8587 12.25 48.4
      vertex 46.9392 12.0846 48.4
    endloop
  endfacet
  facet normal 0 0 1
    outer loop
      vertex 46.0546 12.9807 48.4
      vertex 49.0477 12.9822 48.4
      vertex 49.1833 13.0344 48.4
    endloop
  endfacet
  facet normal 0 0 1
    outer loop
      vertex 48.1764 12.2617 48.4
      vertex 46.763 12.4033 48.4
      vertex 46.8587 12.25 48.4
    endloop
  endfacet
  facet normal -0 0 1
    outer loop
      vertex 45.8646 13.0521 48.4
      vertex 49.1833 13.0344 48.4
      vertex 49.3247 13.0785 48.4
    endloop
  endfacet
  facet normal 0 0 1
    outer loop
      vertex 48.3238 12.4468 48.4
      vertex 46.6522 12.5445 48.4
      vertex 46.763 12.4033 48.4
    endloop
  endfacet
  facet normal -0 0 1
    outer loop
      vertex 45.658 13.1075 48.4
      vertex 49.3247 13.0785 48.4
      vertex 49.472 13.1146 48.4
    endloop
  endfacet
  facet normal 0 0 1
    outer loop
      vertex 48.4901 12.6177 48.4
      vertex 46.5262 12.6736 48.4
      vertex 46.6522 12.5445 48.4
    endloop
  endfacet
  facet normal 0 0 1
    outer loop
      vertex 45.658 13.1075 48.4
      vertex 49.472 13.1146 48.4
      vertex 49.625 13.1427 48.4
    endloop
  endfacet
  facet normal 0 0 1
    outer loop
      vertex 48.5773 12.6943 48.4
      vertex 46.3851 12.7906 48.4
      vertex 46.5262 12.6736 48.4
    endloop
  endfacet
  facet normal -0 0 1
    outer loop
      vertex 45.4349 13.1471 48.4
      vertex 49.625 13.1427 48.4
      vertex 49.7839 13.1628 48.4
    endloop
  endfacet
  facet normal 0 0 1
    outer loop
      vertex 48.7586 12.8286 48.4
      vertex 46.2281 12.8936 48.4
      vertex 46.3851 12.7906 48.4
    endloop
  endfacet
  facet normal 0 0 1
    outer loop
      vertex 48.949 12.9373 48.4
      vertex 46.0546 12.9807 48.4
      vertex 46.2281 12.8936 48.4
    endloop
  endfacet
  facet normal -0 0 1
    outer loop
      vertex 45.1952 13.1709 48.4
      vertex 49.7839 13.1628 48.4
      vertex 49.9486 13.1748 48.4
    endloop
  endfacet
  facet normal 0 -0 1
    outer loop
      vertex 44.939 13.1788 48.4
      vertex 50.1191 13.1788 48.4
      vertex 0 18.45 48.4
    endloop
  endfacet
  facet normal 0 0 1
    outer loop
      vertex 49.1833 13.0344 48.4
      vertex 45.8646 13.0521 48.4
      vertex 46.0546 12.9807 48.4
    endloop
  endfacet
  facet normal 0 0 1
    outer loop
      vertex 49.3247 13.0785 48.4
      vertex 45.658 13.1075 48.4
      vertex 45.8646 13.0521 48.4
    endloop
  endfacet
  facet normal 0 0 1
    outer loop
      vertex 49.625 13.1427 48.4
      vertex 45.4349 13.1471 48.4
      vertex 45.658 13.1075 48.4
    endloop
  endfacet
  facet normal -0 0 1
    outer loop
      vertex 0 18.45 48.4
      vertex 100.101 16.7 48.4
      vertex 126.95 18.45 48.4
    endloop
  endfacet
  facet normal 0 0 1
    outer loop
      vertex 49.7839 13.1628 48.4
      vertex 45.1952 13.1709 48.4
      vertex 45.4349 13.1471 48.4
    endloop
  endfacet
  facet normal 0 0 1
    outer loop
      vertex 50.1191 13.1788 48.4
      vertex 44.939 13.1788 48.4
      vertex 49.9486 13.1748 48.4
    endloop
  endfacet
  facet normal 0 0 1
    outer loop
      vertex 49.9486 13.1748 48.4
      vertex 44.939 13.1788 48.4
      vertex 45.1952 13.1709 48.4
    endloop
  endfacet
  facet normal 0 0 1
    outer loop
      vertex 42.4773 10.844 48.4
      vertex 0 18.45 48.4
      vertex 42.4707 10.6257 48.4
    endloop
  endfacet
  facet normal 0 0 1
    outer loop
      vertex 42.4972 11.0553 48.4
      vertex 0 18.45 48.4
      vertex 42.4773 10.844 48.4
    endloop
  endfacet
  facet normal 0 0 1
    outer loop
      vertex 42.5304 11.2595 48.4
      vertex 0 18.45 48.4
      vertex 42.4972 11.0553 48.4
    endloop
  endfacet
  facet normal 0 0 1
    outer loop
      vertex 42.5769 11.4566 48.4
      vertex 0 18.45 48.4
      vertex 42.5304 11.2595 48.4
    endloop
  endfacet
  facet normal 0 0 1
    outer loop
      vertex 42.6367 11.6467 48.4
      vertex 0 18.45 48.4
      vertex 42.5769 11.4566 48.4
    endloop
  endfacet
  facet normal 0 0 1
    outer loop
      vertex 42.7098 11.8297 48.4
      vertex 0 18.45 48.4
      vertex 42.6367 11.6467 48.4
    endloop
  endfacet
  facet normal 0 0 1
    outer loop
      vertex 42.7962 12.0057 48.4
      vertex 0 18.45 48.4
      vertex 42.7098 11.8297 48.4
    endloop
  endfacet
  facet normal 0 0 1
    outer loop
      vertex 42.8953 12.1724 48.4
      vertex 0 18.45 48.4
      vertex 42.7962 12.0057 48.4
    endloop
  endfacet
  facet normal 0 0 1
    outer loop
      vertex 43.0068 12.3276 48.4
      vertex 0 18.45 48.4
      vertex 42.8953 12.1724 48.4
    endloop
  endfacet
  facet normal 0 0 1
    outer loop
      vertex 43.1306 12.4713 48.4
      vertex 0 18.45 48.4
      vertex 43.0068 12.3276 48.4
    endloop
  endfacet
  facet normal 0 0 1
    outer loop
      vertex 43.2667 12.6035 48.4
      vertex 0 18.45 48.4
      vertex 43.1306 12.4713 48.4
    endloop
  endfacet
  facet normal 0 0 1
    outer loop
      vertex 43.4151 12.7243 48.4
      vertex 0 18.45 48.4
      vertex 43.2667 12.6035 48.4
    endloop
  endfacet
  facet normal 0 0 1
    outer loop
      vertex 43.5759 12.8336 48.4
      vertex 0 18.45 48.4
      vertex 43.4151 12.7243 48.4
    endloop
  endfacet
  facet normal 0 0 1
    outer loop
      vertex 43.7489 12.9313 48.4
      vertex 0 18.45 48.4
      vertex 43.5759 12.8336 48.4
    endloop
  endfacet
  facet normal 0 0 1
    outer loop
      vertex 43.8903 12.997 48.4
      vertex 0 18.45 48.4
      vertex 43.7489 12.9313 48.4
    endloop
  endfacet
  facet normal 0 0 1
    outer loop
      vertex 44.0412 13.0525 48.4
      vertex 0 18.45 48.4
      vertex 43.8903 12.997 48.4
    endloop
  endfacet
  facet normal 0 0 1
    outer loop
      vertex 44.2017 13.098 48.4
      vertex 0 18.45 48.4
      vertex 44.0412 13.0525 48.4
    endloop
  endfacet
  facet normal 0 0 1
    outer loop
      vertex 44.3717 13.1334 48.4
      vertex 0 18.45 48.4
      vertex 44.2017 13.098 48.4
    endloop
  endfacet
  facet normal 0 0 1
    outer loop
      vertex 44.5512 13.1586 48.4
      vertex 0 18.45 48.4
      vertex 44.3717 13.1334 48.4
    endloop
  endfacet
  facet normal 0 0 1
    outer loop
      vertex 44.7403 13.1738 48.4
      vertex 0 18.45 48.4
      vertex 44.5512 13.1586 48.4
    endloop
  endfacet
  facet normal 0 0 1
    outer loop
      vertex 44.939 13.1788 48.4
      vertex 0 18.45 48.4
      vertex 44.7403 13.1738 48.4
    endloop
  endfacet
  facet normal -0 0 1
    outer loop
      vertex 117.799 4.4 48.4
      vertex 126.95 2.64999 48.4
      vertex 117.799 16.7 48.4
    endloop
  endfacet
  facet normal -0 0 1
    outer loop
      vertex 116.101 4.4 48.4
      vertex 126.95 2.64999 48.4
      vertex 117.799 4.4 48.4
    endloop
  endfacet
  facet normal 0 0 1
    outer loop
      vertex 113.799 4.4 48.4
      vertex 116.101 4.4 48.4
      vertex 113.799 16.7 48.4
    endloop
  endfacet
  facet normal -0 0 1
    outer loop
      vertex 113.799 4.4 48.4
      vertex 126.95 2.64999 48.4
      vertex 116.101 4.4 48.4
    endloop
  endfacet
  facet normal -0 0 1
    outer loop
      vertex 112.101 4.4 48.4
      vertex 126.95 2.64999 48.4
      vertex 113.799 4.4 48.4
    endloop
  endfacet
  facet normal 0 0 1
    outer loop
      vertex 109.799 4.4 48.4
      vertex 112.101 4.4 48.4
      vertex 109.799 16.7 48.4
    endloop
  endfacet
  facet normal -0 0 1
    outer loop
      vertex 109.799 4.4 48.4
      vertex 126.95 2.64999 48.4
      vertex 112.101 4.4 48.4
    endloop
  endfacet
  facet normal -0 0 1
    outer loop
      vertex 108.101 4.4 48.4
      vertex 126.95 2.64999 48.4
      vertex 109.799 4.4 48.4
    endloop
  endfacet
  facet normal 0 0 1
    outer loop
      vertex 105.799 4.4 48.4
      vertex 108.101 4.4 48.4
      vertex 105.799 16.7 48.4
    endloop
  endfacet
  facet normal -0 0 1
    outer loop
      vertex 105.799 4.4 48.4
      vertex 126.95 2.64999 48.4
      vertex 108.101 4.4 48.4
    endloop
  endfacet
  facet normal -0 0 1
    outer loop
      vertex 104.101 4.4 48.4
      vertex 126.95 2.64999 48.4
      vertex 105.799 4.4 48.4
    endloop
  endfacet
  facet normal 0 0 1
    outer loop
      vertex 101.799 4.4 48.4
      vertex 104.101 4.4 48.4
      vertex 101.799 16.7 48.4
    endloop
  endfacet
  facet normal -0 0 1
    outer loop
      vertex 101.799 4.4 48.4
      vertex 126.95 2.64999 48.4
      vertex 104.101 4.4 48.4
    endloop
  endfacet
  facet normal -0 0 1
    outer loop
      vertex 100.101 4.4 48.4
      vertex 126.95 2.64999 48.4
      vertex 101.799 4.4 48.4
    endloop
  endfacet
  facet normal 0 0 1
    outer loop
      vertex 100.101 16.7 48.4
      vertex 76.5503 11.6358 48.4
      vertex 100.101 4.4 48.4
    endloop
  endfacet
  facet normal -0 0 1
    outer loop
      vertex 76.5527 8.12344 48.4
      vertex 100.101 4.4 48.4
      vertex 76.5527 9.00839 48.4
    endloop
  endfacet
  facet normal -0 0 1
    outer loop
      vertex 73.2129 8.12344 48.4
      vertex 100.101 4.4 48.4
      vertex 76.5527 8.12344 48.4
    endloop
  endfacet
  facet normal 0 0 1
    outer loop
      vertex 73.2328 8.26574 48.4
      vertex 72.0012 8.12344 48.4
      vertex 73.2129 8.12344 48.4
    endloop
  endfacet
  facet normal -0 0 1
    outer loop
      vertex 72.0012 8.12344 48.4
      vertex 100.101 4.4 48.4
      vertex 73.2129 8.12344 48.4
    endloop
  endfacet
  facet normal -0 0 1
    outer loop
      vertex 71.0485 8.12344 48.4
      vertex 100.101 4.4 48.4
      vertex 72.0012 8.12344 48.4
    endloop
  endfacet
  facet normal -0 0 1
    outer loop
      vertex 70.7349 11.4558 48.4
      vertex 71.0485 8.12344 48.4
      vertex 70.8955 11.5798 48.4
    endloop
  endfacet
  facet normal -0 0 1
    outer loop
      vertex 70.5666 11.3423 48.4
      vertex 71.0485 8.12344 48.4
      vertex 70.7349 11.4558 48.4
    endloop
  endfacet
  facet normal -0 0 1
    outer loop
      vertex 70.3908 11.2391 48.4
      vertex 71.0485 8.12344 48.4
      vertex 70.5666 11.3423 48.4
    endloop
  endfacet
  facet normal -0 0 1
    outer loop
      vertex 70.2074 11.1463 48.4
      vertex 71.0485 8.12344 48.4
      vertex 70.3908 11.2391 48.4
    endloop
  endfacet
  facet normal -0 0 1
    outer loop
      vertex 70.0163 11.0639 48.4
      vertex 71.0485 8.12344 48.4
      vertex 70.2074 11.1463 48.4
    endloop
  endfacet
  facet normal -0 0 1
    outer loop
      vertex 69.8177 10.9919 48.4
      vertex 71.0485 8.12344 48.4
      vertex 70.0163 11.0639 48.4
    endloop
  endfacet
  facet normal 0 0 1
    outer loop
      vertex 67.2191 10.2688 48.4
      vertex 69.8177 10.9919 48.4
      vertex 67.2324 10.602 48.4
    endloop
  endfacet
  facet normal 0 0 1
    outer loop
      vertex 67.179 9.95695 48.4
      vertex 69.8177 10.9919 48.4
      vertex 67.2191 10.2688 48.4
    endloop
  endfacet
  facet normal 0 0 1
    outer loop
      vertex 67.1123 9.6665 48.4
      vertex 69.8177 10.9919 48.4
      vertex 67.179 9.95695 48.4
    endloop
  endfacet
  facet normal 0 0 1
    outer loop
      vertex 69.8177 10.9919 48.4
      vertex 67.1123 9.6665 48.4
      vertex 71.0485 8.12344 48.4
    endloop
  endfacet
  facet normal -0 0 1
    outer loop
      vertex 67.0188 9.39743 48.4
      vertex 71.0485 8.12344 48.4
      vertex 67.1123 9.6665 48.4
    endloop
  endfacet
  facet normal -0 0 1
    outer loop
      vertex 66.8986 9.14975 48.4
      vertex 71.0485 8.12344 48.4
      vertex 67.0188 9.39743 48.4
    endloop
  endfacet
  facet normal -0 0 1
    outer loop
      vertex 66.7517 8.92343 48.4
      vertex 71.0485 8.12344 48.4
      vertex 66.8986 9.14975 48.4
    endloop
  endfacet
  facet normal -0 0 1
    outer loop
      vertex 66.578 8.71849 48.4
      vertex 71.0485 8.12344 48.4
      vertex 66.7517 8.92343 48.4
    endloop
  endfacet
  facet normal -0 0 1
    outer loop
      vertex 66.3821 8.53814 48.4
      vertex 71.0485 8.12344 48.4
      vertex 66.578 8.71849 48.4
    endloop
  endfacet
  facet normal -0 0 1
    outer loop
      vertex 66.1681 8.38552 48.4
      vertex 71.0485 8.12344 48.4
      vertex 66.3821 8.53814 48.4
    endloop
  endfacet
  facet normal -0 0 1
    outer loop
      vertex 65.9362 8.26068 48.4
      vertex 71.0485 8.12344 48.4
      vertex 66.1681 8.38552 48.4
    endloop
  endfacet
  facet normal -0 0 1
    outer loop
      vertex 65.6862 8.16356 48.4
      vertex 71.0485 8.12344 48.4
      vertex 65.9362 8.26068 48.4
    endloop
  endfacet
  facet normal 0 0 1
    outer loop
      vertex 65.4183 8.09419 48.4
      vertex 71.0485 8.12344 48.4
      vertex 65.6862 8.16356 48.4
    endloop
  endfacet
  facet normal 0 0 1
    outer loop
      vertex 65.1324 8.05256 48.4
      vertex 71.0485 8.12344 48.4
      vertex 65.4183 8.09419 48.4
    endloop
  endfacet
  facet normal 0 0 1
    outer loop
      vertex 71.0485 8.12344 48.4
      vertex 65.1324 8.05256 48.4
      vertex 100.101 4.4 48.4
    endloop
  endfacet
  facet normal -0 0 1
    outer loop
      vertex 64.8285 8.03869 48.4
      vertex 100.101 4.4 48.4
      vertex 65.1324 8.05256 48.4
    endloop
  endfacet
  facet normal 0 0 1
    outer loop
      vertex 60.9888 8.12344 48.4
      vertex 64.8285 8.03869 48.4
      vertex 64.521 8.0525 48.4
    endloop
  endfacet
  facet normal 0 0 1
    outer loop
      vertex 62.1891 8.12344 48.4
      vertex 62.4243 10.2496 48.4
      vertex 62.4109 10.5782 48.4
    endloop
  endfacet
  facet normal 0 0 1
    outer loop
      vertex 62.1891 8.12344 48.4
      vertex 62.4644 9.94178 48.4
      vertex 62.4243 10.2496 48.4
    endloop
  endfacet
  facet normal 0 0 1
    outer loop
      vertex 62.1891 8.12344 48.4
      vertex 62.5311 9.6548 48.4
      vertex 62.4644 9.94178 48.4
    endloop
  endfacet
  facet normal 0 0 1
    outer loop
      vertex 62.1891 8.12344 48.4
      vertex 62.6246 9.38862 48.4
      vertex 62.5311 9.6548 48.4
    endloop
  endfacet
  facet normal 0 0 1
    outer loop
      vertex 62.1891 8.12344 48.4
      vertex 62.7448 9.14329 48.4
      vertex 62.6246 9.38862 48.4
    endloop
  endfacet
  facet normal 0 0 1
    outer loop
      vertex 62.1891 8.12344 48.4
      vertex 62.8917 8.91877 48.4
      vertex 62.7448 9.14329 48.4
    endloop
  endfacet
  facet normal 0 0 1
    outer loop
      vertex 62.1891 8.12344 48.4
      vertex 63.0653 8.7151 48.4
      vertex 62.8917 8.91877 48.4
    endloop
  endfacet
  facet normal 0 0 1
    outer loop
      vertex 62.1891 8.12344 48.4
      vertex 63.2616 8.53564 48.4
      vertex 63.0653 8.7151 48.4
    endloop
  endfacet
  facet normal 0 0 1
    outer loop
      vertex 62.1891 8.12344 48.4
      vertex 63.4764 8.3838 48.4
      vertex 63.2616 8.53564 48.4
    endloop
  endfacet
  facet normal 0 0 1
    outer loop
      vertex 62.1891 8.12344 48.4
      vertex 63.7097 8.25956 48.4
      vertex 63.4764 8.3838 48.4
    endloop
  endfacet
  facet normal 0 0 1
    outer loop
      vertex 62.1891 8.12344 48.4
      vertex 63.9616 8.16293 48.4
      vertex 63.7097 8.25956 48.4
    endloop
  endfacet
  facet normal -0 0 1
    outer loop
      vertex 62.1891 8.12344 48.4
      vertex 64.232 8.09391 48.4
      vertex 63.9616 8.16293 48.4
    endloop
  endfacet
  facet normal 0 0 1
    outer loop
      vertex 62.1891 8.12344 48.4
      vertex 64.521 8.0525 48.4
      vertex 64.232 8.09391 48.4
    endloop
  endfacet
  facet normal -0 0 1
    outer loop
      vertex 60.9888 8.12344 48.4
      vertex 64.521 8.0525 48.4
      vertex 62.1891 8.12344 48.4
    endloop
  endfacet
  facet normal 0 0 1
    outer loop
      vertex 64.8285 8.03869 48.4
      vertex 60.9888 8.12344 48.4
      vertex 100.101 4.4 48.4
    endloop
  endfacet
  facet normal 0 0 1
    outer loop
      vertex 58.7239 8.12344 48.4
      vertex 60.2632 9.20504 48.4
      vertex 60.1578 9.36195 48.4
    endloop
  endfacet
  facet normal 0 0 1
    outer loop
      vertex 58.7239 8.12344 48.4
      vertex 60.1578 9.36195 48.4
      vertex 60.0623 9.50134 48.4
    endloop
  endfacet
  facet normal 0 0 1
    outer loop
      vertex 58.7239 8.12344 48.4
      vertex 60.0623 9.50134 48.4
      vertex 59.9768 9.62323 48.4
    endloop
  endfacet
  facet normal 0 0 1
    outer loop
      vertex 58.7239 8.12344 48.4
      vertex 59.9768 9.62323 48.4
      vertex 59.9012 9.72761 48.4
    endloop
  endfacet
  facet normal 0 0 1
    outer loop
      vertex 58.7239 8.12344 48.4
      vertex 59.9012 9.72761 48.4
      vertex 59.8356 9.81448 48.4
    endloop
  endfacet
  facet normal 0 0 1
    outer loop
      vertex 59.1097 10.1939 48.4
      vertex 59.8356 9.81448 48.4
      vertex 59.78 9.88385 48.4
    endloop
  endfacet
  facet normal 0 0 1
    outer loop
      vertex 59.1895 10.1882 48.4
      vertex 59.78 9.88385 48.4
      vertex 59.7343 9.9357 48.4
    endloop
  endfacet
  facet normal 0 0 1
    outer loop
      vertex 59.2617 10.1802 48.4
      vertex 59.7343 9.9357 48.4
      vertex 59.6933 9.97686 48.4
    endloop
  endfacet
  facet normal 0 0 1
    outer loop
      vertex 59.2617 10.1802 48.4
      vertex 59.6933 9.97686 48.4
      vertex 59.6515 10.0142 48.4
    endloop
  endfacet
  facet normal 0 0 1
    outer loop
      vertex 59.3263 10.1699 48.4
      vertex 59.6515 10.0142 48.4
      vertex 59.6091 10.0476 48.4
    endloop
  endfacet
  facet normal 0 0 1
    outer loop
      vertex 59.3263 10.1699 48.4
      vertex 59.6091 10.0476 48.4
      vertex 59.566 10.0771 48.4
    endloop
  endfacet
  facet normal 0 0 1
    outer loop
      vertex 59.3263 10.1699 48.4
      vertex 59.566 10.0771 48.4
      vertex 59.5222 10.1028 48.4
    endloop
  endfacet
  facet normal 0 0 1
    outer loop
      vertex 59.3263 10.1699 48.4
      vertex 59.5222 10.1028 48.4
      vertex 59.4777 10.1246 48.4
    endloop
  endfacet
  facet normal 0 0 1
    outer loop
      vertex 59.3832 10.1574 48.4
      vertex 59.4777 10.1246 48.4
      vertex 59.4325 10.1425 48.4
    endloop
  endfacet
  facet normal 0 0 1
    outer loop
      vertex 59.4777 10.1246 48.4
      vertex 59.3832 10.1574 48.4
      vertex 59.3263 10.1699 48.4
    endloop
  endfacet
  facet normal 0 0 1
    outer loop
      vertex 59.6515 10.0142 48.4
      vertex 59.3263 10.1699 48.4
      vertex 59.2617 10.1802 48.4
    endloop
  endfacet
  facet normal 0 0 1
    outer loop
      vertex 59.7343 9.9357 48.4
      vertex 59.2617 10.1802 48.4
      vertex 59.1895 10.1882 48.4
    endloop
  endfacet
  facet normal 0 0 1
    outer loop
      vertex 59.78 9.88385 48.4
      vertex 59.1895 10.1882 48.4
      vertex 59.1097 10.1939 48.4
    endloop
  endfacet
  facet normal 0 0 1
    outer loop
      vertex 59.8356 9.81448 48.4
      vertex 59.1097 10.1939 48.4
      vertex 58.7239 8.12344 48.4
    endloop
  endfacet
  facet normal 0 0 1
    outer loop
      vertex 58.7239 8.12344 48.4
      vertex 59.1097 10.1939 48.4
      vertex 59.0224 10.1974 48.4
    endloop
  endfacet
  facet normal 0 0 1
    outer loop
      vertex 58.7239 8.12344 48.4
      vertex 59.0224 10.1974 48.4
      vertex 58.9273 10.1985 48.4
    endloop
  endfacet
  facet normal 0 0 1
    outer loop
      vertex 58.7239 8.12344 48.4
      vertex 58.9273 10.1985 48.4
      vertex 58.7239 10.1985 48.4
    endloop
  endfacet
  facet normal 0 0 1
    outer loop
      vertex 60.2632 9.20504 48.4
      vertex 58.7239 8.12344 48.4
      vertex 60.9888 8.12344 48.4
    endloop
  endfacet
  facet normal -0 0 1
    outer loop
      vertex 58.7239 8.12344 48.4
      vertex 100.101 4.4 48.4
      vertex 60.9888 8.12344 48.4
    endloop
  endfacet
  facet normal -0 0 1
    outer loop
      vertex 57.7203 8.12344 48.4
      vertex 100.101 4.4 48.4
      vertex 58.7239 8.12344 48.4
    endloop
  endfacet
  facet normal 0 0 1
    outer loop
      vertex 56.9877 11.3153 48.4
      vertex 57.7203 13.0941 48.4
      vertex 56.9979 11.4371 48.4
    endloop
  endfacet
  facet normal 0 0 1
    outer loop
      vertex 57.7203 13.0941 48.4
      vertex 56.9877 11.3153 48.4
      vertex 57.7203 8.12344 48.4
    endloop
  endfacet
  facet normal -0 0 1
    outer loop
      vertex 56.9707 11.1994 48.4
      vertex 57.7203 8.12344 48.4
      vertex 56.9877 11.3153 48.4
    endloop
  endfacet
  facet normal -0 0 1
    outer loop
      vertex 56.947 11.0894 48.4
      vertex 57.7203 8.12344 48.4
      vertex 56.9707 11.1994 48.4
    endloop
  endfacet
  facet normal -0 0 1
    outer loop
      vertex 56.9165 10.9854 48.4
      vertex 57.7203 8.12344 48.4
      vertex 56.947 11.0894 48.4
    endloop
  endfacet
  facet normal -0 0 1
    outer loop
      vertex 56.8792 10.8873 48.4
      vertex 57.7203 8.12344 48.4
      vertex 56.9165 10.9854 48.4
    endloop
  endfacet
  facet normal -0 0 1
    outer loop
      vertex 56.8351 10.7952 48.4
      vertex 57.7203 8.12344 48.4
      vertex 56.8792 10.8873 48.4
    endloop
  endfacet
  facet normal -0 0 1
    outer loop
      vertex 56.7858 10.7088 48.4
      vertex 57.7203 8.12344 48.4
      vertex 56.8351 10.7952 48.4
    endloop
  endfacet
  facet normal -0 0 1
    outer loop
      vertex 56.7328 10.6279 48.4
      vertex 57.7203 8.12344 48.4
      vertex 56.7858 10.7088 48.4
    endloop
  endfacet
  facet normal -0 0 1
    outer loop
      vertex 56.6762 10.5525 48.4
      vertex 57.7203 8.12344 48.4
      vertex 56.7328 10.6279 48.4
    endloop
  endfacet
  facet normal -0 0 1
    outer loop
      vertex 56.6159 10.4825 48.4
      vertex 57.7203 8.12344 48.4
      vertex 56.6762 10.5525 48.4
    endloop
  endfacet
  facet normal -0 0 1
    outer loop
      vertex 56.5519 10.418 48.4
      vertex 57.7203 8.12344 48.4
      vertex 56.6159 10.4825 48.4
    endloop
  endfacet
  facet normal -0 0 1
    outer loop
      vertex 56.4843 10.3589 48.4
      vertex 57.7203 8.12344 48.4
      vertex 56.5519 10.418 48.4
    endloop
  endfacet
  facet normal -0 0 1
    outer loop
      vertex 56.413 10.3053 48.4
      vertex 57.7203 8.12344 48.4
      vertex 56.4843 10.3589 48.4
    endloop
  endfacet
  facet normal -0 0 1
    outer loop
      vertex 56.3396 10.2569 48.4
      vertex 57.7203 8.12344 48.4
      vertex 56.413 10.3053 48.4
    endloop
  endfacet
  facet normal -0 0 1
    outer loop
      vertex 56.266 10.2134 48.4
      vertex 57.7203 8.12344 48.4
      vertex 56.3396 10.2569 48.4
    endloop
  endfacet
  facet normal -0 0 1
    outer loop
      vertex 56.192 10.1748 48.4
      vertex 57.7203 8.12344 48.4
      vertex 56.266 10.2134 48.4
    endloop
  endfacet
  facet normal -0 0 1
    outer loop
      vertex 56.1176 10.1412 48.4
      vertex 57.7203 8.12344 48.4
      vertex 56.192 10.1748 48.4
    endloop
  endfacet
  facet normal -0 0 1
    outer loop
      vertex 56.0429 10.1124 48.4
      vertex 57.7203 8.12344 48.4
      vertex 56.1176 10.1412 48.4
    endloop
  endfacet
  facet normal -0 0 1
    outer loop
      vertex 55.9679 10.0886 48.4
      vertex 57.7203 8.12344 48.4
      vertex 56.0429 10.1124 48.4
    endloop
  endfacet
  facet normal -0 0 1
    outer loop
      vertex 55.8925 10.0696 48.4
      vertex 57.7203 8.12344 48.4
      vertex 55.9679 10.0886 48.4
    endloop
  endfacet
  facet normal -0 0 1
    outer loop
      vertex 55.7833 10.0508 48.4
      vertex 57.7203 8.12344 48.4
      vertex 55.8925 10.0696 48.4
    endloop
  endfacet
  facet normal -0 0 1
    outer loop
      vertex 55.6608 10.0348 48.4
      vertex 57.7203 8.12344 48.4
      vertex 55.7833 10.0508 48.4
    endloop
  endfacet
  facet normal 0 0 1
    outer loop
      vertex 54.1972 8.12344 48.4
      vertex 55.6608 10.0348 48.4
      vertex 55.5253 10.0217 48.4
    endloop
  endfacet
  facet normal 0 0 1
    outer loop
      vertex 54.1972 8.12344 48.4
      vertex 55.5253 10.0217 48.4
      vertex 55.3766 10.0115 48.4
    endloop
  endfacet
  facet normal 0 0 1
    outer loop
      vertex 54.1972 8.12344 48.4
      vertex 55.3766 10.0115 48.4
      vertex 55.2147 10.0043 48.4
    endloop
  endfacet
  facet normal 0 0 1
    outer loop
      vertex 54.1972 8.12344 48.4
      vertex 55.2147 10.0043 48.4
      vertex 55.0397 9.9999 48.4
    endloop
  endfacet
  facet normal 0 0 1
    outer loop
      vertex 54.1972 8.12344 48.4
      vertex 55.0397 9.9999 48.4
      vertex 54.8516 9.99844 48.4
    endloop
  endfacet
  facet normal 0 0 1
    outer loop
      vertex 54.1972 8.12344 48.4
      vertex 54.8516 9.99844 48.4
      vertex 54.1972 9.99844 48.4
    endloop
  endfacet
  facet normal 0 0 1
    outer loop
      vertex 55.6608 10.0348 48.4
      vertex 54.1972 8.12344 48.4
      vertex 57.7203 8.12344 48.4
    endloop
  endfacet
  facet normal -0 0 1
    outer loop
      vertex 54.1972 8.12344 48.4
      vertex 100.101 4.4 48.4
      vertex 57.7203 8.12344 48.4
    endloop
  endfacet
  facet normal 0 0 1
    outer loop
      vertex 50.1327 8.03869 48.4
      vertex 54.1972 8.12344 48.4
      vertex 53.1936 8.12344 48.4
    endloop
  endfacet
  facet normal -0 0 1
    outer loop
      vertex 52.5233 10.2688 48.4
      vertex 53.1936 8.12344 48.4
      vertex 52.5366 10.602 48.4
    endloop
  endfacet
  facet normal -0 0 1
    outer loop
      vertex 52.4832 9.95695 48.4
      vertex 53.1936 8.12344 48.4
      vertex 52.5233 10.2688 48.4
    endloop
  endfacet
  facet normal -0 0 1
    outer loop
      vertex 52.4164 9.6665 48.4
      vertex 53.1936 8.12344 48.4
      vertex 52.4832 9.95695 48.4
    endloop
  endfacet
  facet normal -0 0 1
    outer loop
      vertex 52.3229 9.39743 48.4
      vertex 53.1936 8.12344 48.4
      vertex 52.4164 9.6665 48.4
    endloop
  endfacet
  facet normal -0 0 1
    outer loop
      vertex 52.2027 9.14975 48.4
      vertex 53.1936 8.12344 48.4
      vertex 52.3229 9.39743 48.4
    endloop
  endfacet
  facet normal -0 0 1
    outer loop
      vertex 52.0558 8.92343 48.4
      vertex 53.1936 8.12344 48.4
      vertex 52.2027 9.14975 48.4
    endloop
  endfacet
  facet normal -0 0 1
    outer loop
      vertex 51.8822 8.71849 48.4
      vertex 53.1936 8.12344 48.4
      vertex 52.0558 8.92343 48.4
    endloop
  endfacet
  facet normal -0 0 1
    outer loop
      vertex 51.6862 8.53814 48.4
      vertex 53.1936 8.12344 48.4
      vertex 51.8822 8.71849 48.4
    endloop
  endfacet
  facet normal -0 0 1
    outer loop
      vertex 51.4723 8.38552 48.4
      vertex 53.1936 8.12344 48.4
      vertex 51.6862 8.53814 48.4
    endloop
  endfacet
  facet normal -0 0 1
    outer loop
      vertex 51.2403 8.26068 48.4
      vertex 53.1936 8.12344 48.4
      vertex 51.4723 8.38552 48.4
    endloop
  endfacet
  facet normal -0 0 1
    outer loop
      vertex 50.9904 8.16356 48.4
      vertex 53.1936 8.12344 48.4
      vertex 51.2403 8.26068 48.4
    endloop
  endfacet
  facet normal 0 0 1
    outer loop
      vertex 50.7225 8.09419 48.4
      vertex 53.1936 8.12344 48.4
      vertex 50.9904 8.16356 48.4
    endloop
  endfacet
  facet normal 0 0 1
    outer loop
      vertex 50.4366 8.05256 48.4
      vertex 53.1936 8.12344 48.4
      vertex 50.7225 8.09419 48.4
    endloop
  endfacet
  facet normal 0 0 1
    outer loop
      vertex 50.1327 8.03869 48.4
      vertex 53.1936 8.12344 48.4
      vertex 50.4366 8.05256 48.4
    endloop
  endfacet
  facet normal 0 0 1
    outer loop
      vertex 54.1972 8.12344 48.4
      vertex 50.1327 8.03869 48.4
      vertex 100.101 4.4 48.4
    endloop
  endfacet
  facet normal -0 0 1
    outer loop
      vertex 45.1683 8.04344 48.4
      vertex 50.1327 8.03869 48.4
      vertex 49.8251 8.0525 48.4
    endloop
  endfacet
  facet normal 0 0 1
    outer loop
      vertex 47.1192 10.7885 48.4
      vertex 47.7285 10.2496 48.4
      vertex 47.7151 10.5782 48.4
    endloop
  endfacet
  facet normal 0 0 1
    outer loop
      vertex 47.1192 10.7885 48.4
      vertex 47.7685 9.94178 48.4
      vertex 47.7285 10.2496 48.4
    endloop
  endfacet
  facet normal 0 0 1
    outer loop
      vertex 47.1192 8.80835 48.4
      vertex 47.7685 9.94178 48.4
      vertex 47.1192 10.7885 48.4
    endloop
  endfacet
  facet normal 0 0 1
    outer loop
      vertex 47.7685 9.94178 48.4
      vertex 47.1192 8.80835 48.4
      vertex 47.8353 9.6548 48.4
    endloop
  endfacet
  facet normal 0 0 1
    outer loop
      vertex 47.8353 9.6548 48.4
      vertex 47.1192 8.80835 48.4
      vertex 47.9288 9.38862 48.4
    endloop
  endfacet
  facet normal 0 0 1
    outer loop
      vertex 47.9288 9.38862 48.4
      vertex 47.1192 8.80835 48.4
      vertex 48.049 9.14329 48.4
    endloop
  endfacet
  facet normal 0 0 1
    outer loop
      vertex 47.1192 8.80835 48.4
      vertex 48.1959 8.91877 48.4
      vertex 48.049 9.14329 48.4
    endloop
  endfacet
  facet normal -0 0 1
    outer loop
      vertex 47.1192 8.80835 48.4
      vertex 48.3695 8.7151 48.4
      vertex 48.1959 8.91877 48.4
    endloop
  endfacet
  facet normal -0 0 1
    outer loop
      vertex 47.0233 8.72265 48.4
      vertex 48.3695 8.7151 48.4
      vertex 47.1192 8.80835 48.4
    endloop
  endfacet
  facet normal 0 0 1
    outer loop
      vertex 48.3695 8.7151 48.4
      vertex 47.0233 8.72265 48.4
      vertex 48.5658 8.53564 48.4
    endloop
  endfacet
  facet normal -0 0 1
    outer loop
      vertex 46.9159 8.63992 48.4
      vertex 48.5658 8.53564 48.4
      vertex 47.0233 8.72265 48.4
    endloop
  endfacet
  facet normal -0 0 1
    outer loop
      vertex 46.7969 8.56018 48.4
      vertex 48.5658 8.53564 48.4
      vertex 46.9159 8.63992 48.4
    endloop
  endfacet
  facet normal 0 0 1
    outer loop
      vertex 48.5658 8.53564 48.4
      vertex 46.7969 8.56018 48.4
      vertex 48.7805 8.3838 48.4
    endloop
  endfacet
  facet normal -0 0 1
    outer loop
      vertex 46.6664 8.48341 48.4
      vertex 48.7805 8.3838 48.4
      vertex 46.7969 8.56018 48.4
    endloop
  endfacet
  facet normal -0 0 1
    outer loop
      vertex 46.5243 8.4096 48.4
      vertex 48.7805 8.3838 48.4
      vertex 46.6664 8.48341 48.4
    endloop
  endfacet
  facet normal 0 0 1
    outer loop
      vertex 48.7805 8.3838 48.4
      vertex 46.5243 8.4096 48.4
      vertex 49.0139 8.25956 48.4
    endloop
  endfacet
  facet normal -0 0 1
    outer loop
      vertex 46.3706 8.33879 48.4
      vertex 49.0139 8.25956 48.4
      vertex 46.5243 8.4096 48.4
    endloop
  endfacet
  facet normal -0 0 1
    outer loop
      vertex 46.2054 8.27095 48.4
      vertex 49.0139 8.25956 48.4
      vertex 46.3706 8.33879 48.4
    endloop
  endfacet
  facet normal 0 0 1
    outer loop
      vertex 49.0139 8.25956 48.4
      vertex 46.2054 8.27095 48.4
      vertex 49.2658 8.16293 48.4
    endloop
  endfacet
  facet normal -0 0 1
    outer loop
      vertex 46.0341 8.20933 48.4
      vertex 49.2658 8.16293 48.4
      vertex 46.2054 8.27095 48.4
    endloop
  endfacet
  facet normal 0 0 1
    outer loop
      vertex 45.8622 8.15719 48.4
      vertex 49.2658 8.16293 48.4
      vertex 46.0341 8.20933 48.4
    endloop
  endfacet
  facet normal 0 0 1
    outer loop
      vertex 49.2658 8.16293 48.4
      vertex 45.8622 8.15719 48.4
      vertex 49.5362 8.09391 48.4
    endloop
  endfacet
  facet normal -0 0 1
    outer loop
      vertex 45.6897 8.11453 48.4
      vertex 49.5362 8.09391 48.4
      vertex 45.8622 8.15719 48.4
    endloop
  endfacet
  facet normal 0 0 1
    outer loop
      vertex 45.5165 8.08136 48.4
      vertex 49.5362 8.09391 48.4
      vertex 45.6897 8.11453 48.4
    endloop
  endfacet
  facet normal 0 0 1
    outer loop
      vertex 49.5362 8.09391 48.4
      vertex 45.5165 8.08136 48.4
      vertex 49.8251 8.0525 48.4
    endloop
  endfacet
  facet normal -0 0 1
    outer loop
      vertex 45.3427 8.05766 48.4
      vertex 49.8251 8.0525 48.4
      vertex 45.5165 8.08136 48.4
    endloop
  endfacet
  facet normal 0 0 1
    outer loop
      vertex 45.1683 8.04344 48.4
      vertex 49.8251 8.0525 48.4
      vertex 45.3427 8.05766 48.4
    endloop
  endfacet
  facet normal 0 0 1
    outer loop
      vertex 50.1327 8.03869 48.4
      vertex 45.1683 8.04344 48.4
      vertex 44.9933 8.03869 48.4
    endloop
  endfacet
  facet normal 0 0 1
    outer loop
      vertex 50.1327 8.03869 48.4
      vertex 44.9933 8.03869 48.4
      vertex 0 2.64999 48.4
    endloop
  endfacet
  facet normal 0 0 1
    outer loop
      vertex 0 2.64999 48.4
      vertex 44.9933 8.03869 48.4
      vertex 44.7745 8.04538 48.4
    endloop
  endfacet
  facet normal 0 0 1
    outer loop
      vertex 0 2.64999 48.4
      vertex 42.4707 10.6257 48.4
      vertex 0 18.45 48.4
    endloop
  endfacet
  facet normal 0 0 1
    outer loop
      vertex 42.4707 10.6257 48.4
      vertex 0 2.64999 48.4
      vertex 42.4766 10.4235 48.4
    endloop
  endfacet
  facet normal 0 0 1
    outer loop
      vertex 42.4766 10.4235 48.4
      vertex 0 2.64999 48.4
      vertex 42.4945 10.2256 48.4
    endloop
  endfacet
  facet normal 0 0 1
    outer loop
      vertex 42.4945 10.2256 48.4
      vertex 0 2.64999 48.4
      vertex 42.5242 10.0321 48.4
    endloop
  endfacet
  facet normal 0 0 1
    outer loop
      vertex 42.5242 10.0321 48.4
      vertex 0 2.64999 48.4
      vertex 42.5659 9.84298 48.4
    endloop
  endfacet
  facet normal 0 0 1
    outer loop
      vertex 42.5659 9.84298 48.4
      vertex 0 2.64999 48.4
      vertex 42.6194 9.65818 48.4
    endloop
  endfacet
  facet normal 0 0 1
    outer loop
      vertex 42.6194 9.65818 48.4
      vertex 0 2.64999 48.4
      vertex 42.6849 9.47776 48.4
    endloop
  endfacet
  facet normal 0 0 1
    outer loop
      vertex 42.6849 9.47776 48.4
      vertex 0 2.64999 48.4
      vertex 42.7622 9.30169 48.4
    endloop
  endfacet
  facet normal 0 0 1
    outer loop
      vertex 42.7622 9.30169 48.4
      vertex 0 2.64999 48.4
      vertex 42.8514 9.13356 48.4
    endloop
  endfacet
  facet normal 0 0 1
    outer loop
      vertex 42.8514 9.13356 48.4
      vertex 0 2.64999 48.4
      vertex 42.9524 8.97689 48.4
    endloop
  endfacet
  facet normal 0 0 1
    outer loop
      vertex 42.9524 8.97689 48.4
      vertex 0 2.64999 48.4
      vertex 43.0651 8.83172 48.4
    endloop
  endfacet
  facet normal 0 0 1
    outer loop
      vertex 43.0651 8.83172 48.4
      vertex 0 2.64999 48.4
      vertex 43.1896 8.69804 48.4
    endloop
  endfacet
  facet normal 0 0 1
    outer loop
      vertex 43.1896 8.69804 48.4
      vertex 0 2.64999 48.4
      vertex 43.3258 8.57583 48.4
    endloop
  endfacet
  facet normal 0 0 1
    outer loop
      vertex 43.3258 8.57583 48.4
      vertex 0 2.64999 48.4
      vertex 43.4738 8.46513 48.4
    endloop
  endfacet
  facet normal 0 0 1
    outer loop
      vertex 43.4738 8.46513 48.4
      vertex 0 2.64999 48.4
      vertex 43.6336 8.3659 48.4
    endloop
  endfacet
  facet normal 0 0 1
    outer loop
      vertex 43.6336 8.3659 48.4
      vertex 0 2.64999 48.4
      vertex 43.8034 8.27908 48.4
    endloop
  endfacet
  facet normal 0 0 1
    outer loop
      vertex 43.8034 8.27908 48.4
      vertex 0 2.64999 48.4
      vertex 43.9813 8.20564 48.4
    endloop
  endfacet
  facet normal 0 0 1
    outer loop
      vertex 43.9813 8.20564 48.4
      vertex 0 2.64999 48.4
      vertex 44.1673 8.14553 48.4
    endloop
  endfacet
  facet normal 0 0 1
    outer loop
      vertex 100.101 4.4 48.4
      vertex 0 2.64999 48.4
      vertex 126.95 2.64999 48.4
    endloop
  endfacet
  facet normal 0 0 1
    outer loop
      vertex 50.1327 8.03869 48.4
      vertex 0 2.64999 48.4
      vertex 100.101 4.4 48.4
    endloop
  endfacet
  facet normal 0 0 1
    outer loop
      vertex 44.564 8.06541 48.4
      vertex 0 2.64999 48.4
      vertex 44.7745 8.04538 48.4
    endloop
  endfacet
  facet normal 0 0 1
    outer loop
      vertex 44.3616 8.0988 48.4
      vertex 0 2.64999 48.4
      vertex 44.564 8.06541 48.4
    endloop
  endfacet
  facet normal 0 0 1
    outer loop
      vertex 44.1673 8.14553 48.4
      vertex 0 2.64999 48.4
      vertex 44.3616 8.0988 48.4
    endloop
  endfacet
  facet normal 0 0 1
    outer loop
      vertex 74.9523 12.3244 48.4
      vertex 75.5965 11.6632 48.4
      vertex 75.5931 11.7513 48.4
    endloop
  endfacet
  facet normal 0 0 1
    outer loop
      vertex 75.0359 12.3209 48.4
      vertex 75.5931 11.7513 48.4
      vertex 75.5826 11.8333 48.4
    endloop
  endfacet
  facet normal -0 0 1
    outer loop
      vertex 74.3248 11.8619 48.4
      vertex 75.5965 11.6632 48.4
      vertex 74.9523 12.3244 48.4
    endloop
  endfacet
  facet normal 0 0 1
    outer loop
      vertex 75.1141 12.3105 48.4
      vertex 75.5826 11.8333 48.4
      vertex 75.5651 11.9093 48.4
    endloop
  endfacet
  facet normal -0 0 1
    outer loop
      vertex 74.3019 11.7669 48.4
      vertex 75.5965 11.6632 48.4
      vertex 74.3248 11.8619 48.4
    endloop
  endfacet
  facet normal 0 0 1
    outer loop
      vertex 75.187 12.293 48.4
      vertex 75.5651 11.9093 48.4
      vertex 75.5406 11.9793 48.4
    endloop
  endfacet
  facet normal 0 0 1
    outer loop
      vertex 75.5965 11.6632 48.4
      vertex 74.3019 11.7669 48.4
      vertex 75.5925 11.5807 48.4
    endloop
  endfacet
  facet normal 0 0 1
    outer loop
      vertex 75.187 12.293 48.4
      vertex 75.5406 11.9793 48.4
      vertex 75.5092 12.0433 48.4
    endloop
  endfacet
  facet normal 0 0 1
    outer loop
      vertex 75.5931 11.7513 48.4
      vertex 75.0359 12.3209 48.4
      vertex 74.9523 12.3244 48.4
    endloop
  endfacet
  facet normal 0 0 1
    outer loop
      vertex 75.187 12.293 48.4
      vertex 75.5092 12.0433 48.4
      vertex 75.4707 12.1013 48.4
    endloop
  endfacet
  facet normal 0 0 1
    outer loop
      vertex 75.5925 11.5807 48.4
      vertex 74.3019 11.7669 48.4
      vertex 75.5805 11.498 48.4
    endloop
  endfacet
  facet normal 0 0 1
    outer loop
      vertex 75.187 12.293 48.4
      vertex 75.4707 12.1013 48.4
      vertex 75.4253 12.1532 48.4
    endloop
  endfacet
  facet normal 0 0 1
    outer loop
      vertex 75.5323 11.3317 48.4
      vertex 74.285 11.6623 48.4
      vertex 75.4962 11.2481 48.4
    endloop
  endfacet
  facet normal 0 0 1
    outer loop
      vertex 75.187 12.293 48.4
      vertex 75.4253 12.1532 48.4
      vertex 75.3737 12.1986 48.4
    endloop
  endfacet
  facet normal -0 0 1
    outer loop
      vertex 74.2742 11.548 48.4
      vertex 75.4962 11.2481 48.4
      vertex 74.285 11.6623 48.4
    endloop
  endfacet
  facet normal 0 0 1
    outer loop
      vertex 75.187 12.293 48.4
      vertex 75.3737 12.1986 48.4
      vertex 75.3168 12.2371 48.4
    endloop
  endfacet
  facet normal 0 0 1
    outer loop
      vertex 75.4962 11.2481 48.4
      vertex 74.2742 11.548 48.4
      vertex 75.4521 11.1642 48.4
    endloop
  endfacet
  facet normal 0 0 1
    outer loop
      vertex 75.187 12.293 48.4
      vertex 75.3168 12.2371 48.4
      vertex 75.2546 12.2685 48.4
    endloop
  endfacet
  facet normal 0 0 1
    outer loop
      vertex 75.5651 11.9093 48.4
      vertex 75.187 12.293 48.4
      vertex 75.1141 12.3105 48.4
    endloop
  endfacet
  facet normal 0 0 1
    outer loop
      vertex 75.3999 11.0801 48.4
      vertex 74.2742 11.548 48.4
      vertex 75.3481 11.0112 48.4
    endloop
  endfacet
  facet normal 0 0 1
    outer loop
      vertex 75.5826 11.8333 48.4
      vertex 75.1141 12.3105 48.4
      vertex 75.0359 12.3209 48.4
    endloop
  endfacet
  facet normal 0 0 1
    outer loop
      vertex 75.3481 11.0112 48.4
      vertex 74.2742 11.548 48.4
      vertex 75.2759 10.9264 48.4
    endloop
  endfacet
  facet normal 0 0 1
    outer loop
      vertex 75.5604 11.415 48.4
      vertex 74.285 11.6623 48.4
      vertex 75.5323 11.3317 48.4
    endloop
  endfacet
  facet normal -0 0 1
    outer loop
      vertex 74.285 11.6623 48.4
      vertex 75.5604 11.415 48.4
      vertex 74.3019 11.7669 48.4
    endloop
  endfacet
  facet normal 0 0 1
    outer loop
      vertex 75.1834 10.826 48.4
      vertex 74.2742 11.548 48.4
      vertex 75.0705 10.7097 48.4
    endloop
  endfacet
  facet normal 0 0 1
    outer loop
      vertex 74.3248 11.8619 48.4
      vertex 74.9523 12.3244 48.4
      vertex 74.8695 12.3208 48.4
    endloop
  endfacet
  facet normal 0 0 1
    outer loop
      vertex 74.3248 11.8619 48.4
      vertex 74.8695 12.3208 48.4
      vertex 74.7918 12.3098 48.4
    endloop
  endfacet
  facet normal 0 0 1
    outer loop
      vertex 75.0705 10.7097 48.4
      vertex 74.2742 11.548 48.4
      vertex 74.9373 10.5777 48.4
    endloop
  endfacet
  facet normal 0 0 1
    outer loop
      vertex 74.3539 11.9471 48.4
      vertex 74.7918 12.3098 48.4
      vertex 74.719 12.2914 48.4
    endloop
  endfacet
  facet normal 0 0 1
    outer loop
      vertex 74.3539 11.9471 48.4
      vertex 74.719 12.2914 48.4
      vertex 74.6512 12.2658 48.4
    endloop
  endfacet
  facet normal 0 0 1
    outer loop
      vertex 74.9373 10.5777 48.4
      vertex 74.2742 11.548 48.4
      vertex 74.7838 10.4299 48.4
    endloop
  endfacet
  facet normal 0 0 1
    outer loop
      vertex 74.389 12.0227 48.4
      vertex 74.6512 12.2658 48.4
      vertex 74.5883 12.2327 48.4
    endloop
  endfacet
  facet normal 0 0 1
    outer loop
      vertex 74.389 12.0227 48.4
      vertex 74.5883 12.2327 48.4
      vertex 74.5305 12.1924 48.4
    endloop
  endfacet
  facet normal 0 0 1
    outer loop
      vertex 74.389 12.0227 48.4
      vertex 74.5305 12.1924 48.4
      vertex 74.4776 12.1447 48.4
    endloop
  endfacet
  facet normal 0 0 1
    outer loop
      vertex 74.389 12.0227 48.4
      vertex 74.4776 12.1447 48.4
      vertex 74.4303 12.0885 48.4
    endloop
  endfacet
  facet normal 0 0 1
    outer loop
      vertex 74.7838 10.4299 48.4
      vertex 74.2742 11.548 48.4
      vertex 74.6099 10.2663 48.4
    endloop
  endfacet
  facet normal 0 0 1
    outer loop
      vertex 74.6512 12.2658 48.4
      vertex 74.389 12.0227 48.4
      vertex 74.3539 11.9471 48.4
    endloop
  endfacet
  facet normal 0 0 1
    outer loop
      vertex 74.7918 12.3098 48.4
      vertex 74.3539 11.9471 48.4
      vertex 74.3248 11.8619 48.4
    endloop
  endfacet
  facet normal 0 0 1
    outer loop
      vertex 75.5805 11.498 48.4
      vertex 74.3019 11.7669 48.4
      vertex 75.5604 11.415 48.4
    endloop
  endfacet
  facet normal 0 0 1
    outer loop
      vertex 75.4521 11.1642 48.4
      vertex 74.2742 11.548 48.4
      vertex 75.3999 11.0801 48.4
    endloop
  endfacet
  facet normal 0 0 1
    outer loop
      vertex 75.2759 10.9264 48.4
      vertex 74.2742 11.548 48.4
      vertex 75.1834 10.826 48.4
    endloop
  endfacet
  facet normal 0 0 1
    outer loop
      vertex 74.6099 10.2663 48.4
      vertex 74.2742 11.548 48.4
      vertex 74.392 10.0602 48.4
    endloop
  endfacet
  facet normal 0 0 1
    outer loop
      vertex 73.3248 11.6429 48.4
      vertex 74.392 10.0602 48.4
      vertex 74.2742 11.548 48.4
    endloop
  endfacet
  facet normal 0 0 1
    outer loop
      vertex 74.392 10.0602 48.4
      vertex 73.3248 11.6429 48.4
      vertex 74.1958 9.86596 48.4
    endloop
  endfacet
  facet normal 0 0 1
    outer loop
      vertex 74.1958 9.86596 48.4
      vertex 73.3248 11.6429 48.4
      vertex 74.0211 9.68374 48.4
    endloop
  endfacet
  facet normal 0 0 1
    outer loop
      vertex 74.0211 9.68374 48.4
      vertex 73.3248 11.6429 48.4
      vertex 73.8681 9.51347 48.4
    endloop
  endfacet
  facet normal 0 0 1
    outer loop
      vertex 73.8681 9.51347 48.4
      vertex 73.3248 11.6429 48.4
      vertex 73.7366 9.35518 48.4
    endloop
  endfacet
  facet normal 0 0 1
    outer loop
      vertex 73.7366 9.35518 48.4
      vertex 73.3248 11.6429 48.4
      vertex 73.6267 9.20884 48.4
    endloop
  endfacet
  facet normal 0 0 1
    outer loop
      vertex 73.6267 9.20884 48.4
      vertex 73.3248 11.6429 48.4
      vertex 73.5384 9.07449 48.4
    endloop
  endfacet
  facet normal 0 0 1
    outer loop
      vertex 72.0012 8.12344 48.4
      vertex 73.5384 9.07449 48.4
      vertex 73.3248 11.6429 48.4
    endloop
  endfacet
  facet normal 0 0 1
    outer loop
      vertex 73.5384 9.07449 48.4
      vertex 72.0012 8.12344 48.4
      vertex 73.4653 8.94506 48.4
    endloop
  endfacet
  facet normal 0 0 1
    outer loop
      vertex 73.4653 8.94506 48.4
      vertex 72.0012 8.12344 48.4
      vertex 73.4011 8.81349 48.4
    endloop
  endfacet
  facet normal 0 0 1
    outer loop
      vertex 73.4011 8.81349 48.4
      vertex 72.0012 8.12344 48.4
      vertex 73.3458 8.67978 48.4
    endloop
  endfacet
  facet normal -0 0 1
    outer loop
      vertex 61.7252 11.2568 48.4
      vertex 62.4527 11.1844 48.4
      vertex 61.7588 11.3968 48.4
    endloop
  endfacet
  facet normal 0 0 1
    outer loop
      vertex 62.4527 11.1844 48.4
      vertex 61.7252 11.2568 48.4
      vertex 62.4295 10.9923 48.4
    endloop
  endfacet
  facet normal -0 0 1
    outer loop
      vertex 61.6782 11.1248 48.4
      vertex 62.4295 10.9923 48.4
      vertex 61.7252 11.2568 48.4
    endloop
  endfacet
  facet normal 0 0 1
    outer loop
      vertex 62.4156 10.7902 48.4
      vertex 61.6782 11.1248 48.4
      vertex 61.6178 11.0008 48.4
    endloop
  endfacet
  facet normal 0 0 1
    outer loop
      vertex 62.4156 10.7902 48.4
      vertex 61.6178 11.0008 48.4
      vertex 61.544 10.8847 48.4
    endloop
  endfacet
  facet normal 0 0 1
    outer loop
      vertex 62.4109 10.5782 48.4
      vertex 61.5822 9.09315 48.4
      vertex 62.1891 8.12344 48.4
    endloop
  endfacet
  facet normal 0 0 1
    outer loop
      vertex 62.4109 10.5782 48.4
      vertex 61.544 10.8847 48.4
      vertex 61.4567 10.7766 48.4
    endloop
  endfacet
  facet normal 0 0 1
    outer loop
      vertex 62.4109 10.5782 48.4
      vertex 61.4825 9.2516 48.4
      vertex 61.5822 9.09315 48.4
    endloop
  endfacet
  facet normal 0 0 1
    outer loop
      vertex 62.4109 10.5782 48.4
      vertex 61.4567 10.7766 48.4
      vertex 61.3561 10.6779 48.4
    endloop
  endfacet
  facet normal 0 0 1
    outer loop
      vertex 62.4109 10.5782 48.4
      vertex 61.3888 9.39567 48.4
      vertex 61.4825 9.2516 48.4
    endloop
  endfacet
  facet normal 0 0 1
    outer loop
      vertex 61.2196 9.64062 48.4
      vertex 62.4109 10.5782 48.4
      vertex 61.3561 10.6779 48.4
    endloop
  endfacet
  facet normal 0 0 1
    outer loop
      vertex 62.4109 10.5782 48.4
      vertex 61.3012 9.52534 48.4
      vertex 61.3888 9.39567 48.4
    endloop
  endfacet
  facet normal 0 0 1
    outer loop
      vertex 61.144 9.74151 48.4
      vertex 61.3561 10.6779 48.4
      vertex 61.2422 10.5903 48.4
    endloop
  endfacet
  facet normal 0 0 1
    outer loop
      vertex 62.4109 10.5782 48.4
      vertex 61.2196 9.64062 48.4
      vertex 61.3012 9.52534 48.4
    endloop
  endfacet
  facet normal 0 0 1
    outer loop
      vertex 61.3561 10.6779 48.4
      vertex 61.144 9.74151 48.4
      vertex 61.2196 9.64062 48.4
    endloop
  endfacet
  facet normal 0 0 1
    outer loop
      vertex 61.0744 9.828 48.4
      vertex 61.2422 10.5903 48.4
      vertex 61.115 10.5137 48.4
    endloop
  endfacet
  facet normal 0 0 1
    outer loop
      vertex 61.2422 10.5903 48.4
      vertex 61.0744 9.828 48.4
      vertex 61.144 9.74151 48.4
    endloop
  endfacet
  facet normal 0 0 1
    outer loop
      vertex 61.115 10.5137 48.4
      vertex 61.0109 9.9001 48.4
      vertex 61.0744 9.828 48.4
    endloop
  endfacet
  facet normal 0 0 1
    outer loop
      vertex 60.948 9.96424 48.4
      vertex 61.115 10.5137 48.4
      vertex 60.9746 10.4481 48.4
    endloop
  endfacet
  facet normal 0 0 1
    outer loop
      vertex 61.115 10.5137 48.4
      vertex 60.948 9.96424 48.4
      vertex 61.0109 9.9001 48.4
    endloop
  endfacet
  facet normal 0 0 1
    outer loop
      vertex 60.9746 10.4481 48.4
      vertex 60.8805 10.0269 48.4
      vertex 60.948 9.96424 48.4
    endloop
  endfacet
  facet normal 0 0 1
    outer loop
      vertex 60.8084 10.088 48.4
      vertex 60.9746 10.4481 48.4
      vertex 60.8208 10.3934 48.4
    endloop
  endfacet
  facet normal 0 0 1
    outer loop
      vertex 60.9746 10.4481 48.4
      vertex 60.8084 10.088 48.4
      vertex 60.8805 10.0269 48.4
    endloop
  endfacet
  facet normal 0 0 1
    outer loop
      vertex 60.8208 10.3934 48.4
      vertex 60.7316 10.1476 48.4
      vertex 60.8084 10.088 48.4
    endloop
  endfacet
  facet normal -0 0 1
    outer loop
      vertex 60.6538 10.3498 48.4
      vertex 60.7316 10.1476 48.4
      vertex 60.8208 10.3934 48.4
    endloop
  endfacet
  facet normal 0 0 1
    outer loop
      vertex 60.6538 10.3498 48.4
      vertex 60.6502 10.2056 48.4
      vertex 60.7316 10.1476 48.4
    endloop
  endfacet
  facet normal 0 0 1
    outer loop
      vertex 60.6538 10.3498 48.4
      vertex 60.5642 10.2622 48.4
      vertex 60.6502 10.2056 48.4
    endloop
  endfacet
  facet normal 0 -0 1
    outer loop
      vertex 60.5642 10.2622 48.4
      vertex 60.6538 10.3498 48.4
      vertex 60.4735 10.3172 48.4
    endloop
  endfacet
  facet normal -0 0 1
    outer loop
      vertex 46.0579 11.531 48.4
      vertex 47.1192 10.7885 48.4
      vertex 47.0548 11.7175 48.4
    endloop
  endfacet
  facet normal 0 0 1
    outer loop
      vertex 44.956 10.7885 48.4
      vertex 46.0241 11.6325 48.4
      vertex 45.9828 11.7277 48.4
    endloop
  endfacet
  facet normal 0 0 1
    outer loop
      vertex 44.956 10.7885 48.4
      vertex 45.9828 11.7277 48.4
      vertex 45.9339 11.8165 48.4
    endloop
  endfacet
  facet normal 0 0 1
    outer loop
      vertex 44.956 10.7885 48.4
      vertex 45.9339 11.8165 48.4
      vertex 45.8774 11.8991 48.4
    endloop
  endfacet
  facet normal 0 0 1
    outer loop
      vertex 44.956 10.7885 48.4
      vertex 45.8774 11.8991 48.4
      vertex 45.8135 11.9754 48.4
    endloop
  endfacet
  facet normal 0 0 1
    outer loop
      vertex 44.956 10.7885 48.4
      vertex 45.8135 11.9754 48.4
      vertex 45.742 12.0454 48.4
    endloop
  endfacet
  facet normal 0 0 1
    outer loop
      vertex 44.956 10.7885 48.4
      vertex 45.742 12.0454 48.4
      vertex 45.6629 12.1091 48.4
    endloop
  endfacet
  facet normal 0 0 1
    outer loop
      vertex 44.956 10.7885 48.4
      vertex 45.6629 12.1091 48.4
      vertex 45.5771 12.1653 48.4
    endloop
  endfacet
  facet normal 0 0 1
    outer loop
      vertex 44.956 10.7885 48.4
      vertex 45.5771 12.1653 48.4
      vertex 45.4855 12.2129 48.4
    endloop
  endfacet
  facet normal 0 0 1
    outer loop
      vertex 44.956 10.7885 48.4
      vertex 45.4855 12.2129 48.4
      vertex 45.388 12.2518 48.4
    endloop
  endfacet
  facet normal 0 0 1
    outer loop
      vertex 44.956 10.7885 48.4
      vertex 45.388 12.2518 48.4
      vertex 45.2845 12.2821 48.4
    endloop
  endfacet
  facet normal 0 0 1
    outer loop
      vertex 44.956 10.7885 48.4
      vertex 45.2845 12.2821 48.4
      vertex 45.1753 12.3037 48.4
    endloop
  endfacet
  facet normal 0 0 1
    outer loop
      vertex 44.956 10.7885 48.4
      vertex 45.1753 12.3037 48.4
      vertex 45.0601 12.3167 48.4
    endloop
  endfacet
  facet normal 0 0 1
    outer loop
      vertex 46.0579 11.531 48.4
      vertex 44.956 10.7885 48.4
      vertex 47.1192 10.7885 48.4
    endloop
  endfacet
  facet normal 0 0 1
    outer loop
      vertex 46.0241 11.6325 48.4
      vertex 44.956 10.7885 48.4
      vertex 46.0579 11.531 48.4
    endloop
  endfacet
  facet normal -0 0 1
    outer loop
      vertex 44.7566 12.3125 48.4
      vertex 44.956 10.7885 48.4
      vertex 44.939 12.321 48.4
    endloop
  endfacet
  facet normal 0 0 1
    outer loop
      vertex 44.939 12.321 48.4
      vertex 44.956 10.7885 48.4
      vertex 45.0601 12.3167 48.4
    endloop
  endfacet
  facet normal 0 0 1
    outer loop
      vertex 46.1054 9.951 48.4
      vertex 46.0387 9.27104 48.4
      vertex 46.1054 9.32034 48.4
    endloop
  endfacet
  facet normal 0 0 1
    outer loop
      vertex 46.1054 9.951 48.4
      vertex 45.9683 9.22389 48.4
      vertex 46.0387 9.27104 48.4
    endloop
  endfacet
  facet normal 0 0 1
    outer loop
      vertex 46.1054 9.951 48.4
      vertex 45.8942 9.17887 48.4
      vertex 45.9683 9.22389 48.4
    endloop
  endfacet
  facet normal 0 0 1
    outer loop
      vertex 46.1054 9.951 48.4
      vertex 45.8164 9.136 48.4
      vertex 45.8942 9.17887 48.4
    endloop
  endfacet
  facet normal -0 0 1
    outer loop
      vertex 44.956 9.951 48.4
      vertex 45.8164 9.136 48.4
      vertex 46.1054 9.951 48.4
    endloop
  endfacet
  facet normal 0 0 1
    outer loop
      vertex 45.8164 9.136 48.4
      vertex 44.956 9.951 48.4
      vertex 45.735 9.09527 48.4
    endloop
  endfacet
  facet normal 0 0 1
    outer loop
      vertex 45.735 9.09527 48.4
      vertex 44.956 9.951 48.4
      vertex 45.6499 9.05668 48.4
    endloop
  endfacet
  facet normal 0 0 1
    outer loop
      vertex 45.6499 9.05668 48.4
      vertex 44.956 9.951 48.4
      vertex 45.5612 9.02024 48.4
    endloop
  endfacet
  facet normal 0 0 1
    outer loop
      vertex 45.5612 9.02024 48.4
      vertex 44.956 9.951 48.4
      vertex 45.4706 8.98741 48.4
    endloop
  endfacet
  facet normal 0 0 1
    outer loop
      vertex 45.4706 8.98741 48.4
      vertex 44.956 9.951 48.4
      vertex 45.3801 8.95964 48.4
    endloop
  endfacet
  facet normal 0 0 1
    outer loop
      vertex 45.3801 8.95964 48.4
      vertex 44.956 9.951 48.4
      vertex 45.2898 8.9369 48.4
    endloop
  endfacet
  facet normal 0 0 1
    outer loop
      vertex 45.2898 8.9369 48.4
      vertex 44.956 9.951 48.4
      vertex 45.1994 8.91923 48.4
    endloop
  endfacet
  facet normal 0 0 1
    outer loop
      vertex 45.1994 8.91923 48.4
      vertex 44.956 9.951 48.4
      vertex 45.1092 8.9066 48.4
    endloop
  endfacet
  facet normal 0 0 1
    outer loop
      vertex 45.1092 8.9066 48.4
      vertex 44.956 9.951 48.4
      vertex 45.019 8.89901 48.4
    endloop
  endfacet
  facet normal 0 0 1
    outer loop
      vertex 44.956 9.951 48.4
      vertex 44.9289 8.8965 48.4
      vertex 45.019 8.89901 48.4
    endloop
  endfacet
  facet normal -0 0 1
    outer loop
      vertex 44.5852 12.287 48.4
      vertex 44.956 10.7885 48.4
      vertex 44.7566 12.3125 48.4
    endloop
  endfacet
  facet normal -0 0 1
    outer loop
      vertex 44.4247 12.2444 48.4
      vertex 44.956 10.7885 48.4
      vertex 44.5852 12.287 48.4
    endloop
  endfacet
  facet normal 0 -0 1
    outer loop
      vertex 43.5369 10.1968 48.4
      vertex 44.956 10.7885 48.4
      vertex 43.5128 10.4226 48.4
    endloop
  endfacet
  facet normal -0 0 1
    outer loop
      vertex 44.2753 12.1849 48.4
      vertex 44.956 10.7885 48.4
      vertex 44.4247 12.2444 48.4
    endloop
  endfacet
  facet normal 0 0 1
    outer loop
      vertex 44.956 10.7885 48.4
      vertex 43.5369 10.1968 48.4
      vertex 44.956 9.951 48.4
    endloop
  endfacet
  facet normal 0 -0 1
    outer loop
      vertex 43.6332 9.7995 48.4
      vertex 44.956 9.951 48.4
      vertex 43.577 9.98913 48.4
    endloop
  endfacet
  facet normal -0 0 1
    outer loop
      vertex 44.1369 12.1082 48.4
      vertex 44.956 10.7885 48.4
      vertex 44.2753 12.1849 48.4
    endloop
  endfacet
  facet normal 0 -0 1
    outer loop
      vertex 43.7054 9.62793 48.4
      vertex 44.956 9.951 48.4
      vertex 43.6332 9.7995 48.4
    endloop
  endfacet
  facet normal -0 0 1
    outer loop
      vertex 44.0094 12.0146 48.4
      vertex 44.956 10.7885 48.4
      vertex 44.1369 12.1082 48.4
    endloop
  endfacet
  facet normal 0 0 1
    outer loop
      vertex 44.956 9.951 48.4
      vertex 44.7517 8.90553 48.4
      vertex 44.9289 8.8965 48.4
    endloop
  endfacet
  facet normal -0 0 1
    outer loop
      vertex 43.893 11.904 48.4
      vertex 44.956 10.7885 48.4
      vertex 44.0094 12.0146 48.4
    endloop
  endfacet
  facet normal 0 -0 1
    outer loop
      vertex 43.7937 9.47441 48.4
      vertex 44.956 9.951 48.4
      vertex 43.7054 9.62793 48.4
    endloop
  endfacet
  facet normal -0 0 1
    outer loop
      vertex 43.79 11.7766 48.4
      vertex 44.956 10.7885 48.4
      vertex 43.893 11.904 48.4
    endloop
  endfacet
  facet normal 0 0 1
    outer loop
      vertex 44.956 9.951 48.4
      vertex 44.5845 8.93261 48.4
      vertex 44.7517 8.90553 48.4
    endloop
  endfacet
  facet normal -0 0 1
    outer loop
      vertex 43.7028 11.6327 48.4
      vertex 44.956 10.7885 48.4
      vertex 43.79 11.7766 48.4
    endloop
  endfacet
  facet normal 0 0 1
    outer loop
      vertex 44.956 9.951 48.4
      vertex 44.4273 8.97776 48.4
      vertex 44.5845 8.93261 48.4
    endloop
  endfacet
  facet normal -0 0 1
    outer loop
      vertex 43.6315 11.4724 48.4
      vertex 44.956 10.7885 48.4
      vertex 43.7028 11.6327 48.4
    endloop
  endfacet
  facet normal 0 0 1
    outer loop
      vertex 44.956 9.951 48.4
      vertex 44.2801 9.04097 48.4
      vertex 44.4273 8.97776 48.4
    endloop
  endfacet
  facet normal -0 0 1
    outer loop
      vertex 43.5761 11.2956 48.4
      vertex 44.956 10.7885 48.4
      vertex 43.6315 11.4724 48.4
    endloop
  endfacet
  facet normal 0 0 1
    outer loop
      vertex 44.956 9.951 48.4
      vertex 44.1428 9.12223 48.4
      vertex 44.2801 9.04097 48.4
    endloop
  endfacet
  facet normal -0 0 1
    outer loop
      vertex 43.5365 11.1023 48.4
      vertex 44.956 10.7885 48.4
      vertex 43.5761 11.2956 48.4
    endloop
  endfacet
  facet normal 0 0 1
    outer loop
      vertex 44.956 9.951 48.4
      vertex 44.0154 9.22155 48.4
      vertex 44.1428 9.12223 48.4
    endloop
  endfacet
  facet normal -0 0 1
    outer loop
      vertex 43.5127 10.8926 48.4
      vertex 44.956 10.7885 48.4
      vertex 43.5365 11.1023 48.4
    endloop
  endfacet
  facet normal 0 0 1
    outer loop
      vertex 44.956 9.951 48.4
      vertex 43.8981 9.33894 48.4
      vertex 44.0154 9.22155 48.4
    endloop
  endfacet
  facet normal 0 0 1
    outer loop
      vertex 43.5048 10.6664 48.4
      vertex 44.956 10.7885 48.4
      vertex 43.5127 10.8926 48.4
    endloop
  endfacet
  facet normal 0 0 1
    outer loop
      vertex 44.956 9.951 48.4
      vertex 43.7937 9.47441 48.4
      vertex 43.8981 9.33894 48.4
    endloop
  endfacet
  facet normal 0 -0 1
    outer loop
      vertex 43.5128 10.4226 48.4
      vertex 44.956 10.7885 48.4
      vertex 43.5048 10.6664 48.4
    endloop
  endfacet
  facet normal -0 -0 1
    outer loop
      vertex 43.577 9.98913 48.4
      vertex 44.956 9.951 48.4
      vertex 43.5369 10.1968 48.4
    endloop
  endfacet
  facet normal 0 0 1
    outer loop
      vertex 48.7493 10.6121 48.4
      vertex 51.4991 10.6257 48.4
      vertex 51.4914 10.861 48.4
    endloop
  endfacet
  facet normal 0 0 1
    outer loop
      vertex 48.757 10.8484 48.4
      vertex 51.4914 10.861 48.4
      vertex 51.4685 11.0785 48.4
    endloop
  endfacet
  facet normal 0 0 1
    outer loop
      vertex 51.4991 10.6257 48.4
      vertex 48.7493 10.6121 48.4
      vertex 51.4912 10.3875 48.4
    endloop
  endfacet
  facet normal 0 0 1
    outer loop
      vertex 48.7803 11.067 48.4
      vertex 51.4685 11.0785 48.4
      vertex 51.4302 11.2784 48.4
    endloop
  endfacet
  facet normal 0 -0 1
    outer loop
      vertex 48.7572 10.3793 48.4
      vertex 51.4912 10.3875 48.4
      vertex 48.7493 10.6121 48.4
    endloop
  endfacet
  facet normal 0 0 1
    outer loop
      vertex 48.819 11.268 48.4
      vertex 51.4302 11.2784 48.4
      vertex 51.3767 11.4605 48.4
    endloop
  endfacet
  facet normal 0 0 1
    outer loop
      vertex 51.4912 10.3875 48.4
      vertex 48.7572 10.3793 48.4
      vertex 51.4676 10.167 48.4
    endloop
  endfacet
  facet normal 0 0 1
    outer loop
      vertex 50.3015 12.3125 48.4
      vertex 51.3767 11.4605 48.4
      vertex 51.3079 11.6249 48.4
    endloop
  endfacet
  facet normal 0 -0 1
    outer loop
      vertex 48.7811 10.1631 48.4
      vertex 51.4676 10.167 48.4
      vertex 48.7572 10.3793 48.4
    endloop
  endfacet
  facet normal 0 0 1
    outer loop
      vertex 50.4638 12.2867 48.4
      vertex 51.3079 11.6249 48.4
      vertex 51.2238 11.7716 48.4
    endloop
  endfacet
  facet normal 0 0 1
    outer loop
      vertex 51.4676 10.167 48.4
      vertex 48.7811 10.1631 48.4
      vertex 51.4284 9.96403 48.4
    endloop
  endfacet
  facet normal 0 0 1
    outer loop
      vertex 50.4638 12.2867 48.4
      vertex 51.2238 11.7716 48.4
      vertex 51.1244 11.9006 48.4
    endloop
  endfacet
  facet normal 0 -0 1
    outer loop
      vertex 48.8209 9.96354 48.4
      vertex 51.4284 9.96403 48.4
      vertex 48.7811 10.1631 48.4
    endloop
  endfacet
  facet normal 0 0 1
    outer loop
      vertex 50.4638 12.2867 48.4
      vertex 51.1244 11.9006 48.4
      vertex 51.0124 12.0121 48.4
    endloop
  endfacet
  facet normal 0 0 1
    outer loop
      vertex 51.4284 9.96403 48.4
      vertex 48.8209 9.96354 48.4
      vertex 51.3734 9.77874 48.4
    endloop
  endfacet
  facet normal 0 0 1
    outer loop
      vertex 50.4638 12.2867 48.4
      vertex 51.0124 12.0121 48.4
      vertex 50.8903 12.1065 48.4
    endloop
  endfacet
  facet normal -0 -0 1
    outer loop
      vertex 48.8766 9.7807 48.4
      vertex 51.3734 9.77874 48.4
      vertex 48.8209 9.96354 48.4
    endloop
  endfacet
  facet normal 0 0 1
    outer loop
      vertex 50.4638 12.2867 48.4
      vertex 50.8903 12.1065 48.4
      vertex 50.7581 12.1837 48.4
    endloop
  endfacet
  facet normal 0 -0 1
    outer loop
      vertex 50.1293 8.8965 48.4
      vertex 51.3734 9.77874 48.4
      vertex 48.8766 9.7807 48.4
    endloop
  endfacet
  facet normal 0 0 1
    outer loop
      vertex 50.4638 12.2867 48.4
      vertex 50.7581 12.1837 48.4
      vertex 50.616 12.2438 48.4
    endloop
  endfacet
  facet normal 0 0 1
    outer loop
      vertex 51.3734 9.77874 48.4
      vertex 50.1293 8.8965 48.4
      vertex 51.3027 9.61111 48.4
    endloop
  endfacet
  facet normal 0 0 1
    outer loop
      vertex 51.3079 11.6249 48.4
      vertex 50.4638 12.2867 48.4
      vertex 50.3015 12.3125 48.4
    endloop
  endfacet
  facet normal 0 -0 1
    outer loop
      vertex 50.2963 8.90532 48.4
      vertex 51.3027 9.61111 48.4
      vertex 50.1293 8.8965 48.4
    endloop
  endfacet
  facet normal 0 0 1
    outer loop
      vertex 51.3767 11.4605 48.4
      vertex 50.3015 12.3125 48.4
      vertex 50.1293 12.321 48.4
    endloop
  endfacet
  facet normal 0 0 1
    outer loop
      vertex 51.2163 9.46113 48.4
      vertex 50.2963 8.90532 48.4
      vertex 51.1142 9.32879 48.4
    endloop
  endfacet
  facet normal 0 0 1
    outer loop
      vertex 51.3767 11.4605 48.4
      vertex 50.1293 12.321 48.4
      vertex 48.819 11.268 48.4
    endloop
  endfacet
  facet normal 0 0 1
    outer loop
      vertex 51.1142 9.32879 48.4
      vertex 50.2963 8.90532 48.4
      vertex 50.9999 9.21411 48.4
    endloop
  endfacet
  facet normal 0 0 1
    outer loop
      vertex 50.9999 9.21411 48.4
      vertex 50.2963 8.90532 48.4
      vertex 50.8767 9.11706 48.4
    endloop
  endfacet
  facet normal 0 0 1
    outer loop
      vertex 48.8733 11.4514 48.4
      vertex 50.1293 12.321 48.4
      vertex 49.9569 12.3123 48.4
    endloop
  endfacet
  facet normal 0 0 1
    outer loop
      vertex 50.7448 9.03765 48.4
      vertex 50.4546 8.93179 48.4
      vertex 50.6041 8.9759 48.4
    endloop
  endfacet
  facet normal 0 0 1
    outer loop
      vertex 48.8733 11.4514 48.4
      vertex 49.9569 12.3123 48.4
      vertex 49.7943 12.2863 48.4
    endloop
  endfacet
  facet normal 0 0 1
    outer loop
      vertex 50.7448 9.03765 48.4
      vertex 50.2963 8.90532 48.4
      vertex 50.4546 8.93179 48.4
    endloop
  endfacet
  facet normal 0 0 1
    outer loop
      vertex 48.943 11.617 48.4
      vertex 49.7943 12.2863 48.4
      vertex 49.6416 12.2429 48.4
    endloop
  endfacet
  facet normal 0 0 1
    outer loop
      vertex 50.8767 9.11706 48.4
      vertex 50.2963 8.90532 48.4
      vertex 50.7448 9.03765 48.4
    endloop
  endfacet
  facet normal 0 0 1
    outer loop
      vertex 48.943 11.617 48.4
      vertex 49.6416 12.2429 48.4
      vertex 49.4987 12.1821 48.4
    endloop
  endfacet
  facet normal 0 0 1
    outer loop
      vertex 51.3027 9.61111 48.4
      vertex 50.2963 8.90532 48.4
      vertex 51.2163 9.46113 48.4
    endloop
  endfacet
  facet normal 0 0 1
    outer loop
      vertex 48.943 11.617 48.4
      vertex 49.4987 12.1821 48.4
      vertex 49.3657 12.1039 48.4
    endloop
  endfacet
  facet normal 0 0 1
    outer loop
      vertex 50.1293 8.8965 48.4
      vertex 48.8766 9.7807 48.4
      vertex 49.9621 8.90539 48.4
    endloop
  endfacet
  facet normal 0 0 1
    outer loop
      vertex 48.943 11.617 48.4
      vertex 49.3657 12.1039 48.4
      vertex 49.2424 12.0084 48.4
    endloop
  endfacet
  facet normal 0 0 1
    outer loop
      vertex 49.9621 8.90539 48.4
      vertex 48.8766 9.7807 48.4
      vertex 49.8035 8.93206 48.4
    endloop
  endfacet
  facet normal 0 0 1
    outer loop
      vertex 48.943 11.617 48.4
      vertex 49.2424 12.0084 48.4
      vertex 49.129 11.8955 48.4
    endloop
  endfacet
  facet normal 0 0 1
    outer loop
      vertex 49.8035 8.93206 48.4
      vertex 48.8766 9.7807 48.4
      vertex 49.6535 8.97653 48.4
    endloop
  endfacet
  facet normal 0 0 1
    outer loop
      vertex 48.943 11.617 48.4
      vertex 49.129 11.8955 48.4
      vertex 49.0283 11.7651 48.4
    endloop
  endfacet
  facet normal 0 0 1
    outer loop
      vertex 49.6535 8.97653 48.4
      vertex 48.8766 9.7807 48.4
      vertex 49.512 9.03877 48.4
    endloop
  endfacet
  facet normal 0 0 1
    outer loop
      vertex 49.7943 12.2863 48.4
      vertex 48.943 11.617 48.4
      vertex 48.8733 11.4514 48.4
    endloop
  endfacet
  facet normal 0 0 1
    outer loop
      vertex 49.512 9.03877 48.4
      vertex 48.8766 9.7807 48.4
      vertex 49.3791 9.11879 48.4
    endloop
  endfacet
  facet normal 0 0 1
    outer loop
      vertex 50.1293 12.321 48.4
      vertex 48.8733 11.4514 48.4
      vertex 48.819 11.268 48.4
    endloop
  endfacet
  facet normal 0 0 1
    outer loop
      vertex 49.3791 9.11879 48.4
      vertex 48.8766 9.7807 48.4
      vertex 49.2549 9.21659 48.4
    endloop
  endfacet
  facet normal 0 0 1
    outer loop
      vertex 51.4302 11.2784 48.4
      vertex 48.819 11.268 48.4
      vertex 48.7803 11.067 48.4
    endloop
  endfacet
  facet normal 0 0 1
    outer loop
      vertex 49.2549 9.21659 48.4
      vertex 48.8766 9.7807 48.4
      vertex 49.1392 9.3322 48.4
    endloop
  endfacet
  facet normal 0 0 1
    outer loop
      vertex 51.4685 11.0785 48.4
      vertex 48.7803 11.067 48.4
      vertex 48.757 10.8484 48.4
    endloop
  endfacet
  facet normal 0 0 1
    outer loop
      vertex 49.0357 9.46502 48.4
      vertex 48.8766 9.7807 48.4
      vertex 48.9482 9.61451 48.4
    endloop
  endfacet
  facet normal 0 0 1
    outer loop
      vertex 51.4914 10.861 48.4
      vertex 48.757 10.8484 48.4
      vertex 48.7493 10.6121 48.4
    endloop
  endfacet
  facet normal 0 0 1
    outer loop
      vertex 49.1392 9.3322 48.4
      vertex 48.8766 9.7807 48.4
      vertex 49.0357 9.46502 48.4
    endloop
  endfacet
  facet normal 0 0 1
    outer loop
      vertex 55.7605 12.0466 48.4
      vertex 55.9671 11.5513 48.4
      vertex 55.9639 11.6269 48.4
    endloop
  endfacet
  facet normal 0 0 1
    outer loop
      vertex 55.9671 11.5513 48.4
      vertex 55.7605 12.0466 48.4
      vertex 55.9648 11.4895 48.4
    endloop
  endfacet
  facet normal 0 0 1
    outer loop
      vertex 55.7605 12.0466 48.4
      vertex 55.9639 11.6269 48.4
      vertex 55.9541 11.6986 48.4
    endloop
  endfacet
  facet normal 0 0 1
    outer loop
      vertex 55.9648 11.4895 48.4
      vertex 55.7605 12.0466 48.4
      vertex 55.9578 11.4298 48.4
    endloop
  endfacet
  facet normal 0 0 1
    outer loop
      vertex 55.7605 12.0466 48.4
      vertex 55.9541 11.6986 48.4
      vertex 55.9378 11.7664 48.4
    endloop
  endfacet
  facet normal 0 0 1
    outer loop
      vertex 55.9578 11.4298 48.4
      vertex 55.7605 12.0466 48.4
      vertex 55.9463 11.3724 48.4
    endloop
  endfacet
  facet normal 0 0 1
    outer loop
      vertex 55.7605 12.0466 48.4
      vertex 55.9378 11.7664 48.4
      vertex 55.9151 11.8303 48.4
    endloop
  endfacet
  facet normal 0 0 1
    outer loop
      vertex 55.9463 11.3724 48.4
      vertex 55.7605 12.0466 48.4
      vertex 55.93 11.3172 48.4
    endloop
  endfacet
  facet normal 0 0 1
    outer loop
      vertex 55.8077 11.9989 48.4
      vertex 55.9151 11.8303 48.4
      vertex 55.8858 11.8904 48.4
    endloop
  endfacet
  facet normal 0 0 1
    outer loop
      vertex 55.7605 12.0466 48.4
      vertex 55.9151 11.8303 48.4
      vertex 55.8077 11.9989 48.4
    endloop
  endfacet
  facet normal 0 0 1
    outer loop
      vertex 55.93 11.3172 48.4
      vertex 55.7605 12.0466 48.4
      vertex 55.9092 11.2642 48.4
    endloop
  endfacet
  facet normal 0 0 1
    outer loop
      vertex 55.8077 11.9989 48.4
      vertex 55.8858 11.8904 48.4
      vertex 55.85 11.9466 48.4
    endloop
  endfacet
  facet normal 0 0 1
    outer loop
      vertex 55.9092 11.2642 48.4
      vertex 55.7605 12.0466 48.4
      vertex 55.8836 11.2134 48.4
    endloop
  endfacet
  facet normal 0 0 1
    outer loop
      vertex 55.8836 11.2134 48.4
      vertex 55.7605 12.0466 48.4
      vertex 55.8535 11.1648 48.4
    endloop
  endfacet
  facet normal 0 0 1
    outer loop
      vertex 55.8535 11.1648 48.4
      vertex 55.7605 12.0466 48.4
      vertex 55.8193 11.1192 48.4
    endloop
  endfacet
  facet normal 0 0 1
    outer loop
      vertex 55.8193 11.1192 48.4
      vertex 55.7605 12.0466 48.4
      vertex 55.7815 11.0771 48.4
    endloop
  endfacet
  facet normal 0 0 1
    outer loop
      vertex 55.7605 12.0466 48.4
      vertex 55.7403 11.0386 48.4
      vertex 55.7815 11.0771 48.4
    endloop
  endfacet
  facet normal 0 0 1
    outer loop
      vertex 55.7097 12.0888 48.4
      vertex 55.7403 11.0386 48.4
      vertex 55.7605 12.0466 48.4
    endloop
  endfacet
  facet normal 0 0 1
    outer loop
      vertex 55.7097 12.0888 48.4
      vertex 55.6955 11.0037 48.4
      vertex 55.7403 11.0386 48.4
    endloop
  endfacet
  facet normal 0 0 1
    outer loop
      vertex 55.6556 12.1257 48.4
      vertex 55.6955 11.0037 48.4
      vertex 55.7097 12.0888 48.4
    endloop
  endfacet
  facet normal 0 0 1
    outer loop
      vertex 55.6556 12.1257 48.4
      vertex 55.6471 10.9725 48.4
      vertex 55.6955 11.0037 48.4
    endloop
  endfacet
  facet normal 0 0 1
    outer loop
      vertex 55.5979 12.1572 48.4
      vertex 55.6471 10.9725 48.4
      vertex 55.6556 12.1257 48.4
    endloop
  endfacet
  facet normal 0 0 1
    outer loop
      vertex 55.5979 12.1572 48.4
      vertex 55.5953 10.9448 48.4
      vertex 55.6471 10.9725 48.4
    endloop
  endfacet
  facet normal 0 0 1
    outer loop
      vertex 55.5979 12.1572 48.4
      vertex 55.5399 10.9207 48.4
      vertex 55.5953 10.9448 48.4
    endloop
  endfacet
  facet normal 0 0 1
    outer loop
      vertex 55.5368 12.1833 48.4
      vertex 55.5399 10.9207 48.4
      vertex 55.5979 12.1572 48.4
    endloop
  endfacet
  facet normal 0 0 1
    outer loop
      vertex 55.5368 12.1833 48.4
      vertex 55.4747 10.9 48.4
      vertex 55.5399 10.9207 48.4
    endloop
  endfacet
  facet normal 0 0 1
    outer loop
      vertex 55.4723 12.204 48.4
      vertex 55.4747 10.9 48.4
      vertex 55.5368 12.1833 48.4
    endloop
  endfacet
  facet normal 0 0 1
    outer loop
      vertex 55.4043 12.2193 48.4
      vertex 55.4747 10.9 48.4
      vertex 55.4723 12.204 48.4
    endloop
  endfacet
  facet normal 0 0 1
    outer loop
      vertex 55.4043 12.2193 48.4
      vertex 55.3934 10.8825 48.4
      vertex 55.4747 10.9 48.4
    endloop
  endfacet
  facet normal 0 0 1
    outer loop
      vertex 55.3455 12.2283 48.4
      vertex 55.3934 10.8825 48.4
      vertex 55.4043 12.2193 48.4
    endloop
  endfacet
  facet normal 0 0 1
    outer loop
      vertex 55.3455 12.2283 48.4
      vertex 55.2962 10.8682 48.4
      vertex 55.3934 10.8825 48.4
    endloop
  endfacet
  facet normal 0 0 1
    outer loop
      vertex 55.272 12.2359 48.4
      vertex 55.2962 10.8682 48.4
      vertex 55.3455 12.2283 48.4
    endloop
  endfacet
  facet normal 0 0 1
    outer loop
      vertex 55.1836 12.2422 48.4
      vertex 55.2962 10.8682 48.4
      vertex 55.272 12.2359 48.4
    endloop
  endfacet
  facet normal 0 0 1
    outer loop
      vertex 55.1836 12.2422 48.4
      vertex 55.1828 10.8571 48.4
      vertex 55.2962 10.8682 48.4
    endloop
  endfacet
  facet normal 0 0 1
    outer loop
      vertex 55.0804 12.247 48.4
      vertex 55.1828 10.8571 48.4
      vertex 55.1836 12.2422 48.4
    endloop
  endfacet
  facet normal 0 0 1
    outer loop
      vertex 55.0804 12.247 48.4
      vertex 55.0534 10.8491 48.4
      vertex 55.1828 10.8571 48.4
    endloop
  endfacet
  facet normal 0 0 1
    outer loop
      vertex 54.9624 12.2505 48.4
      vertex 55.0534 10.8491 48.4
      vertex 55.0804 12.247 48.4
    endloop
  endfacet
  facet normal 0 0 1
    outer loop
      vertex 54.9624 12.2505 48.4
      vertex 54.908 10.8443 48.4
      vertex 55.0534 10.8491 48.4
    endloop
  endfacet
  facet normal 0 0 1
    outer loop
      vertex 54.8297 12.2525 48.4
      vertex 54.908 10.8443 48.4
      vertex 54.9624 12.2505 48.4
    endloop
  endfacet
  facet normal 0 0 1
    outer loop
      vertex 54.8297 12.2525 48.4
      vertex 54.7465 10.8427 48.4
      vertex 54.908 10.8443 48.4
    endloop
  endfacet
  facet normal 0 0 1
    outer loop
      vertex 54.6821 12.2532 48.4
      vertex 54.7465 10.8427 48.4
      vertex 54.8297 12.2525 48.4
    endloop
  endfacet
  facet normal 0 0 1
    outer loop
      vertex 54.1972 10.8427 48.4
      vertex 54.6821 12.2532 48.4
      vertex 54.1972 12.2532 48.4
    endloop
  endfacet
  facet normal 0 0 1
    outer loop
      vertex 54.6821 12.2532 48.4
      vertex 54.1972 10.8427 48.4
      vertex 54.7465 10.8427 48.4
    endloop
  endfacet
  facet normal 0 0 1
    outer loop
      vertex 60.1947 12.2408 48.4
      vertex 60.7515 11.6361 48.4
      vertex 60.7488 11.7058 48.4
    endloop
  endfacet
  facet normal 0 0 1
    outer loop
      vertex 60.7515 11.6361 48.4
      vertex 60.1947 12.2408 48.4
      vertex 60.7494 11.5737 48.4
    endloop
  endfacet
  facet normal 0 0 1
    outer loop
      vertex 60.307 12.2223 48.4
      vertex 60.7488 11.7058 48.4
      vertex 60.7405 11.7716 48.4
    endloop
  endfacet
  facet normal 0 -0 1
    outer loop
      vertex 60.2214 11.023 48.4
      vertex 60.7494 11.5737 48.4
      vertex 60.1947 12.2408 48.4
    endloop
  endfacet
  facet normal 0 0 1
    outer loop
      vertex 60.37 12.2037 48.4
      vertex 60.7405 11.7716 48.4
      vertex 60.7269 11.8334 48.4
    endloop
  endfacet
  facet normal 0 0 1
    outer loop
      vertex 60.7488 11.7058 48.4
      vertex 60.307 12.2223 48.4
      vertex 60.1947 12.2408 48.4
    endloop
  endfacet
  facet normal 0 0 1
    outer loop
      vertex 60.4285 12.1805 48.4
      vertex 60.7269 11.8334 48.4
      vertex 60.7077 11.8913 48.4
    endloop
  endfacet
  facet normal 0 0 1
    outer loop
      vertex 60.7494 11.5737 48.4
      vertex 60.2214 11.023 48.4
      vertex 60.7432 11.5143 48.4
    endloop
  endfacet
  facet normal 0 0 1
    outer loop
      vertex 60.4285 12.1805 48.4
      vertex 60.7077 11.8913 48.4
      vertex 60.6831 11.9452 48.4
    endloop
  endfacet
  facet normal 0 0 1
    outer loop
      vertex 60.7405 11.7716 48.4
      vertex 60.37 12.2037 48.4
      vertex 60.307 12.2223 48.4
    endloop
  endfacet
  facet normal 0 0 1
    outer loop
      vertex 60.4285 12.1805 48.4
      vertex 60.6831 11.9452 48.4
      vertex 60.6531 11.9952 48.4
    endloop
  endfacet
  facet normal 0 0 1
    outer loop
      vertex 60.7432 11.5143 48.4
      vertex 60.3059 11.0367 48.4
      vertex 60.7328 11.458 48.4
    endloop
  endfacet
  facet normal 0 0 1
    outer loop
      vertex 60.7328 11.458 48.4
      vertex 60.3059 11.0367 48.4
      vertex 60.7183 11.4047 48.4
    endloop
  endfacet
  facet normal 0 0 1
    outer loop
      vertex 60.4285 12.1805 48.4
      vertex 60.6531 11.9952 48.4
      vertex 60.6175 12.0413 48.4
    endloop
  endfacet
  facet normal 0 0 1
    outer loop
      vertex 60.6768 11.3073 48.4
      vertex 60.3059 11.0367 48.4
      vertex 60.6498 11.2631 48.4
    endloop
  endfacet
  facet normal 0 0 1
    outer loop
      vertex 60.4285 12.1805 48.4
      vertex 60.6175 12.0413 48.4
      vertex 60.577 12.083 48.4
    endloop
  endfacet
  facet normal 0 0 1
    outer loop
      vertex 60.7269 11.8334 48.4
      vertex 60.4285 12.1805 48.4
      vertex 60.37 12.2037 48.4
    endloop
  endfacet
  facet normal 0 0 1
    outer loop
      vertex 60.4825 12.1527 48.4
      vertex 60.577 12.083 48.4
      vertex 60.532 12.1202 48.4
    endloop
  endfacet
  facet normal 0 0 1
    outer loop
      vertex 60.4285 12.1805 48.4
      vertex 60.577 12.083 48.4
      vertex 60.4825 12.1527 48.4
    endloop
  endfacet
  facet normal 0 0 1
    outer loop
      vertex 60.6498 11.2631 48.4
      vertex 60.3059 11.0367 48.4
      vertex 60.6191 11.2223 48.4
    endloop
  endfacet
  facet normal 0 0 1
    outer loop
      vertex 60.6191 11.2223 48.4
      vertex 60.3059 11.0367 48.4
      vertex 60.5853 11.1851 48.4
    endloop
  endfacet
  facet normal 0 0 1
    outer loop
      vertex 60.5483 11.1515 48.4
      vertex 60.4647 11.095 48.4
      vertex 60.5081 11.1214 48.4
    endloop
  endfacet
  facet normal 0 0 1
    outer loop
      vertex 60.5483 11.1515 48.4
      vertex 60.4181 11.0722 48.4
      vertex 60.4647 11.095 48.4
    endloop
  endfacet
  facet normal 0 0 1
    outer loop
      vertex 60.5853 11.1851 48.4
      vertex 60.3059 11.0367 48.4
      vertex 60.5483 11.1515 48.4
    endloop
  endfacet
  facet normal 0 0 1
    outer loop
      vertex 60.5483 11.1515 48.4
      vertex 60.3059 11.0367 48.4
      vertex 60.4181 11.0722 48.4
    endloop
  endfacet
  facet normal 0 0 1
    outer loop
      vertex 60.7183 11.4047 48.4
      vertex 60.3059 11.0367 48.4
      vertex 60.6996 11.3545 48.4
    endloop
  endfacet
  facet normal 0 0 1
    outer loop
      vertex 60.4181 11.0722 48.4
      vertex 60.3059 11.0367 48.4
      vertex 60.3683 11.0529 48.4
    endloop
  endfacet
  facet normal 0 0 1
    outer loop
      vertex 60.1947 12.2408 48.4
      vertex 60.307 12.2223 48.4
      vertex 60.2395 12.2363 48.4
    endloop
  endfacet
  facet normal 0 0 1
    outer loop
      vertex 60.6996 11.3545 48.4
      vertex 60.3059 11.0367 48.4
      vertex 60.6768 11.3073 48.4
    endloop
  endfacet
  facet normal 0 -0 1
    outer loop
      vertex 60.3059 11.0367 48.4
      vertex 60.7432 11.5143 48.4
      vertex 60.2214 11.023 48.4
    endloop
  endfacet
  facet normal 0 0 1
    outer loop
      vertex 60.1299 12.2446 48.4
      vertex 60.2214 11.023 48.4
      vertex 60.1947 12.2408 48.4
    endloop
  endfacet
  facet normal 0 0 1
    outer loop
      vertex 60.1299 12.2446 48.4
      vertex 60.1147 11.0118 48.4
      vertex 60.2214 11.023 48.4
    endloop
  endfacet
  facet normal 0 0 1
    outer loop
      vertex 60.0452 12.2477 48.4
      vertex 60.1147 11.0118 48.4
      vertex 60.1299 12.2446 48.4
    endloop
  endfacet
  facet normal 0 0 1
    outer loop
      vertex 60.0452 12.2477 48.4
      vertex 59.9858 11.0031 48.4
      vertex 60.1147 11.0118 48.4
    endloop
  endfacet
  facet normal 0 0 1
    outer loop
      vertex 59.9406 12.2501 48.4
      vertex 59.9858 11.0031 48.4
      vertex 60.0452 12.2477 48.4
    endloop
  endfacet
  facet normal 0 0 1
    outer loop
      vertex 59.9406 12.2501 48.4
      vertex 59.8348 10.9969 48.4
      vertex 59.9858 11.0031 48.4
    endloop
  endfacet
  facet normal 0 0 1
    outer loop
      vertex 59.816 12.2518 48.4
      vertex 59.8348 10.9969 48.4
      vertex 59.9406 12.2501 48.4
    endloop
  endfacet
  facet normal 0 0 1
    outer loop
      vertex 59.6715 12.2529 48.4
      vertex 59.8348 10.9969 48.4
      vertex 59.816 12.2518 48.4
    endloop
  endfacet
  facet normal 0 0 1
    outer loop
      vertex 59.6715 12.2529 48.4
      vertex 59.6617 10.9931 48.4
      vertex 59.8348 10.9969 48.4
    endloop
  endfacet
  facet normal 0 0 1
    outer loop
      vertex 59.5071 12.2532 48.4
      vertex 59.6617 10.9931 48.4
      vertex 59.6715 12.2529 48.4
    endloop
  endfacet
  facet normal 0 0 1
    outer loop
      vertex 59.5071 12.2532 48.4
      vertex 59.4665 10.9919 48.4
      vertex 59.6617 10.9931 48.4
    endloop
  endfacet
  facet normal -0 0 1
    outer loop
      vertex 58.7239 12.2532 48.4
      vertex 59.4665 10.9919 48.4
      vertex 59.5071 12.2532 48.4
    endloop
  endfacet
  facet normal 0 0 1
    outer loop
      vertex 59.4665 10.9919 48.4
      vertex 58.7239 12.2532 48.4
      vertex 58.7239 10.9919 48.4
    endloop
  endfacet
  facet normal 0 0 1
    outer loop
      vertex 63.4451 10.6121 48.4
      vertex 66.1949 10.6257 48.4
      vertex 66.1872 10.861 48.4
    endloop
  endfacet
  facet normal 0 0 1
    outer loop
      vertex 63.4528 10.8484 48.4
      vertex 66.1872 10.861 48.4
      vertex 66.1643 11.0785 48.4
    endloop
  endfacet
  facet normal 0 0 1
    outer loop
      vertex 66.1949 10.6257 48.4
      vertex 63.4451 10.6121 48.4
      vertex 66.187 10.3875 48.4
    endloop
  endfacet
  facet normal 0 0 1
    outer loop
      vertex 63.4761 11.067 48.4
      vertex 66.1643 11.0785 48.4
      vertex 66.1261 11.2784 48.4
    endloop
  endfacet
  facet normal 0 -0 1
    outer loop
      vertex 63.4531 10.3793 48.4
      vertex 66.187 10.3875 48.4
      vertex 63.4451 10.6121 48.4
    endloop
  endfacet
  facet normal 0 0 1
    outer loop
      vertex 63.5148 11.268 48.4
      vertex 66.1261 11.2784 48.4
      vertex 66.0726 11.4605 48.4
    endloop
  endfacet
  facet normal 0 0 1
    outer loop
      vertex 66.187 10.3875 48.4
      vertex 63.4531 10.3793 48.4
      vertex 66.1635 10.167 48.4
    endloop
  endfacet
  facet normal 0 0 1
    outer loop
      vertex 64.9974 12.3125 48.4
      vertex 66.0726 11.4605 48.4
      vertex 66.0037 11.6249 48.4
    endloop
  endfacet
  facet normal 0 -0 1
    outer loop
      vertex 63.4769 10.1631 48.4
      vertex 66.1635 10.167 48.4
      vertex 63.4531 10.3793 48.4
    endloop
  endfacet
  facet normal 0 0 1
    outer loop
      vertex 65.1596 12.2867 48.4
      vertex 66.0037 11.6249 48.4
      vertex 65.9196 11.7716 48.4
    endloop
  endfacet
  facet normal 0 0 1
    outer loop
      vertex 66.1635 10.167 48.4
      vertex 63.4769 10.1631 48.4
      vertex 66.1242 9.96403 48.4
    endloop
  endfacet
  facet normal 0 0 1
    outer loop
      vertex 65.1596 12.2867 48.4
      vertex 65.9196 11.7716 48.4
      vertex 65.8202 11.9006 48.4
    endloop
  endfacet
  facet normal 0 -0 1
    outer loop
      vertex 63.5167 9.96354 48.4
      vertex 66.1242 9.96403 48.4
      vertex 63.4769 10.1631 48.4
    endloop
  endfacet
  facet normal 0 0 1
    outer loop
      vertex 65.1596 12.2867 48.4
      vertex 65.8202 11.9006 48.4
      vertex 65.7082 12.0121 48.4
    endloop
  endfacet
  facet normal 0 0 1
    outer loop
      vertex 66.1242 9.96403 48.4
      vertex 63.5167 9.96354 48.4
      vertex 66.0692 9.77874 48.4
    endloop
  endfacet
  facet normal 0 0 1
    outer loop
      vertex 65.1596 12.2867 48.4
      vertex 65.7082 12.0121 48.4
      vertex 65.5861 12.1065 48.4
    endloop
  endfacet
  facet normal -0 -0 1
    outer loop
      vertex 63.5724 9.7807 48.4
      vertex 66.0692 9.77874 48.4
      vertex 63.5167 9.96354 48.4
    endloop
  endfacet
  facet normal 0 0 1
    outer loop
      vertex 65.1596 12.2867 48.4
      vertex 65.5861 12.1065 48.4
      vertex 65.454 12.1837 48.4
    endloop
  endfacet
  facet normal 0 -0 1
    outer loop
      vertex 64.8251 8.8965 48.4
      vertex 66.0692 9.77874 48.4
      vertex 63.5724 9.7807 48.4
    endloop
  endfacet
  facet normal 0 0 1
    outer loop
      vertex 65.1596 12.2867 48.4
      vertex 65.454 12.1837 48.4
      vertex 65.3118 12.2438 48.4
    endloop
  endfacet
  facet normal 0 0 1
    outer loop
      vertex 66.0692 9.77874 48.4
      vertex 64.8251 8.8965 48.4
      vertex 65.9985 9.61111 48.4
    endloop
  endfacet
  facet normal 0 0 1
    outer loop
      vertex 66.0037 11.6249 48.4
      vertex 65.1596 12.2867 48.4
      vertex 64.9974 12.3125 48.4
    endloop
  endfacet
  facet normal 0 -0 1
    outer loop
      vertex 64.9922 8.90532 48.4
      vertex 65.9985 9.61111 48.4
      vertex 64.8251 8.8965 48.4
    endloop
  endfacet
  facet normal 0 0 1
    outer loop
      vertex 66.0726 11.4605 48.4
      vertex 64.9974 12.3125 48.4
      vertex 64.8251 12.321 48.4
    endloop
  endfacet
  facet normal 0 0 1
    outer loop
      vertex 65.9121 9.46113 48.4
      vertex 64.9922 8.90532 48.4
      vertex 65.8101 9.32879 48.4
    endloop
  endfacet
  facet normal 0 0 1
    outer loop
      vertex 66.0726 11.4605 48.4
      vertex 64.8251 12.321 48.4
      vertex 63.5148 11.268 48.4
    endloop
  endfacet
  facet normal 0 0 1
    outer loop
      vertex 65.8101 9.32879 48.4
      vertex 64.9922 8.90532 48.4
      vertex 65.6957 9.21411 48.4
    endloop
  endfacet
  facet normal 0 0 1
    outer loop
      vertex 65.6957 9.21411 48.4
      vertex 64.9922 8.90532 48.4
      vertex 65.5726 9.11706 48.4
    endloop
  endfacet
  facet normal 0 0 1
    outer loop
      vertex 63.5691 11.4514 48.4
      vertex 64.8251 12.321 48.4
      vertex 64.6527 12.3123 48.4
    endloop
  endfacet
  facet normal 0 0 1
    outer loop
      vertex 65.4407 9.03765 48.4
      vertex 65.1505 8.93179 48.4
      vertex 65.2999 8.9759 48.4
    endloop
  endfacet
  facet normal 0 0 1
    outer loop
      vertex 63.5691 11.4514 48.4
      vertex 64.6527 12.3123 48.4
      vertex 64.4902 12.2863 48.4
    endloop
  endfacet
  facet normal 0 0 1
    outer loop
      vertex 65.4407 9.03765 48.4
      vertex 64.9922 8.90532 48.4
      vertex 65.1505 8.93179 48.4
    endloop
  endfacet
  facet normal 0 0 1
    outer loop
      vertex 63.6388 11.617 48.4
      vertex 64.4902 12.2863 48.4
      vertex 64.3375 12.2429 48.4
    endloop
  endfacet
  facet normal 0 0 1
    outer loop
      vertex 65.5726 9.11706 48.4
      vertex 64.9922 8.90532 48.4
      vertex 65.4407 9.03765 48.4
    endloop
  endfacet
  facet normal 0 0 1
    outer loop
      vertex 63.6388 11.617 48.4
      vertex 64.3375 12.2429 48.4
      vertex 64.1946 12.1821 48.4
    endloop
  endfacet
  facet normal 0 0 1
    outer loop
      vertex 65.9985 9.61111 48.4
      vertex 64.9922 8.90532 48.4
      vertex 65.9121 9.46113 48.4
    endloop
  endfacet
  facet normal 0 0 1
    outer loop
      vertex 63.6388 11.617 48.4
      vertex 64.1946 12.1821 48.4
      vertex 64.0615 12.1039 48.4
    endloop
  endfacet
  facet normal 0 0 1
    outer loop
      vertex 64.8251 8.8965 48.4
      vertex 63.5724 9.7807 48.4
      vertex 64.6579 8.90539 48.4
    endloop
  endfacet
  facet normal 0 0 1
    outer loop
      vertex 63.6388 11.617 48.4
      vertex 64.0615 12.1039 48.4
      vertex 63.9383 12.0084 48.4
    endloop
  endfacet
  facet normal 0 0 1
    outer loop
      vertex 64.6579 8.90539 48.4
      vertex 63.5724 9.7807 48.4
      vertex 64.4993 8.93206 48.4
    endloop
  endfacet
  facet normal 0 0 1
    outer loop
      vertex 63.6388 11.617 48.4
      vertex 63.9383 12.0084 48.4
      vertex 63.8249 11.8955 48.4
    endloop
  endfacet
  facet normal 0 0 1
    outer loop
      vertex 64.4993 8.93206 48.4
      vertex 63.5724 9.7807 48.4
      vertex 64.3493 8.97653 48.4
    endloop
  endfacet
  facet normal 0 0 1
    outer loop
      vertex 63.6388 11.617 48.4
      vertex 63.8249 11.8955 48.4
      vertex 63.7241 11.7651 48.4
    endloop
  endfacet
  facet normal 0 0 1
    outer loop
      vertex 64.3493 8.97653 48.4
      vertex 63.5724 9.7807 48.4
      vertex 64.2078 9.03877 48.4
    endloop
  endfacet
  facet normal 0 0 1
    outer loop
      vertex 64.4902 12.2863 48.4
      vertex 63.6388 11.617 48.4
      vertex 63.5691 11.4514 48.4
    endloop
  endfacet
  facet normal 0 0 1
    outer loop
      vertex 64.2078 9.03877 48.4
      vertex 63.5724 9.7807 48.4
      vertex 64.075 9.11879 48.4
    endloop
  endfacet
  facet normal 0 0 1
    outer loop
      vertex 64.8251 12.321 48.4
      vertex 63.5691 11.4514 48.4
      vertex 63.5148 11.268 48.4
    endloop
  endfacet
  facet normal 0 0 1
    outer loop
      vertex 64.075 9.11879 48.4
      vertex 63.5724 9.7807 48.4
      vertex 63.9507 9.21659 48.4
    endloop
  endfacet
  facet normal 0 0 1
    outer loop
      vertex 66.1261 11.2784 48.4
      vertex 63.5148 11.268 48.4
      vertex 63.4761 11.067 48.4
    endloop
  endfacet
  facet normal 0 0 1
    outer loop
      vertex 63.9507 9.21659 48.4
      vertex 63.5724 9.7807 48.4
      vertex 63.835 9.3322 48.4
    endloop
  endfacet
  facet normal 0 0 1
    outer loop
      vertex 66.1643 11.0785 48.4
      vertex 63.4761 11.067 48.4
      vertex 63.4528 10.8484 48.4
    endloop
  endfacet
  facet normal 0 0 1
    outer loop
      vertex 63.7315 9.46502 48.4
      vertex 63.5724 9.7807 48.4
      vertex 63.644 9.61451 48.4
    endloop
  endfacet
  facet normal 0 0 1
    outer loop
      vertex 66.1872 10.861 48.4
      vertex 63.4528 10.8484 48.4
      vertex 63.4451 10.6121 48.4
    endloop
  endfacet
  facet normal 0 0 1
    outer loop
      vertex 63.835 9.3322 48.4
      vertex 63.5724 9.7807 48.4
      vertex 63.7315 9.46502 48.4
    endloop
  endfacet
  facet normal 0 -0.707109 -0.707104
    outer loop
      vertex 0 2.64999 44.6
      vertex 126.95 1.25 46
      vertex 0 1.25 46
    endloop
  endfacet
  facet normal 0 -0.707109 -0.707104
    outer loop
      vertex 126.95 1.25 46
      vertex 0 2.64999 44.6
      vertex 126.95 2.64999 44.6
    endloop
  endfacet
  facet normal 0 0.707107 -0.707107
    outer loop
      vertex 126.95 18.45 44.6
      vertex 0 19.85 46
      vertex 126.95 19.85 46
    endloop
  endfacet
  facet normal 0 0.707107 -0.707107
    outer loop
      vertex 0 19.85 46
      vertex 126.95 18.45 44.6
      vertex 0 18.45 44.6
    endloop
  endfacet
  facet normal 0 -0.707109 0.707104
    outer loop
      vertex 0 1.25 47
      vertex 126.95 2.64999 48.4
      vertex 0 2.64999 48.4
    endloop
  endfacet
  facet normal 0 -0.707109 0.707104
    outer loop
      vertex 126.95 2.64999 48.4
      vertex 0 1.25 47
      vertex 126.95 1.25 47
    endloop
  endfacet
  facet normal 1 0 0
    outer loop
      vertex 126.95 18.45 48.4
      vertex 126.95 19.85 46
      vertex 126.95 19.85 47
    endloop
  endfacet
  facet normal 1 0 0
    outer loop
      vertex 126.95 18.45 48.4
      vertex 126.95 18.45 44.6
      vertex 126.95 19.85 46
    endloop
  endfacet
  facet normal 1 -0 0
    outer loop
      vertex 126.95 2.64999 48.4
      vertex 126.95 18.45 44.6
      vertex 126.95 18.45 48.4
    endloop
  endfacet
  facet normal 1 0 0
    outer loop
      vertex 126.95 2.64999 48.4
      vertex 126.95 2.64999 44.6
      vertex 126.95 18.45 44.6
    endloop
  endfacet
  facet normal 1 -0 0
    outer loop
      vertex 126.95 1.25 47
      vertex 126.95 2.64999 44.6
      vertex 126.95 2.64999 48.4
    endloop
  endfacet
  facet normal 1 0 0
    outer loop
      vertex 126.95 2.64999 44.6
      vertex 126.95 1.25 47
      vertex 126.95 1.25 46
    endloop
  endfacet
  facet normal 0 0 -1
    outer loop
      vertex 0 2.64999 44.6
      vertex 126.95 18.45 44.6
      vertex 126.95 2.64999 44.6
    endloop
  endfacet
  facet normal -0 0 -1
    outer loop
      vertex 126.95 18.45 44.6
      vertex 0 2.64999 44.6
      vertex 0 18.45 44.6
    endloop
  endfacet
  facet normal 0 1 0
    outer loop
      vertex 117.799 4.4 48.4
      vertex 116.95 4.4 47.5515
      vertex 116.101 4.4 48.4
    endloop
  endfacet
  facet normal 0 -1 0
    outer loop
      vertex 116.95 16.7 47.5515
      vertex 117.799 16.7 48.4
      vertex 116.101 16.7 48.4
    endloop
  endfacet
  facet normal 0.706898 -0 0.707315
    outer loop
      vertex 116.101 4.4 48.4
      vertex 116.95 16.7 47.5515
      vertex 116.101 16.7 48.4
    endloop
  endfacet
  facet normal 0.706898 0 0.707315
    outer loop
      vertex 116.95 16.7 47.5515
      vertex 116.101 4.4 48.4
      vertex 116.95 4.4 47.5515
    endloop
  endfacet
  facet normal -0.706898 0 0.707315
    outer loop
      vertex 116.95 16.7 47.5515
      vertex 117.799 4.4 48.4
      vertex 117.799 16.7 48.4
    endloop
  endfacet
  facet normal -0.706898 0 0.707315
    outer loop
      vertex 117.799 4.4 48.4
      vertex 116.95 16.7 47.5515
      vertex 116.95 4.4 47.5515
    endloop
  endfacet
  facet normal 0 1 0
    outer loop
      vertex 113.799 4.4 48.4
      vertex 112.95 4.4 47.5515
      vertex 112.101 4.4 48.4
    endloop
  endfacet
  facet normal 0 -1 0
    outer loop
      vertex 112.95 16.7 47.5515
      vertex 113.799 16.7 48.4
      vertex 112.101 16.7 48.4
    endloop
  endfacet
  facet normal 0.706898 -0 0.707315
    outer loop
      vertex 112.101 4.4 48.4
      vertex 112.95 16.7 47.5515
      vertex 112.101 16.7 48.4
    endloop
  endfacet
  facet normal 0.706898 0 0.707315
    outer loop
      vertex 112.95 16.7 47.5515
      vertex 112.101 4.4 48.4
      vertex 112.95 4.4 47.5515
    endloop
  endfacet
  facet normal -0.706898 0 0.707315
    outer loop
      vertex 112.95 16.7 47.5515
      vertex 113.799 4.4 48.4
      vertex 113.799 16.7 48.4
    endloop
  endfacet
  facet normal -0.706898 0 0.707315
    outer loop
      vertex 113.799 4.4 48.4
      vertex 112.95 16.7 47.5515
      vertex 112.95 4.4 47.5515
    endloop
  endfacet
  facet normal 0 1 0
    outer loop
      vertex 109.799 4.4 48.4
      vertex 108.95 4.4 47.5515
      vertex 108.101 4.4 48.4
    endloop
  endfacet
  facet normal 0 -1 0
    outer loop
      vertex 108.95 16.7 47.5515
      vertex 109.799 16.7 48.4
      vertex 108.101 16.7 48.4
    endloop
  endfacet
  facet normal 0.706898 -0 0.707315
    outer loop
      vertex 108.101 4.4 48.4
      vertex 108.95 16.7 47.5515
      vertex 108.101 16.7 48.4
    endloop
  endfacet
  facet normal 0.706898 0 0.707315
    outer loop
      vertex 108.95 16.7 47.5515
      vertex 108.101 4.4 48.4
      vertex 108.95 4.4 47.5515
    endloop
  endfacet
  facet normal -0.706898 0 0.707315
    outer loop
      vertex 108.95 16.7 47.5515
      vertex 109.799 4.4 48.4
      vertex 109.799 16.7 48.4
    endloop
  endfacet
  facet normal -0.706898 0 0.707315
    outer loop
      vertex 109.799 4.4 48.4
      vertex 108.95 16.7 47.5515
      vertex 108.95 4.4 47.5515
    endloop
  endfacet
  facet normal 0 1 0
    outer loop
      vertex 105.799 4.4 48.4
      vertex 104.95 4.4 47.5515
      vertex 104.101 4.4 48.4
    endloop
  endfacet
  facet normal 0 -1 0
    outer loop
      vertex 104.95 16.7 47.5515
      vertex 105.799 16.7 48.4
      vertex 104.101 16.7 48.4
    endloop
  endfacet
  facet normal 0.706898 -0 0.707315
    outer loop
      vertex 104.101 4.4 48.4
      vertex 104.95 16.7 47.5515
      vertex 104.101 16.7 48.4
    endloop
  endfacet
  facet normal 0.706898 0 0.707315
    outer loop
      vertex 104.95 16.7 47.5515
      vertex 104.101 4.4 48.4
      vertex 104.95 4.4 47.5515
    endloop
  endfacet
  facet normal -0.706898 0 0.707315
    outer loop
      vertex 104.95 16.7 47.5515
      vertex 105.799 4.4 48.4
      vertex 105.799 16.7 48.4
    endloop
  endfacet
  facet normal -0.706898 0 0.707315
    outer loop
      vertex 105.799 4.4 48.4
      vertex 104.95 16.7 47.5515
      vertex 104.95 4.4 47.5515
    endloop
  endfacet
  facet normal 0 1 0
    outer loop
      vertex 101.799 4.4 48.4
      vertex 100.95 4.4 47.5515
      vertex 100.101 4.4 48.4
    endloop
  endfacet
  facet normal 0 -1 0
    outer loop
      vertex 100.95 16.7 47.5515
      vertex 101.799 16.7 48.4
      vertex 100.101 16.7 48.4
    endloop
  endfacet
  facet normal 0.706898 -0 0.707315
    outer loop
      vertex 100.101 4.4 48.4
      vertex 100.95 16.7 47.5515
      vertex 100.101 16.7 48.4
    endloop
  endfacet
  facet normal 0.706898 0 0.707315
    outer loop
      vertex 100.95 16.7 47.5515
      vertex 100.101 4.4 48.4
      vertex 100.95 4.4 47.5515
    endloop
  endfacet
  facet normal -0.706898 0 0.707315
    outer loop
      vertex 100.95 16.7 47.5515
      vertex 101.799 4.4 48.4
      vertex 101.799 16.7 48.4
    endloop
  endfacet
  facet normal -0.706898 0 0.707315
    outer loop
      vertex 101.799 4.4 48.4
      vertex 100.95 16.7 47.5515
      vertex 100.95 4.4 47.5515
    endloop
  endfacet
  facet normal 0 0 1
    outer loop
      vertex 46.0241 11.6325 48
      vertex 47.0046 11.9071 48
      vertex 46.9392 12.0846 48
    endloop
  endfacet
  facet normal 0 0 1
    outer loop
      vertex 45.9828 11.7277 48
      vertex 46.9392 12.0846 48
      vertex 46.8587 12.25 48
    endloop
  endfacet
  facet normal 0 0 1
    outer loop
      vertex 45.9339 11.8165 48
      vertex 46.8587 12.25 48
      vertex 46.763 12.4033 48
    endloop
  endfacet
  facet normal 0 0 1
    outer loop
      vertex 45.8774 11.8991 48
      vertex 46.763 12.4033 48
      vertex 46.6522 12.5445 48
    endloop
  endfacet
  facet normal 0 0 1
    outer loop
      vertex 45.8774 11.8991 48
      vertex 46.6522 12.5445 48
      vertex 46.5262 12.6736 48
    endloop
  endfacet
  facet normal 0 0 1
    outer loop
      vertex 45.8135 11.9754 48
      vertex 46.5262 12.6736 48
      vertex 46.3851 12.7906 48
    endloop
  endfacet
  facet normal 0 0 1
    outer loop
      vertex 45.742 12.0454 48
      vertex 46.3851 12.7906 48
      vertex 46.2281 12.8936 48
    endloop
  endfacet
  facet normal 0 0 1
    outer loop
      vertex 46.8587 12.25 48
      vertex 45.9339 11.8165 48
      vertex 45.9828 11.7277 48
    endloop
  endfacet
  facet normal 0 0 1
    outer loop
      vertex 45.6629 12.1091 48
      vertex 46.2281 12.8936 48
      vertex 46.0546 12.9807 48
    endloop
  endfacet
  facet normal 0 0 1
    outer loop
      vertex 47.0046 11.9071 48
      vertex 46.0579 11.531 48
      vertex 47.0548 11.7175 48
    endloop
  endfacet
  facet normal 0 -0 1
    outer loop
      vertex 46.0579 11.531 48
      vertex 47.0046 11.9071 48
      vertex 46.0241 11.6325 48
    endloop
  endfacet
  facet normal 0 0 1
    outer loop
      vertex 46.9392 12.0846 48
      vertex 45.9828 11.7277 48
      vertex 46.0241 11.6325 48
    endloop
  endfacet
  facet normal 0 0 1
    outer loop
      vertex 46.763 12.4033 48
      vertex 45.8774 11.8991 48
      vertex 45.9339 11.8165 48
    endloop
  endfacet
  facet normal 0 0 1
    outer loop
      vertex 45.5771 12.1653 48
      vertex 46.0546 12.9807 48
      vertex 45.8646 13.0521 48
    endloop
  endfacet
  facet normal 0 0 1
    outer loop
      vertex 46.5262 12.6736 48
      vertex 45.8135 11.9754 48
      vertex 45.8774 11.8991 48
    endloop
  endfacet
  facet normal 0 0 1
    outer loop
      vertex 46.3851 12.7906 48
      vertex 45.742 12.0454 48
      vertex 45.8135 11.9754 48
    endloop
  endfacet
  facet normal 0 0 1
    outer loop
      vertex 46.2281 12.8936 48
      vertex 45.6629 12.1091 48
      vertex 45.742 12.0454 48
    endloop
  endfacet
  facet normal 0 0 1
    outer loop
      vertex 45.4855 12.2129 48
      vertex 45.8646 13.0521 48
      vertex 45.658 13.1075 48
    endloop
  endfacet
  facet normal 0 0 1
    outer loop
      vertex 46.0546 12.9807 48
      vertex 45.5771 12.1653 48
      vertex 45.6629 12.1091 48
    endloop
  endfacet
  facet normal 0 0 1
    outer loop
      vertex 45.8646 13.0521 48
      vertex 45.4855 12.2129 48
      vertex 45.5771 12.1653 48
    endloop
  endfacet
  facet normal 0 0 1
    outer loop
      vertex 45.388 12.2518 48
      vertex 45.658 13.1075 48
      vertex 45.4349 13.1471 48
    endloop
  endfacet
  facet normal 0 0 1
    outer loop
      vertex 45.658 13.1075 48
      vertex 45.388 12.2518 48
      vertex 45.4855 12.2129 48
    endloop
  endfacet
  facet normal 0 0 1
    outer loop
      vertex 45.4349 13.1471 48
      vertex 45.2845 12.2821 48
      vertex 45.388 12.2518 48
    endloop
  endfacet
  facet normal 0 0 1
    outer loop
      vertex 45.1753 12.3037 48
      vertex 45.4349 13.1471 48
      vertex 45.1952 13.1709 48
    endloop
  endfacet
  facet normal 0 0 1
    outer loop
      vertex 45.4349 13.1471 48
      vertex 45.1753 12.3037 48
      vertex 45.2845 12.2821 48
    endloop
  endfacet
  facet normal 0 0 1
    outer loop
      vertex 45.1952 13.1709 48
      vertex 45.0601 12.3167 48
      vertex 45.1753 12.3037 48
    endloop
  endfacet
  facet normal 0 0 1
    outer loop
      vertex 44.939 13.1788 48
      vertex 45.0601 12.3167 48
      vertex 45.1952 13.1709 48
    endloop
  endfacet
  facet normal 0 0 1
    outer loop
      vertex 44.939 13.1788 48
      vertex 44.939 12.321 48
      vertex 45.0601 12.3167 48
    endloop
  endfacet
  facet normal -0 0 1
    outer loop
      vertex 44.7403 13.1738 48
      vertex 44.939 12.321 48
      vertex 44.939 13.1788 48
    endloop
  endfacet
  facet normal 0 0 1
    outer loop
      vertex 44.939 12.321 48
      vertex 44.7403 13.1738 48
      vertex 44.7566 12.3125 48
    endloop
  endfacet
  facet normal -0 0 1
    outer loop
      vertex 44.5512 13.1586 48
      vertex 44.7566 12.3125 48
      vertex 44.7403 13.1738 48
    endloop
  endfacet
  facet normal 0 0 1
    outer loop
      vertex 44.7566 12.3125 48
      vertex 44.5512 13.1586 48
      vertex 44.5852 12.287 48
    endloop
  endfacet
  facet normal -0 0 1
    outer loop
      vertex 44.3717 13.1334 48
      vertex 44.5852 12.287 48
      vertex 44.5512 13.1586 48
    endloop
  endfacet
  facet normal 0 0 1
    outer loop
      vertex 44.5852 12.287 48
      vertex 44.3717 13.1334 48
      vertex 44.4247 12.2444 48
    endloop
  endfacet
  facet normal -0 0 1
    outer loop
      vertex 44.2017 13.098 48
      vertex 44.4247 12.2444 48
      vertex 44.3717 13.1334 48
    endloop
  endfacet
  facet normal -0 0 1
    outer loop
      vertex 44.0412 13.0525 48
      vertex 44.4247 12.2444 48
      vertex 44.2017 13.098 48
    endloop
  endfacet
  facet normal 0 0 1
    outer loop
      vertex 44.4247 12.2444 48
      vertex 44.0412 13.0525 48
      vertex 44.2753 12.1849 48
    endloop
  endfacet
  facet normal -0 0 1
    outer loop
      vertex 43.8903 12.997 48
      vertex 44.2753 12.1849 48
      vertex 44.0412 13.0525 48
    endloop
  endfacet
  facet normal -0 0 1
    outer loop
      vertex 43.7489 12.9313 48
      vertex 44.2753 12.1849 48
      vertex 43.8903 12.997 48
    endloop
  endfacet
  facet normal 0 0 1
    outer loop
      vertex 44.2753 12.1849 48
      vertex 43.7489 12.9313 48
      vertex 44.1369 12.1082 48
    endloop
  endfacet
  facet normal -0 0 1
    outer loop
      vertex 43.5759 12.8336 48
      vertex 44.1369 12.1082 48
      vertex 43.7489 12.9313 48
    endloop
  endfacet
  facet normal 0 0 1
    outer loop
      vertex 44.1369 12.1082 48
      vertex 43.5759 12.8336 48
      vertex 44.0094 12.0146 48
    endloop
  endfacet
  facet normal -0 0 1
    outer loop
      vertex 43.4151 12.7243 48
      vertex 44.0094 12.0146 48
      vertex 43.5759 12.8336 48
    endloop
  endfacet
  facet normal -0 0 1
    outer loop
      vertex 43.2667 12.6035 48
      vertex 44.0094 12.0146 48
      vertex 43.4151 12.7243 48
    endloop
  endfacet
  facet normal 0 0 1
    outer loop
      vertex 44.0094 12.0146 48
      vertex 43.2667 12.6035 48
      vertex 43.893 11.904 48
    endloop
  endfacet
  facet normal -0 0 1
    outer loop
      vertex 43.1306 12.4713 48
      vertex 43.893 11.904 48
      vertex 43.2667 12.6035 48
    endloop
  endfacet
  facet normal 0 0 1
    outer loop
      vertex 43.893 11.904 48
      vertex 43.1306 12.4713 48
      vertex 43.79 11.7766 48
    endloop
  endfacet
  facet normal -0 0 1
    outer loop
      vertex 43.0068 12.3276 48
      vertex 43.79 11.7766 48
      vertex 43.1306 12.4713 48
    endloop
  endfacet
  facet normal -0 0 1
    outer loop
      vertex 42.8953 12.1724 48
      vertex 43.79 11.7766 48
      vertex 43.0068 12.3276 48
    endloop
  endfacet
  facet normal 0 0 1
    outer loop
      vertex 43.79 11.7766 48
      vertex 42.8953 12.1724 48
      vertex 43.7028 11.6327 48
    endloop
  endfacet
  facet normal -0 0 1
    outer loop
      vertex 42.7962 12.0057 48
      vertex 43.7028 11.6327 48
      vertex 42.8953 12.1724 48
    endloop
  endfacet
  facet normal 0 0 1
    outer loop
      vertex 43.7028 11.6327 48
      vertex 42.7962 12.0057 48
      vertex 43.6315 11.4724 48
    endloop
  endfacet
  facet normal 0 -0 1
    outer loop
      vertex 42.4945 10.2256 48
      vertex 43.5048 10.6664 48
      vertex 42.4766 10.4235 48
    endloop
  endfacet
  facet normal -0 0 1
    outer loop
      vertex 42.7098 11.8297 48
      vertex 43.6315 11.4724 48
      vertex 42.7962 12.0057 48
    endloop
  endfacet
  facet normal 0 -0 1
    outer loop
      vertex 42.5242 10.0321 48
      vertex 43.5048 10.6664 48
      vertex 42.4945 10.2256 48
    endloop
  endfacet
  facet normal -0 0 1
    outer loop
      vertex 42.6367 11.6467 48
      vertex 43.6315 11.4724 48
      vertex 42.7098 11.8297 48
    endloop
  endfacet
  facet normal 0 -0 1
    outer loop
      vertex 42.5659 9.84298 48
      vertex 43.5048 10.6664 48
      vertex 42.5242 10.0321 48
    endloop
  endfacet
  facet normal 0 0 1
    outer loop
      vertex 43.6315 11.4724 48
      vertex 42.6367 11.6467 48
      vertex 43.5761 11.2956 48
    endloop
  endfacet
  facet normal 0 -0 1
    outer loop
      vertex 42.6194 9.65818 48
      vertex 43.5048 10.6664 48
      vertex 42.5659 9.84298 48
    endloop
  endfacet
  facet normal -0 0 1
    outer loop
      vertex 42.5769 11.4566 48
      vertex 43.5761 11.2956 48
      vertex 42.6367 11.6467 48
    endloop
  endfacet
  facet normal 0 -0 1
    outer loop
      vertex 42.7622 9.30169 48
      vertex 43.5048 10.6664 48
      vertex 42.6849 9.47776 48
    endloop
  endfacet
  facet normal 0 0 1
    outer loop
      vertex 43.5761 11.2956 48
      vertex 42.5769 11.4566 48
      vertex 43.5365 11.1023 48
    endloop
  endfacet
  facet normal 0 0 1
    outer loop
      vertex 43.5048 10.6664 48
      vertex 42.8514 9.13356 48
      vertex 42.9524 8.97689 48
    endloop
  endfacet
  facet normal -0 0 1
    outer loop
      vertex 42.5304 11.2595 48
      vertex 43.5365 11.1023 48
      vertex 42.5769 11.4566 48
    endloop
  endfacet
  facet normal 0 0 1
    outer loop
      vertex 43.5048 10.6664 48
      vertex 42.7622 9.30169 48
      vertex 42.8514 9.13356 48
    endloop
  endfacet
  facet normal 0 0 1
    outer loop
      vertex 42.4972 11.0553 48
      vertex 43.5365 11.1023 48
      vertex 42.5304 11.2595 48
    endloop
  endfacet
  facet normal 0 0 1
    outer loop
      vertex 43.5048 10.6664 48
      vertex 42.9524 8.97689 48
      vertex 43.0651 8.83172 48
    endloop
  endfacet
  facet normal 0 0 1
    outer loop
      vertex 43.5365 11.1023 48
      vertex 42.4972 11.0553 48
      vertex 43.5127 10.8926 48
    endloop
  endfacet
  facet normal 0 0 1
    outer loop
      vertex 43.5048 10.6664 48
      vertex 43.0651 8.83172 48
      vertex 43.1896 8.69804 48
    endloop
  endfacet
  facet normal 0 0 1
    outer loop
      vertex 42.4773 10.844 48
      vertex 43.5127 10.8926 48
      vertex 42.4972 11.0553 48
    endloop
  endfacet
  facet normal 0 0 1
    outer loop
      vertex 43.5048 10.6664 48
      vertex 43.1896 8.69804 48
      vertex 43.3258 8.57583 48
    endloop
  endfacet
  facet normal 0 0 1
    outer loop
      vertex 43.5127 10.8926 48
      vertex 42.4773 10.844 48
      vertex 43.5048 10.6664 48
    endloop
  endfacet
  facet normal 0 0 1
    outer loop
      vertex 43.5048 10.6664 48
      vertex 43.3258 8.57583 48
      vertex 43.4738 8.46513 48
    endloop
  endfacet
  facet normal 0 0 1
    outer loop
      vertex 43.5048 10.6664 48
      vertex 42.4773 10.844 48
      vertex 42.4707 10.6257 48
    endloop
  endfacet
  facet normal 0 -0 1
    outer loop
      vertex 42.6849 9.47776 48
      vertex 43.5048 10.6664 48
      vertex 42.6194 9.65818 48
    endloop
  endfacet
  facet normal 0 0 1
    outer loop
      vertex 43.5048 10.6664 48
      vertex 42.4707 10.6257 48
      vertex 42.4766 10.4235 48
    endloop
  endfacet
  facet normal -0 0 1
    outer loop
      vertex 46.1054 9.951 48
      vertex 47.1192 8.80835 48
      vertex 47.1192 10.7885 48
    endloop
  endfacet
  facet normal -0 0 1
    outer loop
      vertex 46.1054 9.32034 48
      vertex 47.1192 8.80835 48
      vertex 46.1054 9.951 48
    endloop
  endfacet
  facet normal 0 0 1
    outer loop
      vertex 47.1192 8.80835 48
      vertex 46.1054 9.32034 48
      vertex 47.0233 8.72265 48
    endloop
  endfacet
  facet normal 0 0 1
    outer loop
      vertex 46.9159 8.63992 48
      vertex 46.1054 9.32034 48
      vertex 46.7969 8.56018 48
    endloop
  endfacet
  facet normal 0 0 1
    outer loop
      vertex 46.7969 8.56018 48
      vertex 46.1054 9.32034 48
      vertex 46.6664 8.48341 48
    endloop
  endfacet
  facet normal -0 0 1
    outer loop
      vertex 46.0387 9.27104 48
      vertex 46.6664 8.48341 48
      vertex 46.1054 9.32034 48
    endloop
  endfacet
  facet normal 0 0 1
    outer loop
      vertex 46.6664 8.48341 48
      vertex 46.0387 9.27104 48
      vertex 46.5243 8.4096 48
    endloop
  endfacet
  facet normal 0 0 1
    outer loop
      vertex 47.0233 8.72265 48
      vertex 46.1054 9.32034 48
      vertex 46.9159 8.63992 48
    endloop
  endfacet
  facet normal -0 0 1
    outer loop
      vertex 44.956 10.7885 48
      vertex 46.1054 9.951 48
      vertex 47.1192 10.7885 48
    endloop
  endfacet
  facet normal 0 0 1
    outer loop
      vertex 46.1054 9.951 48
      vertex 44.956 10.7885 48
      vertex 44.956 9.951 48
    endloop
  endfacet
  facet normal -0 0 1
    outer loop
      vertex 45.9683 9.22389 48
      vertex 46.5243 8.4096 48
      vertex 46.0387 9.27104 48
    endloop
  endfacet
  facet normal 0 0 1
    outer loop
      vertex 46.5243 8.4096 48
      vertex 45.9683 9.22389 48
      vertex 46.3706 8.33879 48
    endloop
  endfacet
  facet normal -0 0 1
    outer loop
      vertex 45.8942 9.17887 48
      vertex 46.3706 8.33879 48
      vertex 45.9683 9.22389 48
    endloop
  endfacet
  facet normal 0 0 1
    outer loop
      vertex 46.3706 8.33879 48
      vertex 45.8942 9.17887 48
      vertex 46.2054 8.27095 48
    endloop
  endfacet
  facet normal -0 0 1
    outer loop
      vertex 45.8164 9.136 48
      vertex 46.2054 8.27095 48
      vertex 45.8942 9.17887 48
    endloop
  endfacet
  facet normal -0 0 1
    outer loop
      vertex 45.735 9.09527 48
      vertex 46.2054 8.27095 48
      vertex 45.8164 9.136 48
    endloop
  endfacet
  facet normal 0 0 1
    outer loop
      vertex 46.2054 8.27095 48
      vertex 45.735 9.09527 48
      vertex 46.0341 8.20933 48
    endloop
  endfacet
  facet normal -0 0 1
    outer loop
      vertex 45.6499 9.05668 48
      vertex 46.0341 8.20933 48
      vertex 45.735 9.09527 48
    endloop
  endfacet
  facet normal 0 0 1
    outer loop
      vertex 46.0341 8.20933 48
      vertex 45.6499 9.05668 48
      vertex 45.8622 8.15719 48
    endloop
  endfacet
  facet normal -0 0 1
    outer loop
      vertex 45.5612 9.02024 48
      vertex 45.8622 8.15719 48
      vertex 45.6499 9.05668 48
    endloop
  endfacet
  facet normal 0 0 1
    outer loop
      vertex 45.8622 8.15719 48
      vertex 45.5612 9.02024 48
      vertex 45.6897 8.11453 48
    endloop
  endfacet
  facet normal -0 0 1
    outer loop
      vertex 45.4706 8.98741 48
      vertex 45.6897 8.11453 48
      vertex 45.5612 9.02024 48
    endloop
  endfacet
  facet normal -0 0 1
    outer loop
      vertex 45.3801 8.95964 48
      vertex 45.6897 8.11453 48
      vertex 45.4706 8.98741 48
    endloop
  endfacet
  facet normal 0 0 1
    outer loop
      vertex 45.6897 8.11453 48
      vertex 45.3801 8.95964 48
      vertex 45.5165 8.08136 48
    endloop
  endfacet
  facet normal -0 0 1
    outer loop
      vertex 45.2898 8.9369 48
      vertex 45.5165 8.08136 48
      vertex 45.3801 8.95964 48
    endloop
  endfacet
  facet normal 0 0 1
    outer loop
      vertex 45.5165 8.08136 48
      vertex 45.2898 8.9369 48
      vertex 45.3427 8.05766 48
    endloop
  endfacet
  facet normal -0 0 1
    outer loop
      vertex 45.1994 8.91923 48
      vertex 45.3427 8.05766 48
      vertex 45.2898 8.9369 48
    endloop
  endfacet
  facet normal 0 0 1
    outer loop
      vertex 45.1994 8.91923 48
      vertex 45.1683 8.04344 48
      vertex 45.3427 8.05766 48
    endloop
  endfacet
  facet normal -0 0 1
    outer loop
      vertex 45.1092 8.9066 48
      vertex 45.1683 8.04344 48
      vertex 45.1994 8.91923 48
    endloop
  endfacet
  facet normal -0 0 1
    outer loop
      vertex 45.019 8.89901 48
      vertex 45.1683 8.04344 48
      vertex 45.1092 8.9066 48
    endloop
  endfacet
  facet normal 0 0 1
    outer loop
      vertex 45.019 8.89901 48
      vertex 44.9933 8.03869 48
      vertex 45.1683 8.04344 48
    endloop
  endfacet
  facet normal -0 0 1
    outer loop
      vertex 44.9289 8.8965 48
      vertex 44.9933 8.03869 48
      vertex 45.019 8.89901 48
    endloop
  endfacet
  facet normal 0 0 1
    outer loop
      vertex 44.9289 8.8965 48
      vertex 44.7745 8.04538 48
      vertex 44.9933 8.03869 48
    endloop
  endfacet
  facet normal 0 0 1
    outer loop
      vertex 44.7517 8.90553 48
      vertex 44.7745 8.04538 48
      vertex 44.9289 8.8965 48
    endloop
  endfacet
  facet normal 0 0 1
    outer loop
      vertex 44.564 8.06541 48
      vertex 44.7517 8.90553 48
      vertex 44.5845 8.93261 48
    endloop
  endfacet
  facet normal 0 0 1
    outer loop
      vertex 44.7517 8.90553 48
      vertex 44.564 8.06541 48
      vertex 44.7745 8.04538 48
    endloop
  endfacet
  facet normal 0 0 1
    outer loop
      vertex 44.3616 8.0988 48
      vertex 44.5845 8.93261 48
      vertex 44.4273 8.97776 48
    endloop
  endfacet
  facet normal 0 0 1
    outer loop
      vertex 44.5845 8.93261 48
      vertex 44.3616 8.0988 48
      vertex 44.564 8.06541 48
    endloop
  endfacet
  facet normal 0 0 1
    outer loop
      vertex 43.9813 8.20564 48
      vertex 44.4273 8.97776 48
      vertex 44.2801 9.04097 48
    endloop
  endfacet
  facet normal 0 0 1
    outer loop
      vertex 44.4273 8.97776 48
      vertex 44.1673 8.14553 48
      vertex 44.3616 8.0988 48
    endloop
  endfacet
  facet normal 0 0 1
    outer loop
      vertex 43.8034 8.27908 48
      vertex 44.2801 9.04097 48
      vertex 44.1428 9.12223 48
    endloop
  endfacet
  facet normal 0 0 1
    outer loop
      vertex 43.6336 8.3659 48
      vertex 44.1428 9.12223 48
      vertex 44.0154 9.22155 48
    endloop
  endfacet
  facet normal 0 0 1
    outer loop
      vertex 44.4273 8.97776 48
      vertex 43.9813 8.20564 48
      vertex 44.1673 8.14553 48
    endloop
  endfacet
  facet normal 0 0 1
    outer loop
      vertex 43.4738 8.46513 48
      vertex 44.0154 9.22155 48
      vertex 43.8981 9.33894 48
    endloop
  endfacet
  facet normal 0 0 1
    outer loop
      vertex 44.2801 9.04097 48
      vertex 43.8034 8.27908 48
      vertex 43.9813 8.20564 48
    endloop
  endfacet
  facet normal 0 0 1
    outer loop
      vertex 43.4738 8.46513 48
      vertex 43.8981 9.33894 48
      vertex 43.7937 9.47441 48
    endloop
  endfacet
  facet normal 0 0 1
    outer loop
      vertex 43.4738 8.46513 48
      vertex 43.7937 9.47441 48
      vertex 43.7054 9.62793 48
    endloop
  endfacet
  facet normal 0 0 1
    outer loop
      vertex 44.1428 9.12223 48
      vertex 43.6336 8.3659 48
      vertex 43.8034 8.27908 48
    endloop
  endfacet
  facet normal 0 0 1
    outer loop
      vertex 43.4738 8.46513 48
      vertex 43.7054 9.62793 48
      vertex 43.6332 9.7995 48
    endloop
  endfacet
  facet normal 0 0 1
    outer loop
      vertex 43.4738 8.46513 48
      vertex 43.6332 9.7995 48
      vertex 43.577 9.98913 48
    endloop
  endfacet
  facet normal 0 0 1
    outer loop
      vertex 43.4738 8.46513 48
      vertex 43.577 9.98913 48
      vertex 43.5369 10.1968 48
    endloop
  endfacet
  facet normal 0 0 1
    outer loop
      vertex 43.4738 8.46513 48
      vertex 43.5369 10.1968 48
      vertex 43.5128 10.4226 48
    endloop
  endfacet
  facet normal 0 0 1
    outer loop
      vertex 44.0154 9.22155 48
      vertex 43.4738 8.46513 48
      vertex 43.6336 8.3659 48
    endloop
  endfacet
  facet normal 0 0 1
    outer loop
      vertex 43.4738 8.46513 48
      vertex 43.5128 10.4226 48
      vertex 43.5048 10.6664 48
    endloop
  endfacet
  facet normal 0 0 1
    outer loop
      vertex 52.5232 10.9379 48
      vertex 51.4914 10.861 48
      vertex 51.4991 10.6257 48
    endloop
  endfacet
  facet normal 0 0 1
    outer loop
      vertex 51.8771 12.4973 48
      vertex 51.4685 11.0785 48
      vertex 51.4914 10.861 48
    endloop
  endfacet
  facet normal 0 0 1
    outer loop
      vertex 51.0124 12.0121 48
      vertex 51.6797 12.6781 48
      vertex 51.4644 12.8311 48
    endloop
  endfacet
  facet normal 0 0 1
    outer loop
      vertex 51.8771 12.4973 48
      vertex 51.4302 11.2784 48
      vertex 51.4685 11.0785 48
    endloop
  endfacet
  facet normal 0 0 1
    outer loop
      vertex 51.8771 12.4973 48
      vertex 51.3767 11.4605 48
      vertex 51.4302 11.2784 48
    endloop
  endfacet
  facet normal 0 0 1
    outer loop
      vertex 51.8771 12.4973 48
      vertex 51.3079 11.6249 48
      vertex 51.3767 11.4605 48
    endloop
  endfacet
  facet normal 0 0 1
    outer loop
      vertex 50.8903 12.1065 48
      vertex 51.4644 12.8311 48
      vertex 51.2312 12.9563 48
    endloop
  endfacet
  facet normal 0 0 1
    outer loop
      vertex 51.8771 12.4973 48
      vertex 51.2238 11.7716 48
      vertex 51.3079 11.6249 48
    endloop
  endfacet
  facet normal 0 0 1
    outer loop
      vertex 51.8771 12.4973 48
      vertex 51.1244 11.9006 48
      vertex 51.2238 11.7716 48
    endloop
  endfacet
  facet normal 0 0 1
    outer loop
      vertex 51.6797 12.6781 48
      vertex 51.0124 12.0121 48
      vertex 51.1244 11.9006 48
    endloop
  endfacet
  facet normal 0 0 1
    outer loop
      vertex 50.7581 12.1837 48
      vertex 51.2312 12.9563 48
      vertex 50.9801 13.0537 48
    endloop
  endfacet
  facet normal 0 0 1
    outer loop
      vertex 51.4644 12.8311 48
      vertex 50.8903 12.1065 48
      vertex 51.0124 12.0121 48
    endloop
  endfacet
  facet normal 0 0 1
    outer loop
      vertex 51.2312 12.9563 48
      vertex 50.7581 12.1837 48
      vertex 50.8903 12.1065 48
    endloop
  endfacet
  facet normal 0 0 1
    outer loop
      vertex 50.616 12.2438 48
      vertex 50.9801 13.0537 48
      vertex 50.711 13.1232 48
    endloop
  endfacet
  facet normal 0 0 1
    outer loop
      vertex 50.9801 13.0537 48
      vertex 50.616 12.2438 48
      vertex 50.7581 12.1837 48
    endloop
  endfacet
  facet normal 0 0 1
    outer loop
      vertex 50.711 13.1232 48
      vertex 50.4638 12.2867 48
      vertex 50.616 12.2438 48
    endloop
  endfacet
  facet normal 0 0 1
    outer loop
      vertex 50.424 13.1649 48
      vertex 50.4638 12.2867 48
      vertex 50.711 13.1232 48
    endloop
  endfacet
  facet normal 0 0 1
    outer loop
      vertex 50.424 13.1649 48
      vertex 50.3015 12.3125 48
      vertex 50.4638 12.2867 48
    endloop
  endfacet
  facet normal 0 0 1
    outer loop
      vertex 50.1191 13.1788 48
      vertex 50.3015 12.3125 48
      vertex 50.424 13.1649 48
    endloop
  endfacet
  facet normal 0 0 1
    outer loop
      vertex 50.3015 12.3125 48
      vertex 50.1191 13.1788 48
      vertex 50.1293 12.321 48
    endloop
  endfacet
  facet normal -0 0 1
    outer loop
      vertex 49.9486 13.1748 48
      vertex 50.1293 12.321 48
      vertex 50.1191 13.1788 48
    endloop
  endfacet
  facet normal 0 0 1
    outer loop
      vertex 50.1293 12.321 48
      vertex 49.9486 13.1748 48
      vertex 49.9569 12.3123 48
    endloop
  endfacet
  facet normal -0 0 1
    outer loop
      vertex 49.7839 13.1628 48
      vertex 49.9569 12.3123 48
      vertex 49.9486 13.1748 48
    endloop
  endfacet
  facet normal 0 0 1
    outer loop
      vertex 49.9569 12.3123 48
      vertex 49.7839 13.1628 48
      vertex 49.7943 12.2863 48
    endloop
  endfacet
  facet normal -0 0 1
    outer loop
      vertex 49.625 13.1427 48
      vertex 49.7943 12.2863 48
      vertex 49.7839 13.1628 48
    endloop
  endfacet
  facet normal -0 0 1
    outer loop
      vertex 49.472 13.1146 48
      vertex 49.7943 12.2863 48
      vertex 49.625 13.1427 48
    endloop
  endfacet
  facet normal 0 0 1
    outer loop
      vertex 49.7943 12.2863 48
      vertex 49.472 13.1146 48
      vertex 49.6416 12.2429 48
    endloop
  endfacet
  facet normal -0 0 1
    outer loop
      vertex 49.3247 13.0785 48
      vertex 49.6416 12.2429 48
      vertex 49.472 13.1146 48
    endloop
  endfacet
  facet normal 0 0 1
    outer loop
      vertex 49.6416 12.2429 48
      vertex 49.3247 13.0785 48
      vertex 49.4987 12.1821 48
    endloop
  endfacet
  facet normal -0 0 1
    outer loop
      vertex 49.1833 13.0344 48
      vertex 49.4987 12.1821 48
      vertex 49.3247 13.0785 48
    endloop
  endfacet
  facet normal -0 0 1
    outer loop
      vertex 49.0477 12.9822 48
      vertex 49.4987 12.1821 48
      vertex 49.1833 13.0344 48
    endloop
  endfacet
  facet normal 0 0 1
    outer loop
      vertex 49.4987 12.1821 48
      vertex 49.0477 12.9822 48
      vertex 49.3657 12.1039 48
    endloop
  endfacet
  facet normal -0 0 1
    outer loop
      vertex 48.949 12.9373 48
      vertex 49.3657 12.1039 48
      vertex 49.0477 12.9822 48
    endloop
  endfacet
  facet normal -0 0 1
    outer loop
      vertex 48.8527 12.8861 48
      vertex 49.3657 12.1039 48
      vertex 48.949 12.9373 48
    endloop
  endfacet
  facet normal -0 0 1
    outer loop
      vertex 48.7586 12.8286 48
      vertex 49.3657 12.1039 48
      vertex 48.8527 12.8861 48
    endloop
  endfacet
  facet normal 0 0 1
    outer loop
      vertex 49.3657 12.1039 48
      vertex 48.7586 12.8286 48
      vertex 49.2424 12.0084 48
    endloop
  endfacet
  facet normal -0 0 1
    outer loop
      vertex 48.6668 12.7646 48
      vertex 49.2424 12.0084 48
      vertex 48.7586 12.8286 48
    endloop
  endfacet
  facet normal -0 0 1
    outer loop
      vertex 48.5773 12.6943 48
      vertex 49.2424 12.0084 48
      vertex 48.6668 12.7646 48
    endloop
  endfacet
  facet normal 0 0 1
    outer loop
      vertex 49.2424 12.0084 48
      vertex 48.5773 12.6943 48
      vertex 49.129 11.8955 48
    endloop
  endfacet
  facet normal -0 0 1
    outer loop
      vertex 48.4901 12.6177 48
      vertex 49.129 11.8955 48
      vertex 48.5773 12.6943 48
    endloop
  endfacet
  facet normal -0 0 1
    outer loop
      vertex 48.4051 12.5346 48
      vertex 49.129 11.8955 48
      vertex 48.4901 12.6177 48
    endloop
  endfacet
  facet normal -0 0 1
    outer loop
      vertex 48.3238 12.4468 48
      vertex 49.129 11.8955 48
      vertex 48.4051 12.5346 48
    endloop
  endfacet
  facet normal 0 0 1
    outer loop
      vertex 49.129 11.8955 48
      vertex 48.3238 12.4468 48
      vertex 49.0283 11.7651 48
    endloop
  endfacet
  facet normal -0 0 1
    outer loop
      vertex 48.2476 12.3558 48
      vertex 49.0283 11.7651 48
      vertex 48.3238 12.4468 48
    endloop
  endfacet
  facet normal -0 0 1
    outer loop
      vertex 48.1764 12.2617 48
      vertex 49.0283 11.7651 48
      vertex 48.2476 12.3558 48
    endloop
  endfacet
  facet normal -0 0 1
    outer loop
      vertex 51.4991 10.6257 48
      vertex 52.5366 10.602 48
      vertex 52.5232 10.9379 48
    endloop
  endfacet
  facet normal 0 0 1
    outer loop
      vertex 51.4912 10.3875 48
      vertex 52.5366 10.602 48
      vertex 51.4991 10.6257 48
    endloop
  endfacet
  facet normal 0 0 1
    outer loop
      vertex 51.4914 10.861 48
      vertex 52.5232 10.9379 48
      vertex 52.4828 11.2521 48
    endloop
  endfacet
  facet normal 0 0 1
    outer loop
      vertex 52.5366 10.602 48
      vertex 51.4912 10.3875 48
      vertex 52.5233 10.2688 48
    endloop
  endfacet
  facet normal 0 0 1
    outer loop
      vertex 51.4914 10.861 48
      vertex 52.4828 11.2521 48
      vertex 52.4155 11.5446 48
    endloop
  endfacet
  facet normal 0 0 1
    outer loop
      vertex 51.4676 10.167 48
      vertex 52.5233 10.2688 48
      vertex 51.4912 10.3875 48
    endloop
  endfacet
  facet normal 0 0 1
    outer loop
      vertex 51.4914 10.861 48
      vertex 52.4155 11.5446 48
      vertex 52.3213 11.8154 48
    endloop
  endfacet
  facet normal 0 0 1
    outer loop
      vertex 52.5233 10.2688 48
      vertex 51.4676 10.167 48
      vertex 52.4832 9.95695 48
    endloop
  endfacet
  facet normal 0 0 1
    outer loop
      vertex 51.4914 10.861 48
      vertex 52.3213 11.8154 48
      vertex 52.2001 12.0644 48
    endloop
  endfacet
  facet normal -0 0 1
    outer loop
      vertex 51.4284 9.96403 48
      vertex 52.4832 9.95695 48
      vertex 51.4676 10.167 48
    endloop
  endfacet
  facet normal 0 0 1
    outer loop
      vertex 51.4914 10.861 48
      vertex 52.2001 12.0644 48
      vertex 52.0521 12.2917 48
    endloop
  endfacet
  facet normal 0 0 1
    outer loop
      vertex 52.4832 9.95695 48
      vertex 51.4284 9.96403 48
      vertex 52.4164 9.6665 48
    endloop
  endfacet
  facet normal 0 0 1
    outer loop
      vertex 51.4914 10.861 48
      vertex 52.0521 12.2917 48
      vertex 51.8771 12.4973 48
    endloop
  endfacet
  facet normal -0 0 1
    outer loop
      vertex 51.3734 9.77874 48
      vertex 52.4164 9.6665 48
      vertex 51.4284 9.96403 48
    endloop
  endfacet
  facet normal 0 0 1
    outer loop
      vertex 51.1244 11.9006 48
      vertex 51.8771 12.4973 48
      vertex 51.6797 12.6781 48
    endloop
  endfacet
  facet normal 0 0 1
    outer loop
      vertex 52.4164 9.6665 48
      vertex 51.3734 9.77874 48
      vertex 52.3229 9.39743 48
    endloop
  endfacet
  facet normal 0 0 1
    outer loop
      vertex 52.3229 9.39743 48
      vertex 51.3734 9.77874 48
      vertex 52.2027 9.14975 48
    endloop
  endfacet
  facet normal -0 0 1
    outer loop
      vertex 51.3027 9.61111 48
      vertex 52.2027 9.14975 48
      vertex 51.3734 9.77874 48
    endloop
  endfacet
  facet normal 0 0 1
    outer loop
      vertex 52.2027 9.14975 48
      vertex 51.3027 9.61111 48
      vertex 52.0558 8.92343 48
    endloop
  endfacet
  facet normal -0 0 1
    outer loop
      vertex 51.2163 9.46113 48
      vertex 52.0558 8.92343 48
      vertex 51.3027 9.61111 48
    endloop
  endfacet
  facet normal 0 0 1
    outer loop
      vertex 52.0558 8.92343 48
      vertex 51.2163 9.46113 48
      vertex 51.8822 8.71849 48
    endloop
  endfacet
  facet normal -0 0 1
    outer loop
      vertex 51.1142 9.32879 48
      vertex 51.8822 8.71849 48
      vertex 51.2163 9.46113 48
    endloop
  endfacet
  facet normal 0 0 1
    outer loop
      vertex 51.8822 8.71849 48
      vertex 51.1142 9.32879 48
      vertex 51.6862 8.53814 48
    endloop
  endfacet
  facet normal -0 0 1
    outer loop
      vertex 50.9999 9.21411 48
      vertex 51.6862 8.53814 48
      vertex 51.1142 9.32879 48
    endloop
  endfacet
  facet normal 0 0 1
    outer loop
      vertex 51.6862 8.53814 48
      vertex 50.9999 9.21411 48
      vertex 51.4723 8.38552 48
    endloop
  endfacet
  facet normal -0 0 1
    outer loop
      vertex 50.8767 9.11706 48
      vertex 51.4723 8.38552 48
      vertex 50.9999 9.21411 48
    endloop
  endfacet
  facet normal 0 0 1
    outer loop
      vertex 51.4723 8.38552 48
      vertex 50.8767 9.11706 48
      vertex 51.2403 8.26068 48
    endloop
  endfacet
  facet normal -0 0 1
    outer loop
      vertex 50.7448 9.03765 48
      vertex 51.2403 8.26068 48
      vertex 50.8767 9.11706 48
    endloop
  endfacet
  facet normal 0 0 1
    outer loop
      vertex 51.2403 8.26068 48
      vertex 50.7448 9.03765 48
      vertex 50.9904 8.16356 48
    endloop
  endfacet
  facet normal -0 0 1
    outer loop
      vertex 50.6041 8.9759 48
      vertex 50.9904 8.16356 48
      vertex 50.7448 9.03765 48
    endloop
  endfacet
  facet normal 0 0 1
    outer loop
      vertex 50.9904 8.16356 48
      vertex 50.6041 8.9759 48
      vertex 50.7225 8.09419 48
    endloop
  endfacet
  facet normal -0 0 1
    outer loop
      vertex 50.4546 8.93179 48
      vertex 50.7225 8.09419 48
      vertex 50.6041 8.9759 48
    endloop
  endfacet
  facet normal 0 0 1
    outer loop
      vertex 50.4546 8.93179 48
      vertex 50.4366 8.05256 48
      vertex 50.7225 8.09419 48
    endloop
  endfacet
  facet normal -0 0 1
    outer loop
      vertex 50.2963 8.90532 48
      vertex 50.4366 8.05256 48
      vertex 50.4546 8.93179 48
    endloop
  endfacet
  facet normal 0 0 1
    outer loop
      vertex 50.2963 8.90532 48
      vertex 50.1327 8.03869 48
      vertex 50.4366 8.05256 48
    endloop
  endfacet
  facet normal -0 0 1
    outer loop
      vertex 50.1293 8.8965 48
      vertex 50.1327 8.03869 48
      vertex 50.2963 8.90532 48
    endloop
  endfacet
  facet normal 0 0 1
    outer loop
      vertex 49.9621 8.90539 48
      vertex 50.1327 8.03869 48
      vertex 50.1293 8.8965 48
    endloop
  endfacet
  facet normal 0 0 1
    outer loop
      vertex 49.9621 8.90539 48
      vertex 49.8251 8.0525 48
      vertex 50.1327 8.03869 48
    endloop
  endfacet
  facet normal 0 0 1
    outer loop
      vertex 49.8035 8.93206 48
      vertex 49.8251 8.0525 48
      vertex 49.9621 8.90539 48
    endloop
  endfacet
  facet normal 0 0 1
    outer loop
      vertex 49.5362 8.09391 48
      vertex 49.8035 8.93206 48
      vertex 49.6535 8.97653 48
    endloop
  endfacet
  facet normal 0 0 1
    outer loop
      vertex 49.8035 8.93206 48
      vertex 49.5362 8.09391 48
      vertex 49.8251 8.0525 48
    endloop
  endfacet
  facet normal 0 0 1
    outer loop
      vertex 49.2658 8.16293 48
      vertex 49.6535 8.97653 48
      vertex 49.512 9.03877 48
    endloop
  endfacet
  facet normal 0 0 1
    outer loop
      vertex 49.0139 8.25956 48
      vertex 49.512 9.03877 48
      vertex 49.3791 9.11879 48
    endloop
  endfacet
  facet normal 0 0 1
    outer loop
      vertex 49.6535 8.97653 48
      vertex 49.2658 8.16293 48
      vertex 49.5362 8.09391 48
    endloop
  endfacet
  facet normal 0 0 1
    outer loop
      vertex 48.7805 8.3838 48
      vertex 49.3791 9.11879 48
      vertex 49.2549 9.21659 48
    endloop
  endfacet
  facet normal 0 0 1
    outer loop
      vertex 48.5658 8.53564 48
      vertex 49.2549 9.21659 48
      vertex 49.1392 9.3322 48
    endloop
  endfacet
  facet normal 0 0 1
    outer loop
      vertex 48.3695 8.7151 48
      vertex 49.1392 9.3322 48
      vertex 49.0357 9.46502 48
    endloop
  endfacet
  facet normal 0 0 1
    outer loop
      vertex 49.512 9.03877 48
      vertex 49.0139 8.25956 48
      vertex 49.2658 8.16293 48
    endloop
  endfacet
  facet normal 0 0 1
    outer loop
      vertex 48.1959 8.91877 48
      vertex 49.0357 9.46502 48
      vertex 48.9482 9.61451 48
    endloop
  endfacet
  facet normal 0 0 1
    outer loop
      vertex 47.9288 9.38862 48
      vertex 48.9482 9.61451 48
      vertex 48.8766 9.7807 48
    endloop
  endfacet
  facet normal 0 0 1
    outer loop
      vertex 47.8353 9.6548 48
      vertex 48.8766 9.7807 48
      vertex 48.8209 9.96354 48
    endloop
  endfacet
  facet normal 0 0 1
    outer loop
      vertex 47.7685 9.94178 48
      vertex 48.8209 9.96354 48
      vertex 48.7811 10.1631 48
    endloop
  endfacet
  facet normal 0 0 1
    outer loop
      vertex 49.3791 9.11879 48
      vertex 48.7805 8.3838 48
      vertex 49.0139 8.25956 48
    endloop
  endfacet
  facet normal -0 0 1
    outer loop
      vertex 47.7285 10.2496 48
      vertex 48.7811 10.1631 48
      vertex 48.7572 10.3793 48
    endloop
  endfacet
  facet normal -0 0 1
    outer loop
      vertex 47.7151 10.5782 48
      vertex 48.7572 10.3793 48
      vertex 48.7493 10.6121 48
    endloop
  endfacet
  facet normal 0 0 1
    outer loop
      vertex 49.0283 11.7651 48
      vertex 48.1764 12.2617 48
      vertex 48.943 11.617 48
    endloop
  endfacet
  facet normal -0 0 1
    outer loop
      vertex 48.1103 12.1643 48
      vertex 48.943 11.617 48
      vertex 48.1764 12.2617 48
    endloop
  endfacet
  facet normal 0 0 1
    outer loop
      vertex 47.7151 10.5782 48
      vertex 48.7493 10.6121 48
      vertex 47.7197 10.7902 48
    endloop
  endfacet
  facet normal -0 0 1
    outer loop
      vertex 48.0493 12.0638 48
      vertex 48.943 11.617 48
      vertex 48.1103 12.1643 48
    endloop
  endfacet
  facet normal -0 0 1
    outer loop
      vertex 47.9933 11.96 48
      vertex 48.943 11.617 48
      vertex 48.0493 12.0638 48
    endloop
  endfacet
  facet normal 0 0 1
    outer loop
      vertex 48.7572 10.3793 48
      vertex 47.7151 10.5782 48
      vertex 47.7285 10.2496 48
    endloop
  endfacet
  facet normal 0 0 1
    outer loop
      vertex 48.943 11.617 48
      vertex 47.9933 11.96 48
      vertex 48.8733 11.4514 48
    endloop
  endfacet
  facet normal -0 0 1
    outer loop
      vertex 47.9423 11.8531 48
      vertex 48.8733 11.4514 48
      vertex 47.9933 11.96 48
    endloop
  endfacet
  facet normal 0 0 1
    outer loop
      vertex 48.7811 10.1631 48
      vertex 47.7285 10.2496 48
      vertex 47.7685 9.94178 48
    endloop
  endfacet
  facet normal -0 0 1
    outer loop
      vertex 47.882 11.7009 48
      vertex 48.8733 11.4514 48
      vertex 47.9423 11.8531 48
    endloop
  endfacet
  facet normal 0 0 1
    outer loop
      vertex 48.8733 11.4514 48
      vertex 47.882 11.7009 48
      vertex 48.819 11.268 48
    endloop
  endfacet
  facet normal -0 0 1
    outer loop
      vertex 47.831 11.5387 48
      vertex 48.819 11.268 48
      vertex 47.882 11.7009 48
    endloop
  endfacet
  facet normal 0 0 1
    outer loop
      vertex 48.8209 9.96354 48
      vertex 47.7685 9.94178 48
      vertex 47.8353 9.6548 48
    endloop
  endfacet
  facet normal -0 0 1
    outer loop
      vertex 47.7893 11.3665 48
      vertex 48.819 11.268 48
      vertex 47.831 11.5387 48
    endloop
  endfacet
  facet normal 0 0 1
    outer loop
      vertex 48.819 11.268 48
      vertex 47.7893 11.3665 48
      vertex 48.7803 11.067 48
    endloop
  endfacet
  facet normal 0 0 1
    outer loop
      vertex 48.8766 9.7807 48
      vertex 47.8353 9.6548 48
      vertex 47.9288 9.38862 48
    endloop
  endfacet
  facet normal -0 0 1
    outer loop
      vertex 47.7568 11.1844 48
      vertex 48.7803 11.067 48
      vertex 47.7893 11.3665 48
    endloop
  endfacet
  facet normal 0 0 1
    outer loop
      vertex 49.2549 9.21659 48
      vertex 48.5658 8.53564 48
      vertex 48.7805 8.3838 48
    endloop
  endfacet
  facet normal 0 0 1
    outer loop
      vertex 47.7337 10.9923 48
      vertex 48.7803 11.067 48
      vertex 47.7568 11.1844 48
    endloop
  endfacet
  facet normal 0 0 1
    outer loop
      vertex 48.7803 11.067 48
      vertex 47.7337 10.9923 48
      vertex 48.757 10.8484 48
    endloop
  endfacet
  facet normal 0 0 1
    outer loop
      vertex 47.7197 10.7902 48
      vertex 48.757 10.8484 48
      vertex 47.7337 10.9923 48
    endloop
  endfacet
  facet normal 0 0 1
    outer loop
      vertex 48.757 10.8484 48
      vertex 47.7197 10.7902 48
      vertex 48.7493 10.6121 48
    endloop
  endfacet
  facet normal 0 0 1
    outer loop
      vertex 49.1392 9.3322 48
      vertex 48.3695 8.7151 48
      vertex 48.5658 8.53564 48
    endloop
  endfacet
  facet normal 0 0 1
    outer loop
      vertex 49.0357 9.46502 48
      vertex 48.1959 8.91877 48
      vertex 48.3695 8.7151 48
    endloop
  endfacet
  facet normal 0 0 1
    outer loop
      vertex 48.9482 9.61451 48
      vertex 47.9288 9.38862 48
      vertex 48.049 9.14329 48
    endloop
  endfacet
  facet normal 0 0 1
    outer loop
      vertex 48.9482 9.61451 48
      vertex 48.049 9.14329 48
      vertex 48.1959 8.91877 48
    endloop
  endfacet
  facet normal -0 0 1
    outer loop
      vertex 55.9639 11.6269 48
      vertex 57.0013 11.5649 48
      vertex 56.9954 11.73 48
    endloop
  endfacet
  facet normal 0 0 1
    outer loop
      vertex 57.0013 11.5649 48
      vertex 55.9671 11.5513 48
      vertex 56.9979 11.4371 48
    endloop
  endfacet
  facet normal 0 0 1
    outer loop
      vertex 55.9541 11.6986 48
      vertex 56.9954 11.73 48
      vertex 56.9777 11.8861 48
    endloop
  endfacet
  facet normal -0 0 1
    outer loop
      vertex 55.9648 11.4895 48
      vertex 56.9979 11.4371 48
      vertex 55.9671 11.5513 48
    endloop
  endfacet
  facet normal 0 0 1
    outer loop
      vertex 55.9541 11.6986 48
      vertex 56.9777 11.8861 48
      vertex 56.9483 12.0334 48
    endloop
  endfacet
  facet normal 0 0 1
    outer loop
      vertex 56.9979 11.4371 48
      vertex 55.9648 11.4895 48
      vertex 56.9877 11.3153 48
    endloop
  endfacet
  facet normal -0 0 1
    outer loop
      vertex 55.9578 11.4298 48
      vertex 56.9877 11.3153 48
      vertex 55.9648 11.4895 48
    endloop
  endfacet
  facet normal 0 0 1
    outer loop
      vertex 55.9378 11.7664 48
      vertex 56.9483 12.0334 48
      vertex 56.9071 12.1716 48
    endloop
  endfacet
  facet normal 0 0 1
    outer loop
      vertex 56.9877 11.3153 48
      vertex 55.9578 11.4298 48
      vertex 56.9707 11.1994 48
    endloop
  endfacet
  facet normal 0 0 1
    outer loop
      vertex 55.9151 11.8303 48
      vertex 56.9071 12.1716 48
      vertex 56.8542 12.301 48
    endloop
  endfacet
  facet normal -0 0 1
    outer loop
      vertex 55.9463 11.3724 48
      vertex 56.9707 11.1994 48
      vertex 55.9578 11.4298 48
    endloop
  endfacet
  facet normal 0 0 1
    outer loop
      vertex 55.8858 11.8904 48
      vertex 56.8542 12.301 48
      vertex 56.7895 12.4214 48
    endloop
  endfacet
  facet normal 0 0 1
    outer loop
      vertex 56.9707 11.1994 48
      vertex 55.9463 11.3724 48
      vertex 56.947 11.0894 48
    endloop
  endfacet
  facet normal -0 0 1
    outer loop
      vertex 55.93 11.3172 48
      vertex 56.947 11.0894 48
      vertex 55.9463 11.3724 48
    endloop
  endfacet
  facet normal 0 0 1
    outer loop
      vertex 55.8858 11.8904 48
      vertex 56.7895 12.4214 48
      vertex 56.713 12.5329 48
    endloop
  endfacet
  facet normal 0 0 1
    outer loop
      vertex 56.947 11.0894 48
      vertex 55.93 11.3172 48
      vertex 56.9165 10.9854 48
    endloop
  endfacet
  facet normal 0 0 1
    outer loop
      vertex 55.85 11.9466 48
      vertex 56.713 12.5329 48
      vertex 56.6278 12.6346 48
    endloop
  endfacet
  facet normal 0 0 1
    outer loop
      vertex 56.9165 10.9854 48
      vertex 55.93 11.3172 48
      vertex 56.8792 10.8873 48
    endloop
  endfacet
  facet normal -0 0 1
    outer loop
      vertex 55.9092 11.2642 48
      vertex 56.8792 10.8873 48
      vertex 55.93 11.3172 48
    endloop
  endfacet
  facet normal 0 0 1
    outer loop
      vertex 55.8077 11.9989 48
      vertex 56.6278 12.6346 48
      vertex 56.537 12.7256 48
    endloop
  endfacet
  facet normal 0 0 1
    outer loop
      vertex 56.8792 10.8873 48
      vertex 55.9092 11.2642 48
      vertex 56.8351 10.7952 48
    endloop
  endfacet
  facet normal 0 0 1
    outer loop
      vertex 55.8077 11.9989 48
      vertex 56.537 12.7256 48
      vertex 56.4405 12.8058 48
    endloop
  endfacet
  facet normal 0 0 1
    outer loop
      vertex 56.8351 10.7952 48
      vertex 55.9092 11.2642 48
      vertex 56.7858 10.7088 48
    endloop
  endfacet
  facet normal -0 0 1
    outer loop
      vertex 55.8836 11.2134 48
      vertex 56.7858 10.7088 48
      vertex 55.9092 11.2642 48
    endloop
  endfacet
  facet normal 0 0 1
    outer loop
      vertex 55.7605 12.0466 48
      vertex 56.4405 12.8058 48
      vertex 56.3382 12.8753 48
    endloop
  endfacet
  facet normal 0 0 1
    outer loop
      vertex 56.7858 10.7088 48
      vertex 55.8836 11.2134 48
      vertex 56.7328 10.6279 48
    endloop
  endfacet
  facet normal 0 0 1
    outer loop
      vertex 55.7097 12.0888 48
      vertex 56.3382 12.8753 48
      vertex 56.2304 12.9341 48
    endloop
  endfacet
  facet normal -0 0 1
    outer loop
      vertex 55.8535 11.1648 48
      vertex 56.7328 10.6279 48
      vertex 55.8836 11.2134 48
    endloop
  endfacet
  facet normal 0 0 1
    outer loop
      vertex 56.7328 10.6279 48
      vertex 55.8535 11.1648 48
      vertex 56.6762 10.5525 48
    endloop
  endfacet
  facet normal 0 0 1
    outer loop
      vertex 55.7097 12.0888 48
      vertex 56.2304 12.9341 48
      vertex 56.1168 12.9821 48
    endloop
  endfacet
  facet normal 0 0 1
    outer loop
      vertex 56.6762 10.5525 48
      vertex 55.8535 11.1648 48
      vertex 56.6159 10.4825 48
    endloop
  endfacet
  facet normal 0 0 1
    outer loop
      vertex 55.6556 12.1257 48
      vertex 56.1168 12.9821 48
      vertex 55.9976 13.0195 48
    endloop
  endfacet
  facet normal -0 0 1
    outer loop
      vertex 55.8193 11.1192 48
      vertex 56.6159 10.4825 48
      vertex 55.8535 11.1648 48
    endloop
  endfacet
  facet normal 0 0 1
    outer loop
      vertex 56.6159 10.4825 48
      vertex 55.8193 11.1192 48
      vertex 56.5519 10.418 48
    endloop
  endfacet
  facet normal 0 0 1
    outer loop
      vertex 57.0013 11.5649 48
      vertex 55.9639 11.6269 48
      vertex 55.9671 11.5513 48
    endloop
  endfacet
  facet normal 0 0 1
    outer loop
      vertex 56.9954 11.73 48
      vertex 55.9541 11.6986 48
      vertex 55.9639 11.6269 48
    endloop
  endfacet
  facet normal 0 0 1
    outer loop
      vertex 56.9483 12.0334 48
      vertex 55.9378 11.7664 48
      vertex 55.9541 11.6986 48
    endloop
  endfacet
  facet normal 0 0 1
    outer loop
      vertex 56.9071 12.1716 48
      vertex 55.9151 11.8303 48
      vertex 55.9378 11.7664 48
    endloop
  endfacet
  facet normal 0 0 1
    outer loop
      vertex 55.5979 12.1572 48
      vertex 55.9976 13.0195 48
      vertex 55.9052 13.0393 48
    endloop
  endfacet
  facet normal 0 0 1
    outer loop
      vertex 56.8542 12.301 48
      vertex 55.8858 11.8904 48
      vertex 55.9151 11.8303 48
    endloop
  endfacet
  facet normal 0 0 1
    outer loop
      vertex 56.713 12.5329 48
      vertex 55.85 11.9466 48
      vertex 55.8858 11.8904 48
    endloop
  endfacet
  facet normal 0 0 1
    outer loop
      vertex 56.6278 12.6346 48
      vertex 55.8077 11.9989 48
      vertex 55.85 11.9466 48
    endloop
  endfacet
  facet normal 0 0 1
    outer loop
      vertex 55.5979 12.1572 48
      vertex 55.9052 13.0393 48
      vertex 55.7867 13.056 48
    endloop
  endfacet
  facet normal 0 0 1
    outer loop
      vertex 56.4405 12.8058 48
      vertex 55.7605 12.0466 48
      vertex 55.8077 11.9989 48
    endloop
  endfacet
  facet normal 0 0 1
    outer loop
      vertex 56.3382 12.8753 48
      vertex 55.7097 12.0888 48
      vertex 55.7605 12.0466 48
    endloop
  endfacet
  facet normal 0 0 1
    outer loop
      vertex 56.1168 12.9821 48
      vertex 55.6556 12.1257 48
      vertex 55.7097 12.0888 48
    endloop
  endfacet
  facet normal 0 0 1
    outer loop
      vertex 55.5368 12.1833 48
      vertex 55.7867 13.056 48
      vertex 55.6422 13.0697 48
    endloop
  endfacet
  facet normal 0 0 1
    outer loop
      vertex 55.9976 13.0195 48
      vertex 55.5979 12.1572 48
      vertex 55.6556 12.1257 48
    endloop
  endfacet
  facet normal 0 0 1
    outer loop
      vertex 55.7867 13.056 48
      vertex 55.5368 12.1833 48
      vertex 55.5979 12.1572 48
    endloop
  endfacet
  facet normal 0 0 1
    outer loop
      vertex 55.6422 13.0697 48
      vertex 55.4723 12.204 48
      vertex 55.5368 12.1833 48
    endloop
  endfacet
  facet normal 0 0 1
    outer loop
      vertex 55.4043 12.2193 48
      vertex 55.6422 13.0697 48
      vertex 55.4717 13.0804 48
    endloop
  endfacet
  facet normal 0 0 1
    outer loop
      vertex 55.6422 13.0697 48
      vertex 55.4043 12.2193 48
      vertex 55.4723 12.204 48
    endloop
  endfacet
  facet normal 0 0 1
    outer loop
      vertex 55.4717 13.0804 48
      vertex 55.3455 12.2283 48
      vertex 55.4043 12.2193 48
    endloop
  endfacet
  facet normal 0 0 1
    outer loop
      vertex 55.2752 13.088 48
      vertex 55.3455 12.2283 48
      vertex 55.4717 13.0804 48
    endloop
  endfacet
  facet normal 0 0 1
    outer loop
      vertex 55.2752 13.088 48
      vertex 55.272 12.2359 48
      vertex 55.3455 12.2283 48
    endloop
  endfacet
  facet normal 0 0 1
    outer loop
      vertex 55.2752 13.088 48
      vertex 55.1836 12.2422 48
      vertex 55.272 12.2359 48
    endloop
  endfacet
  facet normal 0 0 1
    outer loop
      vertex 55.2752 13.088 48
      vertex 55.0804 12.247 48
      vertex 55.1836 12.2422 48
    endloop
  endfacet
  facet normal 0 0 1
    outer loop
      vertex 55.0527 13.0926 48
      vertex 55.0804 12.247 48
      vertex 55.2752 13.088 48
    endloop
  endfacet
  facet normal 0 0 1
    outer loop
      vertex 55.0527 13.0926 48
      vertex 54.9624 12.2505 48
      vertex 55.0804 12.247 48
    endloop
  endfacet
  facet normal 0 0 1
    outer loop
      vertex 54.8041 13.0941 48
      vertex 54.9624 12.2505 48
      vertex 55.0527 13.0926 48
    endloop
  endfacet
  facet normal 0 0 1
    outer loop
      vertex 54.9624 12.2505 48
      vertex 54.8041 13.0941 48
      vertex 54.8297 12.2525 48
    endloop
  endfacet
  facet normal 0 0 1
    outer loop
      vertex 54.8041 13.0941 48
      vertex 54.6821 12.2532 48
      vertex 54.8297 12.2525 48
    endloop
  endfacet
  facet normal 0 0 1
    outer loop
      vertex 54.8041 13.0941 48
      vertex 54.1972 12.2532 48
      vertex 54.6821 12.2532 48
    endloop
  endfacet
  facet normal 0 0 1
    outer loop
      vertex 53.1936 13.0941 48
      vertex 54.1972 10.8427 48
      vertex 54.1972 12.2532 48
    endloop
  endfacet
  facet normal 0 0 1
    outer loop
      vertex 53.1936 8.12344 48
      vertex 54.1972 10.8427 48
      vertex 53.1936 13.0941 48
    endloop
  endfacet
  facet normal -0 0 1
    outer loop
      vertex 53.1936 13.0941 48
      vertex 54.1972 12.2532 48
      vertex 54.8041 13.0941 48
    endloop
  endfacet
  facet normal 0 0 1
    outer loop
      vertex 54.1972 10.8427 48
      vertex 53.1936 8.12344 48
      vertex 54.1972 9.99844 48
    endloop
  endfacet
  facet normal 0 0 1
    outer loop
      vertex 54.1972 9.99844 48
      vertex 53.1936 8.12344 48
      vertex 54.1972 8.12344 48
    endloop
  endfacet
  facet normal 0 0 1
    outer loop
      vertex 56.5519 10.418 48
      vertex 55.8193 11.1192 48
      vertex 56.4843 10.3589 48
    endloop
  endfacet
  facet normal -0 0 1
    outer loop
      vertex 55.7815 11.0771 48
      vertex 56.4843 10.3589 48
      vertex 55.8193 11.1192 48
    endloop
  endfacet
  facet normal 0 0 1
    outer loop
      vertex 56.4843 10.3589 48
      vertex 55.7815 11.0771 48
      vertex 56.413 10.3053 48
    endloop
  endfacet
  facet normal 0 0 1
    outer loop
      vertex 56.413 10.3053 48
      vertex 55.7815 11.0771 48
      vertex 56.3396 10.2569 48
    endloop
  endfacet
  facet normal -0 0 1
    outer loop
      vertex 55.7403 11.0386 48
      vertex 56.3396 10.2569 48
      vertex 55.7815 11.0771 48
    endloop
  endfacet
  facet normal 0 0 1
    outer loop
      vertex 56.3396 10.2569 48
      vertex 55.7403 11.0386 48
      vertex 56.266 10.2134 48
    endloop
  endfacet
  facet normal -0 0 1
    outer loop
      vertex 55.6955 11.0037 48
      vertex 56.266 10.2134 48
      vertex 55.7403 11.0386 48
    endloop
  endfacet
  facet normal 0 0 1
    outer loop
      vertex 56.266 10.2134 48
      vertex 55.6955 11.0037 48
      vertex 56.192 10.1748 48
    endloop
  endfacet
  facet normal 0 0 1
    outer loop
      vertex 56.192 10.1748 48
      vertex 55.6955 11.0037 48
      vertex 56.1176 10.1412 48
    endloop
  endfacet
  facet normal -0 0 1
    outer loop
      vertex 55.6471 10.9725 48
      vertex 56.1176 10.1412 48
      vertex 55.6955 11.0037 48
    endloop
  endfacet
  facet normal 0 0 1
    outer loop
      vertex 56.1176 10.1412 48
      vertex 55.6471 10.9725 48
      vertex 56.0429 10.1124 48
    endloop
  endfacet
  facet normal 0 0 1
    outer loop
      vertex 56.0429 10.1124 48
      vertex 55.6471 10.9725 48
      vertex 55.9679 10.0886 48
    endloop
  endfacet
  facet normal -0 0 1
    outer loop
      vertex 55.5953 10.9448 48
      vertex 55.9679 10.0886 48
      vertex 55.6471 10.9725 48
    endloop
  endfacet
  facet normal 0 0 1
    outer loop
      vertex 55.9679 10.0886 48
      vertex 55.5953 10.9448 48
      vertex 55.8925 10.0696 48
    endloop
  endfacet
  facet normal 0 0 1
    outer loop
      vertex 55.8925 10.0696 48
      vertex 55.5953 10.9448 48
      vertex 55.7833 10.0508 48
    endloop
  endfacet
  facet normal -0 0 1
    outer loop
      vertex 55.5399 10.9207 48
      vertex 55.7833 10.0508 48
      vertex 55.5953 10.9448 48
    endloop
  endfacet
  facet normal 0 0 1
    outer loop
      vertex 55.7833 10.0508 48
      vertex 55.5399 10.9207 48
      vertex 55.6608 10.0348 48
    endloop
  endfacet
  facet normal -0 0 1
    outer loop
      vertex 55.4747 10.9 48
      vertex 55.6608 10.0348 48
      vertex 55.5399 10.9207 48
    endloop
  endfacet
  facet normal 0 0 1
    outer loop
      vertex 55.6608 10.0348 48
      vertex 55.4747 10.9 48
      vertex 55.5253 10.0217 48
    endloop
  endfacet
  facet normal -0 0 1
    outer loop
      vertex 55.3934 10.8825 48
      vertex 55.5253 10.0217 48
      vertex 55.4747 10.9 48
    endloop
  endfacet
  facet normal 0 0 1
    outer loop
      vertex 55.3934 10.8825 48
      vertex 55.3766 10.0115 48
      vertex 55.5253 10.0217 48
    endloop
  endfacet
  facet normal -0 0 1
    outer loop
      vertex 55.2962 10.8682 48
      vertex 55.3766 10.0115 48
      vertex 55.3934 10.8825 48
    endloop
  endfacet
  facet normal -0 0 1
    outer loop
      vertex 55.1828 10.8571 48
      vertex 55.3766 10.0115 48
      vertex 55.2962 10.8682 48
    endloop
  endfacet
  facet normal 0 0 1
    outer loop
      vertex 55.3766 10.0115 48
      vertex 55.1828 10.8571 48
      vertex 55.2147 10.0043 48
    endloop
  endfacet
  facet normal -0 0 1
    outer loop
      vertex 55.0534 10.8491 48
      vertex 55.2147 10.0043 48
      vertex 55.1828 10.8571 48
    endloop
  endfacet
  facet normal 0 0 1
    outer loop
      vertex 55.0534 10.8491 48
      vertex 55.0397 9.9999 48
      vertex 55.2147 10.0043 48
    endloop
  endfacet
  facet normal -0 0 1
    outer loop
      vertex 54.908 10.8443 48
      vertex 55.0397 9.9999 48
      vertex 55.0534 10.8491 48
    endloop
  endfacet
  facet normal 0 0 1
    outer loop
      vertex 54.908 10.8443 48
      vertex 54.8516 9.99844 48
      vertex 55.0397 9.9999 48
    endloop
  endfacet
  facet normal -0 0 1
    outer loop
      vertex 54.7465 10.8427 48
      vertex 54.8516 9.99844 48
      vertex 54.908 10.8443 48
    endloop
  endfacet
  facet normal 0 0 1
    outer loop
      vertex 54.1972 9.99844 48
      vertex 54.7465 10.8427 48
      vertex 54.1972 10.8427 48
    endloop
  endfacet
  facet normal 0 0 1
    outer loop
      vertex 54.7465 10.8427 48
      vertex 54.1972 9.99844 48
      vertex 54.8516 9.99844 48
    endloop
  endfacet
  facet normal 0 0 1
    outer loop
      vertex 67.219 10.9379 48
      vertex 66.1872 10.861 48
      vertex 66.1949 10.6257 48
    endloop
  endfacet
  facet normal 0 0 1
    outer loop
      vertex 66.5729 12.4973 48
      vertex 66.1643 11.0785 48
      vertex 66.1872 10.861 48
    endloop
  endfacet
  facet normal 0 0 1
    outer loop
      vertex 65.7082 12.0121 48
      vertex 66.3756 12.6781 48
      vertex 66.1603 12.8311 48
    endloop
  endfacet
  facet normal 0 0 1
    outer loop
      vertex 66.5729 12.4973 48
      vertex 66.1261 11.2784 48
      vertex 66.1643 11.0785 48
    endloop
  endfacet
  facet normal 0 0 1
    outer loop
      vertex 66.5729 12.4973 48
      vertex 66.0726 11.4605 48
      vertex 66.1261 11.2784 48
    endloop
  endfacet
  facet normal 0 0 1
    outer loop
      vertex 66.5729 12.4973 48
      vertex 66.0037 11.6249 48
      vertex 66.0726 11.4605 48
    endloop
  endfacet
  facet normal 0 0 1
    outer loop
      vertex 65.5861 12.1065 48
      vertex 66.1603 12.8311 48
      vertex 65.927 12.9563 48
    endloop
  endfacet
  facet normal 0 0 1
    outer loop
      vertex 66.5729 12.4973 48
      vertex 65.9196 11.7716 48
      vertex 66.0037 11.6249 48
    endloop
  endfacet
  facet normal 0 0 1
    outer loop
      vertex 66.5729 12.4973 48
      vertex 65.8202 11.9006 48
      vertex 65.9196 11.7716 48
    endloop
  endfacet
  facet normal 0 0 1
    outer loop
      vertex 66.3756 12.6781 48
      vertex 65.7082 12.0121 48
      vertex 65.8202 11.9006 48
    endloop
  endfacet
  facet normal 0 0 1
    outer loop
      vertex 65.454 12.1837 48
      vertex 65.927 12.9563 48
      vertex 65.6759 13.0537 48
    endloop
  endfacet
  facet normal 0 0 1
    outer loop
      vertex 66.1603 12.8311 48
      vertex 65.5861 12.1065 48
      vertex 65.7082 12.0121 48
    endloop
  endfacet
  facet normal 0 0 1
    outer loop
      vertex 65.927 12.9563 48
      vertex 65.454 12.1837 48
      vertex 65.5861 12.1065 48
    endloop
  endfacet
  facet normal 0 0 1
    outer loop
      vertex 65.3118 12.2438 48
      vertex 65.6759 13.0537 48
      vertex 65.4068 13.1232 48
    endloop
  endfacet
  facet normal 0 0 1
    outer loop
      vertex 65.6759 13.0537 48
      vertex 65.3118 12.2438 48
      vertex 65.454 12.1837 48
    endloop
  endfacet
  facet normal 0 0 1
    outer loop
      vertex 65.4068 13.1232 48
      vertex 65.1596 12.2867 48
      vertex 65.3118 12.2438 48
    endloop
  endfacet
  facet normal 0 0 1
    outer loop
      vertex 65.1198 13.1649 48
      vertex 65.1596 12.2867 48
      vertex 65.4068 13.1232 48
    endloop
  endfacet
  facet normal 0 0 1
    outer loop
      vertex 65.1198 13.1649 48
      vertex 64.9974 12.3125 48
      vertex 65.1596 12.2867 48
    endloop
  endfacet
  facet normal 0 0 1
    outer loop
      vertex 64.8149 13.1788 48
      vertex 64.9974 12.3125 48
      vertex 65.1198 13.1649 48
    endloop
  endfacet
  facet normal 0 0 1
    outer loop
      vertex 64.9974 12.3125 48
      vertex 64.8149 13.1788 48
      vertex 64.8251 12.321 48
    endloop
  endfacet
  facet normal -0 0 1
    outer loop
      vertex 64.6444 13.1748 48
      vertex 64.8251 12.321 48
      vertex 64.8149 13.1788 48
    endloop
  endfacet
  facet normal 0 0 1
    outer loop
      vertex 64.8251 12.321 48
      vertex 64.6444 13.1748 48
      vertex 64.6527 12.3123 48
    endloop
  endfacet
  facet normal -0 0 1
    outer loop
      vertex 64.4797 13.1628 48
      vertex 64.6527 12.3123 48
      vertex 64.6444 13.1748 48
    endloop
  endfacet
  facet normal 0 0 1
    outer loop
      vertex 64.6527 12.3123 48
      vertex 64.4797 13.1628 48
      vertex 64.4902 12.2863 48
    endloop
  endfacet
  facet normal -0 0 1
    outer loop
      vertex 64.3209 13.1427 48
      vertex 64.4902 12.2863 48
      vertex 64.4797 13.1628 48
    endloop
  endfacet
  facet normal -0 0 1
    outer loop
      vertex 64.1678 13.1146 48
      vertex 64.4902 12.2863 48
      vertex 64.3209 13.1427 48
    endloop
  endfacet
  facet normal 0 0 1
    outer loop
      vertex 64.4902 12.2863 48
      vertex 64.1678 13.1146 48
      vertex 64.3375 12.2429 48
    endloop
  endfacet
  facet normal -0 0 1
    outer loop
      vertex 64.0205 13.0785 48
      vertex 64.3375 12.2429 48
      vertex 64.1678 13.1146 48
    endloop
  endfacet
  facet normal 0 0 1
    outer loop
      vertex 64.3375 12.2429 48
      vertex 64.0205 13.0785 48
      vertex 64.1946 12.1821 48
    endloop
  endfacet
  facet normal -0 0 1
    outer loop
      vertex 63.8791 13.0344 48
      vertex 64.1946 12.1821 48
      vertex 64.0205 13.0785 48
    endloop
  endfacet
  facet normal -0 0 1
    outer loop
      vertex 63.7435 12.9822 48
      vertex 64.1946 12.1821 48
      vertex 63.8791 13.0344 48
    endloop
  endfacet
  facet normal 0 0 1
    outer loop
      vertex 64.1946 12.1821 48
      vertex 63.7435 12.9822 48
      vertex 64.0615 12.1039 48
    endloop
  endfacet
  facet normal -0 0 1
    outer loop
      vertex 63.6448 12.9373 48
      vertex 64.0615 12.1039 48
      vertex 63.7435 12.9822 48
    endloop
  endfacet
  facet normal -0 0 1
    outer loop
      vertex 63.5485 12.8861 48
      vertex 64.0615 12.1039 48
      vertex 63.6448 12.9373 48
    endloop
  endfacet
  facet normal -0 0 1
    outer loop
      vertex 63.4544 12.8286 48
      vertex 64.0615 12.1039 48
      vertex 63.5485 12.8861 48
    endloop
  endfacet
  facet normal 0 0 1
    outer loop
      vertex 64.0615 12.1039 48
      vertex 63.4544 12.8286 48
      vertex 63.9383 12.0084 48
    endloop
  endfacet
  facet normal -0 0 1
    outer loop
      vertex 63.3626 12.7646 48
      vertex 63.9383 12.0084 48
      vertex 63.4544 12.8286 48
    endloop
  endfacet
  facet normal -0 0 1
    outer loop
      vertex 63.2731 12.6943 48
      vertex 63.9383 12.0084 48
      vertex 63.3626 12.7646 48
    endloop
  endfacet
  facet normal 0 0 1
    outer loop
      vertex 63.9383 12.0084 48
      vertex 63.2731 12.6943 48
      vertex 63.8249 11.8955 48
    endloop
  endfacet
  facet normal -0 0 1
    outer loop
      vertex 63.1859 12.6177 48
      vertex 63.8249 11.8955 48
      vertex 63.2731 12.6943 48
    endloop
  endfacet
  facet normal -0 0 1
    outer loop
      vertex 63.1009 12.5346 48
      vertex 63.8249 11.8955 48
      vertex 63.1859 12.6177 48
    endloop
  endfacet
  facet normal -0 0 1
    outer loop
      vertex 63.0197 12.4468 48
      vertex 63.8249 11.8955 48
      vertex 63.1009 12.5346 48
    endloop
  endfacet
  facet normal 0 0 1
    outer loop
      vertex 63.8249 11.8955 48
      vertex 63.0197 12.4468 48
      vertex 63.7241 11.7651 48
    endloop
  endfacet
  facet normal -0 0 1
    outer loop
      vertex 62.9435 12.3558 48
      vertex 63.7241 11.7651 48
      vertex 63.0197 12.4468 48
    endloop
  endfacet
  facet normal -0 0 1
    outer loop
      vertex 62.8723 12.2617 48
      vertex 63.7241 11.7651 48
      vertex 62.9435 12.3558 48
    endloop
  endfacet
  facet normal -0 0 1
    outer loop
      vertex 66.1949 10.6257 48
      vertex 67.2324 10.602 48
      vertex 67.219 10.9379 48
    endloop
  endfacet
  facet normal 0 0 1
    outer loop
      vertex 66.187 10.3875 48
      vertex 67.2324 10.602 48
      vertex 66.1949 10.6257 48
    endloop
  endfacet
  facet normal 0 0 1
    outer loop
      vertex 66.1872 10.861 48
      vertex 67.219 10.9379 48
      vertex 67.1786 11.2521 48
    endloop
  endfacet
  facet normal 0 0 1
    outer loop
      vertex 67.2324 10.602 48
      vertex 66.187 10.3875 48
      vertex 67.2191 10.2688 48
    endloop
  endfacet
  facet normal 0 0 1
    outer loop
      vertex 66.1872 10.861 48
      vertex 67.1786 11.2521 48
      vertex 67.1113 11.5446 48
    endloop
  endfacet
  facet normal 0 0 1
    outer loop
      vertex 66.1635 10.167 48
      vertex 67.2191 10.2688 48
      vertex 66.187 10.3875 48
    endloop
  endfacet
  facet normal 0 0 1
    outer loop
      vertex 66.1872 10.861 48
      vertex 67.1113 11.5446 48
      vertex 67.0171 11.8154 48
    endloop
  endfacet
  facet normal 0 0 1
    outer loop
      vertex 67.2191 10.2688 48
      vertex 66.1635 10.167 48
      vertex 67.179 9.95695 48
    endloop
  endfacet
  facet normal 0 0 1
    outer loop
      vertex 66.1872 10.861 48
      vertex 67.0171 11.8154 48
      vertex 66.896 12.0644 48
    endloop
  endfacet
  facet normal -0 0 1
    outer loop
      vertex 66.1242 9.96403 48
      vertex 67.179 9.95695 48
      vertex 66.1635 10.167 48
    endloop
  endfacet
  facet normal 0 0 1
    outer loop
      vertex 66.1872 10.861 48
      vertex 66.896 12.0644 48
      vertex 66.7479 12.2917 48
    endloop
  endfacet
  facet normal 0 0 1
    outer loop
      vertex 67.179 9.95695 48
      vertex 66.1242 9.96403 48
      vertex 67.1123 9.6665 48
    endloop
  endfacet
  facet normal 0 0 1
    outer loop
      vertex 66.1872 10.861 48
      vertex 66.7479 12.2917 48
      vertex 66.5729 12.4973 48
    endloop
  endfacet
  facet normal -0 0 1
    outer loop
      vertex 66.0692 9.77874 48
      vertex 67.1123 9.6665 48
      vertex 66.1242 9.96403 48
    endloop
  endfacet
  facet normal 0 0 1
    outer loop
      vertex 65.8202 11.9006 48
      vertex 66.5729 12.4973 48
      vertex 66.3756 12.6781 48
    endloop
  endfacet
  facet normal 0 0 1
    outer loop
      vertex 67.1123 9.6665 48
      vertex 66.0692 9.77874 48
      vertex 67.0188 9.39743 48
    endloop
  endfacet
  facet normal 0 0 1
    outer loop
      vertex 67.0188 9.39743 48
      vertex 66.0692 9.77874 48
      vertex 66.8986 9.14975 48
    endloop
  endfacet
  facet normal -0 0 1
    outer loop
      vertex 65.9985 9.61111 48
      vertex 66.8986 9.14975 48
      vertex 66.0692 9.77874 48
    endloop
  endfacet
  facet normal 0 0 1
    outer loop
      vertex 66.8986 9.14975 48
      vertex 65.9985 9.61111 48
      vertex 66.7517 8.92343 48
    endloop
  endfacet
  facet normal -0 0 1
    outer loop
      vertex 65.9121 9.46113 48
      vertex 66.7517 8.92343 48
      vertex 65.9985 9.61111 48
    endloop
  endfacet
  facet normal 0 0 1
    outer loop
      vertex 66.7517 8.92343 48
      vertex 65.9121 9.46113 48
      vertex 66.578 8.71849 48
    endloop
  endfacet
  facet normal -0 0 1
    outer loop
      vertex 65.8101 9.32879 48
      vertex 66.578 8.71849 48
      vertex 65.9121 9.46113 48
    endloop
  endfacet
  facet normal 0 0 1
    outer loop
      vertex 66.578 8.71849 48
      vertex 65.8101 9.32879 48
      vertex 66.3821 8.53814 48
    endloop
  endfacet
  facet normal -0 0 1
    outer loop
      vertex 65.6957 9.21411 48
      vertex 66.3821 8.53814 48
      vertex 65.8101 9.32879 48
    endloop
  endfacet
  facet normal 0 0 1
    outer loop
      vertex 66.3821 8.53814 48
      vertex 65.6957 9.21411 48
      vertex 66.1681 8.38552 48
    endloop
  endfacet
  facet normal -0 0 1
    outer loop
      vertex 65.5726 9.11706 48
      vertex 66.1681 8.38552 48
      vertex 65.6957 9.21411 48
    endloop
  endfacet
  facet normal 0 0 1
    outer loop
      vertex 66.1681 8.38552 48
      vertex 65.5726 9.11706 48
      vertex 65.9362 8.26068 48
    endloop
  endfacet
  facet normal -0 0 1
    outer loop
      vertex 65.4407 9.03765 48
      vertex 65.9362 8.26068 48
      vertex 65.5726 9.11706 48
    endloop
  endfacet
  facet normal 0 0 1
    outer loop
      vertex 65.9362 8.26068 48
      vertex 65.4407 9.03765 48
      vertex 65.6862 8.16356 48
    endloop
  endfacet
  facet normal -0 0 1
    outer loop
      vertex 65.2999 8.9759 48
      vertex 65.6862 8.16356 48
      vertex 65.4407 9.03765 48
    endloop
  endfacet
  facet normal 0 0 1
    outer loop
      vertex 65.6862 8.16356 48
      vertex 65.2999 8.9759 48
      vertex 65.4183 8.09419 48
    endloop
  endfacet
  facet normal -0 0 1
    outer loop
      vertex 65.1505 8.93179 48
      vertex 65.4183 8.09419 48
      vertex 65.2999 8.9759 48
    endloop
  endfacet
  facet normal 0 0 1
    outer loop
      vertex 65.1505 8.93179 48
      vertex 65.1324 8.05256 48
      vertex 65.4183 8.09419 48
    endloop
  endfacet
  facet normal -0 0 1
    outer loop
      vertex 64.9922 8.90532 48
      vertex 65.1324 8.05256 48
      vertex 65.1505 8.93179 48
    endloop
  endfacet
  facet normal 0 0 1
    outer loop
      vertex 64.9922 8.90532 48
      vertex 64.8285 8.03869 48
      vertex 65.1324 8.05256 48
    endloop
  endfacet
  facet normal -0 0 1
    outer loop
      vertex 64.8251 8.8965 48
      vertex 64.8285 8.03869 48
      vertex 64.9922 8.90532 48
    endloop
  endfacet
  facet normal 0 0 1
    outer loop
      vertex 64.6579 8.90539 48
      vertex 64.8285 8.03869 48
      vertex 64.8251 8.8965 48
    endloop
  endfacet
  facet normal 0 0 1
    outer loop
      vertex 64.6579 8.90539 48
      vertex 64.521 8.0525 48
      vertex 64.8285 8.03869 48
    endloop
  endfacet
  facet normal 0 0 1
    outer loop
      vertex 64.4993 8.93206 48
      vertex 64.521 8.0525 48
      vertex 64.6579 8.90539 48
    endloop
  endfacet
  facet normal 0 0 1
    outer loop
      vertex 64.232 8.09391 48
      vertex 64.4993 8.93206 48
      vertex 64.3493 8.97653 48
    endloop
  endfacet
  facet normal 0 0 1
    outer loop
      vertex 64.4993 8.93206 48
      vertex 64.232 8.09391 48
      vertex 64.521 8.0525 48
    endloop
  endfacet
  facet normal 0 0 1
    outer loop
      vertex 63.9616 8.16293 48
      vertex 64.3493 8.97653 48
      vertex 64.2078 9.03877 48
    endloop
  endfacet
  facet normal 0 0 1
    outer loop
      vertex 63.7097 8.25956 48
      vertex 64.2078 9.03877 48
      vertex 64.075 9.11879 48
    endloop
  endfacet
  facet normal 0 0 1
    outer loop
      vertex 64.3493 8.97653 48
      vertex 63.9616 8.16293 48
      vertex 64.232 8.09391 48
    endloop
  endfacet
  facet normal 0 0 1
    outer loop
      vertex 63.4764 8.3838 48
      vertex 64.075 9.11879 48
      vertex 63.9507 9.21659 48
    endloop
  endfacet
  facet normal 0 0 1
    outer loop
      vertex 63.2616 8.53564 48
      vertex 63.9507 9.21659 48
      vertex 63.835 9.3322 48
    endloop
  endfacet
  facet normal 0 0 1
    outer loop
      vertex 63.0653 8.7151 48
      vertex 63.835 9.3322 48
      vertex 63.7315 9.46502 48
    endloop
  endfacet
  facet normal 0 0 1
    outer loop
      vertex 64.2078 9.03877 48
      vertex 63.7097 8.25956 48
      vertex 63.9616 8.16293 48
    endloop
  endfacet
  facet normal 0 0 1
    outer loop
      vertex 62.8917 8.91877 48
      vertex 63.7315 9.46502 48
      vertex 63.644 9.61451 48
    endloop
  endfacet
  facet normal 0 0 1
    outer loop
      vertex 62.6246 9.38862 48
      vertex 63.644 9.61451 48
      vertex 63.5724 9.7807 48
    endloop
  endfacet
  facet normal 0 0 1
    outer loop
      vertex 62.5311 9.6548 48
      vertex 63.5724 9.7807 48
      vertex 63.5167 9.96354 48
    endloop
  endfacet
  facet normal 0 0 1
    outer loop
      vertex 62.4644 9.94178 48
      vertex 63.5167 9.96354 48
      vertex 63.4769 10.1631 48
    endloop
  endfacet
  facet normal 0 0 1
    outer loop
      vertex 64.075 9.11879 48
      vertex 63.4764 8.3838 48
      vertex 63.7097 8.25956 48
    endloop
  endfacet
  facet normal -0 0 1
    outer loop
      vertex 62.4243 10.2496 48
      vertex 63.4769 10.1631 48
      vertex 63.4531 10.3793 48
    endloop
  endfacet
  facet normal -0 0 1
    outer loop
      vertex 62.4109 10.5782 48
      vertex 63.4531 10.3793 48
      vertex 63.4451 10.6121 48
    endloop
  endfacet
  facet normal 0 0 1
    outer loop
      vertex 63.7241 11.7651 48
      vertex 62.8723 12.2617 48
      vertex 63.6388 11.617 48
    endloop
  endfacet
  facet normal -0 0 1
    outer loop
      vertex 62.8062 12.1643 48
      vertex 63.6388 11.617 48
      vertex 62.8723 12.2617 48
    endloop
  endfacet
  facet normal 0 0 1
    outer loop
      vertex 62.4109 10.5782 48
      vertex 63.4451 10.6121 48
      vertex 62.4156 10.7902 48
    endloop
  endfacet
  facet normal -0 0 1
    outer loop
      vertex 62.7451 12.0638 48
      vertex 63.6388 11.617 48
      vertex 62.8062 12.1643 48
    endloop
  endfacet
  facet normal -0 0 1
    outer loop
      vertex 62.6891 11.96 48
      vertex 63.6388 11.617 48
      vertex 62.7451 12.0638 48
    endloop
  endfacet
  facet normal 0 0 1
    outer loop
      vertex 63.4531 10.3793 48
      vertex 62.4109 10.5782 48
      vertex 62.4243 10.2496 48
    endloop
  endfacet
  facet normal 0 0 1
    outer loop
      vertex 63.6388 11.617 48
      vertex 62.6891 11.96 48
      vertex 63.5691 11.4514 48
    endloop
  endfacet
  facet normal -0 0 1
    outer loop
      vertex 62.6381 11.8531 48
      vertex 63.5691 11.4514 48
      vertex 62.6891 11.96 48
    endloop
  endfacet
  facet normal 0 0 1
    outer loop
      vertex 63.4769 10.1631 48
      vertex 62.4243 10.2496 48
      vertex 62.4644 9.94178 48
    endloop
  endfacet
  facet normal -0 0 1
    outer loop
      vertex 62.5779 11.7009 48
      vertex 63.5691 11.4514 48
      vertex 62.6381 11.8531 48
    endloop
  endfacet
  facet normal 0 0 1
    outer loop
      vertex 63.5691 11.4514 48
      vertex 62.5779 11.7009 48
      vertex 63.5148 11.268 48
    endloop
  endfacet
  facet normal -0 0 1
    outer loop
      vertex 62.5269 11.5387 48
      vertex 63.5148 11.268 48
      vertex 62.5779 11.7009 48
    endloop
  endfacet
  facet normal 0 0 1
    outer loop
      vertex 63.5167 9.96354 48
      vertex 62.4644 9.94178 48
      vertex 62.5311 9.6548 48
    endloop
  endfacet
  facet normal -0 0 1
    outer loop
      vertex 62.4851 11.3665 48
      vertex 63.5148 11.268 48
      vertex 62.5269 11.5387 48
    endloop
  endfacet
  facet normal 0 0 1
    outer loop
      vertex 63.5148 11.268 48
      vertex 62.4851 11.3665 48
      vertex 63.4761 11.067 48
    endloop
  endfacet
  facet normal 0 0 1
    outer loop
      vertex 63.5724 9.7807 48
      vertex 62.5311 9.6548 48
      vertex 62.6246 9.38862 48
    endloop
  endfacet
  facet normal -0 0 1
    outer loop
      vertex 62.4527 11.1844 48
      vertex 63.4761 11.067 48
      vertex 62.4851 11.3665 48
    endloop
  endfacet
  facet normal 0 0 1
    outer loop
      vertex 63.9507 9.21659 48
      vertex 63.2616 8.53564 48
      vertex 63.4764 8.3838 48
    endloop
  endfacet
  facet normal 0 0 1
    outer loop
      vertex 62.4295 10.9923 48
      vertex 63.4761 11.067 48
      vertex 62.4527 11.1844 48
    endloop
  endfacet
  facet normal 0 0 1
    outer loop
      vertex 63.4761 11.067 48
      vertex 62.4295 10.9923 48
      vertex 63.4528 10.8484 48
    endloop
  endfacet
  facet normal 0 0 1
    outer loop
      vertex 62.4156 10.7902 48
      vertex 63.4528 10.8484 48
      vertex 62.4295 10.9923 48
    endloop
  endfacet
  facet normal 0 0 1
    outer loop
      vertex 63.4528 10.8484 48
      vertex 62.4156 10.7902 48
      vertex 63.4451 10.6121 48
    endloop
  endfacet
  facet normal 0 0 1
    outer loop
      vertex 63.835 9.3322 48
      vertex 63.0653 8.7151 48
      vertex 63.2616 8.53564 48
    endloop
  endfacet
  facet normal 0 0 1
    outer loop
      vertex 63.7315 9.46502 48
      vertex 62.8917 8.91877 48
      vertex 63.0653 8.7151 48
    endloop
  endfacet
  facet normal 0 0 1
    outer loop
      vertex 63.644 9.61451 48
      vertex 62.6246 9.38862 48
      vertex 62.7448 9.14329 48
    endloop
  endfacet
  facet normal 0 0 1
    outer loop
      vertex 63.644 9.61451 48
      vertex 62.7448 9.14329 48
      vertex 62.8917 8.91877 48
    endloop
  endfacet
  facet normal 0 0 1
    outer loop
      vertex 72.0012 13.1144 48
      vertex 71.0382 12.7458 48
      vertex 71.0485 11.7141 48
    endloop
  endfacet
  facet normal -0 0 1
    outer loop
      vertex 70.9525 12.6323 48
      vertex 71.0485 11.7141 48
      vertex 71.0382 12.7458 48
    endloop
  endfacet
  facet normal -0 0 1
    outer loop
      vertex 70.8556 12.5233 48
      vertex 71.0485 11.7141 48
      vertex 70.9525 12.6323 48
    endloop
  endfacet
  facet normal -0 0 1
    outer loop
      vertex 70.7474 12.419 48
      vertex 71.0485 11.7141 48
      vertex 70.8556 12.5233 48
    endloop
  endfacet
  facet normal -0 0 1
    outer loop
      vertex 70.628 12.3193 48
      vertex 71.0485 11.7141 48
      vertex 70.7474 12.419 48
    endloop
  endfacet
  facet normal -0 0 1
    outer loop
      vertex 70.5044 12.2264 48
      vertex 71.0485 11.7141 48
      vertex 70.628 12.3193 48
    endloop
  endfacet
  facet normal 0 0 1
    outer loop
      vertex 71.0485 11.7141 48
      vertex 70.5044 12.2264 48
      vertex 70.8955 11.5798 48
    endloop
  endfacet
  facet normal -0 0 1
    outer loop
      vertex 70.3833 12.1425 48
      vertex 70.8955 11.5798 48
      vertex 70.5044 12.2264 48
    endloop
  endfacet
  facet normal 0 0 1
    outer loop
      vertex 70.8955 11.5798 48
      vertex 70.3833 12.1425 48
      vertex 70.7349 11.4558 48
    endloop
  endfacet
  facet normal -0 0 1
    outer loop
      vertex 70.2649 12.0674 48
      vertex 70.7349 11.4558 48
      vertex 70.3833 12.1425 48
    endloop
  endfacet
  facet normal 0 0 1
    outer loop
      vertex 70.7349 11.4558 48
      vertex 70.2649 12.0674 48
      vertex 70.5666 11.3423 48
    endloop
  endfacet
  facet normal -0 0 1
    outer loop
      vertex 70.1492 12.0013 48
      vertex 70.5666 11.3423 48
      vertex 70.2649 12.0674 48
    endloop
  endfacet
  facet normal 0 0 1
    outer loop
      vertex 70.5666 11.3423 48
      vertex 70.1492 12.0013 48
      vertex 70.3908 11.2391 48
    endloop
  endfacet
  facet normal -0 0 1
    outer loop
      vertex 70.036 11.9441 48
      vertex 70.3908 11.2391 48
      vertex 70.1492 12.0013 48
    endloop
  endfacet
  facet normal -0 0 1
    outer loop
      vertex 69.9255 11.8959 48
      vertex 70.3908 11.2391 48
      vertex 70.036 11.9441 48
    endloop
  endfacet
  facet normal 0 0 1
    outer loop
      vertex 70.3908 11.2391 48
      vertex 69.9255 11.8959 48
      vertex 70.2074 11.1463 48
    endloop
  endfacet
  facet normal -0 0 1
    outer loop
      vertex 69.8177 11.8565 48
      vertex 70.2074 11.1463 48
      vertex 69.9255 11.8959 48
    endloop
  endfacet
  facet normal 0 0 1
    outer loop
      vertex 70.2074 11.1463 48
      vertex 69.8177 11.8565 48
      vertex 70.0163 11.0639 48
    endloop
  endfacet
  facet normal 0 0 1
    outer loop
      vertex 70.0163 11.0639 48
      vertex 69.8177 11.8565 48
      vertex 69.8177 10.9919 48
    endloop
  endfacet
  facet normal 0 0 1
    outer loop
      vertex 71.1761 12.9869 48
      vertex 72.0012 13.1144 48
      vertex 71.2282 13.1144 48
    endloop
  endfacet
  facet normal 0 0 1
    outer loop
      vertex 71.1128 12.8641 48
      vertex 72.0012 13.1144 48
      vertex 71.1761 12.9869 48
    endloop
  endfacet
  facet normal 0 0 1
    outer loop
      vertex 71.0382 12.7458 48
      vertex 72.0012 13.1144 48
      vertex 71.1128 12.8641 48
    endloop
  endfacet
  facet normal 0 0 1
    outer loop
      vertex 72.0012 13.1144 48
      vertex 71.0485 11.7141 48
      vertex 72.0012 8.12344 48
    endloop
  endfacet
  facet normal 0 0 1
    outer loop
      vertex 72.0012 8.12344 48
      vertex 71.0485 11.7141 48
      vertex 71.0485 8.12344 48
    endloop
  endfacet
  facet normal -0 0 1
    outer loop
      vertex 75.5931 11.7513 48
      vertex 76.5527 11.7311 48
      vertex 76.5441 11.8957 48
    endloop
  endfacet
  facet normal 0 -0 1
    outer loop
      vertex 75.5965 11.6632 48
      vertex 76.5527 11.7311 48
      vertex 75.5931 11.7513 48
    endloop
  endfacet
  facet normal 0 0 1
    outer loop
      vertex 76.5503 11.6358 48
      vertex 75.5965 11.6632 48
      vertex 76.5429 11.5419 48
    endloop
  endfacet
  facet normal 0 0 1
    outer loop
      vertex 75.5826 11.8333 48
      vertex 76.5441 11.8957 48
      vertex 76.5184 12.0524 48
    endloop
  endfacet
  facet normal 0 0 1
    outer loop
      vertex 76.5527 11.7311 48
      vertex 75.5965 11.6632 48
      vertex 76.5503 11.6358 48
    endloop
  endfacet
  facet normal 0 0 1
    outer loop
      vertex 76.5429 11.5419 48
      vertex 75.5925 11.5807 48
      vertex 76.5306 11.4493 48
    endloop
  endfacet
  facet normal 0 0 1
    outer loop
      vertex 75.5651 11.9093 48
      vertex 76.5184 12.0524 48
      vertex 76.4755 12.2013 48
    endloop
  endfacet
  facet normal 0 0 1
    outer loop
      vertex 76.5306 11.4493 48
      vertex 75.5925 11.5807 48
      vertex 76.5134 11.358 48
    endloop
  endfacet
  facet normal -0 0 1
    outer loop
      vertex 75.5805 11.498 48
      vertex 76.5134 11.358 48
      vertex 75.5925 11.5807 48
    endloop
  endfacet
  facet normal 0 0 1
    outer loop
      vertex 75.5651 11.9093 48
      vertex 76.4755 12.2013 48
      vertex 76.4154 12.3422 48
    endloop
  endfacet
  facet normal 0 0 1
    outer loop
      vertex 76.5134 11.358 48
      vertex 75.5805 11.498 48
      vertex 76.4913 11.268 48
    endloop
  endfacet
  facet normal 0 0 1
    outer loop
      vertex 76.4913 11.268 48
      vertex 75.5805 11.498 48
      vertex 76.4642 11.1793 48
    endloop
  endfacet
  facet normal 0 0 1
    outer loop
      vertex 75.5406 11.9793 48
      vertex 76.4154 12.3422 48
      vertex 76.3382 12.4753 48
    endloop
  endfacet
  facet normal -0 0 1
    outer loop
      vertex 75.5604 11.415 48
      vertex 76.4642 11.1793 48
      vertex 75.5805 11.498 48
    endloop
  endfacet
  facet normal 0 0 1
    outer loop
      vertex 76.4642 11.1793 48
      vertex 75.5604 11.415 48
      vertex 76.4323 11.0919 48
    endloop
  endfacet
  facet normal 0 0 1
    outer loop
      vertex 75.5092 12.0433 48
      vertex 76.3382 12.4753 48
      vertex 76.2438 12.6004 48
    endloop
  endfacet
  facet normal 0 0 1
    outer loop
      vertex 76.4323 11.0919 48
      vertex 75.5604 11.415 48
      vertex 76.395 11.0046 48
    endloop
  endfacet
  facet normal 0 0 1
    outer loop
      vertex 75.4707 12.1013 48
      vertex 76.2438 12.6004 48
      vertex 76.1323 12.7177 48
    endloop
  endfacet
  facet normal -0 0 1
    outer loop
      vertex 75.5323 11.3317 48
      vertex 76.395 11.0046 48
      vertex 75.5604 11.415 48
    endloop
  endfacet
  facet normal 0 0 1
    outer loop
      vertex 76.395 11.0046 48
      vertex 75.5323 11.3317 48
      vertex 76.352 10.9162 48
    endloop
  endfacet
  facet normal 0 0 1
    outer loop
      vertex 75.4253 12.1532 48
      vertex 76.1323 12.7177 48
      vertex 76.0057 12.823 48
    endloop
  endfacet
  facet normal -0 0 1
    outer loop
      vertex 75.4962 11.2481 48
      vertex 76.352 10.9162 48
      vertex 75.5323 11.3317 48
    endloop
  endfacet
  facet normal 0 0 1
    outer loop
      vertex 76.352 10.9162 48
      vertex 75.4962 11.2481 48
      vertex 76.3033 10.8265 48
    endloop
  endfacet
  facet normal 0 0 1
    outer loop
      vertex 75.4253 12.1532 48
      vertex 76.0057 12.823 48
      vertex 75.8663 12.912 48
    endloop
  endfacet
  facet normal 0 0 1
    outer loop
      vertex 76.3033 10.8265 48
      vertex 75.4962 11.2481 48
      vertex 76.2488 10.7357 48
    endloop
  endfacet
  facet normal -0 0 1
    outer loop
      vertex 75.4521 11.1642 48
      vertex 76.2488 10.7357 48
      vertex 75.4962 11.2481 48
    endloop
  endfacet
  facet normal 0 0 1
    outer loop
      vertex 75.3737 12.1986 48
      vertex 75.8663 12.912 48
      vertex 75.714 12.9849 48
    endloop
  endfacet
  facet normal 0 0 1
    outer loop
      vertex 76.2488 10.7357 48
      vertex 75.4521 11.1642 48
      vertex 76.1886 10.6437 48
    endloop
  endfacet
  facet normal -0 0 1
    outer loop
      vertex 75.3999 11.0801 48
      vertex 76.1886 10.6437 48
      vertex 75.4521 11.1642 48
    endloop
  endfacet
  facet normal -0 0 1
    outer loop
      vertex 75.5925 11.5807 48
      vertex 76.5429 11.5419 48
      vertex 75.5965 11.6632 48
    endloop
  endfacet
  facet normal 0 0 1
    outer loop
      vertex 76.5441 11.8957 48
      vertex 75.5826 11.8333 48
      vertex 75.5931 11.7513 48
    endloop
  endfacet
  facet normal 0 0 1
    outer loop
      vertex 76.5184 12.0524 48
      vertex 75.5651 11.9093 48
      vertex 75.5826 11.8333 48
    endloop
  endfacet
  facet normal 0 0 1
    outer loop
      vertex 75.3168 12.2371 48
      vertex 75.714 12.9849 48
      vertex 75.5488 13.0416 48
    endloop
  endfacet
  facet normal 0 0 1
    outer loop
      vertex 76.4154 12.3422 48
      vertex 75.5406 11.9793 48
      vertex 75.5651 11.9093 48
    endloop
  endfacet
  facet normal 0 0 1
    outer loop
      vertex 76.3382 12.4753 48
      vertex 75.5092 12.0433 48
      vertex 75.5406 11.9793 48
    endloop
  endfacet
  facet normal 0 0 1
    outer loop
      vertex 76.2438 12.6004 48
      vertex 75.4707 12.1013 48
      vertex 75.5092 12.0433 48
    endloop
  endfacet
  facet normal 0 0 1
    outer loop
      vertex 76.1323 12.7177 48
      vertex 75.4253 12.1532 48
      vertex 75.4707 12.1013 48
    endloop
  endfacet
  facet normal 0 0 1
    outer loop
      vertex 75.8663 12.912 48
      vertex 75.3737 12.1986 48
      vertex 75.4253 12.1532 48
    endloop
  endfacet
  facet normal 0 0 1
    outer loop
      vertex 75.2546 12.2685 48
      vertex 75.5488 13.0416 48
      vertex 75.3708 13.082 48
    endloop
  endfacet
  facet normal 0 0 1
    outer loop
      vertex 75.714 12.9849 48
      vertex 75.3168 12.2371 48
      vertex 75.3737 12.1986 48
    endloop
  endfacet
  facet normal 0 0 1
    outer loop
      vertex 75.5488 13.0416 48
      vertex 75.2546 12.2685 48
      vertex 75.3168 12.2371 48
    endloop
  endfacet
  facet normal 0 0 1
    outer loop
      vertex 75.3708 13.082 48
      vertex 75.187 12.293 48
      vertex 75.2546 12.2685 48
    endloop
  endfacet
  facet normal 0 0 1
    outer loop
      vertex 75.1141 12.3105 48
      vertex 75.3708 13.082 48
      vertex 75.1798 13.1063 48
    endloop
  endfacet
  facet normal 0 0 1
    outer loop
      vertex 75.3708 13.082 48
      vertex 75.1141 12.3105 48
      vertex 75.187 12.293 48
    endloop
  endfacet
  facet normal 0 0 1
    outer loop
      vertex 75.1798 13.1063 48
      vertex 75.0359 12.3209 48
      vertex 75.1141 12.3105 48
    endloop
  endfacet
  facet normal 0 0 1
    outer loop
      vertex 74.9761 13.1144 48
      vertex 75.0359 12.3209 48
      vertex 75.1798 13.1063 48
    endloop
  endfacet
  facet normal 0 0 1
    outer loop
      vertex 74.9761 13.1144 48
      vertex 74.9523 12.3244 48
      vertex 75.0359 12.3209 48
    endloop
  endfacet
  facet normal 0 0 1
    outer loop
      vertex 74.9761 13.1144 48
      vertex 74.8695 12.3208 48
      vertex 74.9523 12.3244 48
    endloop
  endfacet
  facet normal -0 0 1
    outer loop
      vertex 74.7888 13.1074 48
      vertex 74.8695 12.3208 48
      vertex 74.9761 13.1144 48
    endloop
  endfacet
  facet normal 0 0 1
    outer loop
      vertex 74.8695 12.3208 48
      vertex 74.7888 13.1074 48
      vertex 74.7918 12.3098 48
    endloop
  endfacet
  facet normal -0 0 1
    outer loop
      vertex 74.6107 13.0865 48
      vertex 74.7918 12.3098 48
      vertex 74.7888 13.1074 48
    endloop
  endfacet
  facet normal 0 0 1
    outer loop
      vertex 74.7918 12.3098 48
      vertex 74.6107 13.0865 48
      vertex 74.719 12.2914 48
    endloop
  endfacet
  facet normal -0 0 1
    outer loop
      vertex 74.4417 13.0515 48
      vertex 74.719 12.2914 48
      vertex 74.6107 13.0865 48
    endloop
  endfacet
  facet normal 0 0 1
    outer loop
      vertex 74.719 12.2914 48
      vertex 74.4417 13.0515 48
      vertex 74.6512 12.2658 48
    endloop
  endfacet
  facet normal -0 0 1
    outer loop
      vertex 74.2819 13.0026 48
      vertex 74.6512 12.2658 48
      vertex 74.4417 13.0515 48
    endloop
  endfacet
  facet normal 0 0 1
    outer loop
      vertex 74.6512 12.2658 48
      vertex 74.2819 13.0026 48
      vertex 74.5883 12.2327 48
    endloop
  endfacet
  facet normal -0 0 1
    outer loop
      vertex 74.1312 12.9397 48
      vertex 74.5883 12.2327 48
      vertex 74.2819 13.0026 48
    endloop
  endfacet
  facet normal 0 0 1
    outer loop
      vertex 74.5883 12.2327 48
      vertex 74.1312 12.9397 48
      vertex 74.5305 12.1924 48
    endloop
  endfacet
  facet normal -0 0 1
    outer loop
      vertex 73.9896 12.8628 48
      vertex 74.5305 12.1924 48
      vertex 74.1312 12.9397 48
    endloop
  endfacet
  facet normal 0 0 1
    outer loop
      vertex 74.5305 12.1924 48
      vertex 73.9896 12.8628 48
      vertex 74.4776 12.1447 48
    endloop
  endfacet
  facet normal -0 0 1
    outer loop
      vertex 73.8572 12.772 48
      vertex 74.4776 12.1447 48
      vertex 73.9896 12.8628 48
    endloop
  endfacet
  facet normal 0 0 1
    outer loop
      vertex 74.4776 12.1447 48
      vertex 73.8572 12.772 48
      vertex 74.4303 12.0885 48
    endloop
  endfacet
  facet normal -0 0 1
    outer loop
      vertex 73.7367 12.6651 48
      vertex 74.4303 12.0885 48
      vertex 73.8572 12.772 48
    endloop
  endfacet
  facet normal -0 0 1
    outer loop
      vertex 73.631 12.54 48
      vertex 74.4303 12.0885 48
      vertex 73.7367 12.6651 48
    endloop
  endfacet
  facet normal 0 0 1
    outer loop
      vertex 74.4303 12.0885 48
      vertex 73.631 12.54 48
      vertex 74.389 12.0227 48
    endloop
  endfacet
  facet normal -0 0 1
    outer loop
      vertex 73.5402 12.3969 48
      vertex 74.389 12.0227 48
      vertex 73.631 12.54 48
    endloop
  endfacet
  facet normal 0 0 1
    outer loop
      vertex 74.389 12.0227 48
      vertex 73.5402 12.3969 48
      vertex 74.3539 11.9471 48
    endloop
  endfacet
  facet normal -0 0 1
    outer loop
      vertex 73.4641 12.2356 48
      vertex 74.3539 11.9471 48
      vertex 73.5402 12.3969 48
    endloop
  endfacet
  facet normal 0 0 1
    outer loop
      vertex 74.3539 11.9471 48
      vertex 73.4641 12.2356 48
      vertex 74.3248 11.8619 48
    endloop
  endfacet
  facet normal -0 0 1
    outer loop
      vertex 73.4029 12.0561 48
      vertex 74.3248 11.8619 48
      vertex 73.4641 12.2356 48
    endloop
  endfacet
  facet normal 0 0 1
    outer loop
      vertex 74.3248 11.8619 48
      vertex 73.4029 12.0561 48
      vertex 74.3019 11.7669 48
    endloop
  endfacet
  facet normal -0 0 1
    outer loop
      vertex 73.3564 11.8586 48
      vertex 74.3019 11.7669 48
      vertex 73.4029 12.0561 48
    endloop
  endfacet
  facet normal 0 0 1
    outer loop
      vertex 74.3019 11.7669 48
      vertex 73.3564 11.8586 48
      vertex 74.285 11.6623 48
    endloop
  endfacet
  facet normal 0 0 1
    outer loop
      vertex 73.3248 11.6429 48
      vertex 74.285 11.6623 48
      vertex 73.3564 11.8586 48
    endloop
  endfacet
  facet normal 0 0 1
    outer loop
      vertex 74.285 11.6623 48
      vertex 73.3248 11.6429 48
      vertex 74.2742 11.548 48
    endloop
  endfacet
  facet normal 0 0 1
    outer loop
      vertex 76.1886 10.6437 48
      vertex 75.3999 11.0801 48
      vertex 76.1226 10.5505 48
    endloop
  endfacet
  facet normal 0 0 1
    outer loop
      vertex 76.1226 10.5505 48
      vertex 75.3999 11.0801 48
      vertex 76.0509 10.4562 48
    endloop
  endfacet
  facet normal -0 0 1
    outer loop
      vertex 75.3481 11.0112 48
      vertex 76.0509 10.4562 48
      vertex 75.3999 11.0801 48
    endloop
  endfacet
  facet normal 0 0 1
    outer loop
      vertex 76.0509 10.4562 48
      vertex 75.3481 11.0112 48
      vertex 75.9958 10.3893 48
    endloop
  endfacet
  facet normal -0 0 1
    outer loop
      vertex 75.2759 10.9264 48
      vertex 75.9958 10.3893 48
      vertex 75.3481 11.0112 48
    endloop
  endfacet
  facet normal 0 0 1
    outer loop
      vertex 75.9958 10.3893 48
      vertex 75.2759 10.9264 48
      vertex 75.9294 10.3145 48
    endloop
  endfacet
  facet normal 0 0 1
    outer loop
      vertex 75.9294 10.3145 48
      vertex 75.2759 10.9264 48
      vertex 75.8516 10.2318 48
    endloop
  endfacet
  facet normal -0 0 1
    outer loop
      vertex 75.1834 10.826 48
      vertex 75.8516 10.2318 48
      vertex 75.2759 10.9264 48
    endloop
  endfacet
  facet normal 0 0 1
    outer loop
      vertex 75.8516 10.2318 48
      vertex 75.1834 10.826 48
      vertex 75.7625 10.1412 48
    endloop
  endfacet
  facet normal -0 0 1
    outer loop
      vertex 75.0705 10.7097 48
      vertex 75.7625 10.1412 48
      vertex 75.1834 10.826 48
    endloop
  endfacet
  facet normal 0 0 1
    outer loop
      vertex 75.7625 10.1412 48
      vertex 75.0705 10.7097 48
      vertex 75.662 10.0427 48
    endloop
  endfacet
  facet normal -0 0 1
    outer loop
      vertex 74.9373 10.5777 48
      vertex 75.662 10.0427 48
      vertex 75.0705 10.7097 48
    endloop
  endfacet
  facet normal 0 0 1
    outer loop
      vertex 75.662 10.0427 48
      vertex 74.9373 10.5777 48
      vertex 75.5502 9.93638 48
    endloop
  endfacet
  facet normal 0 0 1
    outer loop
      vertex 75.5502 9.93638 48
      vertex 74.9373 10.5777 48
      vertex 75.427 9.82214 48
    endloop
  endfacet
  facet normal -0 0 1
    outer loop
      vertex 74.7838 10.4299 48
      vertex 75.427 9.82214 48
      vertex 74.9373 10.5777 48
    endloop
  endfacet
  facet normal 0 0 1
    outer loop
      vertex 75.427 9.82214 48
      vertex 74.7838 10.4299 48
      vertex 75.3049 9.70964 48
    endloop
  endfacet
  facet normal -0 0 1
    outer loop
      vertex 74.6099 10.2663 48
      vertex 75.3049 9.70964 48
      vertex 74.7838 10.4299 48
    endloop
  endfacet
  facet normal 0 0 1
    outer loop
      vertex 75.3049 9.70964 48
      vertex 74.6099 10.2663 48
      vertex 75.1963 9.60847 48
    endloop
  endfacet
  facet normal 0 0 1
    outer loop
      vertex 75.1963 9.60847 48
      vertex 74.6099 10.2663 48
      vertex 75.1012 9.51864 48
    endloop
  endfacet
  facet normal -0 0 1
    outer loop
      vertex 74.392 10.0602 48
      vertex 75.1012 9.51864 48
      vertex 74.6099 10.2663 48
    endloop
  endfacet
  facet normal 0 0 1
    outer loop
      vertex 75.1012 9.51864 48
      vertex 74.392 10.0602 48
      vertex 75.0196 9.44018 48
    endloop
  endfacet
  facet normal 0 0 1
    outer loop
      vertex 75.0196 9.44018 48
      vertex 74.392 10.0602 48
      vertex 74.9514 9.37306 48
    endloop
  endfacet
  facet normal 0 0 1
    outer loop
      vertex 74.9514 9.37306 48
      vertex 74.392 10.0602 48
      vertex 74.8968 9.31727 48
    endloop
  endfacet
  facet normal -0 0 1
    outer loop
      vertex 74.1958 9.86596 48
      vertex 74.8968 9.31727 48
      vertex 74.392 10.0602 48
    endloop
  endfacet
  facet normal 0 0 1
    outer loop
      vertex 74.8968 9.31727 48
      vertex 74.1958 9.86596 48
      vertex 74.8557 9.27284 48
    endloop
  endfacet
  facet normal 0 0 1
    outer loop
      vertex 74.8557 9.27284 48
      vertex 74.1958 9.86596 48
      vertex 74.8222 9.23423 48
    endloop
  endfacet
  facet normal 0 0 1
    outer loop
      vertex 74.8222 9.23423 48
      vertex 74.1958 9.86596 48
      vertex 74.7906 9.1959 48
    endloop
  endfacet
  facet normal -0 0 1
    outer loop
      vertex 74.0211 9.68374 48
      vertex 74.7906 9.1959 48
      vertex 74.1958 9.86596 48
    endloop
  endfacet
  facet normal 0 0 1
    outer loop
      vertex 74.7906 9.1959 48
      vertex 74.0211 9.68374 48
      vertex 74.7609 9.15785 48
    endloop
  endfacet
  facet normal 0 0 1
    outer loop
      vertex 74.7609 9.15785 48
      vertex 74.0211 9.68374 48
      vertex 74.7331 9.12008 48
    endloop
  endfacet
  facet normal -0 0 1
    outer loop
      vertex 74.6607 9.00839 48
      vertex 76.5527 8.12344 48
      vertex 76.5527 9.00839 48
    endloop
  endfacet
  facet normal 0 0 1
    outer loop
      vertex 74.7331 9.12008 48
      vertex 74.0211 9.68374 48
      vertex 74.7071 9.08258 48
    endloop
  endfacet
  facet normal 0 0 1
    outer loop
      vertex 74.7071 9.08258 48
      vertex 74.0211 9.68374 48
      vertex 74.683 9.04535 48
    endloop
  endfacet
  facet normal -0 0 1
    outer loop
      vertex 73.8681 9.51347 48
      vertex 74.683 9.04535 48
      vertex 74.0211 9.68374 48
    endloop
  endfacet
  facet normal 0 0 1
    outer loop
      vertex 74.683 9.04535 48
      vertex 73.8681 9.51347 48
      vertex 74.6607 9.00839 48
    endloop
  endfacet
  facet normal -0 0 1
    outer loop
      vertex 73.7366 9.35518 48
      vertex 74.6607 9.00839 48
      vertex 73.8681 9.51347 48
    endloop
  endfacet
  facet normal -0 0 1
    outer loop
      vertex 73.6267 9.20884 48
      vertex 74.6607 9.00839 48
      vertex 73.7366 9.35518 48
    endloop
  endfacet
  facet normal -0 0 1
    outer loop
      vertex 73.5384 9.07449 48
      vertex 74.6607 9.00839 48
      vertex 73.6267 9.20884 48
    endloop
  endfacet
  facet normal 0 0 1
    outer loop
      vertex 73.4653 8.94506 48
      vertex 74.6607 9.00839 48
      vertex 73.5384 9.07449 48
    endloop
  endfacet
  facet normal 0 0 1
    outer loop
      vertex 73.4011 8.81349 48
      vertex 74.6607 9.00839 48
      vertex 73.4653 8.94506 48
    endloop
  endfacet
  facet normal 0 0 1
    outer loop
      vertex 73.3458 8.67978 48
      vertex 74.6607 9.00839 48
      vertex 73.4011 8.81349 48
    endloop
  endfacet
  facet normal 0 0 1
    outer loop
      vertex 73.2993 8.54391 48
      vertex 74.6607 9.00839 48
      vertex 73.3458 8.67978 48
    endloop
  endfacet
  facet normal 0 0 1
    outer loop
      vertex 73.2616 8.4059 48
      vertex 74.6607 9.00839 48
      vertex 73.2993 8.54391 48
    endloop
  endfacet
  facet normal 0 0 1
    outer loop
      vertex 73.2328 8.26574 48
      vertex 74.6607 9.00839 48
      vertex 73.2616 8.4059 48
    endloop
  endfacet
  facet normal 0 0 1
    outer loop
      vertex 73.2129 8.12344 48
      vertex 74.6607 9.00839 48
      vertex 73.2328 8.26574 48
    endloop
  endfacet
  facet normal 0 0 1
    outer loop
      vertex 74.6607 9.00839 48
      vertex 73.2129 8.12344 48
      vertex 76.5527 8.12344 48
    endloop
  endfacet
  facet normal -0 0 1
    outer loop
      vertex 60.7488 11.7058 48
      vertex 61.7856 11.7005 48
      vertex 61.7812 11.8245 48
    endloop
  endfacet
  facet normal 0 0 1
    outer loop
      vertex 60.7405 11.7716 48
      vertex 61.7812 11.8245 48
      vertex 61.7679 11.9444 48
    endloop
  endfacet
  facet normal 0 -0 1
    outer loop
      vertex 60.7515 11.6361 48
      vertex 61.7856 11.7005 48
      vertex 60.7488 11.7058 48
    endloop
  endfacet
  facet normal 0 0 1
    outer loop
      vertex 60.7405 11.7716 48
      vertex 61.7679 11.9444 48
      vertex 61.7458 12.0603 48
    endloop
  endfacet
  facet normal 0 0 1
    outer loop
      vertex 61.7856 11.7005 48
      vertex 60.7515 11.6361 48
      vertex 61.7789 11.5447 48
    endloop
  endfacet
  facet normal 0 0 1
    outer loop
      vertex 60.7269 11.8334 48
      vertex 61.7458 12.0603 48
      vertex 61.7148 12.1722 48
    endloop
  endfacet
  facet normal -0 0 1
    outer loop
      vertex 60.7494 11.5737 48
      vertex 61.7789 11.5447 48
      vertex 60.7515 11.6361 48
    endloop
  endfacet
  facet normal 0 0 1
    outer loop
      vertex 60.7077 11.8913 48
      vertex 61.7148 12.1722 48
      vertex 61.6749 12.2801 48
    endloop
  endfacet
  facet normal 0 0 1
    outer loop
      vertex 60.7077 11.8913 48
      vertex 61.6749 12.2801 48
      vertex 61.6262 12.3839 48
    endloop
  endfacet
  facet normal 0 0 1
    outer loop
      vertex 61.7789 11.5447 48
      vertex 60.7494 11.5737 48
      vertex 61.7588 11.3968 48
    endloop
  endfacet
  facet normal 0 0 1
    outer loop
      vertex 60.6831 11.9452 48
      vertex 61.6262 12.3839 48
      vertex 61.5686 12.4838 48
    endloop
  endfacet
  facet normal -0 0 1
    outer loop
      vertex 60.7432 11.5143 48
      vertex 61.7588 11.3968 48
      vertex 60.7494 11.5737 48
    endloop
  endfacet
  facet normal 0 0 1
    outer loop
      vertex 60.6831 11.9452 48
      vertex 61.5686 12.4838 48
      vertex 61.5037 12.5774 48
    endloop
  endfacet
  facet normal 0 0 1
    outer loop
      vertex 61.7588 11.3968 48
      vertex 60.7432 11.5143 48
      vertex 61.7252 11.2568 48
    endloop
  endfacet
  facet normal 0 0 1
    outer loop
      vertex 60.6531 11.9952 48
      vertex 61.5037 12.5774 48
      vertex 61.4329 12.6624 48
    endloop
  endfacet
  facet normal 0 0 1
    outer loop
      vertex 60.6175 12.0413 48
      vertex 61.4329 12.6624 48
      vertex 61.3562 12.739 48
    endloop
  endfacet
  facet normal -0 0 1
    outer loop
      vertex 60.7328 11.458 48
      vertex 61.7252 11.2568 48
      vertex 60.7432 11.5143 48
    endloop
  endfacet
  facet normal 0 0 1
    outer loop
      vertex 60.6175 12.0413 48
      vertex 61.3562 12.739 48
      vertex 61.2736 12.807 48
    endloop
  endfacet
  facet normal 0 0 1
    outer loop
      vertex 61.7252 11.2568 48
      vertex 60.7328 11.458 48
      vertex 61.6782 11.1248 48
    endloop
  endfacet
  facet normal 0 0 1
    outer loop
      vertex 60.577 12.083 48
      vertex 61.2736 12.807 48
      vertex 61.1851 12.8666 48
    endloop
  endfacet
  facet normal -0 0 1
    outer loop
      vertex 60.7183 11.4047 48
      vertex 61.6782 11.1248 48
      vertex 60.7328 11.458 48
    endloop
  endfacet
  facet normal 0 0 1
    outer loop
      vertex 60.577 12.083 48
      vertex 61.1851 12.8666 48
      vertex 61.0908 12.9176 48
    endloop
  endfacet
  facet normal 0 0 1
    outer loop
      vertex 60.532 12.1202 48
      vertex 61.0908 12.9176 48
      vertex 60.9905 12.9601 48
    endloop
  endfacet
  facet normal 0 0 1
    outer loop
      vertex 61.6782 11.1248 48
      vertex 60.7183 11.4047 48
      vertex 61.6178 11.0008 48
    endloop
  endfacet
  facet normal 0 0 1
    outer loop
      vertex 60.532 12.1202 48
      vertex 60.9905 12.9601 48
      vertex 60.8785 12.9957 48
    endloop
  endfacet
  facet normal -0 0 1
    outer loop
      vertex 60.6996 11.3545 48
      vertex 61.544 10.8847 48
      vertex 60.7183 11.4047 48
    endloop
  endfacet
  facet normal 0 0 1
    outer loop
      vertex 61.544 10.8847 48
      vertex 60.6996 11.3545 48
      vertex 61.4567 10.7766 48
    endloop
  endfacet
  facet normal 0 0 1
    outer loop
      vertex 61.6178 11.0008 48
      vertex 60.7183 11.4047 48
      vertex 61.544 10.8847 48
    endloop
  endfacet
  facet normal 0 0 1
    outer loop
      vertex 60.4825 12.1527 48
      vertex 60.8785 12.9957 48
      vertex 60.7486 13.0257 48
    endloop
  endfacet
  facet normal 0 0 1
    outer loop
      vertex 61.7812 11.8245 48
      vertex 60.7405 11.7716 48
      vertex 60.7488 11.7058 48
    endloop
  endfacet
  facet normal 0 0 1
    outer loop
      vertex 61.7458 12.0603 48
      vertex 60.7269 11.8334 48
      vertex 60.7405 11.7716 48
    endloop
  endfacet
  facet normal 0 0 1
    outer loop
      vertex 61.7148 12.1722 48
      vertex 60.7077 11.8913 48
      vertex 60.7269 11.8334 48
    endloop
  endfacet
  facet normal 0 0 1
    outer loop
      vertex 61.6262 12.3839 48
      vertex 60.6831 11.9452 48
      vertex 60.7077 11.8913 48
    endloop
  endfacet
  facet normal 0 0 1
    outer loop
      vertex 61.5037 12.5774 48
      vertex 60.6531 11.9952 48
      vertex 60.6831 11.9452 48
    endloop
  endfacet
  facet normal 0 0 1
    outer loop
      vertex 61.4329 12.6624 48
      vertex 60.6175 12.0413 48
      vertex 60.6531 11.9952 48
    endloop
  endfacet
  facet normal 0 0 1
    outer loop
      vertex 60.4285 12.1805 48
      vertex 60.7486 13.0257 48
      vertex 60.601 13.0503 48
    endloop
  endfacet
  facet normal 0 0 1
    outer loop
      vertex 61.2736 12.807 48
      vertex 60.577 12.083 48
      vertex 60.6175 12.0413 48
    endloop
  endfacet
  facet normal 0 0 1
    outer loop
      vertex 61.0908 12.9176 48
      vertex 60.532 12.1202 48
      vertex 60.577 12.083 48
    endloop
  endfacet
  facet normal 0 0 1
    outer loop
      vertex 60.8785 12.9957 48
      vertex 60.4825 12.1527 48
      vertex 60.532 12.1202 48
    endloop
  endfacet
  facet normal 0 0 1
    outer loop
      vertex 60.37 12.2037 48
      vertex 60.601 13.0503 48
      vertex 60.4356 13.0695 48
    endloop
  endfacet
  facet normal 0 0 1
    outer loop
      vertex 60.7486 13.0257 48
      vertex 60.4285 12.1805 48
      vertex 60.4825 12.1527 48
    endloop
  endfacet
  facet normal 0 0 1
    outer loop
      vertex 60.601 13.0503 48
      vertex 60.37 12.2037 48
      vertex 60.4285 12.1805 48
    endloop
  endfacet
  facet normal 0 0 1
    outer loop
      vertex 60.4356 13.0695 48
      vertex 60.307 12.2223 48
      vertex 60.37 12.2037 48
    endloop
  endfacet
  facet normal 0 0 1
    outer loop
      vertex 60.2395 12.2363 48
      vertex 60.4356 13.0695 48
      vertex 60.2524 13.0831 48
    endloop
  endfacet
  facet normal 0 0 1
    outer loop
      vertex 60.4356 13.0695 48
      vertex 60.2395 12.2363 48
      vertex 60.307 12.2223 48
    endloop
  endfacet
  facet normal 0 0 1
    outer loop
      vertex 60.2524 13.0831 48
      vertex 60.1947 12.2408 48
      vertex 60.2395 12.2363 48
    endloop
  endfacet
  facet normal 0 0 1
    outer loop
      vertex 60.2524 13.0831 48
      vertex 60.1299 12.2446 48
      vertex 60.1947 12.2408 48
    endloop
  endfacet
  facet normal 0 0 1
    outer loop
      vertex 60.0514 13.0914 48
      vertex 60.1299 12.2446 48
      vertex 60.2524 13.0831 48
    endloop
  endfacet
  facet normal 0 0 1
    outer loop
      vertex 60.0514 13.0914 48
      vertex 60.0452 12.2477 48
      vertex 60.1299 12.2446 48
    endloop
  endfacet
  facet normal 0 0 1
    outer loop
      vertex 60.0514 13.0914 48
      vertex 59.9406 12.2501 48
      vertex 60.0452 12.2477 48
    endloop
  endfacet
  facet normal 0 0 1
    outer loop
      vertex 59.8326 13.0941 48
      vertex 59.9406 12.2501 48
      vertex 60.0514 13.0914 48
    endloop
  endfacet
  facet normal 0 0 1
    outer loop
      vertex 59.8326 13.0941 48
      vertex 59.816 12.2518 48
      vertex 59.9406 12.2501 48
    endloop
  endfacet
  facet normal 0 0 1
    outer loop
      vertex 59.8326 13.0941 48
      vertex 59.6715 12.2529 48
      vertex 59.816 12.2518 48
    endloop
  endfacet
  facet normal 0 0 1
    outer loop
      vertex 59.8326 13.0941 48
      vertex 59.5071 12.2532 48
      vertex 59.6715 12.2529 48
    endloop
  endfacet
  facet normal 0 0 1
    outer loop
      vertex 59.8326 13.0941 48
      vertex 58.7239 12.2532 48
      vertex 59.5071 12.2532 48
    endloop
  endfacet
  facet normal 0 0 1
    outer loop
      vertex 57.7203 13.0941 48
      vertex 58.7239 10.9919 48
      vertex 58.7239 12.2532 48
    endloop
  endfacet
  facet normal 0 0 1
    outer loop
      vertex 58.7239 10.9919 48
      vertex 57.7203 13.0941 48
      vertex 58.7239 10.1985 48
    endloop
  endfacet
  facet normal -0 0 1
    outer loop
      vertex 57.7203 13.0941 48
      vertex 58.7239 12.2532 48
      vertex 59.8326 13.0941 48
    endloop
  endfacet
  facet normal 0 0 1
    outer loop
      vertex 58.7239 10.1985 48
      vertex 57.7203 13.0941 48
      vertex 57.7203 8.12344 48
    endloop
  endfacet
  facet normal 0 0 1
    outer loop
      vertex 58.7239 10.1985 48
      vertex 57.7203 8.12344 48
      vertex 58.7239 8.12344 48
    endloop
  endfacet
  facet normal -0 0 1
    outer loop
      vertex 60.6768 11.3073 48
      vertex 61.4567 10.7766 48
      vertex 60.6996 11.3545 48
    endloop
  endfacet
  facet normal 0 0 1
    outer loop
      vertex 61.4567 10.7766 48
      vertex 60.6768 11.3073 48
      vertex 61.3561 10.6779 48
    endloop
  endfacet
  facet normal -0 0 1
    outer loop
      vertex 60.6498 11.2631 48
      vertex 61.3561 10.6779 48
      vertex 60.6768 11.3073 48
    endloop
  endfacet
  facet normal 0 0 1
    outer loop
      vertex 61.3561 10.6779 48
      vertex 60.6498 11.2631 48
      vertex 61.2422 10.5903 48
    endloop
  endfacet
  facet normal -0 0 1
    outer loop
      vertex 60.6191 11.2223 48
      vertex 61.2422 10.5903 48
      vertex 60.6498 11.2631 48
    endloop
  endfacet
  facet normal 0 0 1
    outer loop
      vertex 61.2422 10.5903 48
      vertex 60.6191 11.2223 48
      vertex 61.115 10.5137 48
    endloop
  endfacet
  facet normal -0 0 1
    outer loop
      vertex 60.5853 11.1851 48
      vertex 61.115 10.5137 48
      vertex 60.6191 11.2223 48
    endloop
  endfacet
  facet normal 0 0 1
    outer loop
      vertex 61.115 10.5137 48
      vertex 60.5853 11.1851 48
      vertex 60.9746 10.4481 48
    endloop
  endfacet
  facet normal -0 0 1
    outer loop
      vertex 60.5483 11.1515 48
      vertex 60.9746 10.4481 48
      vertex 60.5853 11.1851 48
    endloop
  endfacet
  facet normal -0 0 1
    outer loop
      vertex 60.5081 11.1214 48
      vertex 60.9746 10.4481 48
      vertex 60.5483 11.1515 48
    endloop
  endfacet
  facet normal 0 0 1
    outer loop
      vertex 60.9746 10.4481 48
      vertex 60.5081 11.1214 48
      vertex 60.8208 10.3934 48
    endloop
  endfacet
  facet normal -0 0 1
    outer loop
      vertex 60.4647 11.095 48
      vertex 60.8208 10.3934 48
      vertex 60.5081 11.1214 48
    endloop
  endfacet
  facet normal 0 0 1
    outer loop
      vertex 60.8208 10.3934 48
      vertex 60.4647 11.095 48
      vertex 60.6538 10.3498 48
    endloop
  endfacet
  facet normal -0 0 1
    outer loop
      vertex 60.4181 11.0722 48
      vertex 60.6538 10.3498 48
      vertex 60.4647 11.095 48
    endloop
  endfacet
  facet normal 0 0 1
    outer loop
      vertex 60.9888 8.12344 48
      vertex 61.5822 9.09315 48
      vertex 61.4825 9.2516 48
    endloop
  endfacet
  facet normal 0 0 1
    outer loop
      vertex 60.2632 9.20504 48
      vertex 61.4825 9.2516 48
      vertex 61.3888 9.39567 48
    endloop
  endfacet
  facet normal 0 0 1
    outer loop
      vertex 60.2632 9.20504 48
      vertex 61.3888 9.39567 48
      vertex 61.3012 9.52534 48
    endloop
  endfacet
  facet normal 0 0 1
    outer loop
      vertex 60.2632 9.20504 48
      vertex 61.3012 9.52534 48
      vertex 61.2196 9.64062 48
    endloop
  endfacet
  facet normal 0 0 1
    outer loop
      vertex 60.2632 9.20504 48
      vertex 61.2196 9.64062 48
      vertex 61.144 9.74151 48
    endloop
  endfacet
  facet normal 0 0 1
    outer loop
      vertex 60.2632 9.20504 48
      vertex 61.144 9.74151 48
      vertex 61.0744 9.828 48
    endloop
  endfacet
  facet normal 0 0 1
    outer loop
      vertex 60.2632 9.20504 48
      vertex 61.0744 9.828 48
      vertex 61.0109 9.9001 48
    endloop
  endfacet
  facet normal 0 0 1
    outer loop
      vertex 61.5822 9.09315 48
      vertex 60.9888 8.12344 48
      vertex 62.1891 8.12344 48
    endloop
  endfacet
  facet normal 0 0 1
    outer loop
      vertex 60.1578 9.36195 48
      vertex 61.0109 9.9001 48
      vertex 60.948 9.96424 48
    endloop
  endfacet
  facet normal 0 0 1
    outer loop
      vertex 60.1578 9.36195 48
      vertex 60.948 9.96424 48
      vertex 60.8805 10.0269 48
    endloop
  endfacet
  facet normal 0 0 1
    outer loop
      vertex 60.1578 9.36195 48
      vertex 60.8805 10.0269 48
      vertex 60.8084 10.088 48
    endloop
  endfacet
  facet normal 0 0 1
    outer loop
      vertex 60.0623 9.50134 48
      vertex 60.8084 10.088 48
      vertex 60.7316 10.1476 48
    endloop
  endfacet
  facet normal 0 0 1
    outer loop
      vertex 60.0623 9.50134 48
      vertex 60.7316 10.1476 48
      vertex 60.6502 10.2056 48
    endloop
  endfacet
  facet normal 0 0 1
    outer loop
      vertex 59.9768 9.62323 48
      vertex 60.6502 10.2056 48
      vertex 60.5642 10.2622 48
    endloop
  endfacet
  facet normal 0 0 1
    outer loop
      vertex 59.9768 9.62323 48
      vertex 60.5642 10.2622 48
      vertex 60.4735 10.3172 48
    endloop
  endfacet
  facet normal -0 0 1
    outer loop
      vertex 60.3683 11.0529 48
      vertex 60.6538 10.3498 48
      vertex 60.4181 11.0722 48
    endloop
  endfacet
  facet normal 0 0 1
    outer loop
      vertex 60.6538 10.3498 48
      vertex 60.3683 11.0529 48
      vertex 60.4735 10.3172 48
    endloop
  endfacet
  facet normal -0 0 1
    outer loop
      vertex 60.3059 11.0367 48
      vertex 60.4735 10.3172 48
      vertex 60.3683 11.0529 48
    endloop
  endfacet
  facet normal 0 0 1
    outer loop
      vertex 61.4825 9.2516 48
      vertex 60.2632 9.20504 48
      vertex 60.9888 8.12344 48
    endloop
  endfacet
  facet normal -0 0 1
    outer loop
      vertex 60.2214 11.023 48
      vertex 60.4735 10.3172 48
      vertex 60.3059 11.0367 48
    endloop
  endfacet
  facet normal -0 0 1
    outer loop
      vertex 60.1147 11.0118 48
      vertex 60.4735 10.3172 48
      vertex 60.2214 11.023 48
    endloop
  endfacet
  facet normal 0 0 1
    outer loop
      vertex 61.0109 9.9001 48
      vertex 60.1578 9.36195 48
      vertex 60.2632 9.20504 48
    endloop
  endfacet
  facet normal -0 0 1
    outer loop
      vertex 59.9858 11.0031 48
      vertex 60.4735 10.3172 48
      vertex 60.1147 11.0118 48
    endloop
  endfacet
  facet normal 0 0 1
    outer loop
      vertex 60.8084 10.088 48
      vertex 60.0623 9.50134 48
      vertex 60.1578 9.36195 48
    endloop
  endfacet
  facet normal 0 0 1
    outer loop
      vertex 59.6091 10.0476 48
      vertex 60.4735 10.3172 48
      vertex 59.9858 11.0031 48
    endloop
  endfacet
  facet normal 0 0 1
    outer loop
      vertex 60.6502 10.2056 48
      vertex 59.9768 9.62323 48
      vertex 60.0623 9.50134 48
    endloop
  endfacet
  facet normal 0 0 1
    outer loop
      vertex 60.4735 10.3172 48
      vertex 59.9012 9.72761 48
      vertex 59.9768 9.62323 48
    endloop
  endfacet
  facet normal 0 0 1
    outer loop
      vertex 60.4735 10.3172 48
      vertex 59.8356 9.81448 48
      vertex 59.9012 9.72761 48
    endloop
  endfacet
  facet normal 0 0 1
    outer loop
      vertex 59.6091 10.0476 48
      vertex 59.9858 11.0031 48
      vertex 59.8348 10.9969 48
    endloop
  endfacet
  facet normal 0 0 1
    outer loop
      vertex 60.4735 10.3172 48
      vertex 59.78 9.88385 48
      vertex 59.8356 9.81448 48
    endloop
  endfacet
  facet normal 0 0 1
    outer loop
      vertex 60.4735 10.3172 48
      vertex 59.7343 9.9357 48
      vertex 59.78 9.88385 48
    endloop
  endfacet
  facet normal 0 0 1
    outer loop
      vertex 60.4735 10.3172 48
      vertex 59.6933 9.97686 48
      vertex 59.7343 9.9357 48
    endloop
  endfacet
  facet normal 0 0 1
    outer loop
      vertex 59.5222 10.1028 48
      vertex 59.8348 10.9969 48
      vertex 59.6617 10.9931 48
    endloop
  endfacet
  facet normal 0 0 1
    outer loop
      vertex 60.4735 10.3172 48
      vertex 59.6515 10.0142 48
      vertex 59.6933 9.97686 48
    endloop
  endfacet
  facet normal 0 0 1
    outer loop
      vertex 60.4735 10.3172 48
      vertex 59.6091 10.0476 48
      vertex 59.6515 10.0142 48
    endloop
  endfacet
  facet normal 0 0 1
    outer loop
      vertex 59.8348 10.9969 48
      vertex 59.566 10.0771 48
      vertex 59.6091 10.0476 48
    endloop
  endfacet
  facet normal 0 0 1
    outer loop
      vertex 59.8348 10.9969 48
      vertex 59.5222 10.1028 48
      vertex 59.566 10.0771 48
    endloop
  endfacet
  facet normal 0 0 1
    outer loop
      vertex 59.6617 10.9931 48
      vertex 59.4777 10.1246 48
      vertex 59.5222 10.1028 48
    endloop
  endfacet
  facet normal 0 0 1
    outer loop
      vertex 59.4325 10.1425 48
      vertex 59.6617 10.9931 48
      vertex 59.4665 10.9919 48
    endloop
  endfacet
  facet normal 0 0 1
    outer loop
      vertex 59.6617 10.9931 48
      vertex 59.4325 10.1425 48
      vertex 59.4777 10.1246 48
    endloop
  endfacet
  facet normal 0 0 1
    outer loop
      vertex 59.4665 10.9919 48
      vertex 59.3832 10.1574 48
      vertex 59.4325 10.1425 48
    endloop
  endfacet
  facet normal 0 0 1
    outer loop
      vertex 59.4665 10.9919 48
      vertex 59.3263 10.1699 48
      vertex 59.3832 10.1574 48
    endloop
  endfacet
  facet normal 0 0 1
    outer loop
      vertex 59.4665 10.9919 48
      vertex 59.2617 10.1802 48
      vertex 59.3263 10.1699 48
    endloop
  endfacet
  facet normal 0 0 1
    outer loop
      vertex 59.4665 10.9919 48
      vertex 59.1895 10.1882 48
      vertex 59.2617 10.1802 48
    endloop
  endfacet
  facet normal 0 0 1
    outer loop
      vertex 59.4665 10.9919 48
      vertex 59.1097 10.1939 48
      vertex 59.1895 10.1882 48
    endloop
  endfacet
  facet normal -0 0 1
    outer loop
      vertex 58.7239 10.9919 48
      vertex 59.1097 10.1939 48
      vertex 59.4665 10.9919 48
    endloop
  endfacet
  facet normal 0 0 1
    outer loop
      vertex 59.1097 10.1939 48
      vertex 58.7239 10.9919 48
      vertex 59.0224 10.1974 48
    endloop
  endfacet
  facet normal 0 0 1
    outer loop
      vertex 59.0224 10.1974 48
      vertex 58.7239 10.9919 48
      vertex 58.9273 10.1985 48
    endloop
  endfacet
  facet normal 0 0 1
    outer loop
      vertex 58.9273 10.1985 48
      vertex 58.7239 10.9919 48
      vertex 58.7239 10.1985 48
    endloop
  endfacet
  facet normal -0.081267 0.996692 0
    outer loop
      vertex 45.3427 8.05766 48
      vertex 45.1683 8.04344 48.4
      vertex 45.3427 8.05766 48.4
    endloop
  endfacet
  facet normal -0.081267 0.996692 0
    outer loop
      vertex 45.1683 8.04344 48.4
      vertex 45.3427 8.05766 48
      vertex 45.1683 8.04344 48
    endloop
  endfacet
  facet normal -0.135113 0.99083 0
    outer loop
      vertex 45.5165 8.08136 48
      vertex 45.3427 8.05766 48.4
      vertex 45.5165 8.08136 48.4
    endloop
  endfacet
  facet normal -0.135113 0.99083 0
    outer loop
      vertex 45.3427 8.05766 48.4
      vertex 45.5165 8.08136 48
      vertex 45.3427 8.05766 48
    endloop
  endfacet
  facet normal -0.188094 0.982151 0
    outer loop
      vertex 45.6897 8.11453 48
      vertex 45.5165 8.08136 48.4
      vertex 45.6897 8.11453 48.4
    endloop
  endfacet
  facet normal -0.188094 0.982151 0
    outer loop
      vertex 45.5165 8.08136 48.4
      vertex 45.6897 8.11453 48
      vertex 45.5165 8.08136 48
    endloop
  endfacet
  facet normal -0.240072 0.970755 0
    outer loop
      vertex 45.8622 8.15719 48
      vertex 45.6897 8.11453 48.4
      vertex 45.8622 8.15719 48.4
    endloop
  endfacet
  facet normal -0.240072 0.970755 0
    outer loop
      vertex 45.6897 8.11453 48.4
      vertex 45.8622 8.15719 48
      vertex 45.6897 8.11453 48
    endloop
  endfacet
  facet normal -0.290258 0.956949 0
    outer loop
      vertex 46.0341 8.20933 48
      vertex 45.8622 8.15719 48.4
      vertex 46.0341 8.20933 48.4
    endloop
  endfacet
  facet normal -0.290258 0.956949 0
    outer loop
      vertex 45.8622 8.15719 48.4
      vertex 46.0341 8.20933 48
      vertex 45.8622 8.15719 48
    endloop
  endfacet
  facet normal -0.338486 0.940971 0
    outer loop
      vertex 46.2054 8.27095 48
      vertex 46.0341 8.20933 48.4
      vertex 46.2054 8.27095 48.4
    endloop
  endfacet
  facet normal -0.338486 0.940971 0
    outer loop
      vertex 46.0341 8.20933 48.4
      vertex 46.2054 8.27095 48
      vertex 46.0341 8.20933 48
    endloop
  endfacet
  facet normal -0.379871 0.925039 0
    outer loop
      vertex 46.3706 8.33879 48
      vertex 46.2054 8.27095 48.4
      vertex 46.3706 8.33879 48.4
    endloop
  endfacet
  facet normal -0.379871 0.925039 0
    outer loop
      vertex 46.2054 8.27095 48.4
      vertex 46.3706 8.33879 48
      vertex 46.2054 8.27095 48
    endloop
  endfacet
  facet normal -0.418432 0.908248 0
    outer loop
      vertex 46.5243 8.4096 48
      vertex 46.3706 8.33879 48.4
      vertex 46.5243 8.4096 48.4
    endloop
  endfacet
  facet normal -0.418432 0.908248 0
    outer loop
      vertex 46.3706 8.33879 48.4
      vertex 46.5243 8.4096 48
      vertex 46.3706 8.33879 48
    endloop
  endfacet
  facet normal -0.46095 0.887426 0
    outer loop
      vertex 46.6664 8.48341 48
      vertex 46.5243 8.4096 48.4
      vertex 46.6664 8.48341 48.4
    endloop
  endfacet
  facet normal -0.46095 0.887426 0
    outer loop
      vertex 46.5243 8.4096 48.4
      vertex 46.6664 8.48341 48
      vertex 46.5243 8.4096 48
    endloop
  endfacet
  facet normal -0.507046 0.861919 0
    outer loop
      vertex 46.7969 8.56018 48
      vertex 46.6664 8.48341 48.4
      vertex 46.7969 8.56018 48.4
    endloop
  endfacet
  facet normal -0.507046 0.861919 0
    outer loop
      vertex 46.6664 8.48341 48.4
      vertex 46.7969 8.56018 48
      vertex 46.6664 8.48341 48
    endloop
  endfacet
  facet normal -0.556664 0.830738 0
    outer loop
      vertex 46.9159 8.63992 48
      vertex 46.7969 8.56018 48.4
      vertex 46.9159 8.63992 48.4
    endloop
  endfacet
  facet normal -0.556664 0.830738 0
    outer loop
      vertex 46.7969 8.56018 48.4
      vertex 46.9159 8.63992 48
      vertex 46.7969 8.56018 48
    endloop
  endfacet
  facet normal -0.610242 0.792215 0
    outer loop
      vertex 47.0233 8.72265 48
      vertex 46.9159 8.63992 48.4
      vertex 47.0233 8.72265 48.4
    endloop
  endfacet
  facet normal -0.610242 0.792215 0
    outer loop
      vertex 46.9159 8.63992 48.4
      vertex 47.0233 8.72265 48
      vertex 46.9159 8.63992 48
    endloop
  endfacet
  facet normal -0.66634 0.745648 0
    outer loop
      vertex 47.1192 8.80835 48
      vertex 47.0233 8.72265 48.4
      vertex 47.1192 8.80835 48.4
    endloop
  endfacet
  facet normal -0.66634 0.745648 0
    outer loop
      vertex 47.0233 8.72265 48.4
      vertex 47.1192 8.80835 48
      vertex 47.0233 8.72265 48
    endloop
  endfacet
  facet normal -1 0 0
    outer loop
      vertex 47.1192 8.80835 48
      vertex 47.1192 10.7885 48.4
      vertex 47.1192 10.7885 48
    endloop
  endfacet
  facet normal -1 -0 0
    outer loop
      vertex 47.1192 10.7885 48.4
      vertex 47.1192 8.80835 48
      vertex 47.1192 8.80835 48.4
    endloop
  endfacet
  facet normal 0 -1 0
    outer loop
      vertex 44.956 10.7885 48
      vertex 47.1192 10.7885 48.4
      vertex 44.956 10.7885 48.4
    endloop
  endfacet
  facet normal 0 -1 -0
    outer loop
      vertex 47.1192 10.7885 48.4
      vertex 44.956 10.7885 48
      vertex 47.1192 10.7885 48
    endloop
  endfacet
  facet normal 1 -0 0
    outer loop
      vertex 44.956 9.951 48.4
      vertex 44.956 10.7885 48
      vertex 44.956 10.7885 48.4
    endloop
  endfacet
  facet normal 1 0 0
    outer loop
      vertex 44.956 10.7885 48
      vertex 44.956 9.951 48.4
      vertex 44.956 9.951 48
    endloop
  endfacet
  facet normal 0 1 -0
    outer loop
      vertex 46.1054 9.951 48
      vertex 44.956 9.951 48.4
      vertex 46.1054 9.951 48.4
    endloop
  endfacet
  facet normal 0 1 0
    outer loop
      vertex 44.956 9.951 48.4
      vertex 46.1054 9.951 48
      vertex 44.956 9.951 48
    endloop
  endfacet
  facet normal 1 -0 0
    outer loop
      vertex 46.1054 9.32034 48.4
      vertex 46.1054 9.951 48
      vertex 46.1054 9.951 48.4
    endloop
  endfacet
  facet normal 1 0 0
    outer loop
      vertex 46.1054 9.951 48
      vertex 46.1054 9.32034 48.4
      vertex 46.1054 9.32034 48
    endloop
  endfacet
  facet normal 0.594391 -0.804176 0
    outer loop
      vertex 46.0387 9.27104 48
      vertex 46.1054 9.32034 48.4
      vertex 46.0387 9.27104 48.4
    endloop
  endfacet
  facet normal 0.594391 -0.804176 0
    outer loop
      vertex 46.1054 9.32034 48.4
      vertex 46.0387 9.27104 48
      vertex 46.1054 9.32034 48
    endloop
  endfacet
  facet normal 0.556469 -0.830868 0
    outer loop
      vertex 45.9683 9.22389 48
      vertex 46.0387 9.27104 48.4
      vertex 45.9683 9.22389 48.4
    endloop
  endfacet
  facet normal 0.556469 -0.830868 0
    outer loop
      vertex 46.0387 9.27104 48.4
      vertex 45.9683 9.22389 48
      vertex 46.0387 9.27104 48
    endloop
  endfacet
  facet normal 0.519237 -0.85463 0
    outer loop
      vertex 45.8942 9.17887 48
      vertex 45.9683 9.22389 48.4
      vertex 45.8942 9.17887 48.4
    endloop
  endfacet
  facet normal 0.519237 -0.85463 0
    outer loop
      vertex 45.9683 9.22389 48.4
      vertex 45.8942 9.17887 48
      vertex 45.9683 9.22389 48
    endloop
  endfacet
  facet normal 0.48261 -0.875835 0
    outer loop
      vertex 45.8164 9.136 48
      vertex 45.8942 9.17887 48.4
      vertex 45.8164 9.136 48.4
    endloop
  endfacet
  facet normal 0.48261 -0.875835 0
    outer loop
      vertex 45.8942 9.17887 48.4
      vertex 45.8164 9.136 48
      vertex 45.8942 9.17887 48
    endloop
  endfacet
  facet normal 0.447477 -0.894295 0
    outer loop
      vertex 45.735 9.09527 48
      vertex 45.8164 9.136 48.4
      vertex 45.735 9.09527 48.4
    endloop
  endfacet
  facet normal 0.447477 -0.894295 0
    outer loop
      vertex 45.8164 9.136 48.4
      vertex 45.735 9.09527 48
      vertex 45.8164 9.136 48
    endloop
  endfacet
  facet normal 0.412988 -0.910736 0
    outer loop
      vertex 45.6499 9.05668 48
      vertex 45.735 9.09527 48.4
      vertex 45.6499 9.05668 48.4
    endloop
  endfacet
  facet normal 0.412988 -0.910736 0
    outer loop
      vertex 45.735 9.09527 48.4
      vertex 45.6499 9.05668 48
      vertex 45.735 9.09527 48
    endloop
  endfacet
  facet normal 0.380005 -0.924984 0
    outer loop
      vertex 45.5612 9.02024 48
      vertex 45.6499 9.05668 48.4
      vertex 45.5612 9.02024 48.4
    endloop
  endfacet
  facet normal 0.380005 -0.924984 0
    outer loop
      vertex 45.6499 9.05668 48.4
      vertex 45.5612 9.02024 48
      vertex 45.6499 9.05668 48
    endloop
  endfacet
  facet normal 0.340685 -0.940178 0
    outer loop
      vertex 45.4706 8.98741 48
      vertex 45.5612 9.02024 48.4
      vertex 45.4706 8.98741 48.4
    endloop
  endfacet
  facet normal 0.340685 -0.940178 0
    outer loop
      vertex 45.5612 9.02024 48.4
      vertex 45.4706 8.98741 48
      vertex 45.5612 9.02024 48
    endloop
  endfacet
  facet normal 0.293351 -0.956005 0
    outer loop
      vertex 45.3801 8.95964 48
      vertex 45.4706 8.98741 48.4
      vertex 45.3801 8.95964 48.4
    endloop
  endfacet
  facet normal 0.293351 -0.956005 0
    outer loop
      vertex 45.4706 8.98741 48.4
      vertex 45.3801 8.95964 48
      vertex 45.4706 8.98741 48
    endloop
  endfacet
  facet normal 0.244203 -0.969724 0
    outer loop
      vertex 45.2898 8.9369 48
      vertex 45.3801 8.95964 48.4
      vertex 45.2898 8.9369 48.4
    endloop
  endfacet
  facet normal 0.244203 -0.969724 0
    outer loop
      vertex 45.3801 8.95964 48.4
      vertex 45.2898 8.9369 48
      vertex 45.3801 8.95964 48
    endloop
  endfacet
  facet normal 0.191834 -0.981427 0
    outer loop
      vertex 45.1994 8.91923 48
      vertex 45.2898 8.9369 48.4
      vertex 45.1994 8.91923 48.4
    endloop
  endfacet
  facet normal 0.191834 -0.981427 0
    outer loop
      vertex 45.2898 8.9369 48.4
      vertex 45.1994 8.91923 48
      vertex 45.2898 8.9369 48
    endloop
  endfacet
  facet normal 0.138669 -0.990339 0
    outer loop
      vertex 45.1092 8.9066 48
      vertex 45.1994 8.91923 48.4
      vertex 45.1092 8.9066 48.4
    endloop
  endfacet
  facet normal 0.138669 -0.990339 0
    outer loop
      vertex 45.1994 8.91923 48.4
      vertex 45.1092 8.9066 48
      vertex 45.1994 8.91923 48
    endloop
  endfacet
  facet normal 0.08385 -0.996478 0
    outer loop
      vertex 45.019 8.89901 48
      vertex 45.1092 8.9066 48.4
      vertex 45.019 8.89901 48.4
    endloop
  endfacet
  facet normal 0.08385 -0.996478 0
    outer loop
      vertex 45.1092 8.9066 48.4
      vertex 45.019 8.89901 48
      vertex 45.1092 8.9066 48
    endloop
  endfacet
  facet normal 0.0278471 -0.999612 0
    outer loop
      vertex 44.9289 8.8965 48
      vertex 45.019 8.89901 48.4
      vertex 44.9289 8.8965 48.4
    endloop
  endfacet
  facet normal 0.0278471 -0.999612 0
    outer loop
      vertex 45.019 8.89901 48.4
      vertex 44.9289 8.8965 48
      vertex 45.019 8.89901 48
    endloop
  endfacet
  facet normal -0.0508933 -0.998704 0
    outer loop
      vertex 44.7517 8.90553 48
      vertex 44.9289 8.8965 48.4
      vertex 44.7517 8.90553 48.4
    endloop
  endfacet
  facet normal -0.0508933 -0.998704 -0
    outer loop
      vertex 44.9289 8.8965 48.4
      vertex 44.7517 8.90553 48
      vertex 44.9289 8.8965 48
    endloop
  endfacet
  facet normal -0.159878 -0.987137 0
    outer loop
      vertex 44.5845 8.93261 48
      vertex 44.7517 8.90553 48.4
      vertex 44.5845 8.93261 48.4
    endloop
  endfacet
  facet normal -0.159878 -0.987137 -0
    outer loop
      vertex 44.7517 8.90553 48.4
      vertex 44.5845 8.93261 48
      vertex 44.7517 8.90553 48
    endloop
  endfacet
  facet normal -0.276053 -0.961142 0
    outer loop
      vertex 44.4273 8.97776 48
      vertex 44.5845 8.93261 48.4
      vertex 44.4273 8.97776 48.4
    endloop
  endfacet
  facet normal -0.276053 -0.961142 -0
    outer loop
      vertex 44.5845 8.93261 48.4
      vertex 44.4273 8.97776 48
      vertex 44.5845 8.93261 48
    endloop
  endfacet
  facet normal -0.394575 -0.918864 0
    outer loop
      vertex 44.2801 9.04097 48
      vertex 44.4273 8.97776 48.4
      vertex 44.2801 9.04097 48.4
    endloop
  endfacet
  facet normal -0.394575 -0.918864 -0
    outer loop
      vertex 44.4273 8.97776 48.4
      vertex 44.2801 9.04097 48
      vertex 44.4273 8.97776 48
    endloop
  endfacet
  facet normal -0.509325 -0.860574 0
    outer loop
      vertex 44.1428 9.12223 48
      vertex 44.2801 9.04097 48.4
      vertex 44.1428 9.12223 48.4
    endloop
  endfacet
  facet normal -0.509325 -0.860574 -0
    outer loop
      vertex 44.2801 9.04097 48.4
      vertex 44.1428 9.12223 48
      vertex 44.2801 9.04097 48
    endloop
  endfacet
  facet normal -0.614832 -0.788658 0
    outer loop
      vertex 44.0154 9.22155 48
      vertex 44.1428 9.12223 48.4
      vertex 44.0154 9.22155 48.4
    endloop
  endfacet
  facet normal -0.614832 -0.788658 -0
    outer loop
      vertex 44.1428 9.12223 48.4
      vertex 44.0154 9.22155 48
      vertex 44.1428 9.12223 48
    endloop
  endfacet
  facet normal -0.707378 -0.706836 0
    outer loop
      vertex 44.0154 9.22155 48
      vertex 43.8981 9.33894 48.4
      vertex 43.8981 9.33894 48
    endloop
  endfacet
  facet normal -0.707378 -0.706836 0
    outer loop
      vertex 43.8981 9.33894 48.4
      vertex 44.0154 9.22155 48
      vertex 44.0154 9.22155 48.4
    endloop
  endfacet
  facet normal -0.79208 -0.610417 0
    outer loop
      vertex 43.8981 9.33894 48
      vertex 43.7937 9.47441 48.4
      vertex 43.7937 9.47441 48
    endloop
  endfacet
  facet normal -0.79208 -0.610417 0
    outer loop
      vertex 43.7937 9.47441 48.4
      vertex 43.8981 9.33894 48
      vertex 43.8981 9.33894 48.4
    endloop
  endfacet
  facet normal -0.866843 -0.498581 0
    outer loop
      vertex 43.7937 9.47441 48
      vertex 43.7054 9.62793 48.4
      vertex 43.7054 9.62793 48
    endloop
  endfacet
  facet normal -0.866843 -0.498581 0
    outer loop
      vertex 43.7054 9.62793 48.4
      vertex 43.7937 9.47441 48
      vertex 43.7937 9.47441 48.4
    endloop
  endfacet
  facet normal -0.921712 -0.387874 0
    outer loop
      vertex 43.7054 9.62793 48
      vertex 43.6332 9.7995 48.4
      vertex 43.6332 9.7995 48
    endloop
  endfacet
  facet normal -0.921712 -0.387874 0
    outer loop
      vertex 43.6332 9.7995 48.4
      vertex 43.7054 9.62793 48
      vertex 43.7054 9.62793 48.4
    endloop
  endfacet
  facet normal -0.95878 -0.28415 0
    outer loop
      vertex 43.6332 9.7995 48
      vertex 43.577 9.98913 48.4
      vertex 43.577 9.98913 48
    endloop
  endfacet
  facet normal -0.95878 -0.28415 0
    outer loop
      vertex 43.577 9.98913 48.4
      vertex 43.6332 9.7995 48
      vertex 43.6332 9.7995 48.4
    endloop
  endfacet
  facet normal -0.981863 -0.189593 0
    outer loop
      vertex 43.577 9.98913 48
      vertex 43.5369 10.1968 48.4
      vertex 43.5369 10.1968 48
    endloop
  endfacet
  facet normal -0.981863 -0.189593 0
    outer loop
      vertex 43.5369 10.1968 48.4
      vertex 43.577 9.98913 48
      vertex 43.577 9.98913 48.4
    endloop
  endfacet
  facet normal -0.994352 -0.106129 0
    outer loop
      vertex 43.5369 10.1968 48
      vertex 43.5128 10.4226 48.4
      vertex 43.5128 10.4226 48
    endloop
  endfacet
  facet normal -0.994352 -0.106129 0
    outer loop
      vertex 43.5128 10.4226 48.4
      vertex 43.5369 10.1968 48
      vertex 43.5369 10.1968 48.4
    endloop
  endfacet
  facet normal -0.999462 -0.0327961 0
    outer loop
      vertex 43.5128 10.4226 48
      vertex 43.5048 10.6664 48.4
      vertex 43.5048 10.6664 48
    endloop
  endfacet
  facet normal -0.999462 -0.0327961 0
    outer loop
      vertex 43.5048 10.6664 48.4
      vertex 43.5128 10.4226 48
      vertex 43.5128 10.4226 48.4
    endloop
  endfacet
  facet normal -0.999391 0.0349036 0
    outer loop
      vertex 43.5048 10.6664 48
      vertex 43.5127 10.8926 48.4
      vertex 43.5127 10.8926 48
    endloop
  endfacet
  facet normal -0.999391 0.0349036 0
    outer loop
      vertex 43.5127 10.8926 48.4
      vertex 43.5048 10.6664 48
      vertex 43.5048 10.6664 48.4
    endloop
  endfacet
  facet normal -0.993621 0.112771 0
    outer loop
      vertex 43.5127 10.8926 48
      vertex 43.5365 11.1023 48.4
      vertex 43.5365 11.1023 48
    endloop
  endfacet
  facet normal -0.993621 0.112771 0
    outer loop
      vertex 43.5365 11.1023 48.4
      vertex 43.5127 10.8926 48
      vertex 43.5127 10.8926 48.4
    endloop
  endfacet
  facet normal -0.979654 0.200695 0
    outer loop
      vertex 43.5365 11.1023 48
      vertex 43.5761 11.2956 48.4
      vertex 43.5761 11.2956 48
    endloop
  endfacet
  facet normal -0.979654 0.200695 0
    outer loop
      vertex 43.5761 11.2956 48.4
      vertex 43.5365 11.1023 48
      vertex 43.5365 11.1023 48.4
    endloop
  endfacet
  facet normal -0.954249 0.299012 0
    outer loop
      vertex 43.5761 11.2956 48
      vertex 43.6315 11.4724 48.4
      vertex 43.6315 11.4724 48
    endloop
  endfacet
  facet normal -0.954249 0.299012 0
    outer loop
      vertex 43.6315 11.4724 48.4
      vertex 43.5761 11.2956 48
      vertex 43.5761 11.2956 48.4
    endloop
  endfacet
  facet normal -0.913694 0.406403 0
    outer loop
      vertex 43.6315 11.4724 48
      vertex 43.7028 11.6327 48.4
      vertex 43.7028 11.6327 48
    endloop
  endfacet
  facet normal -0.913694 0.406403 0
    outer loop
      vertex 43.7028 11.6327 48.4
      vertex 43.6315 11.4724 48
      vertex 43.6315 11.4724 48.4
    endloop
  endfacet
  facet normal -0.85523 0.518249 0
    outer loop
      vertex 43.7028 11.6327 48
      vertex 43.79 11.7766 48.4
      vertex 43.79 11.7766 48
    endloop
  endfacet
  facet normal -0.85523 0.518249 0
    outer loop
      vertex 43.79 11.7766 48.4
      vertex 43.7028 11.6327 48
      vertex 43.7028 11.6327 48.4
    endloop
  endfacet
  facet normal -0.777643 0.628706 0
    outer loop
      vertex 43.79 11.7766 48
      vertex 43.893 11.904 48.4
      vertex 43.893 11.904 48
    endloop
  endfacet
  facet normal -0.777643 0.628706 0
    outer loop
      vertex 43.893 11.904 48.4
      vertex 43.79 11.7766 48
      vertex 43.79 11.7766 48.4
    endloop
  endfacet
  facet normal -0.688815 0.724937 0
    outer loop
      vertex 44.0094 12.0146 48
      vertex 43.893 11.904 48.4
      vertex 44.0094 12.0146 48.4
    endloop
  endfacet
  facet normal -0.688815 0.724937 0
    outer loop
      vertex 43.893 11.904 48.4
      vertex 44.0094 12.0146 48
      vertex 43.893 11.904 48
    endloop
  endfacet
  facet normal -0.591775 0.806103 0
    outer loop
      vertex 44.1369 12.1082 48
      vertex 44.0094 12.0146 48.4
      vertex 44.1369 12.1082 48.4
    endloop
  endfacet
  facet normal -0.591775 0.806103 0
    outer loop
      vertex 44.0094 12.0146 48.4
      vertex 44.1369 12.1082 48
      vertex 44.0094 12.0146 48
    endloop
  endfacet
  facet normal -0.48473 0.874664 0
    outer loop
      vertex 44.2753 12.1849 48
      vertex 44.1369 12.1082 48.4
      vertex 44.2753 12.1849 48.4
    endloop
  endfacet
  facet normal -0.48473 0.874664 0
    outer loop
      vertex 44.1369 12.1082 48.4
      vertex 44.2753 12.1849 48
      vertex 44.1369 12.1082 48
    endloop
  endfacet
  facet normal -0.369996 0.929033 0
    outer loop
      vertex 44.4247 12.2444 48
      vertex 44.2753 12.1849 48.4
      vertex 44.4247 12.2444 48.4
    endloop
  endfacet
  facet normal -0.369996 0.929033 0
    outer loop
      vertex 44.2753 12.1849 48.4
      vertex 44.4247 12.2444 48
      vertex 44.2753 12.1849 48
    endloop
  endfacet
  facet normal -0.256538 0.966534 0
    outer loop
      vertex 44.5852 12.287 48
      vertex 44.4247 12.2444 48.4
      vertex 44.5852 12.287 48.4
    endloop
  endfacet
  facet normal -0.256538 0.966534 0
    outer loop
      vertex 44.4247 12.2444 48.4
      vertex 44.5852 12.287 48
      vertex 44.4247 12.2444 48
    endloop
  endfacet
  facet normal -0.147155 0.989113 0
    outer loop
      vertex 44.7566 12.3125 48
      vertex 44.5852 12.287 48.4
      vertex 44.7566 12.3125 48.4
    endloop
  endfacet
  facet normal -0.147155 0.989113 0
    outer loop
      vertex 44.5852 12.287 48.4
      vertex 44.7566 12.3125 48
      vertex 44.5852 12.287 48
    endloop
  endfacet
  facet normal -0.0465504 0.998916 0
    outer loop
      vertex 44.939 12.321 48
      vertex 44.7566 12.3125 48.4
      vertex 44.939 12.321 48.4
    endloop
  endfacet
  facet normal -0.0465504 0.998916 0
    outer loop
      vertex 44.7566 12.3125 48.4
      vertex 44.939 12.321 48
      vertex 44.7566 12.3125 48
    endloop
  endfacet
  facet normal 0.0354855 0.99937 -0
    outer loop
      vertex 45.0601 12.3167 48
      vertex 44.939 12.321 48.4
      vertex 45.0601 12.3167 48.4
    endloop
  endfacet
  facet normal 0.0354855 0.99937 0
    outer loop
      vertex 44.939 12.321 48.4
      vertex 45.0601 12.3167 48
      vertex 44.939 12.321 48
    endloop
  endfacet
  facet normal 0.112135 0.993693 -0
    outer loop
      vertex 45.1753 12.3037 48
      vertex 45.0601 12.3167 48.4
      vertex 45.1753 12.3037 48.4
    endloop
  endfacet
  facet normal 0.112135 0.993693 0
    outer loop
      vertex 45.0601 12.3167 48.4
      vertex 45.1753 12.3037 48
      vertex 45.0601 12.3167 48
    endloop
  endfacet
  facet normal 0.194043 0.980993 -0
    outer loop
      vertex 45.2845 12.2821 48
      vertex 45.1753 12.3037 48.4
      vertex 45.2845 12.2821 48.4
    endloop
  endfacet
  facet normal 0.194043 0.980993 0
    outer loop
      vertex 45.1753 12.3037 48.4
      vertex 45.2845 12.2821 48
      vertex 45.1753 12.3037 48
    endloop
  endfacet
  facet normal 0.280961 0.959719 -0
    outer loop
      vertex 45.388 12.2518 48
      vertex 45.2845 12.2821 48.4
      vertex 45.388 12.2518 48.4
    endloop
  endfacet
  facet normal 0.280961 0.959719 0
    outer loop
      vertex 45.2845 12.2821 48.4
      vertex 45.388 12.2518 48
      vertex 45.2845 12.2821 48
    endloop
  endfacet
  facet normal 0.370569 0.928805 -0
    outer loop
      vertex 45.4855 12.2129 48
      vertex 45.388 12.2518 48.4
      vertex 45.4855 12.2129 48.4
    endloop
  endfacet
  facet normal 0.370569 0.928805 0
    outer loop
      vertex 45.388 12.2518 48.4
      vertex 45.4855 12.2129 48
      vertex 45.388 12.2518 48
    endloop
  endfacet
  facet normal 0.461109 0.887344 -0
    outer loop
      vertex 45.5771 12.1653 48
      vertex 45.4855 12.2129 48.4
      vertex 45.5771 12.1653 48.4
    endloop
  endfacet
  facet normal 0.461109 0.887344 0
    outer loop
      vertex 45.4855 12.2129 48.4
      vertex 45.5771 12.1653 48
      vertex 45.4855 12.2129 48
    endloop
  endfacet
  facet normal 0.547932 0.836523 -0
    outer loop
      vertex 45.6629 12.1091 48
      vertex 45.5771 12.1653 48.4
      vertex 45.6629 12.1091 48.4
    endloop
  endfacet
  facet normal 0.547932 0.836523 0
    outer loop
      vertex 45.5771 12.1653 48.4
      vertex 45.6629 12.1091 48
      vertex 45.5771 12.1653 48
    endloop
  endfacet
  facet normal 0.627213 0.778847 -0
    outer loop
      vertex 45.742 12.0454 48
      vertex 45.6629 12.1091 48.4
      vertex 45.742 12.0454 48.4
    endloop
  endfacet
  facet normal 0.627213 0.778847 0
    outer loop
      vertex 45.6629 12.1091 48.4
      vertex 45.742 12.0454 48
      vertex 45.6629 12.1091 48
    endloop
  endfacet
  facet normal 0.699572 0.714562 -0
    outer loop
      vertex 45.8135 11.9754 48
      vertex 45.742 12.0454 48.4
      vertex 45.8135 11.9754 48.4
    endloop
  endfacet
  facet normal 0.699572 0.714562 0
    outer loop
      vertex 45.742 12.0454 48.4
      vertex 45.8135 11.9754 48
      vertex 45.742 12.0454 48
    endloop
  endfacet
  facet normal 0.766654 0.64206 0
    outer loop
      vertex 45.8774 11.8991 48.4
      vertex 45.8135 11.9754 48
      vertex 45.8135 11.9754 48.4
    endloop
  endfacet
  facet normal 0.766654 0.64206 0
    outer loop
      vertex 45.8135 11.9754 48
      vertex 45.8774 11.8991 48.4
      vertex 45.8774 11.8991 48
    endloop
  endfacet
  facet normal 0.825381 0.564576 0
    outer loop
      vertex 45.9339 11.8165 48.4
      vertex 45.8774 11.8991 48
      vertex 45.8774 11.8991 48.4
    endloop
  endfacet
  facet normal 0.825381 0.564576 0
    outer loop
      vertex 45.8774 11.8991 48
      vertex 45.9339 11.8165 48.4
      vertex 45.9339 11.8165 48
    endloop
  endfacet
  facet normal 0.875966 0.482373 0
    outer loop
      vertex 45.9828 11.7277 48.4
      vertex 45.9339 11.8165 48
      vertex 45.9339 11.8165 48.4
    endloop
  endfacet
  facet normal 0.875966 0.482373 0
    outer loop
      vertex 45.9339 11.8165 48
      vertex 45.9828 11.7277 48.4
      vertex 45.9828 11.7277 48
    endloop
  endfacet
  facet normal 0.917391 0.397986 0
    outer loop
      vertex 46.0241 11.6325 48.4
      vertex 45.9828 11.7277 48
      vertex 45.9828 11.7277 48.4
    endloop
  endfacet
  facet normal 0.917391 0.397986 0
    outer loop
      vertex 45.9828 11.7277 48
      vertex 46.0241 11.6325 48.4
      vertex 46.0241 11.6325 48
    endloop
  endfacet
  facet normal 0.948777 0.315947 0
    outer loop
      vertex 46.0579 11.531 48.4
      vertex 46.0241 11.6325 48
      vertex 46.0241 11.6325 48.4
    endloop
  endfacet
  facet normal 0.948777 0.315947 0
    outer loop
      vertex 46.0241 11.6325 48
      vertex 46.0579 11.531 48.4
      vertex 46.0579 11.531 48
    endloop
  endfacet
  facet normal -0.18389 0.982947 0
    outer loop
      vertex 47.0548 11.7175 48
      vertex 46.0579 11.531 48.4
      vertex 47.0548 11.7175 48.4
    endloop
  endfacet
  facet normal -0.18389 0.982947 0
    outer loop
      vertex 46.0579 11.531 48.4
      vertex 47.0548 11.7175 48
      vertex 46.0579 11.531 48
    endloop
  endfacet
  facet normal -0.96669 -0.255949 0
    outer loop
      vertex 47.0548 11.7175 48
      vertex 47.0046 11.9071 48.4
      vertex 47.0046 11.9071 48
    endloop
  endfacet
  facet normal -0.96669 -0.255949 0
    outer loop
      vertex 47.0046 11.9071 48.4
      vertex 47.0548 11.7175 48
      vertex 47.0548 11.7175 48.4
    endloop
  endfacet
  facet normal -0.938334 -0.34573 0
    outer loop
      vertex 47.0046 11.9071 48
      vertex 46.9392 12.0846 48.4
      vertex 46.9392 12.0846 48
    endloop
  endfacet
  facet normal -0.938334 -0.34573 0
    outer loop
      vertex 46.9392 12.0846 48.4
      vertex 47.0046 11.9071 48
      vertex 47.0046 11.9071 48.4
    endloop
  endfacet
  facet normal -0.89916 -0.43762 0
    outer loop
      vertex 46.9392 12.0846 48
      vertex 46.8587 12.25 48.4
      vertex 46.8587 12.25 48
    endloop
  endfacet
  facet normal -0.89916 -0.43762 0
    outer loop
      vertex 46.8587 12.25 48.4
      vertex 46.9392 12.0846 48
      vertex 46.9392 12.0846 48.4
    endloop
  endfacet
  facet normal -0.848278 -0.529551 0
    outer loop
      vertex 46.8587 12.25 48
      vertex 46.763 12.4033 48.4
      vertex 46.763 12.4033 48
    endloop
  endfacet
  facet normal -0.848278 -0.529551 0
    outer loop
      vertex 46.763 12.4033 48.4
      vertex 46.8587 12.25 48
      vertex 46.8587 12.25 48.4
    endloop
  endfacet
  facet normal -0.786705 -0.617329 0
    outer loop
      vertex 46.763 12.4033 48
      vertex 46.6522 12.5445 48.4
      vertex 46.6522 12.5445 48
    endloop
  endfacet
  facet normal -0.786705 -0.617329 0
    outer loop
      vertex 46.6522 12.5445 48.4
      vertex 46.763 12.4033 48
      vertex 46.763 12.4033 48.4
    endloop
  endfacet
  facet normal -0.715647 -0.698462 0
    outer loop
      vertex 46.6522 12.5445 48
      vertex 46.5262 12.6736 48.4
      vertex 46.5262 12.6736 48
    endloop
  endfacet
  facet normal -0.715647 -0.698462 0
    outer loop
      vertex 46.5262 12.6736 48.4
      vertex 46.6522 12.5445 48
      vertex 46.6522 12.5445 48.4
    endloop
  endfacet
  facet normal -0.638304 -0.769784 0
    outer loop
      vertex 46.3851 12.7906 48
      vertex 46.5262 12.6736 48.4
      vertex 46.3851 12.7906 48.4
    endloop
  endfacet
  facet normal -0.638304 -0.769784 -0
    outer loop
      vertex 46.5262 12.6736 48.4
      vertex 46.3851 12.7906 48
      vertex 46.5262 12.6736 48
    endloop
  endfacet
  facet normal -0.54854 -0.836124 0
    outer loop
      vertex 46.2281 12.8936 48
      vertex 46.3851 12.7906 48.4
      vertex 46.2281 12.8936 48.4
    endloop
  endfacet
  facet normal -0.54854 -0.836124 -0
    outer loop
      vertex 46.3851 12.7906 48.4
      vertex 46.2281 12.8936 48
      vertex 46.3851 12.7906 48
    endloop
  endfacet
  facet normal -0.448655 -0.893705 0
    outer loop
      vertex 46.0546 12.9807 48
      vertex 46.2281 12.8936 48.4
      vertex 46.0546 12.9807 48.4
    endloop
  endfacet
  facet normal -0.448655 -0.893705 -0
    outer loop
      vertex 46.2281 12.8936 48.4
      vertex 46.0546 12.9807 48
      vertex 46.2281 12.8936 48
    endloop
  endfacet
  facet normal -0.351771 -0.936086 0
    outer loop
      vertex 45.8646 13.0521 48
      vertex 46.0546 12.9807 48.4
      vertex 45.8646 13.0521 48.4
    endloop
  endfacet
  facet normal -0.351771 -0.936086 -0
    outer loop
      vertex 46.0546 12.9807 48.4
      vertex 45.8646 13.0521 48
      vertex 46.0546 12.9807 48
    endloop
  endfacet
  facet normal -0.259001 -0.965877 0
    outer loop
      vertex 45.658 13.1075 48
      vertex 45.8646 13.0521 48.4
      vertex 45.658 13.1075 48.4
    endloop
  endfacet
  facet normal -0.259001 -0.965877 -0
    outer loop
      vertex 45.8646 13.0521 48.4
      vertex 45.658 13.1075 48
      vertex 45.8646 13.0521 48
    endloop
  endfacet
  facet normal -0.174767 -0.98461 0
    outer loop
      vertex 45.4349 13.1471 48
      vertex 45.658 13.1075 48.4
      vertex 45.4349 13.1471 48.4
    endloop
  endfacet
  facet normal -0.174767 -0.98461 -0
    outer loop
      vertex 45.658 13.1075 48.4
      vertex 45.4349 13.1471 48
      vertex 45.658 13.1075 48
    endloop
  endfacet
  facet normal -0.0988049 -0.995107 0
    outer loop
      vertex 45.1952 13.1709 48
      vertex 45.4349 13.1471 48.4
      vertex 45.1952 13.1709 48.4
    endloop
  endfacet
  facet normal -0.0988049 -0.995107 -0
    outer loop
      vertex 45.4349 13.1471 48.4
      vertex 45.1952 13.1709 48
      vertex 45.4349 13.1471 48
    endloop
  endfacet
  facet normal -0.0308206 -0.999525 0
    outer loop
      vertex 44.939 13.1788 48
      vertex 45.1952 13.1709 48.4
      vertex 44.939 13.1788 48.4
    endloop
  endfacet
  facet normal -0.0308206 -0.999525 -0
    outer loop
      vertex 45.1952 13.1709 48.4
      vertex 44.939 13.1788 48
      vertex 45.1952 13.1709 48
    endloop
  endfacet
  facet normal 0.0251556 -0.999684 0
    outer loop
      vertex 44.7403 13.1738 48
      vertex 44.939 13.1788 48.4
      vertex 44.7403 13.1738 48.4
    endloop
  endfacet
  facet normal 0.0251556 -0.999684 0
    outer loop
      vertex 44.939 13.1788 48.4
      vertex 44.7403 13.1738 48
      vertex 44.939 13.1788 48
    endloop
  endfacet
  facet normal 0.0801223 -0.996785 0
    outer loop
      vertex 44.5512 13.1586 48
      vertex 44.7403 13.1738 48.4
      vertex 44.5512 13.1586 48.4
    endloop
  endfacet
  facet normal 0.0801223 -0.996785 0
    outer loop
      vertex 44.7403 13.1738 48.4
      vertex 44.5512 13.1586 48
      vertex 44.7403 13.1738 48
    endloop
  endfacet
  facet normal 0.139027 -0.990289 0
    outer loop
      vertex 44.3717 13.1334 48
      vertex 44.5512 13.1586 48.4
      vertex 44.3717 13.1334 48.4
    endloop
  endfacet
  facet normal 0.139027 -0.990289 0
    outer loop
      vertex 44.5512 13.1586 48.4
      vertex 44.3717 13.1334 48
      vertex 44.5512 13.1586 48
    endloop
  endfacet
  facet normal 0.203862 -0.979 0
    outer loop
      vertex 44.2017 13.098 48
      vertex 44.3717 13.1334 48.4
      vertex 44.2017 13.098 48.4
    endloop
  endfacet
  facet normal 0.203862 -0.979 0
    outer loop
      vertex 44.3717 13.1334 48.4
      vertex 44.2017 13.098 48
      vertex 44.3717 13.1334 48
    endloop
  endfacet
  facet normal 0.272741 -0.962087 0
    outer loop
      vertex 44.0412 13.0525 48
      vertex 44.2017 13.098 48.4
      vertex 44.0412 13.0525 48.4
    endloop
  endfacet
  facet normal 0.272741 -0.962087 0
    outer loop
      vertex 44.2017 13.098 48.4
      vertex 44.0412 13.0525 48
      vertex 44.2017 13.098 48
    endloop
  endfacet
  facet normal 0.345187 -0.938534 0
    outer loop
      vertex 43.8903 12.997 48
      vertex 44.0412 13.0525 48.4
      vertex 43.8903 12.997 48.4
    endloop
  endfacet
  facet normal 0.345187 -0.938534 0
    outer loop
      vertex 44.0412 13.0525 48.4
      vertex 43.8903 12.997 48
      vertex 44.0412 13.0525 48
    endloop
  endfacet
  facet normal 0.421375 -0.906886 0
    outer loop
      vertex 43.7489 12.9313 48
      vertex 43.8903 12.997 48.4
      vertex 43.7489 12.9313 48.4
    endloop
  endfacet
  facet normal 0.421375 -0.906886 0
    outer loop
      vertex 43.8903 12.997 48.4
      vertex 43.7489 12.9313 48
      vertex 43.8903 12.997 48
    endloop
  endfacet
  facet normal 0.491742 -0.870741 0
    outer loop
      vertex 43.5759 12.8336 48
      vertex 43.7489 12.9313 48.4
      vertex 43.5759 12.8336 48.4
    endloop
  endfacet
  facet normal 0.491742 -0.870741 0
    outer loop
      vertex 43.7489 12.9313 48.4
      vertex 43.5759 12.8336 48
      vertex 43.7489 12.9313 48
    endloop
  endfacet
  facet normal 0.562155 -0.827032 0
    outer loop
      vertex 43.4151 12.7243 48
      vertex 43.5759 12.8336 48.4
      vertex 43.4151 12.7243 48.4
    endloop
  endfacet
  facet normal 0.562155 -0.827032 0
    outer loop
      vertex 43.5759 12.8336 48.4
      vertex 43.4151 12.7243 48
      vertex 43.5759 12.8336 48
    endloop
  endfacet
  facet normal 0.631301 -0.775538 0
    outer loop
      vertex 43.2667 12.6035 48
      vertex 43.4151 12.7243 48.4
      vertex 43.2667 12.6035 48.4
    endloop
  endfacet
  facet normal 0.631301 -0.775538 0
    outer loop
      vertex 43.4151 12.7243 48.4
      vertex 43.2667 12.6035 48
      vertex 43.4151 12.7243 48
    endloop
  endfacet
  facet normal 0.696755 -0.717309 0
    outer loop
      vertex 43.1306 12.4713 48
      vertex 43.2667 12.6035 48.4
      vertex 43.1306 12.4713 48.4
    endloop
  endfacet
  facet normal 0.696755 -0.717309 0
    outer loop
      vertex 43.2667 12.6035 48.4
      vertex 43.1306 12.4713 48
      vertex 43.2667 12.6035 48
    endloop
  endfacet
  facet normal 0.757617 -0.6527 0
    outer loop
      vertex 43.0068 12.3276 48.4
      vertex 43.1306 12.4713 48
      vertex 43.1306 12.4713 48.4
    endloop
  endfacet
  facet normal 0.757617 -0.6527 0
    outer loop
      vertex 43.1306 12.4713 48
      vertex 43.0068 12.3276 48.4
      vertex 43.0068 12.3276 48
    endloop
  endfacet
  facet normal 0.812139 -0.583464 0
    outer loop
      vertex 42.8953 12.1724 48.4
      vertex 43.0068 12.3276 48
      vertex 43.0068 12.3276 48.4
    endloop
  endfacet
  facet normal 0.812139 -0.583464 0
    outer loop
      vertex 43.0068 12.3276 48
      vertex 42.8953 12.1724 48.4
      vertex 42.8953 12.1724 48
    endloop
  endfacet
  facet normal 0.859579 -0.511003 0
    outer loop
      vertex 42.7962 12.0057 48.4
      vertex 42.8953 12.1724 48
      vertex 42.8953 12.1724 48.4
    endloop
  endfacet
  facet normal 0.859579 -0.511003 0
    outer loop
      vertex 42.8953 12.1724 48
      vertex 42.7962 12.0057 48.4
      vertex 42.7962 12.0057 48
    endloop
  endfacet
  facet normal 0.897668 -0.440673 0
    outer loop
      vertex 42.7098 11.8297 48.4
      vertex 42.7962 12.0057 48
      vertex 42.7962 12.0057 48.4
    endloop
  endfacet
  facet normal 0.897668 -0.440673 0
    outer loop
      vertex 42.7962 12.0057 48
      vertex 42.7098 11.8297 48.4
      vertex 42.7098 11.8297 48
    endloop
  endfacet
  facet normal 0.928652 -0.370953 0
    outer loop
      vertex 42.6367 11.6467 48.4
      vertex 42.7098 11.8297 48
      vertex 42.7098 11.8297 48.4
    endloop
  endfacet
  facet normal 0.928652 -0.370953 0
    outer loop
      vertex 42.7098 11.8297 48
      vertex 42.6367 11.6467 48.4
      vertex 42.6367 11.6467 48
    endloop
  endfacet
  facet normal 0.953916 -0.300075 0
    outer loop
      vertex 42.5769 11.4566 48.4
      vertex 42.6367 11.6467 48
      vertex 42.6367 11.6467 48.4
    endloop
  endfacet
  facet normal 0.953916 -0.300075 0
    outer loop
      vertex 42.6367 11.6467 48
      vertex 42.5769 11.4566 48.4
      vertex 42.5769 11.4566 48
    endloop
  endfacet
  facet normal 0.973281 -0.229617 0
    outer loop
      vertex 42.5304 11.2595 48.4
      vertex 42.5769 11.4566 48
      vertex 42.5769 11.4566 48.4
    endloop
  endfacet
  facet normal 0.973281 -0.229617 0
    outer loop
      vertex 42.5769 11.4566 48
      vertex 42.5304 11.2595 48.4
      vertex 42.5304 11.2595 48
    endloop
  endfacet
  facet normal 0.987039 -0.160478 0
    outer loop
      vertex 42.4972 11.0553 48.4
      vertex 42.5304 11.2595 48
      vertex 42.5304 11.2595 48.4
    endloop
  endfacet
  facet normal 0.987039 -0.160478 0
    outer loop
      vertex 42.5304 11.2595 48
      vertex 42.4972 11.0553 48.4
      vertex 42.4972 11.0553 48
    endloop
  endfacet
  facet normal 0.995594 -0.093764 0
    outer loop
      vertex 42.4773 10.844 48.4
      vertex 42.4972 11.0553 48
      vertex 42.4972 11.0553 48.4
    endloop
  endfacet
  facet normal 0.995594 -0.093764 0
    outer loop
      vertex 42.4972 11.0553 48
      vertex 42.4773 10.844 48.4
      vertex 42.4773 10.844 48
    endloop
  endfacet
  facet normal 0.999543 -0.0302198 0
    outer loop
      vertex 42.4707 10.6257 48.4
      vertex 42.4773 10.844 48
      vertex 42.4773 10.844 48.4
    endloop
  endfacet
  facet normal 0.999543 -0.0302198 0
    outer loop
      vertex 42.4773 10.844 48
      vertex 42.4707 10.6257 48.4
      vertex 42.4707 10.6257 48
    endloop
  endfacet
  facet normal 0.999575 0.0291666 0
    outer loop
      vertex 42.4766 10.4235 48.4
      vertex 42.4707 10.6257 48
      vertex 42.4707 10.6257 48.4
    endloop
  endfacet
  facet normal 0.999575 0.0291666 0
    outer loop
      vertex 42.4707 10.6257 48
      vertex 42.4766 10.4235 48.4
      vertex 42.4766 10.4235 48
    endloop
  endfacet
  facet normal 0.995934 0.090082 0
    outer loop
      vertex 42.4945 10.2256 48.4
      vertex 42.4766 10.4235 48
      vertex 42.4766 10.4235 48.4
    endloop
  endfacet
  facet normal 0.995934 0.090082 0
    outer loop
      vertex 42.4766 10.4235 48
      vertex 42.4945 10.2256 48.4
      vertex 42.4945 10.2256 48
    endloop
  endfacet
  facet normal 0.988425 0.151712 0
    outer loop
      vertex 42.5242 10.0321 48.4
      vertex 42.4945 10.2256 48
      vertex 42.4945 10.2256 48.4
    endloop
  endfacet
  facet normal 0.988425 0.151712 0
    outer loop
      vertex 42.4945 10.2256 48
      vertex 42.5242 10.0321 48.4
      vertex 42.5242 10.0321 48
    endloop
  endfacet
  facet normal 0.976543 0.215323 0
    outer loop
      vertex 42.5659 9.84298 48.4
      vertex 42.5242 10.0321 48
      vertex 42.5242 10.0321 48.4
    endloop
  endfacet
  facet normal 0.976543 0.215323 0
    outer loop
      vertex 42.5242 10.0321 48
      vertex 42.5659 9.84298 48.4
      vertex 42.5659 9.84298 48
    endloop
  endfacet
  facet normal 0.960557 0.278083 0
    outer loop
      vertex 42.6194 9.65818 48.4
      vertex 42.5659 9.84298 48
      vertex 42.5659 9.84298 48.4
    endloop
  endfacet
  facet normal 0.960557 0.278083 0
    outer loop
      vertex 42.5659 9.84298 48
      vertex 42.6194 9.65818 48.4
      vertex 42.6194 9.65818 48
    endloop
  endfacet
  facet normal 0.939973 0.341249 0
    outer loop
      vertex 42.6849 9.47776 48.4
      vertex 42.6194 9.65818 48
      vertex 42.6194 9.65818 48.4
    endloop
  endfacet
  facet normal 0.939973 0.341249 0
    outer loop
      vertex 42.6194 9.65818 48
      vertex 42.6849 9.47776 48.4
      vertex 42.6849 9.47776 48
    endloop
  endfacet
  facet normal 0.915642 0.401994 0
    outer loop
      vertex 42.7622 9.30169 48.4
      vertex 42.6849 9.47776 48
      vertex 42.6849 9.47776 48.4
    endloop
  endfacet
  facet normal 0.915642 0.401994 0
    outer loop
      vertex 42.6849 9.47776 48
      vertex 42.7622 9.30169 48.4
      vertex 42.7622 9.30169 48
    endloop
  endfacet
  facet normal 0.883375 0.468667 0
    outer loop
      vertex 42.8514 9.13356 48.4
      vertex 42.7622 9.30169 48
      vertex 42.7622 9.30169 48.4
    endloop
  endfacet
  facet normal 0.883375 0.468667 0
    outer loop
      vertex 42.7622 9.30169 48
      vertex 42.8514 9.13356 48.4
      vertex 42.8514 9.13356 48
    endloop
  endfacet
  facet normal 0.840486 0.541834 0
    outer loop
      vertex 42.9524 8.97689 48.4
      vertex 42.8514 9.13356 48
      vertex 42.8514 9.13356 48.4
    endloop
  endfacet
  facet normal 0.840486 0.541834 0
    outer loop
      vertex 42.8514 9.13356 48
      vertex 42.9524 8.97689 48.4
      vertex 42.9524 8.97689 48
    endloop
  endfacet
  facet normal 0.789906 0.613228 0
    outer loop
      vertex 43.0651 8.83172 48.4
      vertex 42.9524 8.97689 48
      vertex 42.9524 8.97689 48.4
    endloop
  endfacet
  facet normal 0.789906 0.613228 0
    outer loop
      vertex 42.9524 8.97689 48
      vertex 43.0651 8.83172 48.4
      vertex 43.0651 8.83172 48
    endloop
  endfacet
  facet normal 0.731787 0.681534 0
    outer loop
      vertex 43.1896 8.69804 48.4
      vertex 43.0651 8.83172 48
      vertex 43.0651 8.83172 48.4
    endloop
  endfacet
  facet normal 0.731787 0.681534 0
    outer loop
      vertex 43.0651 8.83172 48
      vertex 43.1896 8.69804 48.4
      vertex 43.1896 8.69804 48
    endloop
  endfacet
  facet normal 0.667847 0.744299 -0
    outer loop
      vertex 43.3258 8.57583 48
      vertex 43.1896 8.69804 48.4
      vertex 43.3258 8.57583 48.4
    endloop
  endfacet
  facet normal 0.667847 0.744299 0
    outer loop
      vertex 43.1896 8.69804 48.4
      vertex 43.3258 8.57583 48
      vertex 43.1896 8.69804 48
    endloop
  endfacet
  facet normal 0.598961 0.800778 -0
    outer loop
      vertex 43.4738 8.46513 48
      vertex 43.3258 8.57583 48.4
      vertex 43.4738 8.46513 48.4
    endloop
  endfacet
  facet normal 0.598961 0.800778 0
    outer loop
      vertex 43.3258 8.57583 48.4
      vertex 43.4738 8.46513 48
      vertex 43.3258 8.57583 48
    endloop
  endfacet
  facet normal 0.527531 0.849536 -0
    outer loop
      vertex 43.6336 8.3659 48
      vertex 43.4738 8.46513 48.4
      vertex 43.6336 8.3659 48.4
    endloop
  endfacet
  facet normal 0.527531 0.849536 0
    outer loop
      vertex 43.4738 8.46513 48.4
      vertex 43.6336 8.3659 48
      vertex 43.4738 8.46513 48
    endloop
  endfacet
  facet normal 0.45525 0.890364 -0
    outer loop
      vertex 43.8034 8.27908 48
      vertex 43.6336 8.3659 48.4
      vertex 43.8034 8.27908 48.4
    endloop
  endfacet
  facet normal 0.45525 0.890364 0
    outer loop
      vertex 43.6336 8.3659 48.4
      vertex 43.8034 8.27908 48
      vertex 43.6336 8.3659 48
    endloop
  endfacet
  facet normal 0.381581 0.924336 -0
    outer loop
      vertex 43.9813 8.20564 48
      vertex 43.8034 8.27908 48.4
      vertex 43.9813 8.20564 48.4
    endloop
  endfacet
  facet normal 0.381581 0.924336 0
    outer loop
      vertex 43.8034 8.27908 48.4
      vertex 43.9813 8.20564 48
      vertex 43.8034 8.27908 48
    endloop
  endfacet
  facet normal 0.307512 0.951544 -0
    outer loop
      vertex 44.1673 8.14553 48
      vertex 43.9813 8.20564 48.4
      vertex 44.1673 8.14553 48.4
    endloop
  endfacet
  facet normal 0.307512 0.951544 0
    outer loop
      vertex 43.9813 8.20564 48.4
      vertex 44.1673 8.14553 48
      vertex 43.9813 8.20564 48
    endloop
  endfacet
  facet normal 0.233837 0.972276 -0
    outer loop
      vertex 44.3616 8.0988 48
      vertex 44.1673 8.14553 48.4
      vertex 44.3616 8.0988 48.4
    endloop
  endfacet
  facet normal 0.233837 0.972276 0
    outer loop
      vertex 44.1673 8.14553 48.4
      vertex 44.3616 8.0988 48
      vertex 44.1673 8.14553 48
    endloop
  endfacet
  facet normal 0.16277 0.986664 -0
    outer loop
      vertex 44.564 8.06541 48
      vertex 44.3616 8.0988 48.4
      vertex 44.564 8.06541 48.4
    endloop
  endfacet
  facet normal 0.16277 0.986664 0
    outer loop
      vertex 44.3616 8.0988 48.4
      vertex 44.564 8.06541 48
      vertex 44.3616 8.0988 48
    endloop
  endfacet
  facet normal 0.0947265 0.995503 -0
    outer loop
      vertex 44.7745 8.04538 48
      vertex 44.564 8.06541 48.4
      vertex 44.7745 8.04538 48.4
    endloop
  endfacet
  facet normal 0.0947265 0.995503 0
    outer loop
      vertex 44.564 8.06541 48.4
      vertex 44.7745 8.04538 48
      vertex 44.564 8.06541 48
    endloop
  endfacet
  facet normal 0.0305616 0.999533 -0
    outer loop
      vertex 44.9933 8.03869 48
      vertex 44.7745 8.04538 48.4
      vertex 44.9933 8.03869 48.4
    endloop
  endfacet
  facet normal 0.0305616 0.999533 0
    outer loop
      vertex 44.7745 8.04538 48.4
      vertex 44.9933 8.03869 48
      vertex 44.7745 8.04538 48
    endloop
  endfacet
  facet normal -0.0271329 0.999632 0
    outer loop
      vertex 45.1683 8.04344 48
      vertex 44.9933 8.03869 48.4
      vertex 45.1683 8.04344 48.4
    endloop
  endfacet
  facet normal -0.0271329 0.999632 0
    outer loop
      vertex 44.9933 8.03869 48.4
      vertex 45.1683 8.04344 48
      vertex 44.9933 8.03869 48
    endloop
  endfacet
  facet normal -0.144091 0.989564 0
    outer loop
      vertex 50.7225 8.09419 48
      vertex 50.4366 8.05256 48.4
      vertex 50.7225 8.09419 48.4
    endloop
  endfacet
  facet normal -0.144091 0.989564 0
    outer loop
      vertex 50.4366 8.05256 48.4
      vertex 50.7225 8.09419 48
      vertex 50.4366 8.05256 48
    endloop
  endfacet
  facet normal -0.250672 0.968072 0
    outer loop
      vertex 50.9904 8.16356 48
      vertex 50.7225 8.09419 48.4
      vertex 50.9904 8.16356 48.4
    endloop
  endfacet
  facet normal -0.250672 0.968072 0
    outer loop
      vertex 50.7225 8.09419 48.4
      vertex 50.9904 8.16356 48
      vertex 50.7225 8.09419 48
    endloop
  endfacet
  facet normal -0.362241 0.932084 0
    outer loop
      vertex 51.2403 8.26068 48
      vertex 50.9904 8.16356 48.4
      vertex 51.2403 8.26068 48.4
    endloop
  endfacet
  facet normal -0.362241 0.932084 0
    outer loop
      vertex 50.9904 8.16356 48.4
      vertex 51.2403 8.26068 48
      vertex 50.9904 8.16356 48
    endloop
  endfacet
  facet normal -0.473855 0.880603 0
    outer loop
      vertex 51.4723 8.38552 48
      vertex 51.2403 8.26068 48.4
      vertex 51.4723 8.38552 48.4
    endloop
  endfacet
  facet normal -0.473855 0.880603 0
    outer loop
      vertex 51.2403 8.26068 48.4
      vertex 51.4723 8.38552 48
      vertex 51.2403 8.26068 48
    endloop
  endfacet
  facet normal -0.580821 0.814032 0
    outer loop
      vertex 51.6862 8.53814 48
      vertex 51.4723 8.38552 48.4
      vertex 51.6862 8.53814 48.4
    endloop
  endfacet
  facet normal -0.580821 0.814032 0
    outer loop
      vertex 51.4723 8.38552 48.4
      vertex 51.6862 8.53814 48
      vertex 51.4723 8.38552 48
    endloop
  endfacet
  facet normal -0.677118 0.735875 0
    outer loop
      vertex 51.8822 8.71849 48
      vertex 51.6862 8.53814 48.4
      vertex 51.8822 8.71849 48.4
    endloop
  endfacet
  facet normal -0.677118 0.735875 0
    outer loop
      vertex 51.6862 8.53814 48.4
      vertex 51.8822 8.71849 48
      vertex 51.6862 8.53814 48
    endloop
  endfacet
  facet normal -0.763039 0.646353 0
    outer loop
      vertex 51.8822 8.71849 48
      vertex 52.0558 8.92343 48.4
      vertex 52.0558 8.92343 48
    endloop
  endfacet
  facet normal -0.763039 0.646353 0
    outer loop
      vertex 52.0558 8.92343 48.4
      vertex 51.8822 8.71849 48
      vertex 51.8822 8.71849 48.4
    endloop
  endfacet
  facet normal -0.838796 0.544446 0
    outer loop
      vertex 52.0558 8.92343 48
      vertex 52.2027 9.14975 48.4
      vertex 52.2027 9.14975 48
    endloop
  endfacet
  facet normal -0.838796 0.544446 0
    outer loop
      vertex 52.2027 9.14975 48.4
      vertex 52.0558 8.92343 48
      vertex 52.0558 8.92343 48.4
    endloop
  endfacet
  facet normal -0.899653 0.436605 0
    outer loop
      vertex 52.2027 9.14975 48
      vertex 52.3229 9.39743 48.4
      vertex 52.3229 9.39743 48
    endloop
  endfacet
  facet normal -0.899653 0.436605 0
    outer loop
      vertex 52.3229 9.39743 48.4
      vertex 52.2027 9.14975 48
      vertex 52.2027 9.14975 48.4
    endloop
  endfacet
  facet normal -0.944594 0.32824 0
    outer loop
      vertex 52.3229 9.39743 48
      vertex 52.4164 9.6665 48.4
      vertex 52.4164 9.6665 48
    endloop
  endfacet
  facet normal -0.944594 0.32824 0
    outer loop
      vertex 52.4164 9.6665 48.4
      vertex 52.3229 9.39743 48
      vertex 52.3229 9.39743 48.4
    endloop
  endfacet
  facet normal -0.974558 0.224137 0
    outer loop
      vertex 52.4164 9.6665 48
      vertex 52.4832 9.95695 48.4
      vertex 52.4832 9.95695 48
    endloop
  endfacet
  facet normal -0.974558 0.224137 0
    outer loop
      vertex 52.4832 9.95695 48.4
      vertex 52.4164 9.6665 48
      vertex 52.4164 9.6665 48.4
    endloop
  endfacet
  facet normal -0.991834 0.127537 0
    outer loop
      vertex 52.4832 9.95695 48
      vertex 52.5233 10.2688 48.4
      vertex 52.5233 10.2688 48
    endloop
  endfacet
  facet normal -0.991834 0.127537 0
    outer loop
      vertex 52.5233 10.2688 48.4
      vertex 52.4832 9.95695 48
      vertex 52.4832 9.95695 48.4
    endloop
  endfacet
  facet normal -0.999204 0.0398842 0
    outer loop
      vertex 52.5233 10.2688 48
      vertex 52.5366 10.602 48.4
      vertex 52.5366 10.602 48
    endloop
  endfacet
  facet normal -0.999204 0.0398842 0
    outer loop
      vertex 52.5366 10.602 48.4
      vertex 52.5233 10.2688 48
      vertex 52.5233 10.2688 48.4
    endloop
  endfacet
  facet normal -0.999205 -0.0398611 0
    outer loop
      vertex 52.5366 10.602 48
      vertex 52.5232 10.9379 48.4
      vertex 52.5232 10.9379 48
    endloop
  endfacet
  facet normal -0.999205 -0.0398611 0
    outer loop
      vertex 52.5232 10.9379 48.4
      vertex 52.5366 10.602 48
      vertex 52.5366 10.602 48.4
    endloop
  endfacet
  facet normal -0.991835 -0.127531 0
    outer loop
      vertex 52.5232 10.9379 48
      vertex 52.4828 11.2521 48.4
      vertex 52.4828 11.2521 48
    endloop
  endfacet
  facet normal -0.991835 -0.127531 0
    outer loop
      vertex 52.4828 11.2521 48.4
      vertex 52.5232 10.9379 48
      vertex 52.5232 10.9379 48.4
    endloop
  endfacet
  facet normal -0.974537 -0.224227 0
    outer loop
      vertex 52.4828 11.2521 48
      vertex 52.4155 11.5446 48.4
      vertex 52.4155 11.5446 48
    endloop
  endfacet
  facet normal -0.974537 -0.224227 0
    outer loop
      vertex 52.4155 11.5446 48.4
      vertex 52.4828 11.2521 48
      vertex 52.4828 11.2521 48.4
    endloop
  endfacet
  facet normal -0.944487 -0.328548 0
    outer loop
      vertex 52.4155 11.5446 48
      vertex 52.3213 11.8154 48.4
      vertex 52.3213 11.8154 48
    endloop
  endfacet
  facet normal -0.944487 -0.328548 0
    outer loop
      vertex 52.3213 11.8154 48.4
      vertex 52.4155 11.5446 48
      vertex 52.4155 11.5446 48.4
    endloop
  endfacet
  facet normal -0.899143 -0.437655 0
    outer loop
      vertex 52.3213 11.8154 48
      vertex 52.2001 12.0644 48.4
      vertex 52.2001 12.0644 48
    endloop
  endfacet
  facet normal -0.899143 -0.437655 0
    outer loop
      vertex 52.2001 12.0644 48.4
      vertex 52.3213 11.8154 48
      vertex 52.3213 11.8154 48.4
    endloop
  endfacet
  facet normal -0.838014 -0.545649 0
    outer loop
      vertex 52.2001 12.0644 48
      vertex 52.0521 12.2917 48.4
      vertex 52.0521 12.2917 48
    endloop
  endfacet
  facet normal -0.838014 -0.545649 0
    outer loop
      vertex 52.0521 12.2917 48.4
      vertex 52.2001 12.0644 48
      vertex 52.2001 12.0644 48.4
    endloop
  endfacet
  facet normal -0.7615 -0.648164 0
    outer loop
      vertex 52.0521 12.2917 48
      vertex 51.8771 12.4973 48.4
      vertex 51.8771 12.4973 48
    endloop
  endfacet
  facet normal -0.7615 -0.648164 0
    outer loop
      vertex 51.8771 12.4973 48.4
      vertex 52.0521 12.2917 48
      vertex 52.0521 12.2917 48.4
    endloop
  endfacet
  facet normal -0.67542 -0.737433 0
    outer loop
      vertex 51.6797 12.6781 48
      vertex 51.8771 12.4973 48.4
      vertex 51.6797 12.6781 48.4
    endloop
  endfacet
  facet normal -0.67542 -0.737433 -0
    outer loop
      vertex 51.8771 12.4973 48.4
      vertex 51.6797 12.6781 48
      vertex 51.8771 12.4973 48
    endloop
  endfacet
  facet normal -0.579267 -0.815138 0
    outer loop
      vertex 51.4644 12.8311 48
      vertex 51.6797 12.6781 48.4
      vertex 51.4644 12.8311 48.4
    endloop
  endfacet
  facet normal -0.579267 -0.815138 -0
    outer loop
      vertex 51.6797 12.6781 48.4
      vertex 51.4644 12.8311 48
      vertex 51.6797 12.6781 48
    endloop
  endfacet
  facet normal -0.473018 -0.881053 0
    outer loop
      vertex 51.2312 12.9563 48
      vertex 51.4644 12.8311 48.4
      vertex 51.2312 12.9563 48.4
    endloop
  endfacet
  facet normal -0.473018 -0.881053 -0
    outer loop
      vertex 51.4644 12.8311 48.4
      vertex 51.2312 12.9563 48
      vertex 51.4644 12.8311 48
    endloop
  endfacet
  facet normal -0.36164 -0.932318 0
    outer loop
      vertex 50.9801 13.0537 48
      vertex 51.2312 12.9563 48.4
      vertex 50.9801 13.0537 48.4
    endloop
  endfacet
  facet normal -0.36164 -0.932318 -0
    outer loop
      vertex 51.2312 12.9563 48.4
      vertex 50.9801 13.0537 48
      vertex 51.2312 12.9563 48
    endloop
  endfacet
  facet normal -0.250063 -0.96823 0
    outer loop
      vertex 50.711 13.1232 48
      vertex 50.9801 13.0537 48.4
      vertex 50.711 13.1232 48.4
    endloop
  endfacet
  facet normal -0.250063 -0.96823 -0
    outer loop
      vertex 50.9801 13.0537 48.4
      vertex 50.711 13.1232 48
      vertex 50.9801 13.0537 48
    endloop
  endfacet
  facet normal -0.143786 -0.989609 0
    outer loop
      vertex 50.424 13.1649 48
      vertex 50.711 13.1232 48.4
      vertex 50.424 13.1649 48.4
    endloop
  endfacet
  facet normal -0.143786 -0.989609 -0
    outer loop
      vertex 50.711 13.1232 48.4
      vertex 50.424 13.1649 48
      vertex 50.711 13.1232 48
    endloop
  endfacet
  facet normal -0.0455414 -0.998962 0
    outer loop
      vertex 50.1191 13.1788 48
      vertex 50.424 13.1649 48.4
      vertex 50.1191 13.1788 48.4
    endloop
  endfacet
  facet normal -0.0455414 -0.998962 -0
    outer loop
      vertex 50.424 13.1649 48.4
      vertex 50.1191 13.1788 48
      vertex 50.424 13.1649 48
    endloop
  endfacet
  facet normal 0.023454 -0.999725 0
    outer loop
      vertex 49.9486 13.1748 48
      vertex 50.1191 13.1788 48.4
      vertex 49.9486 13.1748 48.4
    endloop
  endfacet
  facet normal 0.023454 -0.999725 0
    outer loop
      vertex 50.1191 13.1788 48.4
      vertex 49.9486 13.1748 48
      vertex 50.1191 13.1788 48
    endloop
  endfacet
  facet normal 0.0726671 -0.997356 0
    outer loop
      vertex 49.7839 13.1628 48
      vertex 49.9486 13.1748 48.4
      vertex 49.7839 13.1628 48.4
    endloop
  endfacet
  facet normal 0.0726671 -0.997356 0
    outer loop
      vertex 49.9486 13.1748 48.4
      vertex 49.7839 13.1628 48
      vertex 49.9486 13.1748 48
    endloop
  endfacet
  facet normal 0.125495 -0.992094 0
    outer loop
      vertex 49.625 13.1427 48
      vertex 49.7839 13.1628 48.4
      vertex 49.625 13.1427 48.4
    endloop
  endfacet
  facet normal 0.125495 -0.992094 0
    outer loop
      vertex 49.7839 13.1628 48.4
      vertex 49.625 13.1427 48
      vertex 49.7839 13.1628 48
    endloop
  endfacet
  facet normal 0.180639 -0.983549 0
    outer loop
      vertex 49.472 13.1146 48
      vertex 49.625 13.1427 48.4
      vertex 49.472 13.1146 48.4
    endloop
  endfacet
  facet normal 0.180639 -0.983549 0
    outer loop
      vertex 49.625 13.1427 48.4
      vertex 49.472 13.1146 48
      vertex 49.625 13.1427 48
    endloop
  endfacet
  facet normal 0.238034 -0.971257 0
    outer loop
      vertex 49.3247 13.0785 48
      vertex 49.472 13.1146 48.4
      vertex 49.3247 13.0785 48.4
    endloop
  endfacet
  facet normal 0.238034 -0.971257 0
    outer loop
      vertex 49.472 13.1146 48.4
      vertex 49.3247 13.0785 48
      vertex 49.472 13.1146 48
    endloop
  endfacet
  facet normal 0.297737 -0.954648 0
    outer loop
      vertex 49.1833 13.0344 48
      vertex 49.3247 13.0785 48.4
      vertex 49.1833 13.0344 48.4
    endloop
  endfacet
  facet normal 0.297737 -0.954648 0
    outer loop
      vertex 49.3247 13.0785 48.4
      vertex 49.1833 13.0344 48
      vertex 49.3247 13.0785 48
    endloop
  endfacet
  facet normal 0.359256 -0.933239 0
    outer loop
      vertex 49.0477 12.9822 48
      vertex 49.1833 13.0344 48.4
      vertex 49.0477 12.9822 48.4
    endloop
  endfacet
  facet normal 0.359256 -0.933239 0
    outer loop
      vertex 49.1833 13.0344 48.4
      vertex 49.0477 12.9822 48
      vertex 49.1833 13.0344 48
    endloop
  endfacet
  facet normal 0.414081 -0.91024 0
    outer loop
      vertex 48.949 12.9373 48
      vertex 49.0477 12.9822 48.4
      vertex 48.949 12.9373 48.4
    endloop
  endfacet
  facet normal 0.414081 -0.91024 0
    outer loop
      vertex 49.0477 12.9822 48.4
      vertex 48.949 12.9373 48
      vertex 49.0477 12.9822 48
    endloop
  endfacet
  facet normal 0.469446 -0.882961 0
    outer loop
      vertex 48.8527 12.8861 48
      vertex 48.949 12.9373 48.4
      vertex 48.8527 12.8861 48.4
    endloop
  endfacet
  facet normal 0.469446 -0.882961 0
    outer loop
      vertex 48.949 12.9373 48.4
      vertex 48.8527 12.8861 48
      vertex 48.949 12.9373 48
    endloop
  endfacet
  facet normal 0.521413 -0.853304 0
    outer loop
      vertex 48.7586 12.8286 48
      vertex 48.8527 12.8861 48.4
      vertex 48.7586 12.8286 48.4
    endloop
  endfacet
  facet normal 0.521413 -0.853304 0
    outer loop
      vertex 48.8527 12.8861 48.4
      vertex 48.7586 12.8286 48
      vertex 48.8527 12.8861 48
    endloop
  endfacet
  facet normal 0.571902 -0.820322 0
    outer loop
      vertex 48.6668 12.7646 48
      vertex 48.7586 12.8286 48.4
      vertex 48.6668 12.7646 48.4
    endloop
  endfacet
  facet normal 0.571902 -0.820322 0
    outer loop
      vertex 48.7586 12.8286 48.4
      vertex 48.6668 12.7646 48
      vertex 48.7586 12.8286 48
    endloop
  endfacet
  facet normal 0.617705 -0.78641 0
    outer loop
      vertex 48.5773 12.6943 48
      vertex 48.6668 12.7646 48.4
      vertex 48.5773 12.6943 48.4
    endloop
  endfacet
  facet normal 0.617705 -0.78641 0
    outer loop
      vertex 48.6668 12.7646 48.4
      vertex 48.5773 12.6943 48
      vertex 48.6668 12.7646 48
    endloop
  endfacet
  facet normal 0.659967 -0.751294 0
    outer loop
      vertex 48.4901 12.6177 48
      vertex 48.5773 12.6943 48.4
      vertex 48.4901 12.6177 48.4
    endloop
  endfacet
  facet normal 0.659967 -0.751294 0
    outer loop
      vertex 48.5773 12.6943 48.4
      vertex 48.4901 12.6177 48
      vertex 48.5773 12.6943 48
    endloop
  endfacet
  facet normal 0.69907 -0.715053 0
    outer loop
      vertex 48.4051 12.5346 48
      vertex 48.4901 12.6177 48.4
      vertex 48.4051 12.5346 48.4
    endloop
  endfacet
  facet normal 0.69907 -0.715053 0
    outer loop
      vertex 48.4901 12.6177 48.4
      vertex 48.4051 12.5346 48
      vertex 48.4901 12.6177 48
    endloop
  endfacet
  facet normal 0.733745 -0.679425 0
    outer loop
      vertex 48.3238 12.4468 48.4
      vertex 48.4051 12.5346 48
      vertex 48.4051 12.5346 48.4
    endloop
  endfacet
  facet normal 0.733745 -0.679425 0
    outer loop
      vertex 48.4051 12.5346 48
      vertex 48.3238 12.4468 48.4
      vertex 48.3238 12.4468 48
    endloop
  endfacet
  facet normal 0.7667 -0.642006 0
    outer loop
      vertex 48.2476 12.3558 48.4
      vertex 48.3238 12.4468 48
      vertex 48.3238 12.4468 48.4
    endloop
  endfacet
  facet normal 0.7667 -0.642006 0
    outer loop
      vertex 48.3238 12.4468 48
      vertex 48.2476 12.3558 48.4
      vertex 48.2476 12.3558 48
    endloop
  endfacet
  facet normal 0.79745 -0.603384 0
    outer loop
      vertex 48.1764 12.2617 48.4
      vertex 48.2476 12.3558 48
      vertex 48.2476 12.3558 48.4
    endloop
  endfacet
  facet normal 0.79745 -0.603384 0
    outer loop
      vertex 48.2476 12.3558 48
      vertex 48.1764 12.2617 48.4
      vertex 48.1764 12.2617 48
    endloop
  endfacet
  facet normal 0.827448 -0.561543 0
    outer loop
      vertex 48.1103 12.1643 48.4
      vertex 48.1764 12.2617 48
      vertex 48.1764 12.2617 48.4
    endloop
  endfacet
  facet normal 0.827448 -0.561543 0
    outer loop
      vertex 48.1764 12.2617 48
      vertex 48.1103 12.1643 48.4
      vertex 48.1103 12.1643 48
    endloop
  endfacet
  facet normal 0.854855 -0.518867 0
    outer loop
      vertex 48.0493 12.0638 48.4
      vertex 48.1103 12.1643 48
      vertex 48.1103 12.1643 48.4
    endloop
  endfacet
  facet normal 0.854855 -0.518867 0
    outer loop
      vertex 48.1103 12.1643 48
      vertex 48.0493 12.0638 48.4
      vertex 48.0493 12.0638 48
    endloop
  endfacet
  facet normal 0.88009 -0.474808 0
    outer loop
      vertex 47.9933 11.96 48.4
      vertex 48.0493 12.0638 48
      vertex 48.0493 12.0638 48.4
    endloop
  endfacet
  facet normal 0.88009 -0.474808 0
    outer loop
      vertex 48.0493 12.0638 48
      vertex 47.9933 11.96 48.4
      vertex 47.9933 11.96 48
    endloop
  endfacet
  facet normal 0.902548 -0.430589 0
    outer loop
      vertex 47.9423 11.8531 48.4
      vertex 47.9933 11.96 48
      vertex 47.9933 11.96 48.4
    endloop
  endfacet
  facet normal 0.902548 -0.430589 0
    outer loop
      vertex 47.9933 11.96 48
      vertex 47.9423 11.8531 48.4
      vertex 47.9423 11.8531 48
    endloop
  endfacet
  facet normal 0.929693 -0.368334 0
    outer loop
      vertex 47.882 11.7009 48.4
      vertex 47.9423 11.8531 48
      vertex 47.9423 11.8531 48.4
    endloop
  endfacet
  facet normal 0.929693 -0.368334 0
    outer loop
      vertex 47.9423 11.8531 48
      vertex 47.882 11.7009 48.4
      vertex 47.882 11.7009 48
    endloop
  endfacet
  facet normal 0.953955 -0.299949 0
    outer loop
      vertex 47.831 11.5387 48.4
      vertex 47.882 11.7009 48
      vertex 47.882 11.7009 48.4
    endloop
  endfacet
  facet normal 0.953955 -0.299949 0
    outer loop
      vertex 47.882 11.7009 48
      vertex 47.831 11.5387 48.4
      vertex 47.831 11.5387 48
    endloop
  endfacet
  facet normal 0.971909 -0.235358 0
    outer loop
      vertex 47.7893 11.3665 48.4
      vertex 47.831 11.5387 48
      vertex 47.831 11.5387 48.4
    endloop
  endfacet
  facet normal 0.971909 -0.235358 0
    outer loop
      vertex 47.831 11.5387 48
      vertex 47.7893 11.3665 48.4
      vertex 47.7893 11.3665 48
    endloop
  endfacet
  facet normal 0.984444 -0.175697 0
    outer loop
      vertex 47.7568 11.1844 48.4
      vertex 47.7893 11.3665 48
      vertex 47.7893 11.3665 48.4
    endloop
  endfacet
  facet normal 0.984444 -0.175697 0
    outer loop
      vertex 47.7893 11.3665 48
      vertex 47.7568 11.1844 48.4
      vertex 47.7568 11.1844 48
    endloop
  endfacet
  facet normal 0.992847 -0.11939 0
    outer loop
      vertex 47.7337 10.9923 48.4
      vertex 47.7568 11.1844 48
      vertex 47.7568 11.1844 48.4
    endloop
  endfacet
  facet normal 0.992847 -0.11939 0
    outer loop
      vertex 47.7568 11.1844 48
      vertex 47.7337 10.9923 48.4
      vertex 47.7337 10.9923 48
    endloop
  endfacet
  facet normal 0.997609 -0.069107 0
    outer loop
      vertex 47.7197 10.7902 48.4
      vertex 47.7337 10.9923 48
      vertex 47.7337 10.9923 48.4
    endloop
  endfacet
  facet normal 0.997609 -0.069107 0
    outer loop
      vertex 47.7337 10.9923 48
      vertex 47.7197 10.7902 48.4
      vertex 47.7197 10.7902 48
    endloop
  endfacet
  facet normal 0.999765 -0.021693 0
    outer loop
      vertex 47.7151 10.5782 48.4
      vertex 47.7197 10.7902 48
      vertex 47.7197 10.7902 48.4
    endloop
  endfacet
  facet normal 0.999765 -0.021693 0
    outer loop
      vertex 47.7197 10.7902 48
      vertex 47.7151 10.5782 48.4
      vertex 47.7151 10.5782 48
    endloop
  endfacet
  facet normal 0.99917 0.0407452 0
    outer loop
      vertex 47.7285 10.2496 48.4
      vertex 47.7151 10.5782 48
      vertex 47.7151 10.5782 48.4
    endloop
  endfacet
  facet normal 0.99917 0.0407452 0
    outer loop
      vertex 47.7151 10.5782 48
      vertex 47.7285 10.2496 48.4
      vertex 47.7285 10.2496 48
    endloop
  endfacet
  facet normal 0.991662 0.128863 0
    outer loop
      vertex 47.7685 9.94178 48.4
      vertex 47.7285 10.2496 48
      vertex 47.7285 10.2496 48.4
    endloop
  endfacet
  facet normal 0.991662 0.128863 0
    outer loop
      vertex 47.7285 10.2496 48
      vertex 47.7685 9.94178 48.4
      vertex 47.7685 9.94178 48
    endloop
  endfacet
  facet normal 0.973963 0.226708 0
    outer loop
      vertex 47.8353 9.6548 48.4
      vertex 47.7685 9.94178 48
      vertex 47.7685 9.94178 48.4
    endloop
  endfacet
  facet normal 0.973963 0.226708 0
    outer loop
      vertex 47.7685 9.94178 48
      vertex 47.8353 9.6548 48.4
      vertex 47.8353 9.6548 48
    endloop
  endfacet
  facet normal 0.943485 0.331414 0
    outer loop
      vertex 47.9288 9.38862 48.4
      vertex 47.8353 9.6548 48
      vertex 47.8353 9.6548 48.4
    endloop
  endfacet
  facet normal 0.943485 0.331414 0
    outer loop
      vertex 47.8353 9.6548 48
      vertex 47.9288 9.38862 48.4
      vertex 47.9288 9.38862 48
    endloop
  endfacet
  facet normal 0.898007 0.439981 0
    outer loop
      vertex 48.049 9.14329 48.4
      vertex 47.9288 9.38862 48
      vertex 47.9288 9.38862 48.4
    endloop
  endfacet
  facet normal 0.898007 0.439981 0
    outer loop
      vertex 47.9288 9.38862 48
      vertex 48.049 9.14329 48.4
      vertex 48.049 9.14329 48
    endloop
  endfacet
  facet normal 0.836801 0.547506 0
    outer loop
      vertex 48.1959 8.91877 48.4
      vertex 48.049 9.14329 48
      vertex 48.049 9.14329 48.4
    endloop
  endfacet
  facet normal 0.836801 0.547506 0
    outer loop
      vertex 48.049 9.14329 48
      vertex 48.1959 8.91877 48.4
      vertex 48.1959 8.91877 48
    endloop
  endfacet
  facet normal 0.761053 0.64869 0
    outer loop
      vertex 48.3695 8.7151 48.4
      vertex 48.1959 8.91877 48
      vertex 48.1959 8.91877 48.4
    endloop
  endfacet
  facet normal 0.761053 0.64869 0
    outer loop
      vertex 48.1959 8.91877 48
      vertex 48.3695 8.7151 48.4
      vertex 48.3695 8.7151 48
    endloop
  endfacet
  facet normal 0.67474 0.738056 -0
    outer loop
      vertex 48.5658 8.53564 48
      vertex 48.3695 8.7151 48.4
      vertex 48.5658 8.53564 48.4
    endloop
  endfacet
  facet normal 0.67474 0.738056 0
    outer loop
      vertex 48.3695 8.7151 48.4
      vertex 48.5658 8.53564 48
      vertex 48.3695 8.7151 48
    endloop
  endfacet
  facet normal 0.577412 0.816453 -0
    outer loop
      vertex 48.7805 8.3838 48
      vertex 48.5658 8.53564 48.4
      vertex 48.7805 8.3838 48.4
    endloop
  endfacet
  facet normal 0.577412 0.816453 0
    outer loop
      vertex 48.5658 8.53564 48.4
      vertex 48.7805 8.3838 48
      vertex 48.5658 8.53564 48
    endloop
  endfacet
  facet normal 0.469881 0.88273 -0
    outer loop
      vertex 49.0139 8.25956 48
      vertex 48.7805 8.3838 48.4
      vertex 49.0139 8.25956 48.4
    endloop
  endfacet
  facet normal 0.469881 0.88273 0
    outer loop
      vertex 48.7805 8.3838 48.4
      vertex 49.0139 8.25956 48
      vertex 48.7805 8.3838 48
    endloop
  endfacet
  facet normal 0.358157 0.933661 -0
    outer loop
      vertex 49.2658 8.16293 48
      vertex 49.0139 8.25956 48.4
      vertex 49.2658 8.16293 48.4
    endloop
  endfacet
  facet normal 0.358157 0.933661 0
    outer loop
      vertex 49.0139 8.25956 48.4
      vertex 49.2658 8.16293 48
      vertex 49.0139 8.25956 48
    endloop
  endfacet
  facet normal 0.247322 0.968933 -0
    outer loop
      vertex 49.5362 8.09391 48
      vertex 49.2658 8.16293 48.4
      vertex 49.5362 8.09391 48.4
    endloop
  endfacet
  facet normal 0.247322 0.968933 0
    outer loop
      vertex 49.2658 8.16293 48.4
      vertex 49.5362 8.09391 48
      vertex 49.2658 8.16293 48
    endloop
  endfacet
  facet normal 0.141887 0.989883 -0
    outer loop
      vertex 49.8251 8.0525 48
      vertex 49.5362 8.09391 48.4
      vertex 49.8251 8.0525 48.4
    endloop
  endfacet
  facet normal 0.141887 0.989883 0
    outer loop
      vertex 49.5362 8.09391 48.4
      vertex 49.8251 8.0525 48
      vertex 49.5362 8.09391 48
    endloop
  endfacet
  facet normal 0.0448508 0.998994 -0
    outer loop
      vertex 50.1327 8.03869 48
      vertex 49.8251 8.0525 48.4
      vertex 50.1327 8.03869 48.4
    endloop
  endfacet
  facet normal 0.0448508 0.998994 0
    outer loop
      vertex 49.8251 8.0525 48.4
      vertex 50.1327 8.03869 48
      vertex 49.8251 8.0525 48
    endloop
  endfacet
  facet normal -0.0455926 0.99896 0
    outer loop
      vertex 50.4366 8.05256 48
      vertex 50.1327 8.03869 48.4
      vertex 50.4366 8.05256 48.4
    endloop
  endfacet
  facet normal -0.0455926 0.99896 0
    outer loop
      vertex 50.1327 8.03869 48.4
      vertex 50.4366 8.05256 48
      vertex 50.1327 8.03869 48
    endloop
  endfacet
  facet normal -0.165831 -0.986154 0
    outer loop
      vertex 49.8035 8.93206 48
      vertex 49.9621 8.90539 48.4
      vertex 49.8035 8.93206 48.4
    endloop
  endfacet
  facet normal -0.165831 -0.986154 -0
    outer loop
      vertex 49.9621 8.90539 48.4
      vertex 49.8035 8.93206 48
      vertex 49.9621 8.90539 48
    endloop
  endfacet
  facet normal -0.284238 -0.958754 0
    outer loop
      vertex 49.6535 8.97653 48
      vertex 49.8035 8.93206 48.4
      vertex 49.6535 8.97653 48.4
    endloop
  endfacet
  facet normal -0.284238 -0.958754 -0
    outer loop
      vertex 49.8035 8.93206 48.4
      vertex 49.6535 8.97653 48
      vertex 49.8035 8.93206 48
    endloop
  endfacet
  facet normal -0.40263 -0.915363 0
    outer loop
      vertex 49.512 9.03877 48
      vertex 49.6535 8.97653 48.4
      vertex 49.512 9.03877 48.4
    endloop
  endfacet
  facet normal -0.40263 -0.915363 -0
    outer loop
      vertex 49.6535 8.97653 48.4
      vertex 49.512 9.03877 48
      vertex 49.6535 8.97653 48
    endloop
  endfacet
  facet normal -0.515822 -0.856696 0
    outer loop
      vertex 49.3791 9.11879 48
      vertex 49.512 9.03877 48.4
      vertex 49.3791 9.11879 48.4
    endloop
  endfacet
  facet normal -0.515822 -0.856696 -0
    outer loop
      vertex 49.512 9.03877 48.4
      vertex 49.3791 9.11879 48
      vertex 49.512 9.03877 48
    endloop
  endfacet
  facet normal -0.618659 -0.785659 0
    outer loop
      vertex 49.2549 9.21659 48
      vertex 49.3791 9.11879 48.4
      vertex 49.2549 9.21659 48.4
    endloop
  endfacet
  facet normal -0.618659 -0.785659 -0
    outer loop
      vertex 49.3791 9.11879 48.4
      vertex 49.2549 9.21659 48
      vertex 49.3791 9.11879 48
    endloop
  endfacet
  facet normal -0.706832 -0.707382 0
    outer loop
      vertex 49.1392 9.3322 48
      vertex 49.2549 9.21659 48.4
      vertex 49.1392 9.3322 48.4
    endloop
  endfacet
  facet normal -0.706832 -0.707382 -0
    outer loop
      vertex 49.2549 9.21659 48.4
      vertex 49.1392 9.3322 48
      vertex 49.2549 9.21659 48
    endloop
  endfacet
  facet normal -0.788789 -0.614664 0
    outer loop
      vertex 49.1392 9.3322 48
      vertex 49.0357 9.46502 48.4
      vertex 49.0357 9.46502 48
    endloop
  endfacet
  facet normal -0.788789 -0.614664 0
    outer loop
      vertex 49.0357 9.46502 48.4
      vertex 49.1392 9.3322 48
      vertex 49.1392 9.3322 48.4
    endloop
  endfacet
  facet normal -0.86303 -0.505152 0
    outer loop
      vertex 49.0357 9.46502 48
      vertex 48.9482 9.61451 48.4
      vertex 48.9482 9.61451 48
    endloop
  endfacet
  facet normal -0.86303 -0.505152 0
    outer loop
      vertex 48.9482 9.61451 48.4
      vertex 49.0357 9.46502 48
      vertex 49.0357 9.46502 48.4
    endloop
  endfacet
  facet normal -0.918392 -0.395673 0
    outer loop
      vertex 48.9482 9.61451 48
      vertex 48.8766 9.7807 48.4
      vertex 48.8766 9.7807 48
    endloop
  endfacet
  facet normal -0.918392 -0.395673 0
    outer loop
      vertex 48.8766 9.7807 48.4
      vertex 48.9482 9.61451 48
      vertex 48.9482 9.61451 48.4
    endloop
  endfacet
  facet normal -0.956597 -0.291416 0
    outer loop
      vertex 48.8766 9.7807 48
      vertex 48.8209 9.96354 48.4
      vertex 48.8209 9.96354 48
    endloop
  endfacet
  facet normal -0.956597 -0.291416 0
    outer loop
      vertex 48.8209 9.96354 48.4
      vertex 48.8766 9.7807 48
      vertex 48.8766 9.7807 48.4
    endloop
  endfacet
  facet normal -0.980686 -0.195587 0
    outer loop
      vertex 48.8209 9.96354 48
      vertex 48.7811 10.1631 48.4
      vertex 48.7811 10.1631 48
    endloop
  endfacet
  facet normal -0.980686 -0.195587 0
    outer loop
      vertex 48.7811 10.1631 48.4
      vertex 48.8209 9.96354 48
      vertex 48.8209 9.96354 48.4
    endloop
  endfacet
  facet normal -0.993945 -0.109876 0
    outer loop
      vertex 48.7811 10.1631 48
      vertex 48.7572 10.3793 48.4
      vertex 48.7572 10.3793 48
    endloop
  endfacet
  facet normal -0.993945 -0.109876 0
    outer loop
      vertex 48.7572 10.3793 48.4
      vertex 48.7811 10.1631 48
      vertex 48.7811 10.1631 48.4
    endloop
  endfacet
  facet normal -0.999425 -0.0339152 0
    outer loop
      vertex 48.7572 10.3793 48
      vertex 48.7493 10.6121 48.4
      vertex 48.7493 10.6121 48
    endloop
  endfacet
  facet normal -0.999425 -0.0339152 0
    outer loop
      vertex 48.7493 10.6121 48.4
      vertex 48.7572 10.3793 48
      vertex 48.7572 10.3793 48.4
    endloop
  endfacet
  facet normal -0.99947 0.0325684 0
    outer loop
      vertex 48.7493 10.6121 48
      vertex 48.757 10.8484 48.4
      vertex 48.757 10.8484 48
    endloop
  endfacet
  facet normal -0.99947 0.0325684 0
    outer loop
      vertex 48.757 10.8484 48.4
      vertex 48.7493 10.6121 48
      vertex 48.7493 10.6121 48.4
    endloop
  endfacet
  facet normal -0.994368 0.105987 0
    outer loop
      vertex 48.757 10.8484 48
      vertex 48.7803 11.067 48.4
      vertex 48.7803 11.067 48
    endloop
  endfacet
  facet normal -0.994368 0.105987 0
    outer loop
      vertex 48.7803 11.067 48.4
      vertex 48.757 10.8484 48
      vertex 48.757 10.8484 48.4
    endloop
  endfacet
  facet normal -0.981965 0.189065 0
    outer loop
      vertex 48.7803 11.067 48
      vertex 48.819 11.268 48.4
      vertex 48.819 11.268 48
    endloop
  endfacet
  facet normal -0.981965 0.189065 0
    outer loop
      vertex 48.819 11.268 48.4
      vertex 48.7803 11.067 48
      vertex 48.7803 11.067 48.4
    endloop
  endfacet
  facet normal -0.958856 0.283893 0
    outer loop
      vertex 48.819 11.268 48
      vertex 48.8733 11.4514 48.4
      vertex 48.8733 11.4514 48
    endloop
  endfacet
  facet normal -0.958856 0.283893 0
    outer loop
      vertex 48.8733 11.4514 48.4
      vertex 48.819 11.268 48
      vertex 48.819 11.268 48.4
    endloop
  endfacet
  facet normal -0.921688 0.387933 0
    outer loop
      vertex 48.8733 11.4514 48
      vertex 48.943 11.617 48.4
      vertex 48.943 11.617 48
    endloop
  endfacet
  facet normal -0.921688 0.387933 0
    outer loop
      vertex 48.943 11.617 48.4
      vertex 48.8733 11.4514 48
      vertex 48.8733 11.4514 48.4
    endloop
  endfacet
  facet normal -0.866546 0.499098 0
    outer loop
      vertex 48.943 11.617 48
      vertex 49.0283 11.7651 48.4
      vertex 49.0283 11.7651 48
    endloop
  endfacet
  facet normal -0.866546 0.499098 0
    outer loop
      vertex 49.0283 11.7651 48.4
      vertex 48.943 11.617 48
      vertex 48.943 11.617 48.4
    endloop
  endfacet
  facet normal -0.791472 0.611206 0
    outer loop
      vertex 49.0283 11.7651 48
      vertex 49.129 11.8955 48.4
      vertex 49.129 11.8955 48
    endloop
  endfacet
  facet normal -0.791472 0.611206 0
    outer loop
      vertex 49.129 11.8955 48.4
      vertex 49.0283 11.7651 48
      vertex 49.0283 11.7651 48.4
    endloop
  endfacet
  facet normal -0.705543 0.708667 0
    outer loop
      vertex 49.2424 12.0084 48
      vertex 49.129 11.8955 48.4
      vertex 49.2424 12.0084 48.4
    endloop
  endfacet
  facet normal -0.705543 0.708667 0
    outer loop
      vertex 49.129 11.8955 48.4
      vertex 49.2424 12.0084 48
      vertex 49.129 11.8955 48
    endloop
  endfacet
  facet normal -0.612341 0.790594 0
    outer loop
      vertex 49.3657 12.1039 48
      vertex 49.2424 12.0084 48.4
      vertex 49.3657 12.1039 48.4
    endloop
  endfacet
  facet normal -0.612341 0.790594 0
    outer loop
      vertex 49.2424 12.0084 48.4
      vertex 49.3657 12.1039 48
      vertex 49.2424 12.0084 48
    endloop
  endfacet
  facet normal -0.50685 0.862034 0
    outer loop
      vertex 49.4987 12.1821 48
      vertex 49.3657 12.1039 48.4
      vertex 49.4987 12.1821 48.4
    endloop
  endfacet
  facet normal -0.50685 0.862034 0
    outer loop
      vertex 49.3657 12.1039 48.4
      vertex 49.4987 12.1821 48
      vertex 49.3657 12.1039 48
    endloop
  endfacet
  facet normal -0.391509 0.920174 0
    outer loop
      vertex 49.6416 12.2429 48
      vertex 49.4987 12.1821 48.4
      vertex 49.6416 12.2429 48.4
    endloop
  endfacet
  facet normal -0.391509 0.920174 0
    outer loop
      vertex 49.4987 12.1821 48.4
      vertex 49.6416 12.2429 48
      vertex 49.4987 12.1821 48
    endloop
  endfacet
  facet normal -0.27339 0.961903 0
    outer loop
      vertex 49.7943 12.2863 48
      vertex 49.6416 12.2429 48.4
      vertex 49.7943 12.2863 48.4
    endloop
  endfacet
  facet normal -0.27339 0.961903 0
    outer loop
      vertex 49.6416 12.2429 48.4
      vertex 49.7943 12.2863 48
      vertex 49.6416 12.2429 48
    endloop
  endfacet
  facet normal -0.157896 0.987456 0
    outer loop
      vertex 49.9569 12.3123 48
      vertex 49.7943 12.2863 48.4
      vertex 49.9569 12.3123 48.4
    endloop
  endfacet
  facet normal -0.157896 0.987456 0
    outer loop
      vertex 49.7943 12.2863 48.4
      vertex 49.9569 12.3123 48
      vertex 49.7943 12.2863 48
    endloop
  endfacet
  facet normal -0.0503999 0.998729 0
    outer loop
      vertex 50.1293 12.321 48
      vertex 49.9569 12.3123 48.4
      vertex 50.1293 12.321 48.4
    endloop
  endfacet
  facet normal -0.0503999 0.998729 0
    outer loop
      vertex 49.9569 12.3123 48.4
      vertex 50.1293 12.321 48
      vertex 49.9569 12.3123 48
    endloop
  endfacet
  facet normal 0.0493012 0.998784 -0
    outer loop
      vertex 50.3015 12.3125 48
      vertex 50.1293 12.321 48.4
      vertex 50.3015 12.3125 48.4
    endloop
  endfacet
  facet normal 0.0493012 0.998784 0
    outer loop
      vertex 50.1293 12.321 48.4
      vertex 50.3015 12.3125 48
      vertex 50.1293 12.321 48
    endloop
  endfacet
  facet normal 0.156994 0.9876 -0
    outer loop
      vertex 50.4638 12.2867 48
      vertex 50.3015 12.3125 48.4
      vertex 50.4638 12.2867 48.4
    endloop
  endfacet
  facet normal 0.156994 0.9876 0
    outer loop
      vertex 50.3015 12.3125 48.4
      vertex 50.4638 12.2867 48
      vertex 50.3015 12.3125 48
    endloop
  endfacet
  facet normal 0.271295 0.962496 -0
    outer loop
      vertex 50.616 12.2438 48
      vertex 50.4638 12.2867 48.4
      vertex 50.616 12.2438 48.4
    endloop
  endfacet
  facet normal 0.271295 0.962496 0
    outer loop
      vertex 50.4638 12.2867 48.4
      vertex 50.616 12.2438 48
      vertex 50.4638 12.2867 48
    endloop
  endfacet
  facet normal 0.389534 0.921012 -0
    outer loop
      vertex 50.7581 12.1837 48
      vertex 50.616 12.2438 48.4
      vertex 50.7581 12.1837 48.4
    endloop
  endfacet
  facet normal 0.389534 0.921012 0
    outer loop
      vertex 50.616 12.2438 48.4
      vertex 50.7581 12.1837 48
      vertex 50.616 12.2438 48
    endloop
  endfacet
  facet normal 0.504277 0.863542 -0
    outer loop
      vertex 50.8903 12.1065 48
      vertex 50.7581 12.1837 48.4
      vertex 50.8903 12.1065 48.4
    endloop
  endfacet
  facet normal 0.504277 0.863542 0
    outer loop
      vertex 50.7581 12.1837 48.4
      vertex 50.8903 12.1065 48
      vertex 50.7581 12.1837 48
    endloop
  endfacet
  facet normal 0.61165 0.791128 -0
    outer loop
      vertex 51.0124 12.0121 48
      vertex 50.8903 12.1065 48.4
      vertex 51.0124 12.0121 48.4
    endloop
  endfacet
  facet normal 0.61165 0.791128 0
    outer loop
      vertex 50.8903 12.1065 48.4
      vertex 51.0124 12.0121 48
      vertex 50.8903 12.1065 48
    endloop
  endfacet
  facet normal 0.705523 0.708687 -0
    outer loop
      vertex 51.1244 11.9006 48
      vertex 51.0124 12.0121 48.4
      vertex 51.1244 11.9006 48.4
    endloop
  endfacet
  facet normal 0.705523 0.708687 0
    outer loop
      vertex 51.0124 12.0121 48.4
      vertex 51.1244 11.9006 48
      vertex 51.0124 12.0121 48
    endloop
  endfacet
  facet normal 0.792122 0.610363 0
    outer loop
      vertex 51.2238 11.7716 48.4
      vertex 51.1244 11.9006 48
      vertex 51.1244 11.9006 48.4
    endloop
  endfacet
  facet normal 0.792122 0.610363 0
    outer loop
      vertex 51.1244 11.9006 48
      vertex 51.2238 11.7716 48.4
      vertex 51.2238 11.7716 48
    endloop
  endfacet
  facet normal 0.867551 0.497349 0
    outer loop
      vertex 51.3079 11.6249 48.4
      vertex 51.2238 11.7716 48
      vertex 51.2238 11.7716 48.4
    endloop
  endfacet
  facet normal 0.867551 0.497349 0
    outer loop
      vertex 51.2238 11.7716 48
      vertex 51.3079 11.6249 48.4
      vertex 51.3079 11.6249 48
    endloop
  endfacet
  facet normal 0.922478 0.386049 0
    outer loop
      vertex 51.3767 11.4605 48.4
      vertex 51.3079 11.6249 48
      vertex 51.3079 11.6249 48.4
    endloop
  endfacet
  facet normal 0.922478 0.386049 0
    outer loop
      vertex 51.3079 11.6249 48
      vertex 51.3767 11.4605 48.4
      vertex 51.3767 11.4605 48
    endloop
  endfacet
  facet normal 0.959449 0.281881 0
    outer loop
      vertex 51.4302 11.2784 48.4
      vertex 51.3767 11.4605 48
      vertex 51.3767 11.4605 48.4
    endloop
  endfacet
  facet normal 0.959449 0.281881 0
    outer loop
      vertex 51.3767 11.4605 48
      vertex 51.4302 11.2784 48.4
      vertex 51.4302 11.2784 48
    endloop
  endfacet
  facet normal 0.982136 0.188173 0
    outer loop
      vertex 51.4685 11.0785 48.4
      vertex 51.4302 11.2784 48
      vertex 51.4302 11.2784 48.4
    endloop
  endfacet
  facet normal 0.982136 0.188173 0
    outer loop
      vertex 51.4302 11.2784 48
      vertex 51.4685 11.0785 48.4
      vertex 51.4685 11.0785 48
    endloop
  endfacet
  facet normal 0.994503 0.104709 0
    outer loop
      vertex 51.4914 10.861 48.4
      vertex 51.4685 11.0785 48
      vertex 51.4685 11.0785 48.4
    endloop
  endfacet
  facet normal 0.994503 0.104709 0
    outer loop
      vertex 51.4685 11.0785 48
      vertex 51.4914 10.861 48.4
      vertex 51.4914 10.861 48
    endloop
  endfacet
  facet normal 0.999465 0.0327067 0
    outer loop
      vertex 51.4991 10.6257 48.4
      vertex 51.4914 10.861 48
      vertex 51.4914 10.861 48.4
    endloop
  endfacet
  facet normal 0.999465 0.0327067 0
    outer loop
      vertex 51.4914 10.861 48
      vertex 51.4991 10.6257 48.4
      vertex 51.4991 10.6257 48
    endloop
  endfacet
  facet normal 0.99945 -0.0331472 0
    outer loop
      vertex 51.4912 10.3875 48.4
      vertex 51.4991 10.6257 48
      vertex 51.4991 10.6257 48.4
    endloop
  endfacet
  facet normal 0.99945 -0.0331472 0
    outer loop
      vertex 51.4991 10.6257 48
      vertex 51.4912 10.3875 48.4
      vertex 51.4912 10.3875 48
    endloop
  endfacet
  facet normal 0.994321 -0.106422 0
    outer loop
      vertex 51.4676 10.167 48.4
      vertex 51.4912 10.3875 48
      vertex 51.4912 10.3875 48.4
    endloop
  endfacet
  facet normal 0.994321 -0.106422 0
    outer loop
      vertex 51.4912 10.3875 48
      vertex 51.4676 10.167 48.4
      vertex 51.4676 10.167 48
    endloop
  endfacet
  facet normal 0.981856 -0.189628 0
    outer loop
      vertex 51.4284 9.96403 48.4
      vertex 51.4676 10.167 48
      vertex 51.4676 10.167 48.4
    endloop
  endfacet
  facet normal 0.981856 -0.189628 0
    outer loop
      vertex 51.4676 10.167 48
      vertex 51.4284 9.96403 48.4
      vertex 51.4284 9.96403 48
    endloop
  endfacet
  facet normal 0.958658 -0.28456 0
    outer loop
      vertex 51.3734 9.77874 48.4
      vertex 51.4284 9.96403 48
      vertex 51.4284 9.96403 48.4
    endloop
  endfacet
  facet normal 0.958658 -0.28456 0
    outer loop
      vertex 51.4284 9.96403 48
      vertex 51.3734 9.77874 48.4
      vertex 51.3734 9.77874 48
    endloop
  endfacet
  facet normal 0.921401 -0.388612 0
    outer loop
      vertex 51.3027 9.61111 48.4
      vertex 51.3734 9.77874 48
      vertex 51.3734 9.77874 48.4
    endloop
  endfacet
  facet normal 0.921401 -0.388612 0
    outer loop
      vertex 51.3734 9.77874 48
      vertex 51.3027 9.61111 48.4
      vertex 51.3027 9.61111 48
    endloop
  endfacet
  facet normal 0.866503 -0.499172 0
    outer loop
      vertex 51.2163 9.46113 48.4
      vertex 51.3027 9.61111 48
      vertex 51.3027 9.61111 48.4
    endloop
  endfacet
  facet normal 0.866503 -0.499172 0
    outer loop
      vertex 51.3027 9.61111 48
      vertex 51.2163 9.46113 48.4
      vertex 51.2163 9.46113 48
    endloop
  endfacet
  facet normal 0.791756 -0.610838 0
    outer loop
      vertex 51.1142 9.32879 48.4
      vertex 51.2163 9.46113 48
      vertex 51.2163 9.46113 48.4
    endloop
  endfacet
  facet normal 0.791756 -0.610838 0
    outer loop
      vertex 51.2163 9.46113 48
      vertex 51.1142 9.32879 48.4
      vertex 51.1142 9.32879 48
    endloop
  endfacet
  facet normal 0.708279 -0.705932 0
    outer loop
      vertex 50.9999 9.21411 48.4
      vertex 51.1142 9.32879 48
      vertex 51.1142 9.32879 48.4
    endloop
  endfacet
  facet normal 0.708279 -0.705932 0
    outer loop
      vertex 51.1142 9.32879 48
      vertex 50.9999 9.21411 48.4
      vertex 50.9999 9.21411 48
    endloop
  endfacet
  facet normal 0.618807 -0.785543 0
    outer loop
      vertex 50.8767 9.11706 48
      vertex 50.9999 9.21411 48.4
      vertex 50.8767 9.11706 48.4
    endloop
  endfacet
  facet normal 0.618807 -0.785543 0
    outer loop
      vertex 50.9999 9.21411 48.4
      vertex 50.8767 9.11706 48
      vertex 50.9999 9.21411 48
    endloop
  endfacet
  facet normal 0.515785 -0.856718 0
    outer loop
      vertex 50.7448 9.03765 48
      vertex 50.8767 9.11706 48.4
      vertex 50.7448 9.03765 48.4
    endloop
  endfacet
  facet normal 0.515785 -0.856718 0
    outer loop
      vertex 50.8767 9.11706 48.4
      vertex 50.7448 9.03765 48
      vertex 50.8767 9.11706 48
    endloop
  endfacet
  facet normal 0.401877 -0.915694 0
    outer loop
      vertex 50.6041 8.9759 48
      vertex 50.7448 9.03765 48.4
      vertex 50.6041 8.9759 48.4
    endloop
  endfacet
  facet normal 0.401877 -0.915694 0
    outer loop
      vertex 50.7448 9.03765 48.4
      vertex 50.6041 8.9759 48
      vertex 50.7448 9.03765 48
    endloop
  endfacet
  facet normal 0.282989 -0.959123 0
    outer loop
      vertex 50.4546 8.93179 48
      vertex 50.6041 8.9759 48.4
      vertex 50.4546 8.93179 48.4
    endloop
  endfacet
  facet normal 0.282989 -0.959123 0
    outer loop
      vertex 50.6041 8.9759 48.4
      vertex 50.4546 8.93179 48
      vertex 50.6041 8.9759 48
    endloop
  endfacet
  facet normal 0.164924 -0.986306 0
    outer loop
      vertex 50.2963 8.90532 48
      vertex 50.4546 8.93179 48.4
      vertex 50.2963 8.90532 48.4
    endloop
  endfacet
  facet normal 0.164924 -0.986306 0
    outer loop
      vertex 50.4546 8.93179 48.4
      vertex 50.2963 8.90532 48
      vertex 50.4546 8.93179 48
    endloop
  endfacet
  facet normal 0.0527409 -0.998608 0
    outer loop
      vertex 50.1293 8.8965 48
      vertex 50.2963 8.90532 48.4
      vertex 50.1293 8.8965 48.4
    endloop
  endfacet
  facet normal 0.0527409 -0.998608 0
    outer loop
      vertex 50.2963 8.90532 48.4
      vertex 50.1293 8.8965 48
      vertex 50.2963 8.90532 48
    endloop
  endfacet
  facet normal -0.0530949 -0.998589 0
    outer loop
      vertex 49.9621 8.90539 48
      vertex 50.1293 8.8965 48.4
      vertex 49.9621 8.90539 48.4
    endloop
  endfacet
  facet normal -0.0530949 -0.998589 -0
    outer loop
      vertex 50.1293 8.8965 48.4
      vertex 49.9621 8.90539 48
      vertex 50.1293 8.8965 48
    endloop
  endfacet
  facet normal -0.144091 0.989564 0
    outer loop
      vertex 65.4183 8.09419 48
      vertex 65.1324 8.05256 48.4
      vertex 65.4183 8.09419 48.4
    endloop
  endfacet
  facet normal -0.144091 0.989564 0
    outer loop
      vertex 65.1324 8.05256 48.4
      vertex 65.4183 8.09419 48
      vertex 65.1324 8.05256 48
    endloop
  endfacet
  facet normal -0.250672 0.968072 0
    outer loop
      vertex 65.6862 8.16356 48
      vertex 65.4183 8.09419 48.4
      vertex 65.6862 8.16356 48.4
    endloop
  endfacet
  facet normal -0.250672 0.968072 0
    outer loop
      vertex 65.4183 8.09419 48.4
      vertex 65.6862 8.16356 48
      vertex 65.4183 8.09419 48
    endloop
  endfacet
  facet normal -0.362115 0.932133 0
    outer loop
      vertex 65.9362 8.26068 48
      vertex 65.6862 8.16356 48.4
      vertex 65.9362 8.26068 48.4
    endloop
  endfacet
  facet normal -0.362115 0.932133 0
    outer loop
      vertex 65.6862 8.16356 48.4
      vertex 65.9362 8.26068 48
      vertex 65.6862 8.16356 48
    endloop
  endfacet
  facet normal -0.474014 0.880517 0
    outer loop
      vertex 66.1681 8.38552 48
      vertex 65.9362 8.26068 48.4
      vertex 66.1681 8.38552 48.4
    endloop
  endfacet
  facet normal -0.474014 0.880517 0
    outer loop
      vertex 65.9362 8.26068 48.4
      vertex 66.1681 8.38552 48
      vertex 65.9362 8.26068 48
    endloop
  endfacet
  facet normal -0.580641 0.81416 0
    outer loop
      vertex 66.3821 8.53814 48
      vertex 66.1681 8.38552 48.4
      vertex 66.3821 8.53814 48.4
    endloop
  endfacet
  facet normal -0.580641 0.81416 0
    outer loop
      vertex 66.1681 8.38552 48.4
      vertex 66.3821 8.53814 48
      vertex 66.1681 8.38552 48
    endloop
  endfacet
  facet normal -0.677305 0.735703 0
    outer loop
      vertex 66.578 8.71849 48
      vertex 66.3821 8.53814 48.4
      vertex 66.578 8.71849 48.4
    endloop
  endfacet
  facet normal -0.677305 0.735703 0
    outer loop
      vertex 66.3821 8.53814 48.4
      vertex 66.578 8.71849 48
      vertex 66.3821 8.53814 48
    endloop
  endfacet
  facet normal -0.762855 0.646569 0
    outer loop
      vertex 66.578 8.71849 48
      vertex 66.7517 8.92343 48.4
      vertex 66.7517 8.92343 48
    endloop
  endfacet
  facet normal -0.762855 0.646569 0
    outer loop
      vertex 66.7517 8.92343 48.4
      vertex 66.578 8.71849 48
      vertex 66.578 8.71849 48.4
    endloop
  endfacet
  facet normal -0.838796 0.544446 0
    outer loop
      vertex 66.7517 8.92343 48
      vertex 66.8986 9.14975 48.4
      vertex 66.8986 9.14975 48
    endloop
  endfacet
  facet normal -0.838796 0.544446 0
    outer loop
      vertex 66.8986 9.14975 48.4
      vertex 66.7517 8.92343 48
      vertex 66.7517 8.92343 48.4
    endloop
  endfacet
  facet normal -0.899653 0.436605 0
    outer loop
      vertex 66.8986 9.14975 48
      vertex 67.0188 9.39743 48.4
      vertex 67.0188 9.39743 48
    endloop
  endfacet
  facet normal -0.899653 0.436605 0
    outer loop
      vertex 67.0188 9.39743 48.4
      vertex 66.8986 9.14975 48
      vertex 66.8986 9.14975 48.4
    endloop
  endfacet
  facet normal -0.944594 0.32824 0
    outer loop
      vertex 67.0188 9.39743 48
      vertex 67.1123 9.6665 48.4
      vertex 67.1123 9.6665 48
    endloop
  endfacet
  facet normal -0.944594 0.32824 0
    outer loop
      vertex 67.1123 9.6665 48.4
      vertex 67.0188 9.39743 48
      vertex 67.0188 9.39743 48.4
    endloop
  endfacet
  facet normal -0.974631 0.223818 0
    outer loop
      vertex 67.1123 9.6665 48
      vertex 67.179 9.95695 48.4
      vertex 67.179 9.95695 48
    endloop
  endfacet
  facet normal -0.974631 0.223818 0
    outer loop
      vertex 67.179 9.95695 48.4
      vertex 67.1123 9.6665 48
      vertex 67.1123 9.6665 48.4
    endloop
  endfacet
  facet normal -0.991834 0.127537 0
    outer loop
      vertex 67.179 9.95695 48
      vertex 67.2191 10.2688 48.4
      vertex 67.2191 10.2688 48
    endloop
  endfacet
  facet normal -0.991834 0.127537 0
    outer loop
      vertex 67.2191 10.2688 48.4
      vertex 67.179 9.95695 48
      vertex 67.179 9.95695 48.4
    endloop
  endfacet
  facet normal -0.999204 0.0398842 0
    outer loop
      vertex 67.2191 10.2688 48
      vertex 67.2324 10.602 48.4
      vertex 67.2324 10.602 48
    endloop
  endfacet
  facet normal -0.999204 0.0398842 0
    outer loop
      vertex 67.2324 10.602 48.4
      vertex 67.2191 10.2688 48
      vertex 67.2191 10.2688 48.4
    endloop
  endfacet
  facet normal -0.999205 -0.0398611 0
    outer loop
      vertex 67.2324 10.602 48
      vertex 67.219 10.9379 48.4
      vertex 67.219 10.9379 48
    endloop
  endfacet
  facet normal -0.999205 -0.0398611 0
    outer loop
      vertex 67.219 10.9379 48.4
      vertex 67.2324 10.602 48
      vertex 67.2324 10.602 48.4
    endloop
  endfacet
  facet normal -0.991835 -0.127531 0
    outer loop
      vertex 67.219 10.9379 48
      vertex 67.1786 11.2521 48.4
      vertex 67.1786 11.2521 48
    endloop
  endfacet
  facet normal -0.991835 -0.127531 0
    outer loop
      vertex 67.1786 11.2521 48.4
      vertex 67.219 10.9379 48
      vertex 67.219 10.9379 48.4
    endloop
  endfacet
  facet normal -0.974537 -0.224227 0
    outer loop
      vertex 67.1786 11.2521 48
      vertex 67.1113 11.5446 48.4
      vertex 67.1113 11.5446 48
    endloop
  endfacet
  facet normal -0.974537 -0.224227 0
    outer loop
      vertex 67.1113 11.5446 48.4
      vertex 67.1786 11.2521 48
      vertex 67.1786 11.2521 48.4
    endloop
  endfacet
  facet normal -0.944487 -0.328548 0
    outer loop
      vertex 67.1113 11.5446 48
      vertex 67.0171 11.8154 48.4
      vertex 67.0171 11.8154 48
    endloop
  endfacet
  facet normal -0.944487 -0.328548 0
    outer loop
      vertex 67.0171 11.8154 48.4
      vertex 67.1113 11.5446 48
      vertex 67.1113 11.5446 48.4
    endloop
  endfacet
  facet normal -0.899285 -0.437363 0
    outer loop
      vertex 67.0171 11.8154 48
      vertex 66.896 12.0644 48.4
      vertex 66.896 12.0644 48
    endloop
  endfacet
  facet normal -0.899285 -0.437363 0
    outer loop
      vertex 66.896 12.0644 48.4
      vertex 67.0171 11.8154 48
      vertex 67.0171 11.8154 48.4
    endloop
  endfacet
  facet normal -0.837845 -0.545908 0
    outer loop
      vertex 66.896 12.0644 48
      vertex 66.7479 12.2917 48.4
      vertex 66.7479 12.2917 48
    endloop
  endfacet
  facet normal -0.837845 -0.545908 0
    outer loop
      vertex 66.7479 12.2917 48.4
      vertex 66.896 12.0644 48
      vertex 66.896 12.0644 48.4
    endloop
  endfacet
  facet normal -0.7615 -0.648164 0
    outer loop
      vertex 66.7479 12.2917 48
      vertex 66.5729 12.4973 48.4
      vertex 66.5729 12.4973 48
    endloop
  endfacet
  facet normal -0.7615 -0.648164 0
    outer loop
      vertex 66.5729 12.4973 48.4
      vertex 66.7479 12.2917 48
      vertex 66.7479 12.2917 48.4
    endloop
  endfacet
  facet normal -0.675606 -0.737263 0
    outer loop
      vertex 66.3756 12.6781 48
      vertex 66.5729 12.4973 48.4
      vertex 66.3756 12.6781 48.4
    endloop
  endfacet
  facet normal -0.675606 -0.737263 -0
    outer loop
      vertex 66.5729 12.4973 48.4
      vertex 66.3756 12.6781 48
      vertex 66.5729 12.4973 48
    endloop
  endfacet
  facet normal -0.579267 -0.815138 0
    outer loop
      vertex 66.1603 12.8311 48
      vertex 66.3756 12.6781 48.4
      vertex 66.1603 12.8311 48.4
    endloop
  endfacet
  facet normal -0.579267 -0.815138 -0
    outer loop
      vertex 66.3756 12.6781 48.4
      vertex 66.1603 12.8311 48
      vertex 66.3756 12.6781 48
    endloop
  endfacet
  facet normal -0.472861 -0.881137 0
    outer loop
      vertex 65.927 12.9563 48
      vertex 66.1603 12.8311 48.4
      vertex 65.927 12.9563 48.4
    endloop
  endfacet
  facet normal -0.472861 -0.881137 -0
    outer loop
      vertex 66.1603 12.8311 48.4
      vertex 65.927 12.9563 48
      vertex 66.1603 12.8311 48
    endloop
  endfacet
  facet normal -0.36164 -0.932318 0
    outer loop
      vertex 65.6759 13.0537 48
      vertex 65.927 12.9563 48.4
      vertex 65.6759 13.0537 48.4
    endloop
  endfacet
  facet normal -0.36164 -0.932318 -0
    outer loop
      vertex 65.927 12.9563 48.4
      vertex 65.6759 13.0537 48
      vertex 65.927 12.9563 48
    endloop
  endfacet
  facet normal -0.250063 -0.96823 0
    outer loop
      vertex 65.4068 13.1232 48
      vertex 65.6759 13.0537 48.4
      vertex 65.4068 13.1232 48.4
    endloop
  endfacet
  facet normal -0.250063 -0.96823 -0
    outer loop
      vertex 65.6759 13.0537 48.4
      vertex 65.4068 13.1232 48
      vertex 65.6759 13.0537 48
    endloop
  endfacet
  facet normal -0.143786 -0.989609 0
    outer loop
      vertex 65.1198 13.1649 48
      vertex 65.4068 13.1232 48.4
      vertex 65.1198 13.1649 48.4
    endloop
  endfacet
  facet normal -0.143786 -0.989609 -0
    outer loop
      vertex 65.4068 13.1232 48.4
      vertex 65.1198 13.1649 48
      vertex 65.4068 13.1232 48
    endloop
  endfacet
  facet normal -0.0455414 -0.998962 0
    outer loop
      vertex 64.8149 13.1788 48
      vertex 65.1198 13.1649 48.4
      vertex 64.8149 13.1788 48.4
    endloop
  endfacet
  facet normal -0.0455414 -0.998962 -0
    outer loop
      vertex 65.1198 13.1649 48.4
      vertex 64.8149 13.1788 48
      vertex 65.1198 13.1649 48
    endloop
  endfacet
  facet normal 0.023454 -0.999725 0
    outer loop
      vertex 64.6444 13.1748 48
      vertex 64.8149 13.1788 48.4
      vertex 64.6444 13.1748 48.4
    endloop
  endfacet
  facet normal 0.023454 -0.999725 0
    outer loop
      vertex 64.8149 13.1788 48.4
      vertex 64.6444 13.1748 48
      vertex 64.8149 13.1788 48
    endloop
  endfacet
  facet normal 0.0726671 -0.997356 0
    outer loop
      vertex 64.4797 13.1628 48
      vertex 64.6444 13.1748 48.4
      vertex 64.4797 13.1628 48.4
    endloop
  endfacet
  facet normal 0.0726671 -0.997356 0
    outer loop
      vertex 64.6444 13.1748 48.4
      vertex 64.4797 13.1628 48
      vertex 64.6444 13.1748 48
    endloop
  endfacet
  facet normal 0.125572 -0.992084 0
    outer loop
      vertex 64.3209 13.1427 48
      vertex 64.4797 13.1628 48.4
      vertex 64.3209 13.1427 48.4
    endloop
  endfacet
  facet normal 0.125572 -0.992084 0
    outer loop
      vertex 64.4797 13.1628 48.4
      vertex 64.3209 13.1427 48
      vertex 64.4797 13.1628 48
    endloop
  endfacet
  facet normal 0.180525 -0.98357 0
    outer loop
      vertex 64.1678 13.1146 48
      vertex 64.3209 13.1427 48.4
      vertex 64.1678 13.1146 48.4
    endloop
  endfacet
  facet normal 0.180525 -0.98357 0
    outer loop
      vertex 64.3209 13.1427 48.4
      vertex 64.1678 13.1146 48
      vertex 64.3209 13.1427 48
    endloop
  endfacet
  facet normal 0.238034 -0.971257 0
    outer loop
      vertex 64.0205 13.0785 48
      vertex 64.1678 13.1146 48.4
      vertex 64.0205 13.0785 48.4
    endloop
  endfacet
  facet normal 0.238034 -0.971257 0
    outer loop
      vertex 64.1678 13.1146 48.4
      vertex 64.0205 13.0785 48
      vertex 64.1678 13.1146 48
    endloop
  endfacet
  facet normal 0.297737 -0.954648 0
    outer loop
      vertex 63.8791 13.0344 48
      vertex 64.0205 13.0785 48.4
      vertex 63.8791 13.0344 48.4
    endloop
  endfacet
  facet normal 0.297737 -0.954648 0
    outer loop
      vertex 64.0205 13.0785 48.4
      vertex 63.8791 13.0344 48
      vertex 64.0205 13.0785 48
    endloop
  endfacet
  facet normal 0.359256 -0.933239 0
    outer loop
      vertex 63.7435 12.9822 48
      vertex 63.8791 13.0344 48.4
      vertex 63.7435 12.9822 48.4
    endloop
  endfacet
  facet normal 0.359256 -0.933239 0
    outer loop
      vertex 63.8791 13.0344 48.4
      vertex 63.7435 12.9822 48
      vertex 63.8791 13.0344 48
    endloop
  endfacet
  facet normal 0.414081 -0.91024 0
    outer loop
      vertex 63.6448 12.9373 48
      vertex 63.7435 12.9822 48.4
      vertex 63.6448 12.9373 48.4
    endloop
  endfacet
  facet normal 0.414081 -0.91024 0
    outer loop
      vertex 63.7435 12.9822 48.4
      vertex 63.6448 12.9373 48
      vertex 63.7435 12.9822 48
    endloop
  endfacet
  facet normal 0.469446 -0.882961 0
    outer loop
      vertex 63.5485 12.8861 48
      vertex 63.6448 12.9373 48.4
      vertex 63.5485 12.8861 48.4
    endloop
  endfacet
  facet normal 0.469446 -0.882961 0
    outer loop
      vertex 63.6448 12.9373 48.4
      vertex 63.5485 12.8861 48
      vertex 63.6448 12.9373 48
    endloop
  endfacet
  facet normal 0.521413 -0.853304 0
    outer loop
      vertex 63.4544 12.8286 48
      vertex 63.5485 12.8861 48.4
      vertex 63.4544 12.8286 48.4
    endloop
  endfacet
  facet normal 0.521413 -0.853304 0
    outer loop
      vertex 63.5485 12.8861 48.4
      vertex 63.4544 12.8286 48
      vertex 63.5485 12.8861 48
    endloop
  endfacet
  facet normal 0.571902 -0.820322 0
    outer loop
      vertex 63.3626 12.7646 48
      vertex 63.4544 12.8286 48.4
      vertex 63.3626 12.7646 48.4
    endloop
  endfacet
  facet normal 0.571902 -0.820322 0
    outer loop
      vertex 63.4544 12.8286 48.4
      vertex 63.3626 12.7646 48
      vertex 63.4544 12.8286 48
    endloop
  endfacet
  facet normal 0.617705 -0.78641 0
    outer loop
      vertex 63.2731 12.6943 48
      vertex 63.3626 12.7646 48.4
      vertex 63.2731 12.6943 48.4
    endloop
  endfacet
  facet normal 0.617705 -0.78641 0
    outer loop
      vertex 63.3626 12.7646 48.4
      vertex 63.2731 12.6943 48
      vertex 63.3626 12.7646 48
    endloop
  endfacet
  facet normal 0.659967 -0.751294 0
    outer loop
      vertex 63.1859 12.6177 48
      vertex 63.2731 12.6943 48.4
      vertex 63.1859 12.6177 48.4
    endloop
  endfacet
  facet normal 0.659967 -0.751294 0
    outer loop
      vertex 63.2731 12.6943 48.4
      vertex 63.1859 12.6177 48
      vertex 63.2731 12.6943 48
    endloop
  endfacet
  facet normal 0.69907 -0.715053 0
    outer loop
      vertex 63.1009 12.5346 48
      vertex 63.1859 12.6177 48.4
      vertex 63.1009 12.5346 48.4
    endloop
  endfacet
  facet normal 0.69907 -0.715053 0
    outer loop
      vertex 63.1859 12.6177 48.4
      vertex 63.1009 12.5346 48
      vertex 63.1859 12.6177 48
    endloop
  endfacet
  facet normal 0.734162 -0.678974 0
    outer loop
      vertex 63.0197 12.4468 48.4
      vertex 63.1009 12.5346 48
      vertex 63.1009 12.5346 48.4
    endloop
  endfacet
  facet normal 0.734162 -0.678974 0
    outer loop
      vertex 63.1009 12.5346 48
      vertex 63.0197 12.4468 48.4
      vertex 63.0197 12.4468 48
    endloop
  endfacet
  facet normal 0.7667 -0.642006 0
    outer loop
      vertex 62.9435 12.3558 48.4
      vertex 63.0197 12.4468 48
      vertex 63.0197 12.4468 48.4
    endloop
  endfacet
  facet normal 0.7667 -0.642006 0
    outer loop
      vertex 63.0197 12.4468 48
      vertex 62.9435 12.3558 48.4
      vertex 62.9435 12.3558 48
    endloop
  endfacet
  facet normal 0.79745 -0.603384 0
    outer loop
      vertex 62.8723 12.2617 48.4
      vertex 62.9435 12.3558 48
      vertex 62.9435 12.3558 48.4
    endloop
  endfacet
  facet normal 0.79745 -0.603384 0
    outer loop
      vertex 62.9435 12.3558 48
      vertex 62.8723 12.2617 48.4
      vertex 62.8723 12.2617 48
    endloop
  endfacet
  facet normal 0.827448 -0.561543 0
    outer loop
      vertex 62.8062 12.1643 48.4
      vertex 62.8723 12.2617 48
      vertex 62.8723 12.2617 48.4
    endloop
  endfacet
  facet normal 0.827448 -0.561543 0
    outer loop
      vertex 62.8723 12.2617 48
      vertex 62.8062 12.1643 48.4
      vertex 62.8062 12.1643 48
    endloop
  endfacet
  facet normal 0.854478 -0.519488 0
    outer loop
      vertex 62.7451 12.0638 48.4
      vertex 62.8062 12.1643 48
      vertex 62.8062 12.1643 48.4
    endloop
  endfacet
  facet normal 0.854478 -0.519488 0
    outer loop
      vertex 62.8062 12.1643 48
      vertex 62.7451 12.0638 48.4
      vertex 62.7451 12.0638 48
    endloop
  endfacet
  facet normal 0.88009 -0.474808 0
    outer loop
      vertex 62.6891 11.96 48.4
      vertex 62.7451 12.0638 48
      vertex 62.7451 12.0638 48.4
    endloop
  endfacet
  facet normal 0.88009 -0.474808 0
    outer loop
      vertex 62.7451 12.0638 48
      vertex 62.6891 11.96 48.4
      vertex 62.6891 11.96 48
    endloop
  endfacet
  facet normal 0.902548 -0.430589 0
    outer loop
      vertex 62.6381 11.8531 48.4
      vertex 62.6891 11.96 48
      vertex 62.6891 11.96 48.4
    endloop
  endfacet
  facet normal 0.902548 -0.430589 0
    outer loop
      vertex 62.6891 11.96 48
      vertex 62.6381 11.8531 48.4
      vertex 62.6381 11.8531 48
    endloop
  endfacet
  facet normal 0.929902 -0.367806 0
    outer loop
      vertex 62.5779 11.7009 48.4
      vertex 62.6381 11.8531 48
      vertex 62.6381 11.8531 48.4
    endloop
  endfacet
  facet normal 0.929902 -0.367806 0
    outer loop
      vertex 62.6381 11.8531 48
      vertex 62.5779 11.7009 48.4
      vertex 62.5779 11.7009 48
    endloop
  endfacet
  facet normal 0.953955 -0.299949 0
    outer loop
      vertex 62.5269 11.5387 48.4
      vertex 62.5779 11.7009 48
      vertex 62.5779 11.7009 48.4
    endloop
  endfacet
  facet normal 0.953955 -0.299949 0
    outer loop
      vertex 62.5779 11.7009 48
      vertex 62.5269 11.5387 48.4
      vertex 62.5269 11.5387 48
    endloop
  endfacet
  facet normal 0.97178 -0.235891 0
    outer loop
      vertex 62.4851 11.3665 48.4
      vertex 62.5269 11.5387 48
      vertex 62.5269 11.5387 48.4
    endloop
  endfacet
  facet normal 0.97178 -0.235891 0
    outer loop
      vertex 62.5269 11.5387 48
      vertex 62.4851 11.3665 48.4
      vertex 62.4851 11.3665 48
    endloop
  endfacet
  facet normal 0.984538 -0.175173 0
    outer loop
      vertex 62.4527 11.1844 48.4
      vertex 62.4851 11.3665 48
      vertex 62.4851 11.3665 48.4
    endloop
  endfacet
  facet normal 0.984538 -0.175173 0
    outer loop
      vertex 62.4851 11.3665 48
      vertex 62.4527 11.1844 48.4
      vertex 62.4527 11.1844 48
    endloop
  endfacet
  facet normal 0.992786 -0.119899 0
    outer loop
      vertex 62.4295 10.9923 48.4
      vertex 62.4527 11.1844 48
      vertex 62.4527 11.1844 48.4
    endloop
  endfacet
  facet normal 0.992786 -0.119899 0
    outer loop
      vertex 62.4527 11.1844 48
      vertex 62.4295 10.9923 48.4
      vertex 62.4295 10.9923 48
    endloop
  endfacet
  facet normal 0.997643 -0.0686157 0
    outer loop
      vertex 62.4156 10.7902 48.4
      vertex 62.4295 10.9923 48
      vertex 62.4295 10.9923 48.4
    endloop
  endfacet
  facet normal 0.997643 -0.0686157 0
    outer loop
      vertex 62.4295 10.9923 48
      vertex 62.4156 10.7902 48.4
      vertex 62.4156 10.7902 48
    endloop
  endfacet
  facet normal 0.999754 -0.0221644 0
    outer loop
      vertex 62.4109 10.5782 48.4
      vertex 62.4156 10.7902 48
      vertex 62.4156 10.7902 48.4
    endloop
  endfacet
  facet normal 0.999754 -0.0221644 0
    outer loop
      vertex 62.4156 10.7902 48
      vertex 62.4109 10.5782 48.4
      vertex 62.4109 10.5782 48
    endloop
  endfacet
  facet normal 0.99917 0.0407452 0
    outer loop
      vertex 62.4243 10.2496 48.4
      vertex 62.4109 10.5782 48
      vertex 62.4109 10.5782 48.4
    endloop
  endfacet
  facet normal 0.99917 0.0407452 0
    outer loop
      vertex 62.4109 10.5782 48
      vertex 62.4243 10.2496 48.4
      vertex 62.4243 10.2496 48
    endloop
  endfacet
  facet normal 0.991621 0.129179 0
    outer loop
      vertex 62.4644 9.94178 48.4
      vertex 62.4243 10.2496 48
      vertex 62.4243 10.2496 48.4
    endloop
  endfacet
  facet normal 0.991621 0.129179 0
    outer loop
      vertex 62.4243 10.2496 48
      vertex 62.4644 9.94178 48.4
      vertex 62.4644 9.94178 48
    endloop
  endfacet
  facet normal 0.974038 0.226386 0
    outer loop
      vertex 62.5311 9.6548 48.4
      vertex 62.4644 9.94178 48
      vertex 62.4644 9.94178 48.4
    endloop
  endfacet
  facet normal 0.974038 0.226386 0
    outer loop
      vertex 62.4644 9.94178 48
      vertex 62.5311 9.6548 48.4
      vertex 62.5311 9.6548 48
    endloop
  endfacet
  facet normal 0.943485 0.331414 0
    outer loop
      vertex 62.6246 9.38862 48.4
      vertex 62.5311 9.6548 48
      vertex 62.5311 9.6548 48.4
    endloop
  endfacet
  facet normal 0.943485 0.331414 0
    outer loop
      vertex 62.5311 9.6548 48
      vertex 62.6246 9.38862 48.4
      vertex 62.6246 9.38862 48
    endloop
  endfacet
  facet normal 0.898007 0.439981 0
    outer loop
      vertex 62.7448 9.14329 48.4
      vertex 62.6246 9.38862 48
      vertex 62.6246 9.38862 48.4
    endloop
  endfacet
  facet normal 0.898007 0.439981 0
    outer loop
      vertex 62.6246 9.38862 48
      vertex 62.7448 9.14329 48.4
      vertex 62.7448 9.14329 48
    endloop
  endfacet
  facet normal 0.836801 0.547506 0
    outer loop
      vertex 62.8917 8.91877 48.4
      vertex 62.7448 9.14329 48
      vertex 62.7448 9.14329 48.4
    endloop
  endfacet
  facet normal 0.836801 0.547506 0
    outer loop
      vertex 62.7448 9.14329 48
      vertex 62.8917 8.91877 48.4
      vertex 62.8917 8.91877 48
    endloop
  endfacet
  facet normal 0.761053 0.64869 0
    outer loop
      vertex 63.0653 8.7151 48.4
      vertex 62.8917 8.91877 48
      vertex 62.8917 8.91877 48.4
    endloop
  endfacet
  facet normal 0.761053 0.64869 0
    outer loop
      vertex 62.8917 8.91877 48
      vertex 63.0653 8.7151 48.4
      vertex 63.0653 8.7151 48
    endloop
  endfacet
  facet normal 0.67474 0.738056 -0
    outer loop
      vertex 63.2616 8.53564 48
      vertex 63.0653 8.7151 48.4
      vertex 63.2616 8.53564 48.4
    endloop
  endfacet
  facet normal 0.67474 0.738056 0
    outer loop
      vertex 63.0653 8.7151 48.4
      vertex 63.2616 8.53564 48
      vertex 63.0653 8.7151 48
    endloop
  endfacet
  facet normal 0.577232 0.81658 -0
    outer loop
      vertex 63.4764 8.3838 48
      vertex 63.2616 8.53564 48.4
      vertex 63.4764 8.3838 48.4
    endloop
  endfacet
  facet normal 0.577232 0.81658 0
    outer loop
      vertex 63.2616 8.53564 48.4
      vertex 63.4764 8.3838 48
      vertex 63.2616 8.53564 48
    endloop
  endfacet
  facet normal 0.470038 0.882646 -0
    outer loop
      vertex 63.7097 8.25956 48
      vertex 63.4764 8.3838 48.4
      vertex 63.7097 8.25956 48.4
    endloop
  endfacet
  facet normal 0.470038 0.882646 0
    outer loop
      vertex 63.4764 8.3838 48.4
      vertex 63.7097 8.25956 48
      vertex 63.4764 8.3838 48
    endloop
  endfacet
  facet normal 0.358157 0.933661 -0
    outer loop
      vertex 63.9616 8.16293 48
      vertex 63.7097 8.25956 48.4
      vertex 63.9616 8.16293 48.4
    endloop
  endfacet
  facet normal 0.358157 0.933661 0
    outer loop
      vertex 63.7097 8.25956 48.4
      vertex 63.9616 8.16293 48
      vertex 63.7097 8.25956 48
    endloop
  endfacet
  facet normal 0.247322 0.968933 -0
    outer loop
      vertex 64.232 8.09391 48
      vertex 63.9616 8.16293 48.4
      vertex 64.232 8.09391 48.4
    endloop
  endfacet
  facet normal 0.247322 0.968933 0
    outer loop
      vertex 63.9616 8.16293 48.4
      vertex 64.232 8.09391 48
      vertex 63.9616 8.16293 48
    endloop
  endfacet
  facet normal 0.141839 0.98989 -0
    outer loop
      vertex 64.521 8.0525 48
      vertex 64.232 8.09391 48.4
      vertex 64.521 8.0525 48.4
    endloop
  endfacet
  facet normal 0.141839 0.98989 0
    outer loop
      vertex 64.232 8.09391 48.4
      vertex 64.521 8.0525 48
      vertex 64.232 8.09391 48
    endloop
  endfacet
  facet normal 0.0448653 0.998993 -0
    outer loop
      vertex 64.8285 8.03869 48
      vertex 64.521 8.0525 48.4
      vertex 64.8285 8.03869 48.4
    endloop
  endfacet
  facet normal 0.0448653 0.998993 0
    outer loop
      vertex 64.521 8.0525 48.4
      vertex 64.8285 8.03869 48
      vertex 64.521 8.0525 48
    endloop
  endfacet
  facet normal -0.0455926 0.99896 0
    outer loop
      vertex 65.1324 8.05256 48
      vertex 64.8285 8.03869 48.4
      vertex 65.1324 8.05256 48.4
    endloop
  endfacet
  facet normal -0.0455926 0.99896 0
    outer loop
      vertex 64.8285 8.03869 48.4
      vertex 65.1324 8.05256 48
      vertex 64.8285 8.03869 48
    endloop
  endfacet
  facet normal -0.165831 -0.986154 0
    outer loop
      vertex 64.4993 8.93206 48
      vertex 64.6579 8.90539 48.4
      vertex 64.4993 8.93206 48.4
    endloop
  endfacet
  facet normal -0.165831 -0.986154 -0
    outer loop
      vertex 64.6579 8.90539 48.4
      vertex 64.4993 8.93206 48
      vertex 64.6579 8.90539 48
    endloop
  endfacet
  facet normal -0.284238 -0.958754 0
    outer loop
      vertex 64.3493 8.97653 48
      vertex 64.4993 8.93206 48.4
      vertex 64.3493 8.97653 48.4
    endloop
  endfacet
  facet normal -0.284238 -0.958754 -0
    outer loop
      vertex 64.4993 8.93206 48.4
      vertex 64.3493 8.97653 48
      vertex 64.4993 8.93206 48
    endloop
  endfacet
  facet normal -0.40263 -0.915363 0
    outer loop
      vertex 64.2078 9.03877 48
      vertex 64.3493 8.97653 48.4
      vertex 64.2078 9.03877 48.4
    endloop
  endfacet
  facet normal -0.40263 -0.915363 -0
    outer loop
      vertex 64.3493 8.97653 48.4
      vertex 64.2078 9.03877 48
      vertex 64.3493 8.97653 48
    endloop
  endfacet
  facet normal -0.516107 -0.856524 0
    outer loop
      vertex 64.075 9.11879 48
      vertex 64.2078 9.03877 48.4
      vertex 64.075 9.11879 48.4
    endloop
  endfacet
  facet normal -0.516107 -0.856524 -0
    outer loop
      vertex 64.2078 9.03877 48.4
      vertex 64.075 9.11879 48
      vertex 64.2078 9.03877 48
    endloop
  endfacet
  facet normal -0.618352 -0.785901 0
    outer loop
      vertex 63.9507 9.21659 48
      vertex 64.075 9.11879 48.4
      vertex 63.9507 9.21659 48.4
    endloop
  endfacet
  facet normal -0.618352 -0.785901 -0
    outer loop
      vertex 64.075 9.11879 48.4
      vertex 63.9507 9.21659 48
      vertex 64.075 9.11879 48
    endloop
  endfacet
  facet normal -0.706832 -0.707382 0
    outer loop
      vertex 63.835 9.3322 48
      vertex 63.9507 9.21659 48.4
      vertex 63.835 9.3322 48.4
    endloop
  endfacet
  facet normal -0.706832 -0.707382 -0
    outer loop
      vertex 63.9507 9.21659 48.4
      vertex 63.835 9.3322 48
      vertex 63.9507 9.21659 48
    endloop
  endfacet
  facet normal -0.788789 -0.614664 0
    outer loop
      vertex 63.835 9.3322 48
      vertex 63.7315 9.46502 48.4
      vertex 63.7315 9.46502 48
    endloop
  endfacet
  facet normal -0.788789 -0.614664 0
    outer loop
      vertex 63.7315 9.46502 48.4
      vertex 63.835 9.3322 48
      vertex 63.835 9.3322 48.4
    endloop
  endfacet
  facet normal -0.86303 -0.505152 0
    outer loop
      vertex 63.7315 9.46502 48
      vertex 63.644 9.61451 48.4
      vertex 63.644 9.61451 48
    endloop
  endfacet
  facet normal -0.86303 -0.505152 0
    outer loop
      vertex 63.644 9.61451 48.4
      vertex 63.7315 9.46502 48
      vertex 63.7315 9.46502 48.4
    endloop
  endfacet
  facet normal -0.918392 -0.395673 0
    outer loop
      vertex 63.644 9.61451 48
      vertex 63.5724 9.7807 48.4
      vertex 63.5724 9.7807 48
    endloop
  endfacet
  facet normal -0.918392 -0.395673 0
    outer loop
      vertex 63.5724 9.7807 48.4
      vertex 63.644 9.61451 48
      vertex 63.644 9.61451 48.4
    endloop
  endfacet
  facet normal -0.956597 -0.291416 0
    outer loop
      vertex 63.5724 9.7807 48
      vertex 63.5167 9.96354 48.4
      vertex 63.5167 9.96354 48
    endloop
  endfacet
  facet normal -0.956597 -0.291416 0
    outer loop
      vertex 63.5167 9.96354 48.4
      vertex 63.5724 9.7807 48
      vertex 63.5724 9.7807 48.4
    endloop
  endfacet
  facet normal -0.980686 -0.195587 0
    outer loop
      vertex 63.5167 9.96354 48
      vertex 63.4769 10.1631 48.4
      vertex 63.4769 10.1631 48
    endloop
  endfacet
  facet normal -0.980686 -0.195587 0
    outer loop
      vertex 63.4769 10.1631 48.4
      vertex 63.5167 9.96354 48
      vertex 63.5167 9.96354 48.4
    endloop
  endfacet
  facet normal -0.993995 -0.109422 0
    outer loop
      vertex 63.4769 10.1631 48
      vertex 63.4531 10.3793 48.4
      vertex 63.4531 10.3793 48
    endloop
  endfacet
  facet normal -0.993995 -0.109422 0
    outer loop
      vertex 63.4531 10.3793 48.4
      vertex 63.4769 10.1631 48
      vertex 63.4769 10.1631 48.4
    endloop
  endfacet
  facet normal -0.99941 -0.034344 0
    outer loop
      vertex 63.4531 10.3793 48
      vertex 63.4451 10.6121 48.4
      vertex 63.4451 10.6121 48
    endloop
  endfacet
  facet normal -0.99941 -0.034344 0
    outer loop
      vertex 63.4451 10.6121 48.4
      vertex 63.4531 10.3793 48
      vertex 63.4531 10.3793 48.4
    endloop
  endfacet
  facet normal -0.99947 0.0325684 0
    outer loop
      vertex 63.4451 10.6121 48
      vertex 63.4528 10.8484 48.4
      vertex 63.4528 10.8484 48
    endloop
  endfacet
  facet normal -0.99947 0.0325684 0
    outer loop
      vertex 63.4528 10.8484 48.4
      vertex 63.4451 10.6121 48
      vertex 63.4451 10.6121 48.4
    endloop
  endfacet
  facet normal -0.994368 0.105987 0
    outer loop
      vertex 63.4528 10.8484 48
      vertex 63.4761 11.067 48.4
      vertex 63.4761 11.067 48
    endloop
  endfacet
  facet normal -0.994368 0.105987 0
    outer loop
      vertex 63.4761 11.067 48.4
      vertex 63.4528 10.8484 48
      vertex 63.4528 10.8484 48.4
    endloop
  endfacet
  facet normal -0.981965 0.189065 0
    outer loop
      vertex 63.4761 11.067 48
      vertex 63.5148 11.268 48.4
      vertex 63.5148 11.268 48
    endloop
  endfacet
  facet normal -0.981965 0.189065 0
    outer loop
      vertex 63.5148 11.268 48.4
      vertex 63.4761 11.067 48
      vertex 63.4761 11.067 48.4
    endloop
  endfacet
  facet normal -0.958856 0.283893 0
    outer loop
      vertex 63.5148 11.268 48
      vertex 63.5691 11.4514 48.4
      vertex 63.5691 11.4514 48
    endloop
  endfacet
  facet normal -0.958856 0.283893 0
    outer loop
      vertex 63.5691 11.4514 48.4
      vertex 63.5148 11.268 48
      vertex 63.5148 11.268 48.4
    endloop
  endfacet
  facet normal -0.921688 0.387933 0
    outer loop
      vertex 63.5691 11.4514 48
      vertex 63.6388 11.617 48.4
      vertex 63.6388 11.617 48
    endloop
  endfacet
  facet normal -0.921688 0.387933 0
    outer loop
      vertex 63.6388 11.617 48.4
      vertex 63.5691 11.4514 48
      vertex 63.5691 11.4514 48.4
    endloop
  endfacet
  facet normal -0.866546 0.499098 0
    outer loop
      vertex 63.6388 11.617 48
      vertex 63.7241 11.7651 48.4
      vertex 63.7241 11.7651 48
    endloop
  endfacet
  facet normal -0.866546 0.499098 0
    outer loop
      vertex 63.7241 11.7651 48.4
      vertex 63.6388 11.617 48
      vertex 63.6388 11.617 48.4
    endloop
  endfacet
  facet normal -0.791178 0.611586 0
    outer loop
      vertex 63.7241 11.7651 48
      vertex 63.8249 11.8955 48.4
      vertex 63.8249 11.8955 48
    endloop
  endfacet
  facet normal -0.791178 0.611586 0
    outer loop
      vertex 63.8249 11.8955 48.4
      vertex 63.7241 11.7651 48
      vertex 63.7241 11.7651 48.4
    endloop
  endfacet
  facet normal -0.705543 0.708667 0
    outer loop
      vertex 63.9383 12.0084 48
      vertex 63.8249 11.8955 48.4
      vertex 63.9383 12.0084 48.4
    endloop
  endfacet
  facet normal -0.705543 0.708667 0
    outer loop
      vertex 63.8249 11.8955 48.4
      vertex 63.9383 12.0084 48
      vertex 63.8249 11.8955 48
    endloop
  endfacet
  facet normal -0.612652 0.790353 0
    outer loop
      vertex 64.0615 12.1039 48
      vertex 63.9383 12.0084 48.4
      vertex 64.0615 12.1039 48.4
    endloop
  endfacet
  facet normal -0.612652 0.790353 0
    outer loop
      vertex 63.9383 12.0084 48.4
      vertex 64.0615 12.1039 48
      vertex 63.9383 12.0084 48
    endloop
  endfacet
  facet normal -0.506567 0.862201 0
    outer loop
      vertex 64.1946 12.1821 48
      vertex 64.0615 12.1039 48.4
      vertex 64.1946 12.1821 48.4
    endloop
  endfacet
  facet normal -0.506567 0.862201 0
    outer loop
      vertex 64.0615 12.1039 48.4
      vertex 64.1946 12.1821 48
      vertex 64.0615 12.1039 48
    endloop
  endfacet
  facet normal -0.391509 0.920174 0
    outer loop
      vertex 64.3375 12.2429 48
      vertex 64.1946 12.1821 48.4
      vertex 64.3375 12.2429 48.4
    endloop
  endfacet
  facet normal -0.391509 0.920174 0
    outer loop
      vertex 64.1946 12.1821 48.4
      vertex 64.3375 12.2429 48
      vertex 64.1946 12.1821 48
    endloop
  endfacet
  facet normal -0.27339 0.961903 0
    outer loop
      vertex 64.4902 12.2863 48
      vertex 64.3375 12.2429 48.4
      vertex 64.4902 12.2863 48.4
    endloop
  endfacet
  facet normal -0.27339 0.961903 0
    outer loop
      vertex 64.3375 12.2429 48.4
      vertex 64.4902 12.2863 48
      vertex 64.3375 12.2429 48
    endloop
  endfacet
  facet normal -0.157991 0.987441 0
    outer loop
      vertex 64.6527 12.3123 48
      vertex 64.4902 12.2863 48.4
      vertex 64.6527 12.3123 48.4
    endloop
  endfacet
  facet normal -0.157991 0.987441 0
    outer loop
      vertex 64.4902 12.2863 48.4
      vertex 64.6527 12.3123 48
      vertex 64.4902 12.2863 48
    endloop
  endfacet
  facet normal -0.0503999 0.998729 0
    outer loop
      vertex 64.8251 12.321 48
      vertex 64.6527 12.3123 48.4
      vertex 64.8251 12.321 48.4
    endloop
  endfacet
  facet normal -0.0503999 0.998729 0
    outer loop
      vertex 64.6527 12.3123 48.4
      vertex 64.8251 12.321 48
      vertex 64.6527 12.3123 48
    endloop
  endfacet
  facet normal 0.0492726 0.998785 -0
    outer loop
      vertex 64.9974 12.3125 48
      vertex 64.8251 12.321 48.4
      vertex 64.9974 12.3125 48.4
    endloop
  endfacet
  facet normal 0.0492726 0.998785 0
    outer loop
      vertex 64.8251 12.321 48.4
      vertex 64.9974 12.3125 48
      vertex 64.8251 12.321 48
    endloop
  endfacet
  facet normal 0.157088 0.987585 -0
    outer loop
      vertex 65.1596 12.2867 48
      vertex 64.9974 12.3125 48.4
      vertex 65.1596 12.2867 48.4
    endloop
  endfacet
  facet normal 0.157088 0.987585 0
    outer loop
      vertex 64.9974 12.3125 48.4
      vertex 65.1596 12.2867 48
      vertex 64.9974 12.3125 48
    endloop
  endfacet
  facet normal 0.271295 0.962496 -0
    outer loop
      vertex 65.3118 12.2438 48
      vertex 65.1596 12.2867 48.4
      vertex 65.3118 12.2438 48.4
    endloop
  endfacet
  facet normal 0.271295 0.962496 0
    outer loop
      vertex 65.1596 12.2867 48.4
      vertex 65.3118 12.2438 48
      vertex 65.1596 12.2867 48
    endloop
  endfacet
  facet normal 0.389302 0.92111 -0
    outer loop
      vertex 65.454 12.1837 48
      vertex 65.3118 12.2438 48.4
      vertex 65.454 12.1837 48.4
    endloop
  endfacet
  facet normal 0.389302 0.92111 0
    outer loop
      vertex 65.3118 12.2438 48.4
      vertex 65.454 12.1837 48
      vertex 65.3118 12.2438 48
    endloop
  endfacet
  facet normal 0.504562 0.863376 -0
    outer loop
      vertex 65.5861 12.1065 48
      vertex 65.454 12.1837 48.4
      vertex 65.5861 12.1065 48.4
    endloop
  endfacet
  facet normal 0.504562 0.863376 0
    outer loop
      vertex 65.454 12.1837 48.4
      vertex 65.5861 12.1065 48
      vertex 65.454 12.1837 48
    endloop
  endfacet
  facet normal 0.61165 0.791128 -0
    outer loop
      vertex 65.7082 12.0121 48
      vertex 65.5861 12.1065 48.4
      vertex 65.7082 12.0121 48.4
    endloop
  endfacet
  facet normal 0.61165 0.791128 0
    outer loop
      vertex 65.5861 12.1065 48.4
      vertex 65.7082 12.0121 48
      vertex 65.5861 12.1065 48
    endloop
  endfacet
  facet normal 0.705523 0.708687 -0
    outer loop
      vertex 65.8202 11.9006 48
      vertex 65.7082 12.0121 48.4
      vertex 65.8202 11.9006 48.4
    endloop
  endfacet
  facet normal 0.705523 0.708687 0
    outer loop
      vertex 65.7082 12.0121 48.4
      vertex 65.8202 11.9006 48
      vertex 65.7082 12.0121 48
    endloop
  endfacet
  facet normal 0.792122 0.610363 0
    outer loop
      vertex 65.9196 11.7716 48.4
      vertex 65.8202 11.9006 48
      vertex 65.8202 11.9006 48.4
    endloop
  endfacet
  facet normal 0.792122 0.610363 0
    outer loop
      vertex 65.8202 11.9006 48
      vertex 65.9196 11.7716 48.4
      vertex 65.9196 11.7716 48
    endloop
  endfacet
  facet normal 0.867551 0.497349 0
    outer loop
      vertex 66.0037 11.6249 48.4
      vertex 65.9196 11.7716 48
      vertex 65.9196 11.7716 48.4
    endloop
  endfacet
  facet normal 0.867551 0.497349 0
    outer loop
      vertex 65.9196 11.7716 48
      vertex 66.0037 11.6249 48.4
      vertex 66.0037 11.6249 48
    endloop
  endfacet
  facet normal 0.922278 0.386527 0
    outer loop
      vertex 66.0726 11.4605 48.4
      vertex 66.0037 11.6249 48
      vertex 66.0037 11.6249 48.4
    endloop
  endfacet
  facet normal 0.922278 0.386527 0
    outer loop
      vertex 66.0037 11.6249 48
      vertex 66.0726 11.4605 48.4
      vertex 66.0726 11.4605 48
    endloop
  endfacet
  facet normal 0.959449 0.281881 0
    outer loop
      vertex 66.1261 11.2784 48.4
      vertex 66.0726 11.4605 48
      vertex 66.0726 11.4605 48.4
    endloop
  endfacet
  facet normal 0.959449 0.281881 0
    outer loop
      vertex 66.0726 11.4605 48
      vertex 66.1261 11.2784 48.4
      vertex 66.1261 11.2784 48
    endloop
  endfacet
  facet normal 0.982227 0.187699 0
    outer loop
      vertex 66.1643 11.0785 48.4
      vertex 66.1261 11.2784 48
      vertex 66.1261 11.2784 48.4
    endloop
  endfacet
  facet normal 0.982227 0.187699 0
    outer loop
      vertex 66.1261 11.2784 48
      vertex 66.1643 11.0785 48.4
      vertex 66.1643 11.0785 48
    endloop
  endfacet
  facet normal 0.994503 0.104709 0
    outer loop
      vertex 66.1872 10.861 48.4
      vertex 66.1643 11.0785 48
      vertex 66.1643 11.0785 48.4
    endloop
  endfacet
  facet normal 0.994503 0.104709 0
    outer loop
      vertex 66.1643 11.0785 48
      vertex 66.1872 10.861 48.4
      vertex 66.1872 10.861 48
    endloop
  endfacet
  facet normal 0.999465 0.0327067 0
    outer loop
      vertex 66.1949 10.6257 48.4
      vertex 66.1872 10.861 48
      vertex 66.1872 10.861 48.4
    endloop
  endfacet
  facet normal 0.999465 0.0327067 0
    outer loop
      vertex 66.1872 10.861 48
      vertex 66.1949 10.6257 48.4
      vertex 66.1949 10.6257 48
    endloop
  endfacet
  facet normal 0.99945 -0.0331472 0
    outer loop
      vertex 66.187 10.3875 48.4
      vertex 66.1949 10.6257 48
      vertex 66.1949 10.6257 48.4
    endloop
  endfacet
  facet normal 0.99945 -0.0331472 0
    outer loop
      vertex 66.1949 10.6257 48
      vertex 66.187 10.3875 48.4
      vertex 66.187 10.3875 48
    endloop
  endfacet
  facet normal 0.994369 -0.105976 0
    outer loop
      vertex 66.1635 10.167 48.4
      vertex 66.187 10.3875 48
      vertex 66.187 10.3875 48.4
    endloop
  endfacet
  facet normal 0.994369 -0.105976 0
    outer loop
      vertex 66.187 10.3875 48
      vertex 66.1635 10.167 48.4
      vertex 66.1635 10.167 48
    endloop
  endfacet
  facet normal 0.981766 -0.190094 0
    outer loop
      vertex 66.1242 9.96403 48.4
      vertex 66.1635 10.167 48
      vertex 66.1635 10.167 48.4
    endloop
  endfacet
  facet normal 0.981766 -0.190094 0
    outer loop
      vertex 66.1635 10.167 48
      vertex 66.1242 9.96403 48.4
      vertex 66.1242 9.96403 48
    endloop
  endfacet
  facet normal 0.958658 -0.28456 0
    outer loop
      vertex 66.0692 9.77874 48.4
      vertex 66.1242 9.96403 48
      vertex 66.1242 9.96403 48.4
    endloop
  endfacet
  facet normal 0.958658 -0.28456 0
    outer loop
      vertex 66.1242 9.96403 48
      vertex 66.0692 9.77874 48.4
      vertex 66.0692 9.77874 48
    endloop
  endfacet
  facet normal 0.921401 -0.388612 0
    outer loop
      vertex 65.9985 9.61111 48.4
      vertex 66.0692 9.77874 48
      vertex 66.0692 9.77874 48.4
    endloop
  endfacet
  facet normal 0.921401 -0.388612 0
    outer loop
      vertex 66.0692 9.77874 48
      vertex 65.9985 9.61111 48.4
      vertex 65.9985 9.61111 48
    endloop
  endfacet
  facet normal 0.866503 -0.499172 0
    outer loop
      vertex 65.9121 9.46113 48.4
      vertex 65.9985 9.61111 48
      vertex 65.9985 9.61111 48.4
    endloop
  endfacet
  facet normal 0.866503 -0.499172 0
    outer loop
      vertex 65.9985 9.61111 48
      vertex 65.9121 9.46113 48.4
      vertex 65.9121 9.46113 48
    endloop
  endfacet
  facet normal 0.792045 -0.610462 0
    outer loop
      vertex 65.8101 9.32879 48.4
      vertex 65.9121 9.46113 48
      vertex 65.9121 9.46113 48.4
    endloop
  endfacet
  facet normal 0.792045 -0.610462 0
    outer loop
      vertex 65.9121 9.46113 48
      vertex 65.8101 9.32879 48.4
      vertex 65.8101 9.32879 48
    endloop
  endfacet
  facet normal 0.707971 -0.706242 0
    outer loop
      vertex 65.6957 9.21411 48.4
      vertex 65.8101 9.32879 48
      vertex 65.8101 9.32879 48.4
    endloop
  endfacet
  facet normal 0.707971 -0.706242 0
    outer loop
      vertex 65.8101 9.32879 48
      vertex 65.6957 9.21411 48.4
      vertex 65.6957 9.21411 48
    endloop
  endfacet
  facet normal 0.619117 -0.785299 0
    outer loop
      vertex 65.5726 9.11706 48
      vertex 65.6957 9.21411 48.4
      vertex 65.5726 9.11706 48.4
    endloop
  endfacet
  facet normal 0.619117 -0.785299 0
    outer loop
      vertex 65.6957 9.21411 48.4
      vertex 65.5726 9.11706 48
      vertex 65.6957 9.21411 48
    endloop
  endfacet
  facet normal 0.515785 -0.856718 0
    outer loop
      vertex 65.4407 9.03765 48
      vertex 65.5726 9.11706 48.4
      vertex 65.4407 9.03765 48.4
    endloop
  endfacet
  facet normal 0.515785 -0.856718 0
    outer loop
      vertex 65.5726 9.11706 48.4
      vertex 65.4407 9.03765 48
      vertex 65.5726 9.11706 48
    endloop
  endfacet
  facet normal 0.401638 -0.915799 0
    outer loop
      vertex 65.2999 8.9759 48
      vertex 65.4407 9.03765 48.4
      vertex 65.2999 8.9759 48.4
    endloop
  endfacet
  facet normal 0.401638 -0.915799 0
    outer loop
      vertex 65.4407 9.03765 48.4
      vertex 65.2999 8.9759 48
      vertex 65.4407 9.03765 48
    endloop
  endfacet
  facet normal 0.283164 -0.959072 0
    outer loop
      vertex 65.1505 8.93179 48
      vertex 65.2999 8.9759 48.4
      vertex 65.1505 8.93179 48.4
    endloop
  endfacet
  facet normal 0.283164 -0.959072 0
    outer loop
      vertex 65.2999 8.9759 48.4
      vertex 65.1505 8.93179 48
      vertex 65.2999 8.9759 48
    endloop
  endfacet
  facet normal 0.164924 -0.986306 0
    outer loop
      vertex 64.9922 8.90532 48
      vertex 65.1505 8.93179 48.4
      vertex 64.9922 8.90532 48.4
    endloop
  endfacet
  facet normal 0.164924 -0.986306 0
    outer loop
      vertex 65.1505 8.93179 48.4
      vertex 64.9922 8.90532 48
      vertex 65.1505 8.93179 48
    endloop
  endfacet
  facet normal 0.0527094 -0.99861 0
    outer loop
      vertex 64.8251 8.8965 48
      vertex 64.9922 8.90532 48.4
      vertex 64.8251 8.8965 48.4
    endloop
  endfacet
  facet normal 0.0527094 -0.99861 0
    outer loop
      vertex 64.9922 8.90532 48.4
      vertex 64.8251 8.8965 48
      vertex 64.9922 8.90532 48
    endloop
  endfacet
  facet normal -0.0530949 -0.998589 0
    outer loop
      vertex 64.6579 8.90539 48
      vertex 64.8251 8.8965 48.4
      vertex 64.6579 8.90539 48.4
    endloop
  endfacet
  facet normal -0.0530949 -0.998589 -0
    outer loop
      vertex 64.8251 8.8965 48.4
      vertex 64.6579 8.90539 48
      vertex 64.8251 8.8965 48
    endloop
  endfacet
  facet normal 0 -1 0
    outer loop
      vertex 71.2282 13.1144 48
      vertex 72.0012 13.1144 48.4
      vertex 71.2282 13.1144 48.4
    endloop
  endfacet
  facet normal 0 -1 -0
    outer loop
      vertex 72.0012 13.1144 48.4
      vertex 71.2282 13.1144 48
      vertex 72.0012 13.1144 48
    endloop
  endfacet
  facet normal 0.925697 -0.378265 0
    outer loop
      vertex 71.1761 12.9869 48.4
      vertex 71.2282 13.1144 48
      vertex 71.2282 13.1144 48.4
    endloop
  endfacet
  facet normal 0.925697 -0.378265 0
    outer loop
      vertex 71.2282 13.1144 48
      vertex 71.1761 12.9869 48.4
      vertex 71.1761 12.9869 48
    endloop
  endfacet
  facet normal 0.888858 -0.458182 0
    outer loop
      vertex 71.1128 12.8641 48.4
      vertex 71.1761 12.9869 48
      vertex 71.1761 12.9869 48.4
    endloop
  endfacet
  facet normal 0.888858 -0.458182 0
    outer loop
      vertex 71.1761 12.9869 48
      vertex 71.1128 12.8641 48.4
      vertex 71.1128 12.8641 48
    endloop
  endfacet
  facet normal 0.845862 -0.533401 0
    outer loop
      vertex 71.0382 12.7458 48.4
      vertex 71.1128 12.8641 48
      vertex 71.1128 12.8641 48.4
    endloop
  endfacet
  facet normal 0.845862 -0.533401 0
    outer loop
      vertex 71.1128 12.8641 48
      vertex 71.0382 12.7458 48.4
      vertex 71.0382 12.7458 48
    endloop
  endfacet
  facet normal 0.798055 -0.602584 0
    outer loop
      vertex 70.9525 12.6323 48.4
      vertex 71.0382 12.7458 48
      vertex 71.0382 12.7458 48.4
    endloop
  endfacet
  facet normal 0.798055 -0.602584 0
    outer loop
      vertex 71.0382 12.7458 48
      vertex 70.9525 12.6323 48.4
      vertex 70.9525 12.6323 48
    endloop
  endfacet
  facet normal 0.747371 -0.664406 0
    outer loop
      vertex 70.8556 12.5233 48.4
      vertex 70.9525 12.6323 48
      vertex 70.9525 12.6323 48.4
    endloop
  endfacet
  facet normal 0.747371 -0.664406 0
    outer loop
      vertex 70.9525 12.6323 48
      vertex 70.8556 12.5233 48.4
      vertex 70.8556 12.5233 48
    endloop
  endfacet
  facet normal 0.694012 -0.719963 0
    outer loop
      vertex 70.7474 12.419 48
      vertex 70.8556 12.5233 48.4
      vertex 70.7474 12.419 48.4
    endloop
  endfacet
  facet normal 0.694012 -0.719963 0
    outer loop
      vertex 70.8556 12.5233 48.4
      vertex 70.7474 12.419 48
      vertex 70.8556 12.5233 48
    endloop
  endfacet
  facet normal 0.640943 -0.767589 0
    outer loop
      vertex 70.628 12.3193 48
      vertex 70.7474 12.419 48.4
      vertex 70.628 12.3193 48.4
    endloop
  endfacet
  facet normal 0.640943 -0.767589 0
    outer loop
      vertex 70.7474 12.419 48.4
      vertex 70.628 12.3193 48
      vertex 70.7474 12.419 48
    endloop
  endfacet
  facet normal 0.600828 -0.799379 0
    outer loop
      vertex 70.5044 12.2264 48
      vertex 70.628 12.3193 48.4
      vertex 70.5044 12.2264 48.4
    endloop
  endfacet
  facet normal 0.600828 -0.799379 0
    outer loop
      vertex 70.628 12.3193 48.4
      vertex 70.5044 12.2264 48
      vertex 70.628 12.3193 48
    endloop
  endfacet
  facet normal 0.569492 -0.821997 0
    outer loop
      vertex 70.3833 12.1425 48
      vertex 70.5044 12.2264 48.4
      vertex 70.3833 12.1425 48.4
    endloop
  endfacet
  facet normal 0.569492 -0.821997 0
    outer loop
      vertex 70.5044 12.2264 48.4
      vertex 70.3833 12.1425 48
      vertex 70.5044 12.2264 48
    endloop
  endfacet
  facet normal 0.535629 -0.844454 0
    outer loop
      vertex 70.2649 12.0674 48
      vertex 70.3833 12.1425 48.4
      vertex 70.2649 12.0674 48.4
    endloop
  endfacet
  facet normal 0.535629 -0.844454 0
    outer loop
      vertex 70.3833 12.1425 48.4
      vertex 70.2649 12.0674 48
      vertex 70.3833 12.1425 48
    endloop
  endfacet
  facet normal 0.496058 -0.868289 0
    outer loop
      vertex 70.1492 12.0013 48
      vertex 70.2649 12.0674 48.4
      vertex 70.1492 12.0013 48.4
    endloop
  endfacet
  facet normal 0.496058 -0.868289 0
    outer loop
      vertex 70.2649 12.0674 48.4
      vertex 70.1492 12.0013 48
      vertex 70.2649 12.0674 48
    endloop
  endfacet
  facet normal 0.450994 -0.892527 0
    outer loop
      vertex 70.036 11.9441 48
      vertex 70.1492 12.0013 48.4
      vertex 70.036 11.9441 48.4
    endloop
  endfacet
  facet normal 0.450994 -0.892527 0
    outer loop
      vertex 70.1492 12.0013 48.4
      vertex 70.036 11.9441 48
      vertex 70.1492 12.0013 48
    endloop
  endfacet
  facet normal 0.399818 -0.916595 0
    outer loop
      vertex 69.9255 11.8959 48
      vertex 70.036 11.9441 48.4
      vertex 69.9255 11.8959 48.4
    endloop
  endfacet
  facet normal 0.399818 -0.916595 0
    outer loop
      vertex 70.036 11.9441 48.4
      vertex 69.9255 11.8959 48
      vertex 70.036 11.9441 48
    endloop
  endfacet
  facet normal 0.343282 -0.939233 0
    outer loop
      vertex 69.8177 11.8565 48
      vertex 69.9255 11.8959 48.4
      vertex 69.8177 11.8565 48.4
    endloop
  endfacet
  facet normal 0.343282 -0.939233 0
    outer loop
      vertex 69.9255 11.8959 48.4
      vertex 69.8177 11.8565 48
      vertex 69.9255 11.8959 48
    endloop
  endfacet
  facet normal 1 -0 0
    outer loop
      vertex 69.8177 10.9919 48.4
      vertex 69.8177 11.8565 48
      vertex 69.8177 11.8565 48.4
    endloop
  endfacet
  facet normal 1 0 0
    outer loop
      vertex 69.8177 11.8565 48
      vertex 69.8177 10.9919 48.4
      vertex 69.8177 10.9919 48
    endloop
  endfacet
  facet normal -0.340831 0.940125 0
    outer loop
      vertex 70.0163 11.0639 48
      vertex 69.8177 10.9919 48.4
      vertex 70.0163 11.0639 48.4
    endloop
  endfacet
  facet normal -0.340831 0.940125 0
    outer loop
      vertex 69.8177 10.9919 48.4
      vertex 70.0163 11.0639 48
      vertex 69.8177 10.9919 48
    endloop
  endfacet
  facet normal -0.395948 0.918273 0
    outer loop
      vertex 70.2074 11.1463 48
      vertex 70.0163 11.0639 48.4
      vertex 70.2074 11.1463 48.4
    endloop
  endfacet
  facet normal -0.395948 0.918273 0
    outer loop
      vertex 70.0163 11.0639 48.4
      vertex 70.2074 11.1463 48
      vertex 70.0163 11.0639 48
    endloop
  endfacet
  facet normal -0.45149 0.892276 0
    outer loop
      vertex 70.3908 11.2391 48
      vertex 70.2074 11.1463 48.4
      vertex 70.3908 11.2391 48.4
    endloop
  endfacet
  facet normal -0.45149 0.892276 0
    outer loop
      vertex 70.2074 11.1463 48.4
      vertex 70.3908 11.2391 48
      vertex 70.2074 11.1463 48
    endloop
  endfacet
  facet normal -0.506248 0.862388 0
    outer loop
      vertex 70.5666 11.3423 48
      vertex 70.3908 11.2391 48.4
      vertex 70.5666 11.3423 48.4
    endloop
  endfacet
  facet normal -0.506248 0.862388 0
    outer loop
      vertex 70.3908 11.2391 48.4
      vertex 70.5666 11.3423 48
      vertex 70.3908 11.2391 48
    endloop
  endfacet
  facet normal -0.559126 0.829083 0
    outer loop
      vertex 70.7349 11.4558 48
      vertex 70.5666 11.3423 48.4
      vertex 70.7349 11.4558 48.4
    endloop
  endfacet
  facet normal -0.559126 0.829083 0
    outer loop
      vertex 70.5666 11.3423 48.4
      vertex 70.7349 11.4558 48
      vertex 70.5666 11.3423 48
    endloop
  endfacet
  facet normal -0.611139 0.791523 0
    outer loop
      vertex 70.8955 11.5798 48
      vertex 70.7349 11.4558 48.4
      vertex 70.8955 11.5798 48.4
    endloop
  endfacet
  facet normal -0.611139 0.791523 0
    outer loop
      vertex 70.7349 11.4558 48.4
      vertex 70.8955 11.5798 48
      vertex 70.7349 11.4558 48
    endloop
  endfacet
  facet normal -0.659686 0.751541 0
    outer loop
      vertex 71.0485 11.7141 48
      vertex 70.8955 11.5798 48.4
      vertex 71.0485 11.7141 48.4
    endloop
  endfacet
  facet normal -0.659686 0.751541 0
    outer loop
      vertex 70.8955 11.5798 48.4
      vertex 71.0485 11.7141 48
      vertex 70.8955 11.5798 48
    endloop
  endfacet
  facet normal 1 -0 0
    outer loop
      vertex 71.0485 8.12344 48.4
      vertex 71.0485 11.7141 48
      vertex 71.0485 11.7141 48.4
    endloop
  endfacet
  facet normal 1 0 0
    outer loop
      vertex 71.0485 11.7141 48
      vertex 71.0485 8.12344 48.4
      vertex 71.0485 8.12344 48
    endloop
  endfacet
  facet normal 0 1 -0
    outer loop
      vertex 72.0012 8.12344 48
      vertex 71.0485 8.12344 48.4
      vertex 72.0012 8.12344 48.4
    endloop
  endfacet
  facet normal 0 1 0
    outer loop
      vertex 71.0485 8.12344 48.4
      vertex 72.0012 8.12344 48
      vertex 71.0485 8.12344 48
    endloop
  endfacet
  facet normal -1 0 0
    outer loop
      vertex 72.0012 8.12344 48
      vertex 72.0012 13.1144 48.4
      vertex 72.0012 13.1144 48
    endloop
  endfacet
  facet normal -1 -0 0
    outer loop
      vertex 72.0012 13.1144 48.4
      vertex 72.0012 8.12344 48
      vertex 72.0012 8.12344 48.4
    endloop
  endfacet
  facet normal 0 -1 0
    outer loop
      vertex 74.6607 9.00839 48
      vertex 76.5527 9.00839 48.4
      vertex 74.6607 9.00839 48.4
    endloop
  endfacet
  facet normal 0 -1 -0
    outer loop
      vertex 76.5527 9.00839 48.4
      vertex 74.6607 9.00839 48
      vertex 76.5527 9.00839 48
    endloop
  endfacet
  facet normal -0.856223 0.516606 0
    outer loop
      vertex 74.6607 9.00839 48
      vertex 74.683 9.04535 48.4
      vertex 74.683 9.04535 48
    endloop
  endfacet
  facet normal -0.856223 0.516606 0
    outer loop
      vertex 74.683 9.04535 48.4
      vertex 74.6607 9.00839 48
      vertex 74.6607 9.00839 48.4
    endloop
  endfacet
  facet normal -0.839467 0.54341 0
    outer loop
      vertex 74.683 9.04535 48
      vertex 74.7071 9.08258 48.4
      vertex 74.7071 9.08258 48
    endloop
  endfacet
  facet normal -0.839467 0.54341 0
    outer loop
      vertex 74.7071 9.08258 48.4
      vertex 74.683 9.04535 48
      vertex 74.683 9.04535 48.4
    endloop
  endfacet
  facet normal -0.821798 0.56978 0
    outer loop
      vertex 74.7071 9.08258 48
      vertex 74.7331 9.12008 48.4
      vertex 74.7331 9.12008 48
    endloop
  endfacet
  facet normal -0.821798 0.56978 0
    outer loop
      vertex 74.7331 9.12008 48.4
      vertex 74.7071 9.08258 48
      vertex 74.7071 9.08258 48.4
    endloop
  endfacet
  facet normal -0.805367 0.592777 0
    outer loop
      vertex 74.7331 9.12008 48
      vertex 74.7609 9.15785 48.4
      vertex 74.7609 9.15785 48
    endloop
  endfacet
  facet normal -0.805367 0.592777 0
    outer loop
      vertex 74.7609 9.15785 48.4
      vertex 74.7331 9.12008 48
      vertex 74.7331 9.12008 48.4
    endloop
  endfacet
  facet normal -0.788291 0.615302 0
    outer loop
      vertex 74.7609 9.15785 48
      vertex 74.7906 9.1959 48.4
      vertex 74.7906 9.1959 48
    endloop
  endfacet
  facet normal -0.788291 0.615302 0
    outer loop
      vertex 74.7906 9.1959 48.4
      vertex 74.7609 9.15785 48
      vertex 74.7609 9.15785 48.4
    endloop
  endfacet
  facet normal -0.771593 0.636116 0
    outer loop
      vertex 74.7906 9.1959 48
      vertex 74.8222 9.23423 48.4
      vertex 74.8222 9.23423 48
    endloop
  endfacet
  facet normal -0.771593 0.636116 0
    outer loop
      vertex 74.8222 9.23423 48.4
      vertex 74.7906 9.1959 48
      vertex 74.7906 9.1959 48.4
    endloop
  endfacet
  facet normal -0.755321 0.655355 0
    outer loop
      vertex 74.8222 9.23423 48
      vertex 74.8557 9.27284 48.4
      vertex 74.8557 9.27284 48
    endloop
  endfacet
  facet normal -0.755321 0.655355 0
    outer loop
      vertex 74.8557 9.27284 48.4
      vertex 74.8222 9.23423 48
      vertex 74.8222 9.23423 48.4
    endloop
  endfacet
  facet normal -0.734081 0.679062 0
    outer loop
      vertex 74.8557 9.27284 48
      vertex 74.8968 9.31727 48.4
      vertex 74.8968 9.31727 48
    endloop
  endfacet
  facet normal -0.734081 0.679062 0
    outer loop
      vertex 74.8968 9.31727 48.4
      vertex 74.8557 9.27284 48
      vertex 74.8557 9.27284 48.4
    endloop
  endfacet
  facet normal -0.714688 0.699444 0
    outer loop
      vertex 74.8968 9.31727 48
      vertex 74.9514 9.37306 48.4
      vertex 74.9514 9.37306 48
    endloop
  endfacet
  facet normal -0.714688 0.699444 0
    outer loop
      vertex 74.9514 9.37306 48.4
      vertex 74.8968 9.31727 48
      vertex 74.8968 9.31727 48.4
    endloop
  endfacet
  facet normal -0.701441 0.712728 0
    outer loop
      vertex 75.0196 9.44018 48
      vertex 74.9514 9.37306 48.4
      vertex 75.0196 9.44018 48.4
    endloop
  endfacet
  facet normal -0.701441 0.712728 0
    outer loop
      vertex 74.9514 9.37306 48.4
      vertex 75.0196 9.44018 48
      vertex 74.9514 9.37306 48
    endloop
  endfacet
  facet normal -0.693102 0.72084 0
    outer loop
      vertex 75.1012 9.51864 48
      vertex 75.0196 9.44018 48.4
      vertex 75.1012 9.51864 48.4
    endloop
  endfacet
  facet normal -0.693102 0.72084 0
    outer loop
      vertex 75.0196 9.44018 48.4
      vertex 75.1012 9.51864 48
      vertex 75.0196 9.44018 48
    endloop
  endfacet
  facet normal -0.686677 0.726962 0
    outer loop
      vertex 75.1963 9.60847 48
      vertex 75.1012 9.51864 48.4
      vertex 75.1963 9.60847 48.4
    endloop
  endfacet
  facet normal -0.686677 0.726962 0
    outer loop
      vertex 75.1012 9.51864 48.4
      vertex 75.1963 9.60847 48
      vertex 75.1012 9.51864 48
    endloop
  endfacet
  facet normal -0.681634 0.731693 0
    outer loop
      vertex 75.3049 9.70964 48
      vertex 75.1963 9.60847 48.4
      vertex 75.3049 9.70964 48.4
    endloop
  endfacet
  facet normal -0.681634 0.731693 0
    outer loop
      vertex 75.1963 9.60847 48.4
      vertex 75.3049 9.70964 48
      vertex 75.1963 9.60847 48
    endloop
  endfacet
  facet normal -0.677604 0.735427 0
    outer loop
      vertex 75.427 9.82214 48
      vertex 75.3049 9.70964 48.4
      vertex 75.427 9.82214 48.4
    endloop
  endfacet
  facet normal -0.677604 0.735427 0
    outer loop
      vertex 75.3049 9.70964 48.4
      vertex 75.427 9.82214 48
      vertex 75.3049 9.70964 48
    endloop
  endfacet
  facet normal -0.67994 0.733268 0
    outer loop
      vertex 75.5502 9.93638 48
      vertex 75.427 9.82214 48.4
      vertex 75.5502 9.93638 48.4
    endloop
  endfacet
  facet normal -0.67994 0.733268 0
    outer loop
      vertex 75.427 9.82214 48.4
      vertex 75.5502 9.93638 48
      vertex 75.427 9.82214 48
    endloop
  endfacet
  facet normal -0.689124 0.724643 0
    outer loop
      vertex 75.662 10.0427 48
      vertex 75.5502 9.93638 48.4
      vertex 75.662 10.0427 48.4
    endloop
  endfacet
  facet normal -0.689124 0.724643 0
    outer loop
      vertex 75.5502 9.93638 48.4
      vertex 75.662 10.0427 48
      vertex 75.5502 9.93638 48
    endloop
  endfacet
  facet normal -0.699965 0.714177 0
    outer loop
      vertex 75.7625 10.1412 48
      vertex 75.662 10.0427 48.4
      vertex 75.7625 10.1412 48.4
    endloop
  endfacet
  facet normal -0.699965 0.714177 0
    outer loop
      vertex 75.662 10.0427 48.4
      vertex 75.7625 10.1412 48
      vertex 75.662 10.0427 48
    endloop
  endfacet
  facet normal -0.712984 0.70118 0
    outer loop
      vertex 75.7625 10.1412 48
      vertex 75.8516 10.2318 48.4
      vertex 75.8516 10.2318 48
    endloop
  endfacet
  facet normal -0.712984 0.70118 0
    outer loop
      vertex 75.8516 10.2318 48.4
      vertex 75.7625 10.1412 48
      vertex 75.7625 10.1412 48.4
    endloop
  endfacet
  facet normal -0.728355 0.6852 0
    outer loop
      vertex 75.8516 10.2318 48
      vertex 75.9294 10.3145 48.4
      vertex 75.9294 10.3145 48
    endloop
  endfacet
  facet normal -0.728355 0.6852 0
    outer loop
      vertex 75.9294 10.3145 48.4
      vertex 75.8516 10.2318 48
      vertex 75.8516 10.2318 48.4
    endloop
  endfacet
  facet normal -0.74785 0.663867 0
    outer loop
      vertex 75.9294 10.3145 48
      vertex 75.9958 10.3893 48.4
      vertex 75.9958 10.3893 48
    endloop
  endfacet
  facet normal -0.74785 0.663867 0
    outer loop
      vertex 75.9958 10.3893 48.4
      vertex 75.9294 10.3145 48
      vertex 75.9294 10.3145 48.4
    endloop
  endfacet
  facet normal -0.771897 0.635748 0
    outer loop
      vertex 75.9958 10.3893 48
      vertex 76.0509 10.4562 48.4
      vertex 76.0509 10.4562 48
    endloop
  endfacet
  facet normal -0.771897 0.635748 0
    outer loop
      vertex 76.0509 10.4562 48.4
      vertex 75.9958 10.3893 48
      vertex 75.9958 10.3893 48.4
    endloop
  endfacet
  facet normal -0.796032 0.605254 0
    outer loop
      vertex 76.0509 10.4562 48
      vertex 76.1226 10.5505 48.4
      vertex 76.1226 10.5505 48
    endloop
  endfacet
  facet normal -0.796032 0.605254 0
    outer loop
      vertex 76.1226 10.5505 48.4
      vertex 76.0509 10.4562 48
      vertex 76.0509 10.4562 48.4
    endloop
  endfacet
  facet normal -0.816093 0.57792 0
    outer loop
      vertex 76.1226 10.5505 48
      vertex 76.1886 10.6437 48.4
      vertex 76.1886 10.6437 48
    endloop
  endfacet
  facet normal -0.816093 0.57792 0
    outer loop
      vertex 76.1886 10.6437 48.4
      vertex 76.1226 10.5505 48
      vertex 76.1226 10.5505 48.4
    endloop
  endfacet
  facet normal -0.836777 0.547543 0
    outer loop
      vertex 76.1886 10.6437 48
      vertex 76.2488 10.7357 48.4
      vertex 76.2488 10.7357 48
    endloop
  endfacet
  facet normal -0.836777 0.547543 0
    outer loop
      vertex 76.2488 10.7357 48.4
      vertex 76.1886 10.6437 48
      vertex 76.1886 10.6437 48.4
    endloop
  endfacet
  facet normal -0.85741 0.514635 0
    outer loop
      vertex 76.2488 10.7357 48
      vertex 76.3033 10.8265 48.4
      vertex 76.3033 10.8265 48
    endloop
  endfacet
  facet normal -0.85741 0.514635 0
    outer loop
      vertex 76.3033 10.8265 48.4
      vertex 76.2488 10.7357 48
      vertex 76.2488 10.7357 48.4
    endloop
  endfacet
  facet normal -0.87883 0.477135 0
    outer loop
      vertex 76.3033 10.8265 48
      vertex 76.352 10.9162 48.4
      vertex 76.352 10.9162 48
    endloop
  endfacet
  facet normal -0.87883 0.477135 0
    outer loop
      vertex 76.352 10.9162 48.4
      vertex 76.3033 10.8265 48
      vertex 76.3033 10.8265 48.4
    endloop
  endfacet
  facet normal -0.899257 0.437421 0
    outer loop
      vertex 76.352 10.9162 48
      vertex 76.395 11.0046 48.4
      vertex 76.395 11.0046 48
    endloop
  endfacet
  facet normal -0.899257 0.437421 0
    outer loop
      vertex 76.395 11.0046 48.4
      vertex 76.352 10.9162 48
      vertex 76.352 10.9162 48.4
    endloop
  endfacet
  facet normal -0.91958 0.392902 0
    outer loop
      vertex 76.395 11.0046 48
      vertex 76.4323 11.0919 48.4
      vertex 76.4323 11.0919 48
    endloop
  endfacet
  facet normal -0.91958 0.392902 0
    outer loop
      vertex 76.4323 11.0919 48.4
      vertex 76.395 11.0046 48
      vertex 76.395 11.0046 48.4
    endloop
  endfacet
  facet normal -0.939385 0.342865 0
    outer loop
      vertex 76.4323 11.0919 48
      vertex 76.4642 11.1793 48.4
      vertex 76.4642 11.1793 48
    endloop
  endfacet
  facet normal -0.939385 0.342865 0
    outer loop
      vertex 76.4642 11.1793 48.4
      vertex 76.4323 11.0919 48
      vertex 76.4323 11.0919 48.4
    endloop
  endfacet
  facet normal -0.95636 0.292191 0
    outer loop
      vertex 76.4642 11.1793 48
      vertex 76.4913 11.268 48.4
      vertex 76.4913 11.268 48
    endloop
  endfacet
  facet normal -0.95636 0.292191 0
    outer loop
      vertex 76.4913 11.268 48.4
      vertex 76.4642 11.1793 48
      vertex 76.4642 11.1793 48.4
    endloop
  endfacet
  facet normal -0.97115 0.238471 0
    outer loop
      vertex 76.4913 11.268 48
      vertex 76.5134 11.358 48.4
      vertex 76.5134 11.358 48
    endloop
  endfacet
  facet normal -0.97115 0.238471 0
    outer loop
      vertex 76.5134 11.358 48.4
      vertex 76.4913 11.268 48
      vertex 76.4913 11.268 48.4
    endloop
  endfacet
  facet normal -0.982713 0.185133 0
    outer loop
      vertex 76.5134 11.358 48
      vertex 76.5306 11.4493 48.4
      vertex 76.5306 11.4493 48
    endloop
  endfacet
  facet normal -0.982713 0.185133 0
    outer loop
      vertex 76.5306 11.4493 48.4
      vertex 76.5134 11.358 48
      vertex 76.5134 11.358 48.4
    endloop
  endfacet
  facet normal -0.991293 0.131673 0
    outer loop
      vertex 76.5306 11.4493 48
      vertex 76.5429 11.5419 48.4
      vertex 76.5429 11.5419 48
    endloop
  endfacet
  facet normal -0.991293 0.131673 0
    outer loop
      vertex 76.5429 11.5419 48.4
      vertex 76.5306 11.4493 48
      vertex 76.5306 11.4493 48.4
    endloop
  endfacet
  facet normal -0.996909 0.0785637 0
    outer loop
      vertex 76.5429 11.5419 48
      vertex 76.5503 11.6358 48.4
      vertex 76.5503 11.6358 48
    endloop
  endfacet
  facet normal -0.996909 0.0785637 0
    outer loop
      vertex 76.5503 11.6358 48.4
      vertex 76.5429 11.5419 48
      vertex 76.5429 11.5419 48.4
    endloop
  endfacet
  facet normal -0.999683 0.0251756 0
    outer loop
      vertex 76.5503 11.6358 48
      vertex 76.5527 11.7311 48.4
      vertex 76.5527 11.7311 48
    endloop
  endfacet
  facet normal -0.999683 0.0251756 0
    outer loop
      vertex 76.5527 11.7311 48.4
      vertex 76.5503 11.6358 48
      vertex 76.5503 11.6358 48.4
    endloop
  endfacet
  facet normal -0.998638 -0.0521767 0
    outer loop
      vertex 76.5527 11.7311 48
      vertex 76.5441 11.8957 48.4
      vertex 76.5441 11.8957 48
    endloop
  endfacet
  facet normal -0.998638 -0.0521767 0
    outer loop
      vertex 76.5441 11.8957 48.4
      vertex 76.5527 11.7311 48
      vertex 76.5527 11.7311 48.4
    endloop
  endfacet
  facet normal -0.986816 -0.161845 0
    outer loop
      vertex 76.5441 11.8957 48
      vertex 76.5184 12.0524 48.4
      vertex 76.5184 12.0524 48
    endloop
  endfacet
  facet normal -0.986816 -0.161845 0
    outer loop
      vertex 76.5184 12.0524 48.4
      vertex 76.5441 11.8957 48
      vertex 76.5441 11.8957 48.4
    endloop
  endfacet
  facet normal -0.960913 -0.276851 0
    outer loop
      vertex 76.5184 12.0524 48
      vertex 76.4755 12.2013 48.4
      vertex 76.4755 12.2013 48
    endloop
  endfacet
  facet normal -0.960913 -0.276851 0
    outer loop
      vertex 76.4755 12.2013 48.4
      vertex 76.5184 12.0524 48
      vertex 76.5184 12.0524 48.4
    endloop
  endfacet
  facet normal -0.919819 -0.392343 0
    outer loop
      vertex 76.4755 12.2013 48
      vertex 76.4154 12.3422 48.4
      vertex 76.4154 12.3422 48
    endloop
  endfacet
  facet normal -0.919819 -0.392343 0
    outer loop
      vertex 76.4154 12.3422 48.4
      vertex 76.4755 12.2013 48
      vertex 76.4755 12.2013 48.4
    endloop
  endfacet
  facet normal -0.865026 -0.501728 0
    outer loop
      vertex 76.4154 12.3422 48
      vertex 76.3382 12.4753 48.4
      vertex 76.3382 12.4753 48
    endloop
  endfacet
  facet normal -0.865026 -0.501728 0
    outer loop
      vertex 76.3382 12.4753 48.4
      vertex 76.4154 12.3422 48
      vertex 76.4154 12.3422 48.4
    endloop
  endfacet
  facet normal -0.798235 -0.602346 0
    outer loop
      vertex 76.3382 12.4753 48
      vertex 76.2438 12.6004 48.4
      vertex 76.2438 12.6004 48
    endloop
  endfacet
  facet normal -0.798235 -0.602346 0
    outer loop
      vertex 76.2438 12.6004 48.4
      vertex 76.3382 12.4753 48
      vertex 76.3382 12.4753 48.4
    endloop
  endfacet
  facet normal -0.724799 -0.688961 0
    outer loop
      vertex 76.2438 12.6004 48
      vertex 76.1323 12.7177 48.4
      vertex 76.1323 12.7177 48
    endloop
  endfacet
  facet normal -0.724799 -0.688961 0
    outer loop
      vertex 76.1323 12.7177 48.4
      vertex 76.2438 12.6004 48
      vertex 76.2438 12.6004 48.4
    endloop
  endfacet
  facet normal -0.639467 -0.768818 0
    outer loop
      vertex 76.0057 12.823 48
      vertex 76.1323 12.7177 48.4
      vertex 76.0057 12.823 48.4
    endloop
  endfacet
  facet normal -0.639467 -0.768818 -0
    outer loop
      vertex 76.1323 12.7177 48.4
      vertex 76.0057 12.823 48
      vertex 76.1323 12.7177 48
    endloop
  endfacet
  facet normal -0.538127 -0.842864 0
    outer loop
      vertex 75.8663 12.912 48
      vertex 76.0057 12.823 48.4
      vertex 75.8663 12.912 48.4
    endloop
  endfacet
  facet normal -0.538127 -0.842864 -0
    outer loop
      vertex 76.0057 12.823 48.4
      vertex 75.8663 12.912 48
      vertex 76.0057 12.823 48
    endloop
  endfacet
  facet normal -0.431749 -0.901994 0
    outer loop
      vertex 75.714 12.9849 48
      vertex 75.8663 12.912 48.4
      vertex 75.714 12.9849 48.4
    endloop
  endfacet
  facet normal -0.431749 -0.901994 -0
    outer loop
      vertex 75.8663 12.912 48.4
      vertex 75.714 12.9849 48
      vertex 75.8663 12.912 48
    endloop
  endfacet
  facet normal -0.324632 -0.945841 0
    outer loop
      vertex 75.5488 13.0416 48
      vertex 75.714 12.9849 48.4
      vertex 75.5488 13.0416 48.4
    endloop
  endfacet
  facet normal -0.324632 -0.945841 -0
    outer loop
      vertex 75.714 12.9849 48.4
      vertex 75.5488 13.0416 48
      vertex 75.714 12.9849 48
    endloop
  endfacet
  facet normal -0.221337 -0.975197 0
    outer loop
      vertex 75.3708 13.082 48
      vertex 75.5488 13.0416 48.4
      vertex 75.3708 13.082 48.4
    endloop
  endfacet
  facet normal -0.221337 -0.975197 -0
    outer loop
      vertex 75.5488 13.0416 48.4
      vertex 75.3708 13.082 48
      vertex 75.5488 13.0416 48
    endloop
  endfacet
  facet normal -0.126208 -0.992004 0
    outer loop
      vertex 75.1798 13.1063 48
      vertex 75.3708 13.082 48.4
      vertex 75.1798 13.1063 48.4
    endloop
  endfacet
  facet normal -0.126208 -0.992004 -0
    outer loop
      vertex 75.3708 13.082 48.4
      vertex 75.1798 13.1063 48
      vertex 75.3708 13.082 48
    endloop
  endfacet
  facet normal -0.039733 -0.99921 0
    outer loop
      vertex 74.9761 13.1144 48
      vertex 75.1798 13.1063 48.4
      vertex 74.9761 13.1144 48.4
    endloop
  endfacet
  facet normal -0.039733 -0.99921 -0
    outer loop
      vertex 75.1798 13.1063 48.4
      vertex 74.9761 13.1144 48
      vertex 75.1798 13.1063 48
    endloop
  endfacet
  facet normal 0.0373471 -0.999302 0
    outer loop
      vertex 74.7888 13.1074 48
      vertex 74.9761 13.1144 48.4
      vertex 74.7888 13.1074 48.4
    endloop
  endfacet
  facet normal 0.0373471 -0.999302 0
    outer loop
      vertex 74.9761 13.1144 48.4
      vertex 74.7888 13.1074 48
      vertex 74.9761 13.1144 48
    endloop
  endfacet
  facet normal 0.11655 -0.993185 0
    outer loop
      vertex 74.6107 13.0865 48
      vertex 74.7888 13.1074 48.4
      vertex 74.6107 13.0865 48.4
    endloop
  endfacet
  facet normal 0.11655 -0.993185 0
    outer loop
      vertex 74.7888 13.1074 48.4
      vertex 74.6107 13.0865 48
      vertex 74.7888 13.1074 48
    endloop
  endfacet
  facet normal 0.202797 -0.979221 0
    outer loop
      vertex 74.4417 13.0515 48
      vertex 74.6107 13.0865 48.4
      vertex 74.4417 13.0515 48.4
    endloop
  endfacet
  facet normal 0.202797 -0.979221 0
    outer loop
      vertex 74.6107 13.0865 48.4
      vertex 74.4417 13.0515 48
      vertex 74.6107 13.0865 48
    endloop
  endfacet
  facet normal 0.292614 -0.956231 0
    outer loop
      vertex 74.2819 13.0026 48
      vertex 74.4417 13.0515 48.4
      vertex 74.2819 13.0026 48.4
    endloop
  endfacet
  facet normal 0.292614 -0.956231 0
    outer loop
      vertex 74.4417 13.0515 48.4
      vertex 74.2819 13.0026 48
      vertex 74.4417 13.0515 48
    endloop
  endfacet
  facet normal 0.385181 -0.922841 0
    outer loop
      vertex 74.1312 12.9397 48
      vertex 74.2819 13.0026 48.4
      vertex 74.1312 12.9397 48.4
    endloop
  endfacet
  facet normal 0.385181 -0.922841 0
    outer loop
      vertex 74.2819 13.0026 48.4
      vertex 74.1312 12.9397 48
      vertex 74.2819 13.0026 48
    endloop
  endfacet
  facet normal 0.477243 -0.878772 0
    outer loop
      vertex 73.9896 12.8628 48
      vertex 74.1312 12.9397 48.4
      vertex 73.9896 12.8628 48.4
    endloop
  endfacet
  facet normal 0.477243 -0.878772 0
    outer loop
      vertex 74.1312 12.9397 48.4
      vertex 73.9896 12.8628 48
      vertex 74.1312 12.9397 48
    endloop
  endfacet
  facet normal 0.565577 -0.824696 0
    outer loop
      vertex 73.8572 12.772 48
      vertex 73.9896 12.8628 48.4
      vertex 73.8572 12.772 48.4
    endloop
  endfacet
  facet normal 0.565577 -0.824696 0
    outer loop
      vertex 73.9896 12.8628 48.4
      vertex 73.8572 12.772 48
      vertex 73.9896 12.8628 48
    endloop
  endfacet
  facet normal 0.663631 -0.74806 0
    outer loop
      vertex 73.7367 12.6651 48
      vertex 73.8572 12.772 48.4
      vertex 73.7367 12.6651 48.4
    endloop
  endfacet
  facet normal 0.663631 -0.74806 0
    outer loop
      vertex 73.8572 12.772 48.4
      vertex 73.7367 12.6651 48
      vertex 73.8572 12.772 48
    endloop
  endfacet
  facet normal 0.763849 -0.645395 0
    outer loop
      vertex 73.631 12.54 48.4
      vertex 73.7367 12.6651 48
      vertex 73.7367 12.6651 48.4
    endloop
  endfacet
  facet normal 0.763849 -0.645395 0
    outer loop
      vertex 73.7367 12.6651 48
      vertex 73.631 12.54 48.4
      vertex 73.631 12.54 48
    endloop
  endfacet
  facet normal 0.844365 -0.535768 0
    outer loop
      vertex 73.5402 12.3969 48.4
      vertex 73.631 12.54 48
      vertex 73.631 12.54 48.4
    endloop
  endfacet
  facet normal 0.844365 -0.535768 0
    outer loop
      vertex 73.631 12.54 48
      vertex 73.5402 12.3969 48.4
      vertex 73.5402 12.3969 48
    endloop
  endfacet
  facet normal 0.904399 -0.426688 0
    outer loop
      vertex 73.4641 12.2356 48.4
      vertex 73.5402 12.3969 48
      vertex 73.5402 12.3969 48.4
    endloop
  endfacet
  facet normal 0.904399 -0.426688 0
    outer loop
      vertex 73.5402 12.3969 48
      vertex 73.4641 12.2356 48.4
      vertex 73.4641 12.2356 48
    endloop
  endfacet
  facet normal 0.946499 -0.322706 0
    outer loop
      vertex 73.4029 12.0561 48.4
      vertex 73.4641 12.2356 48
      vertex 73.4641 12.2356 48.4
    endloop
  endfacet
  facet normal 0.946499 -0.322706 0
    outer loop
      vertex 73.4641 12.2356 48
      vertex 73.4029 12.0561 48.4
      vertex 73.4029 12.0561 48
    endloop
  endfacet
  facet normal 0.973385 -0.229177 0
    outer loop
      vertex 73.3564 11.8586 48.4
      vertex 73.4029 12.0561 48
      vertex 73.4029 12.0561 48.4
    endloop
  endfacet
  facet normal 0.973385 -0.229177 0
    outer loop
      vertex 73.4029 12.0561 48
      vertex 73.3564 11.8586 48.4
      vertex 73.3564 11.8586 48
    endloop
  endfacet
  facet normal 0.989439 -0.144953 0
    outer loop
      vertex 73.3248 11.6429 48.4
      vertex 73.3564 11.8586 48
      vertex 73.3564 11.8586 48.4
    endloop
  endfacet
  facet normal 0.989439 -0.144953 0
    outer loop
      vertex 73.3564 11.8586 48
      vertex 73.3248 11.6429 48.4
      vertex 73.3248 11.6429 48
    endloop
  endfacet
  facet normal 0.0994622 0.995041 -0
    outer loop
      vertex 74.2742 11.548 48
      vertex 73.3248 11.6429 48.4
      vertex 74.2742 11.548 48.4
    endloop
  endfacet
  facet normal 0.0994622 0.995041 0
    outer loop
      vertex 73.3248 11.6429 48.4
      vertex 74.2742 11.548 48
      vertex 73.3248 11.6429 48
    endloop
  endfacet
  facet normal -0.995566 0.0940692 0
    outer loop
      vertex 74.2742 11.548 48
      vertex 74.285 11.6623 48.4
      vertex 74.285 11.6623 48
    endloop
  endfacet
  facet normal -0.995566 0.0940692 0
    outer loop
      vertex 74.285 11.6623 48.4
      vertex 74.2742 11.548 48
      vertex 74.2742 11.548 48.4
    endloop
  endfacet
  facet normal -0.987198 0.159499 0
    outer loop
      vertex 74.285 11.6623 48
      vertex 74.3019 11.7669 48.4
      vertex 74.3019 11.7669 48
    endloop
  endfacet
  facet normal -0.987198 0.159499 0
    outer loop
      vertex 74.3019 11.7669 48.4
      vertex 74.285 11.6623 48
      vertex 74.285 11.6623 48.4
    endloop
  endfacet
  facet normal -0.972155 0.23434 0
    outer loop
      vertex 74.3019 11.7669 48
      vertex 74.3248 11.8619 48.4
      vertex 74.3248 11.8619 48
    endloop
  endfacet
  facet normal -0.972155 0.23434 0
    outer loop
      vertex 74.3248 11.8619 48.4
      vertex 74.3019 11.7669 48
      vertex 74.3019 11.7669 48.4
    endloop
  endfacet
  facet normal -0.946325 0.323217 0
    outer loop
      vertex 74.3248 11.8619 48
      vertex 74.3539 11.9471 48.4
      vertex 74.3539 11.9471 48
    endloop
  endfacet
  facet normal -0.946325 0.323217 0
    outer loop
      vertex 74.3539 11.9471 48.4
      vertex 74.3248 11.8619 48
      vertex 74.3248 11.8619 48.4
    endloop
  endfacet
  facet normal -0.907009 0.421111 0
    outer loop
      vertex 74.3539 11.9471 48
      vertex 74.389 12.0227 48.4
      vertex 74.389 12.0227 48
    endloop
  endfacet
  facet normal -0.907009 0.421111 0
    outer loop
      vertex 74.389 12.0227 48.4
      vertex 74.3539 11.9471 48
      vertex 74.3539 11.9471 48.4
    endloop
  endfacet
  facet normal -0.846984 0.531618 0
    outer loop
      vertex 74.389 12.0227 48
      vertex 74.4303 12.0885 48.4
      vertex 74.4303 12.0885 48
    endloop
  endfacet
  facet normal -0.846984 0.531618 0
    outer loop
      vertex 74.4303 12.0885 48.4
      vertex 74.389 12.0227 48
      vertex 74.389 12.0227 48.4
    endloop
  endfacet
  facet normal -0.765088 0.643926 0
    outer loop
      vertex 74.4303 12.0885 48
      vertex 74.4776 12.1447 48.4
      vertex 74.4776 12.1447 48
    endloop
  endfacet
  facet normal -0.765088 0.643926 0
    outer loop
      vertex 74.4776 12.1447 48.4
      vertex 74.4303 12.0885 48
      vertex 74.4303 12.0885 48.4
    endloop
  endfacet
  facet normal -0.669663 0.742666 0
    outer loop
      vertex 74.5305 12.1924 48
      vertex 74.4776 12.1447 48.4
      vertex 74.5305 12.1924 48.4
    endloop
  endfacet
  facet normal -0.669663 0.742666 0
    outer loop
      vertex 74.4776 12.1447 48.4
      vertex 74.5305 12.1924 48
      vertex 74.4776 12.1447 48
    endloop
  endfacet
  facet normal -0.571937 0.820297 0
    outer loop
      vertex 74.5883 12.2327 48
      vertex 74.5305 12.1924 48.4
      vertex 74.5883 12.2327 48.4
    endloop
  endfacet
  facet normal -0.571937 0.820297 0
    outer loop
      vertex 74.5305 12.1924 48.4
      vertex 74.5883 12.2327 48
      vertex 74.5305 12.1924 48
    endloop
  endfacet
  facet normal -0.465688 0.884949 0
    outer loop
      vertex 74.6512 12.2658 48
      vertex 74.5883 12.2327 48.4
      vertex 74.6512 12.2658 48.4
    endloop
  endfacet
  facet normal -0.465688 0.884949 0
    outer loop
      vertex 74.5883 12.2327 48.4
      vertex 74.6512 12.2658 48
      vertex 74.5883 12.2327 48
    endloop
  endfacet
  facet normal -0.35324 0.935533 0
    outer loop
      vertex 74.719 12.2914 48
      vertex 74.6512 12.2658 48.4
      vertex 74.719 12.2914 48.4
    endloop
  endfacet
  facet normal -0.35324 0.935533 0
    outer loop
      vertex 74.6512 12.2658 48.4
      vertex 74.719 12.2914 48
      vertex 74.6512 12.2658 48
    endloop
  endfacet
  facet normal -0.245042 0.969513 0
    outer loop
      vertex 74.7918 12.3098 48
      vertex 74.719 12.2914 48.4
      vertex 74.7918 12.3098 48.4
    endloop
  endfacet
  facet normal -0.245042 0.969513 0
    outer loop
      vertex 74.719 12.2914 48.4
      vertex 74.7918 12.3098 48
      vertex 74.719 12.2914 48
    endloop
  endfacet
  facet normal -0.140172 0.990127 0
    outer loop
      vertex 74.8695 12.3208 48
      vertex 74.7918 12.3098 48.4
      vertex 74.8695 12.3208 48.4
    endloop
  endfacet
  facet normal -0.140172 0.990127 0
    outer loop
      vertex 74.7918 12.3098 48.4
      vertex 74.8695 12.3208 48
      vertex 74.7918 12.3098 48
    endloop
  endfacet
  facet normal -0.0434372 0.999056 0
    outer loop
      vertex 74.9523 12.3244 48
      vertex 74.8695 12.3208 48.4
      vertex 74.9523 12.3244 48.4
    endloop
  endfacet
  facet normal -0.0434372 0.999056 0
    outer loop
      vertex 74.8695 12.3208 48.4
      vertex 74.9523 12.3244 48
      vertex 74.8695 12.3208 48
    endloop
  endfacet
  facet normal 0.0418294 0.999125 -0
    outer loop
      vertex 75.0359 12.3209 48
      vertex 74.9523 12.3244 48.4
      vertex 75.0359 12.3209 48.4
    endloop
  endfacet
  facet normal 0.0418294 0.999125 0
    outer loop
      vertex 74.9523 12.3244 48.4
      vertex 75.0359 12.3209 48
      vertex 74.9523 12.3244 48
    endloop
  endfacet
  facet normal 0.131832 0.991272 -0
    outer loop
      vertex 75.1141 12.3105 48
      vertex 75.0359 12.3209 48.4
      vertex 75.1141 12.3105 48.4
    endloop
  endfacet
  facet normal 0.131832 0.991272 0
    outer loop
      vertex 75.0359 12.3209 48.4
      vertex 75.1141 12.3105 48
      vertex 75.0359 12.3209 48
    endloop
  endfacet
  facet normal 0.233423 0.972375 -0
    outer loop
      vertex 75.187 12.293 48
      vertex 75.1141 12.3105 48.4
      vertex 75.187 12.293 48.4
    endloop
  endfacet
  facet normal 0.233423 0.972375 0
    outer loop
      vertex 75.1141 12.3105 48.4
      vertex 75.187 12.293 48
      vertex 75.1141 12.3105 48
    endloop
  endfacet
  facet normal 0.340738 0.940158 -0
    outer loop
      vertex 75.2546 12.2685 48
      vertex 75.187 12.293 48.4
      vertex 75.2546 12.2685 48.4
    endloop
  endfacet
  facet normal 0.340738 0.940158 0
    outer loop
      vertex 75.187 12.293 48.4
      vertex 75.2546 12.2685 48
      vertex 75.187 12.293 48
    endloop
  endfacet
  facet normal 0.450655 0.892698 -0
    outer loop
      vertex 75.3168 12.2371 48
      vertex 75.2546 12.2685 48.4
      vertex 75.3168 12.2371 48.4
    endloop
  endfacet
  facet normal 0.450655 0.892698 0
    outer loop
      vertex 75.2546 12.2685 48.4
      vertex 75.3168 12.2371 48
      vertex 75.2546 12.2685 48
    endloop
  endfacet
  facet normal 0.560397 0.828224 -0
    outer loop
      vertex 75.3737 12.1986 48
      vertex 75.3168 12.2371 48.4
      vertex 75.3737 12.1986 48.4
    endloop
  endfacet
  facet normal 0.560397 0.828224 0
    outer loop
      vertex 75.3168 12.2371 48.4
      vertex 75.3737 12.1986 48
      vertex 75.3168 12.2371 48
    endloop
  endfacet
  facet normal 0.660562 0.750771 -0
    outer loop
      vertex 75.4253 12.1532 48
      vertex 75.3737 12.1986 48.4
      vertex 75.4253 12.1532 48.4
    endloop
  endfacet
  facet normal 0.660562 0.750771 0
    outer loop
      vertex 75.3737 12.1986 48.4
      vertex 75.4253 12.1532 48
      vertex 75.3737 12.1986 48
    endloop
  endfacet
  facet normal 0.752667 0.658402 0
    outer loop
      vertex 75.4707 12.1013 48.4
      vertex 75.4253 12.1532 48
      vertex 75.4253 12.1532 48.4
    endloop
  endfacet
  facet normal 0.752667 0.658402 0
    outer loop
      vertex 75.4253 12.1532 48
      vertex 75.4707 12.1013 48.4
      vertex 75.4707 12.1013 48
    endloop
  endfacet
  facet normal 0.833154 0.553042 0
    outer loop
      vertex 75.5092 12.0433 48.4
      vertex 75.4707 12.1013 48
      vertex 75.4707 12.1013 48.4
    endloop
  endfacet
  facet normal 0.833154 0.553042 0
    outer loop
      vertex 75.4707 12.1013 48
      vertex 75.5092 12.0433 48.4
      vertex 75.5092 12.0433 48
    endloop
  endfacet
  facet normal 0.897768 0.440468 0
    outer loop
      vertex 75.5406 11.9793 48.4
      vertex 75.5092 12.0433 48
      vertex 75.5092 12.0433 48.4
    endloop
  endfacet
  facet normal 0.897768 0.440468 0
    outer loop
      vertex 75.5092 12.0433 48
      vertex 75.5406 11.9793 48.4
      vertex 75.5406 11.9793 48
    endloop
  endfacet
  facet normal 0.943858 0.33035 0
    outer loop
      vertex 75.5651 11.9093 48.4
      vertex 75.5406 11.9793 48
      vertex 75.5406 11.9793 48.4
    endloop
  endfacet
  facet normal 0.943858 0.33035 0
    outer loop
      vertex 75.5406 11.9793 48
      vertex 75.5651 11.9093 48.4
      vertex 75.5651 11.9093 48
    endloop
  endfacet
  facet normal 0.974499 0.224391 0
    outer loop
      vertex 75.5826 11.8333 48.4
      vertex 75.5651 11.9093 48
      vertex 75.5651 11.9093 48.4
    endloop
  endfacet
  facet normal 0.974499 0.224391 0
    outer loop
      vertex 75.5651 11.9093 48
      vertex 75.5826 11.8333 48.4
      vertex 75.5826 11.8333 48
    endloop
  endfacet
  facet normal 0.991901 0.127012 0
    outer loop
      vertex 75.5931 11.7513 48.4
      vertex 75.5826 11.8333 48
      vertex 75.5826 11.8333 48.4
    endloop
  endfacet
  facet normal 0.991901 0.127012 0
    outer loop
      vertex 75.5826 11.8333 48
      vertex 75.5931 11.7513 48.4
      vertex 75.5931 11.7513 48
    endloop
  endfacet
  facet normal 0.999256 0.0385638 0
    outer loop
      vertex 75.5965 11.6632 48.4
      vertex 75.5931 11.7513 48
      vertex 75.5931 11.7513 48.4
    endloop
  endfacet
  facet normal 0.999256 0.0385638 0
    outer loop
      vertex 75.5931 11.7513 48
      vertex 75.5965 11.6632 48.4
      vertex 75.5965 11.6632 48
    endloop
  endfacet
  facet normal 0.998827 -0.048428 0
    outer loop
      vertex 75.5925 11.5807 48.4
      vertex 75.5965 11.6632 48
      vertex 75.5965 11.6632 48.4
    endloop
  endfacet
  facet normal 0.998827 -0.048428 0
    outer loop
      vertex 75.5965 11.6632 48
      vertex 75.5925 11.5807 48.4
      vertex 75.5925 11.5807 48
    endloop
  endfacet
  facet normal 0.989636 -0.143599 0
    outer loop
      vertex 75.5805 11.498 48.4
      vertex 75.5925 11.5807 48
      vertex 75.5925 11.5807 48.4
    endloop
  endfacet
  facet normal 0.989636 -0.143599 0
    outer loop
      vertex 75.5925 11.5807 48
      vertex 75.5805 11.498 48.4
      vertex 75.5805 11.498 48
    endloop
  endfacet
  facet normal 0.971907 -0.235365 0
    outer loop
      vertex 75.5604 11.415 48.4
      vertex 75.5805 11.498 48
      vertex 75.5805 11.498 48.4
    endloop
  endfacet
  facet normal 0.971907 -0.235365 0
    outer loop
      vertex 75.5805 11.498 48
      vertex 75.5604 11.415 48.4
      vertex 75.5604 11.415 48
    endloop
  endfacet
  facet normal 0.94754 -0.319638 0
    outer loop
      vertex 75.5323 11.3317 48.4
      vertex 75.5604 11.415 48
      vertex 75.5604 11.415 48.4
    endloop
  endfacet
  facet normal 0.94754 -0.319638 0
    outer loop
      vertex 75.5604 11.415 48
      vertex 75.5323 11.3317 48.4
      vertex 75.5323 11.3317 48
    endloop
  endfacet
  facet normal 0.918062 -0.396436 0
    outer loop
      vertex 75.4962 11.2481 48.4
      vertex 75.5323 11.3317 48
      vertex 75.5323 11.3317 48.4
    endloop
  endfacet
  facet normal 0.918062 -0.396436 0
    outer loop
      vertex 75.5323 11.3317 48
      vertex 75.4962 11.2481 48.4
      vertex 75.4962 11.2481 48
    endloop
  endfacet
  facet normal 0.88517 -0.465268 0
    outer loop
      vertex 75.4521 11.1642 48.4
      vertex 75.4962 11.2481 48
      vertex 75.4962 11.2481 48.4
    endloop
  endfacet
  facet normal 0.88517 -0.465268 0
    outer loop
      vertex 75.4962 11.2481 48
      vertex 75.4521 11.1642 48.4
      vertex 75.4521 11.1642 48
    endloop
  endfacet
  facet normal 0.84964 -0.527363 0
    outer loop
      vertex 75.3999 11.0801 48.4
      vertex 75.4521 11.1642 48
      vertex 75.4521 11.1642 48.4
    endloop
  endfacet
  facet normal 0.84964 -0.527363 0
    outer loop
      vertex 75.4521 11.1642 48
      vertex 75.3999 11.0801 48.4
      vertex 75.3999 11.0801 48
    endloop
  endfacet
  facet normal 0.799303 -0.600928 0
    outer loop
      vertex 75.3481 11.0112 48.4
      vertex 75.3999 11.0801 48
      vertex 75.3999 11.0801 48.4
    endloop
  endfacet
  facet normal 0.799303 -0.600928 0
    outer loop
      vertex 75.3999 11.0801 48
      vertex 75.3481 11.0112 48.4
      vertex 75.3481 11.0112 48
    endloop
  endfacet
  facet normal 0.761407 -0.648274 0
    outer loop
      vertex 75.2759 10.9264 48.4
      vertex 75.3481 11.0112 48
      vertex 75.3481 11.0112 48.4
    endloop
  endfacet
  facet normal 0.761407 -0.648274 0
    outer loop
      vertex 75.3481 11.0112 48
      vertex 75.2759 10.9264 48.4
      vertex 75.2759 10.9264 48
    endloop
  endfacet
  facet normal 0.735449 -0.67758 0
    outer loop
      vertex 75.1834 10.826 48.4
      vertex 75.2759 10.9264 48
      vertex 75.2759 10.9264 48.4
    endloop
  endfacet
  facet normal 0.735449 -0.67758 0
    outer loop
      vertex 75.2759 10.9264 48
      vertex 75.1834 10.826 48.4
      vertex 75.1834 10.826 48
    endloop
  endfacet
  facet normal 0.717517 -0.696541 0
    outer loop
      vertex 75.0705 10.7097 48.4
      vertex 75.1834 10.826 48
      vertex 75.1834 10.826 48.4
    endloop
  endfacet
  facet normal 0.717517 -0.696541 0
    outer loop
      vertex 75.1834 10.826 48
      vertex 75.0705 10.7097 48.4
      vertex 75.0705 10.7097 48
    endloop
  endfacet
  facet normal 0.7039 -0.710299 0
    outer loop
      vertex 74.9373 10.5777 48
      vertex 75.0705 10.7097 48.4
      vertex 74.9373 10.5777 48.4
    endloop
  endfacet
  facet normal 0.7039 -0.710299 0
    outer loop
      vertex 75.0705 10.7097 48.4
      vertex 74.9373 10.5777 48
      vertex 75.0705 10.7097 48
    endloop
  endfacet
  facet normal 0.693606 -0.720355 0
    outer loop
      vertex 74.7838 10.4299 48
      vertex 74.9373 10.5777 48.4
      vertex 74.7838 10.4299 48.4
    endloop
  endfacet
  facet normal 0.693606 -0.720355 0
    outer loop
      vertex 74.9373 10.5777 48.4
      vertex 74.7838 10.4299 48
      vertex 74.9373 10.5777 48
    endloop
  endfacet
  facet normal 0.685208 -0.728348 0
    outer loop
      vertex 74.6099 10.2663 48
      vertex 74.7838 10.4299 48.4
      vertex 74.6099 10.2663 48.4
    endloop
  endfacet
  facet normal 0.685208 -0.728348 0
    outer loop
      vertex 74.7838 10.4299 48.4
      vertex 74.6099 10.2663 48
      vertex 74.7838 10.4299 48
    endloop
  endfacet
  facet normal 0.687162 -0.726504 0
    outer loop
      vertex 74.392 10.0602 48
      vertex 74.6099 10.2663 48.4
      vertex 74.392 10.0602 48.4
    endloop
  endfacet
  facet normal 0.687162 -0.726504 0
    outer loop
      vertex 74.6099 10.2663 48.4
      vertex 74.392 10.0602 48
      vertex 74.6099 10.2663 48
    endloop
  endfacet
  facet normal 0.703548 -0.710647 0
    outer loop
      vertex 74.1958 9.86596 48
      vertex 74.392 10.0602 48.4
      vertex 74.1958 9.86596 48.4
    endloop
  endfacet
  facet normal 0.703548 -0.710647 0
    outer loop
      vertex 74.392 10.0602 48.4
      vertex 74.1958 9.86596 48
      vertex 74.392 10.0602 48
    endloop
  endfacet
  facet normal 0.721845 -0.692055 0
    outer loop
      vertex 74.0211 9.68374 48.4
      vertex 74.1958 9.86596 48
      vertex 74.1958 9.86596 48.4
    endloop
  endfacet
  facet normal 0.721845 -0.692055 0
    outer loop
      vertex 74.1958 9.86596 48
      vertex 74.0211 9.68374 48.4
      vertex 74.0211 9.68374 48
    endloop
  endfacet
  facet normal 0.743822 -0.668378 0
    outer loop
      vertex 73.8681 9.51347 48.4
      vertex 74.0211 9.68374 48
      vertex 74.0211 9.68374 48.4
    endloop
  endfacet
  facet normal 0.743822 -0.668378 0
    outer loop
      vertex 74.0211 9.68374 48
      vertex 73.8681 9.51347 48.4
      vertex 73.8681 9.51347 48
    endloop
  endfacet
  facet normal 0.769196 -0.639013 0
    outer loop
      vertex 73.7366 9.35518 48.4
      vertex 73.8681 9.51347 48
      vertex 73.8681 9.51347 48.4
    endloop
  endfacet
  facet normal 0.769196 -0.639013 0
    outer loop
      vertex 73.8681 9.51347 48
      vertex 73.7366 9.35518 48.4
      vertex 73.7366 9.35518 48
    endloop
  endfacet
  facet normal 0.79962 -0.600507 0
    outer loop
      vertex 73.6267 9.20884 48.4
      vertex 73.7366 9.35518 48
      vertex 73.7366 9.35518 48.4
    endloop
  endfacet
  facet normal 0.79962 -0.600507 0
    outer loop
      vertex 73.7366 9.35518 48
      vertex 73.6267 9.20884 48.4
      vertex 73.6267 9.20884 48
    endloop
  endfacet
  facet normal 0.835669 -0.549234 0
    outer loop
      vertex 73.5384 9.07449 48.4
      vertex 73.6267 9.20884 48
      vertex 73.6267 9.20884 48.4
    endloop
  endfacet
  facet normal 0.835669 -0.549234 0
    outer loop
      vertex 73.6267 9.20884 48
      vertex 73.5384 9.07449 48.4
      vertex 73.5384 9.07449 48
    endloop
  endfacet
  facet normal 0.870724 -0.491771 0
    outer loop
      vertex 73.4653 8.94506 48.4
      vertex 73.5384 9.07449 48
      vertex 73.5384 9.07449 48.4
    endloop
  endfacet
  facet normal 0.870724 -0.491771 0
    outer loop
      vertex 73.5384 9.07449 48
      vertex 73.4653 8.94506 48.4
      vertex 73.4653 8.94506 48
    endloop
  endfacet
  facet normal 0.898716 -0.438531 0
    outer loop
      vertex 73.4011 8.81349 48.4
      vertex 73.4653 8.94506 48
      vertex 73.4653 8.94506 48.4
    endloop
  endfacet
  facet normal 0.898716 -0.438531 0
    outer loop
      vertex 73.4653 8.94506 48
      vertex 73.4011 8.81349 48.4
      vertex 73.4011 8.81349 48
    endloop
  endfacet
  facet normal 0.924086 -0.382185 0
    outer loop
      vertex 73.3458 8.67978 48.4
      vertex 73.4011 8.81349 48
      vertex 73.4011 8.81349 48.4
    endloop
  endfacet
  facet normal 0.924086 -0.382185 0
    outer loop
      vertex 73.4011 8.81349 48
      vertex 73.3458 8.67978 48.4
      vertex 73.3458 8.67978 48
    endloop
  endfacet
  facet normal 0.946125 -0.323801 0
    outer loop
      vertex 73.2993 8.54391 48.4
      vertex 73.3458 8.67978 48
      vertex 73.3458 8.67978 48.4
    endloop
  endfacet
  facet normal 0.946125 -0.323801 0
    outer loop
      vertex 73.3458 8.67978 48
      vertex 73.2993 8.54391 48.4
      vertex 73.2993 8.54391 48
    endloop
  endfacet
  facet normal 0.964656 -0.263514 0
    outer loop
      vertex 73.2616 8.4059 48.4
      vertex 73.2993 8.54391 48
      vertex 73.2993 8.54391 48.4
    endloop
  endfacet
  facet normal 0.964656 -0.263514 0
    outer loop
      vertex 73.2993 8.54391 48
      vertex 73.2616 8.4059 48.4
      vertex 73.2616 8.4059 48
    endloop
  endfacet
  facet normal 0.979535 -0.201274 0
    outer loop
      vertex 73.2328 8.26574 48.4
      vertex 73.2616 8.4059 48
      vertex 73.2616 8.4059 48.4
    endloop
  endfacet
  facet normal 0.979535 -0.201274 0
    outer loop
      vertex 73.2616 8.4059 48
      vertex 73.2328 8.26574 48.4
      vertex 73.2328 8.26574 48
    endloop
  endfacet
  facet normal 0.990363 -0.138498 0
    outer loop
      vertex 73.2129 8.12344 48.4
      vertex 73.2328 8.26574 48
      vertex 73.2328 8.26574 48.4
    endloop
  endfacet
  facet normal 0.990363 -0.138498 0
    outer loop
      vertex 73.2328 8.26574 48
      vertex 73.2129 8.12344 48.4
      vertex 73.2129 8.12344 48
    endloop
  endfacet
  facet normal 0 1 -0
    outer loop
      vertex 76.5527 8.12344 48
      vertex 73.2129 8.12344 48.4
      vertex 76.5527 8.12344 48.4
    endloop
  endfacet
  facet normal 0 1 0
    outer loop
      vertex 73.2129 8.12344 48.4
      vertex 76.5527 8.12344 48
      vertex 73.2129 8.12344 48
    endloop
  endfacet
  facet normal -1 0 0
    outer loop
      vertex 76.5527 8.12344 48
      vertex 76.5527 9.00839 48.4
      vertex 76.5527 9.00839 48
    endloop
  endfacet
  facet normal -1 -0 0
    outer loop
      vertex 76.5527 9.00839 48.4
      vertex 76.5527 8.12344 48
      vertex 76.5527 8.12344 48.4
    endloop
  endfacet
  facet normal 0 1 -0
    outer loop
      vertex 54.8516 9.99844 48
      vertex 54.1972 9.99844 48.4
      vertex 54.8516 9.99844 48.4
    endloop
  endfacet
  facet normal 0 1 0
    outer loop
      vertex 54.1972 9.99844 48.4
      vertex 54.8516 9.99844 48
      vertex 54.1972 9.99844 48
    endloop
  endfacet
  facet normal -0.0077616 0.99997 0
    outer loop
      vertex 55.0397 9.9999 48
      vertex 54.8516 9.99844 48.4
      vertex 55.0397 9.9999 48.4
    endloop
  endfacet
  facet normal -0.0077616 0.99997 0
    outer loop
      vertex 54.8516 9.99844 48.4
      vertex 55.0397 9.9999 48
      vertex 54.8516 9.99844 48
    endloop
  endfacet
  facet normal -0.0251349 0.999684 0
    outer loop
      vertex 55.2147 10.0043 48
      vertex 55.0397 9.9999 48.4
      vertex 55.2147 10.0043 48.4
    endloop
  endfacet
  facet normal -0.0251349 0.999684 0
    outer loop
      vertex 55.0397 9.9999 48.4
      vertex 55.2147 10.0043 48
      vertex 55.0397 9.9999 48
    endloop
  endfacet
  facet normal -0.044428 0.999013 0
    outer loop
      vertex 55.3766 10.0115 48
      vertex 55.2147 10.0043 48.4
      vertex 55.3766 10.0115 48.4
    endloop
  endfacet
  facet normal -0.044428 0.999013 0
    outer loop
      vertex 55.2147 10.0043 48.4
      vertex 55.3766 10.0115 48
      vertex 55.2147 10.0043 48
    endloop
  endfacet
  facet normal -0.0684337 0.997656 0
    outer loop
      vertex 55.5253 10.0217 48
      vertex 55.3766 10.0115 48.4
      vertex 55.5253 10.0217 48.4
    endloop
  endfacet
  facet normal -0.0684337 0.997656 0
    outer loop
      vertex 55.3766 10.0115 48.4
      vertex 55.5253 10.0217 48
      vertex 55.3766 10.0115 48
    endloop
  endfacet
  facet normal -0.0962303 0.995359 0
    outer loop
      vertex 55.6608 10.0348 48
      vertex 55.5253 10.0217 48.4
      vertex 55.6608 10.0348 48.4
    endloop
  endfacet
  facet normal -0.0962303 0.995359 0
    outer loop
      vertex 55.5253 10.0217 48.4
      vertex 55.6608 10.0348 48
      vertex 55.5253 10.0217 48
    endloop
  endfacet
  facet normal -0.129512 0.991578 0
    outer loop
      vertex 55.7833 10.0508 48
      vertex 55.6608 10.0348 48.4
      vertex 55.7833 10.0508 48.4
    endloop
  endfacet
  facet normal -0.129512 0.991578 0
    outer loop
      vertex 55.6608 10.0348 48.4
      vertex 55.7833 10.0508 48
      vertex 55.6608 10.0348 48
    endloop
  endfacet
  facet normal -0.169665 0.985502 0
    outer loop
      vertex 55.8925 10.0696 48
      vertex 55.7833 10.0508 48.4
      vertex 55.8925 10.0696 48.4
    endloop
  endfacet
  facet normal -0.169665 0.985502 0
    outer loop
      vertex 55.7833 10.0508 48.4
      vertex 55.8925 10.0696 48
      vertex 55.7833 10.0508 48
    endloop
  endfacet
  facet normal -0.244351 0.969687 0
    outer loop
      vertex 55.9679 10.0886 48
      vertex 55.8925 10.0696 48.4
      vertex 55.9679 10.0886 48.4
    endloop
  endfacet
  facet normal -0.244351 0.969687 0
    outer loop
      vertex 55.8925 10.0696 48.4
      vertex 55.9679 10.0886 48
      vertex 55.8925 10.0696 48
    endloop
  endfacet
  facet normal -0.302469 0.953159 0
    outer loop
      vertex 56.0429 10.1124 48
      vertex 55.9679 10.0886 48.4
      vertex 56.0429 10.1124 48.4
    endloop
  endfacet
  facet normal -0.302469 0.953159 0
    outer loop
      vertex 55.9679 10.0886 48.4
      vertex 56.0429 10.1124 48
      vertex 55.9679 10.0886 48
    endloop
  endfacet
  facet normal -0.359732 0.933056 0
    outer loop
      vertex 56.1176 10.1412 48
      vertex 56.0429 10.1124 48.4
      vertex 56.1176 10.1412 48.4
    endloop
  endfacet
  facet normal -0.359732 0.933056 0
    outer loop
      vertex 56.0429 10.1124 48.4
      vertex 56.1176 10.1412 48
      vertex 56.0429 10.1124 48
    endloop
  endfacet
  facet normal -0.411587 0.911371 0
    outer loop
      vertex 56.192 10.1748 48
      vertex 56.1176 10.1412 48.4
      vertex 56.192 10.1748 48.4
    endloop
  endfacet
  facet normal -0.411587 0.911371 0
    outer loop
      vertex 56.1176 10.1412 48.4
      vertex 56.192 10.1748 48
      vertex 56.1176 10.1412 48
    endloop
  endfacet
  facet normal -0.462484 0.886628 0
    outer loop
      vertex 56.266 10.2134 48
      vertex 56.192 10.1748 48.4
      vertex 56.266 10.2134 48.4
    endloop
  endfacet
  facet normal -0.462484 0.886628 0
    outer loop
      vertex 56.192 10.1748 48.4
      vertex 56.266 10.2134 48
      vertex 56.192 10.1748 48
    endloop
  endfacet
  facet normal -0.508808 0.86088 0
    outer loop
      vertex 56.3396 10.2569 48
      vertex 56.266 10.2134 48.4
      vertex 56.3396 10.2569 48.4
    endloop
  endfacet
  facet normal -0.508808 0.86088 0
    outer loop
      vertex 56.266 10.2134 48.4
      vertex 56.3396 10.2569 48
      vertex 56.266 10.2134 48
    endloop
  endfacet
  facet normal -0.550494 0.834839 0
    outer loop
      vertex 56.413 10.3053 48
      vertex 56.3396 10.2569 48.4
      vertex 56.413 10.3053 48.4
    endloop
  endfacet
  facet normal -0.550494 0.834839 0
    outer loop
      vertex 56.3396 10.2569 48.4
      vertex 56.413 10.3053 48
      vertex 56.3396 10.2569 48
    endloop
  endfacet
  facet normal -0.600896 0.799327 0
    outer loop
      vertex 56.4843 10.3589 48
      vertex 56.413 10.3053 48.4
      vertex 56.4843 10.3589 48.4
    endloop
  endfacet
  facet normal -0.600896 0.799327 0
    outer loop
      vertex 56.413 10.3053 48.4
      vertex 56.4843 10.3589 48
      vertex 56.413 10.3053 48
    endloop
  endfacet
  facet normal -0.658189 0.752853 0
    outer loop
      vertex 56.5519 10.418 48
      vertex 56.4843 10.3589 48.4
      vertex 56.5519 10.418 48.4
    endloop
  endfacet
  facet normal -0.658189 0.752853 0
    outer loop
      vertex 56.4843 10.3589 48.4
      vertex 56.5519 10.418 48
      vertex 56.4843 10.3589 48
    endloop
  endfacet
  facet normal -0.709853 0.70435 0
    outer loop
      vertex 56.5519 10.418 48
      vertex 56.6159 10.4825 48.4
      vertex 56.6159 10.4825 48
    endloop
  endfacet
  facet normal -0.709853 0.70435 0
    outer loop
      vertex 56.6159 10.4825 48.4
      vertex 56.5519 10.418 48
      vertex 56.5519 10.418 48.4
    endloop
  endfacet
  facet normal -0.75765 0.652661 0
    outer loop
      vertex 56.6159 10.4825 48
      vertex 56.6762 10.5525 48.4
      vertex 56.6762 10.5525 48
    endloop
  endfacet
  facet normal -0.75765 0.652661 0
    outer loop
      vertex 56.6762 10.5525 48.4
      vertex 56.6159 10.4825 48
      vertex 56.6159 10.4825 48.4
    endloop
  endfacet
  facet normal -0.799745 0.600339 0
    outer loop
      vertex 56.6762 10.5525 48
      vertex 56.7328 10.6279 48.4
      vertex 56.7328 10.6279 48
    endloop
  endfacet
  facet normal -0.799745 0.600339 0
    outer loop
      vertex 56.7328 10.6279 48.4
      vertex 56.6762 10.5525 48
      vertex 56.6762 10.5525 48.4
    endloop
  endfacet
  facet normal -0.836477 0.548001 0
    outer loop
      vertex 56.7328 10.6279 48
      vertex 56.7858 10.7088 48.4
      vertex 56.7858 10.7088 48
    endloop
  endfacet
  facet normal -0.836477 0.548001 0
    outer loop
      vertex 56.7858 10.7088 48.4
      vertex 56.7328 10.6279 48
      vertex 56.7328 10.6279 48.4
    endloop
  endfacet
  facet normal -0.868552 0.495598 0
    outer loop
      vertex 56.7858 10.7088 48
      vertex 56.8351 10.7952 48.4
      vertex 56.8351 10.7952 48
    endloop
  endfacet
  facet normal -0.868552 0.495598 0
    outer loop
      vertex 56.8351 10.7952 48.4
      vertex 56.7858 10.7088 48
      vertex 56.7858 10.7088 48.4
    endloop
  endfacet
  facet normal -0.901935 0.431871 0
    outer loop
      vertex 56.8351 10.7952 48
      vertex 56.8792 10.8873 48.4
      vertex 56.8792 10.8873 48
    endloop
  endfacet
  facet normal -0.901935 0.431871 0
    outer loop
      vertex 56.8792 10.8873 48.4
      vertex 56.8351 10.7952 48
      vertex 56.8351 10.7952 48.4
    endloop
  endfacet
  facet normal -0.934714 0.355401 0
    outer loop
      vertex 56.8792 10.8873 48
      vertex 56.9165 10.9854 48.4
      vertex 56.9165 10.9854 48
    endloop
  endfacet
  facet normal -0.934714 0.355401 0
    outer loop
      vertex 56.9165 10.9854 48.4
      vertex 56.8792 10.8873 48
      vertex 56.8792 10.8873 48.4
    endloop
  endfacet
  facet normal -0.959586 0.281417 0
    outer loop
      vertex 56.9165 10.9854 48
      vertex 56.947 11.0894 48.4
      vertex 56.947 11.0894 48
    endloop
  endfacet
  facet normal -0.959586 0.281417 0
    outer loop
      vertex 56.947 11.0894 48.4
      vertex 56.9165 10.9854 48
      vertex 56.9165 10.9854 48.4
    endloop
  endfacet
  facet normal -0.977568 0.210621 0
    outer loop
      vertex 56.947 11.0894 48
      vertex 56.9707 11.1994 48.4
      vertex 56.9707 11.1994 48
    endloop
  endfacet
  facet normal -0.977568 0.210621 0
    outer loop
      vertex 56.9707 11.1994 48.4
      vertex 56.947 11.0894 48
      vertex 56.947 11.0894 48.4
    endloop
  endfacet
  facet normal -0.989413 0.145125 0
    outer loop
      vertex 56.9707 11.1994 48
      vertex 56.9877 11.3153 48.4
      vertex 56.9877 11.3153 48
    endloop
  endfacet
  facet normal -0.989413 0.145125 0
    outer loop
      vertex 56.9877 11.3153 48.4
      vertex 56.9707 11.1994 48
      vertex 56.9707 11.1994 48.4
    endloop
  endfacet
  facet normal -0.996512 0.0834517 0
    outer loop
      vertex 56.9877 11.3153 48
      vertex 56.9979 11.4371 48.4
      vertex 56.9979 11.4371 48
    endloop
  endfacet
  facet normal -0.996512 0.0834517 0
    outer loop
      vertex 56.9979 11.4371 48.4
      vertex 56.9877 11.3153 48
      vertex 56.9877 11.3153 48.4
    endloop
  endfacet
  facet normal -0.999646 0.0265947 0
    outer loop
      vertex 56.9979 11.4371 48
      vertex 57.0013 11.5649 48.4
      vertex 57.0013 11.5649 48
    endloop
  endfacet
  facet normal -0.999646 0.0265947 0
    outer loop
      vertex 57.0013 11.5649 48.4
      vertex 56.9979 11.4371 48
      vertex 56.9979 11.4371 48.4
    endloop
  endfacet
  facet normal -0.999362 -0.0357131 0
    outer loop
      vertex 57.0013 11.5649 48
      vertex 56.9954 11.73 48.4
      vertex 56.9954 11.73 48
    endloop
  endfacet
  facet normal -0.999362 -0.0357131 0
    outer loop
      vertex 56.9954 11.73 48.4
      vertex 57.0013 11.5649 48
      vertex 57.0013 11.5649 48.4
    endloop
  endfacet
  facet normal -0.993633 -0.112667 0
    outer loop
      vertex 56.9954 11.73 48
      vertex 56.9777 11.8861 48.4
      vertex 56.9777 11.8861 48
    endloop
  endfacet
  facet normal -0.993633 -0.112667 0
    outer loop
      vertex 56.9777 11.8861 48.4
      vertex 56.9954 11.73 48
      vertex 56.9954 11.73 48.4
    endloop
  endfacet
  facet normal -0.980657 -0.195732 0
    outer loop
      vertex 56.9777 11.8861 48
      vertex 56.9483 12.0334 48.4
      vertex 56.9483 12.0334 48
    endloop
  endfacet
  facet normal -0.980657 -0.195732 0
    outer loop
      vertex 56.9483 12.0334 48.4
      vertex 56.9777 11.8861 48
      vertex 56.9777 11.8861 48.4
    endloop
  endfacet
  facet normal -0.958321 -0.285693 0
    outer loop
      vertex 56.9483 12.0334 48
      vertex 56.9071 12.1716 48.4
      vertex 56.9071 12.1716 48
    endloop
  endfacet
  facet normal -0.958321 -0.285693 0
    outer loop
      vertex 56.9071 12.1716 48.4
      vertex 56.9483 12.0334 48
      vertex 56.9483 12.0334 48.4
    endloop
  endfacet
  facet normal -0.925638 -0.37841 0
    outer loop
      vertex 56.9071 12.1716 48
      vertex 56.8542 12.301 48.4
      vertex 56.8542 12.301 48
    endloop
  endfacet
  facet normal -0.925638 -0.37841 0
    outer loop
      vertex 56.8542 12.301 48.4
      vertex 56.9071 12.1716 48
      vertex 56.9071 12.1716 48.4
    endloop
  endfacet
  facet normal -0.88087 -0.473358 0
    outer loop
      vertex 56.8542 12.301 48
      vertex 56.7895 12.4214 48.4
      vertex 56.7895 12.4214 48
    endloop
  endfacet
  facet normal -0.88087 -0.473358 0
    outer loop
      vertex 56.7895 12.4214 48.4
      vertex 56.8542 12.301 48
      vertex 56.8542 12.301 48.4
    endloop
  endfacet
  facet normal -0.824581 -0.565744 0
    outer loop
      vertex 56.7895 12.4214 48
      vertex 56.713 12.5329 48.4
      vertex 56.713 12.5329 48
    endloop
  endfacet
  facet normal -0.824581 -0.565744 0
    outer loop
      vertex 56.713 12.5329 48.4
      vertex 56.7895 12.4214 48
      vertex 56.7895 12.4214 48.4
    endloop
  endfacet
  facet normal -0.766551 -0.642184 0
    outer loop
      vertex 56.713 12.5329 48
      vertex 56.6278 12.6346 48.4
      vertex 56.6278 12.6346 48
    endloop
  endfacet
  facet normal -0.766551 -0.642184 0
    outer loop
      vertex 56.6278 12.6346 48.4
      vertex 56.713 12.5329 48
      vertex 56.713 12.5329 48.4
    endloop
  endfacet
  facet normal -0.707884 -0.706328 0
    outer loop
      vertex 56.6278 12.6346 48
      vertex 56.537 12.7256 48.4
      vertex 56.537 12.7256 48
    endloop
  endfacet
  facet normal -0.707884 -0.706328 0
    outer loop
      vertex 56.537 12.7256 48.4
      vertex 56.6278 12.6346 48
      vertex 56.6278 12.6346 48.4
    endloop
  endfacet
  facet normal -0.639165 -0.76907 0
    outer loop
      vertex 56.4405 12.8058 48
      vertex 56.537 12.7256 48.4
      vertex 56.4405 12.8058 48.4
    endloop
  endfacet
  facet normal -0.639165 -0.76907 -0
    outer loop
      vertex 56.537 12.7256 48.4
      vertex 56.4405 12.8058 48
      vertex 56.537 12.7256 48
    endloop
  endfacet
  facet normal -0.561956 -0.827167 0
    outer loop
      vertex 56.3382 12.8753 48
      vertex 56.4405 12.8058 48.4
      vertex 56.3382 12.8753 48.4
    endloop
  endfacet
  facet normal -0.561956 -0.827167 -0
    outer loop
      vertex 56.4405 12.8058 48.4
      vertex 56.3382 12.8753 48
      vertex 56.4405 12.8058 48
    endloop
  endfacet
  facet normal -0.478852 -0.877896 0
    outer loop
      vertex 56.2304 12.9341 48
      vertex 56.3382 12.8753 48.4
      vertex 56.2304 12.9341 48.4
    endloop
  endfacet
  facet normal -0.478852 -0.877896 -0
    outer loop
      vertex 56.3382 12.8753 48.4
      vertex 56.2304 12.9341 48
      vertex 56.3382 12.8753 48
    endloop
  endfacet
  facet normal -0.389217 -0.921146 0
    outer loop
      vertex 56.1168 12.9821 48
      vertex 56.2304 12.9341 48.4
      vertex 56.1168 12.9821 48.4
    endloop
  endfacet
  facet normal -0.389217 -0.921146 -0
    outer loop
      vertex 56.2304 12.9341 48.4
      vertex 56.1168 12.9821 48
      vertex 56.2304 12.9341 48
    endloop
  endfacet
  facet normal -0.299369 -0.954138 0
    outer loop
      vertex 55.9976 13.0195 48
      vertex 56.1168 12.9821 48.4
      vertex 55.9976 13.0195 48.4
    endloop
  endfacet
  facet normal -0.299369 -0.954138 -0
    outer loop
      vertex 56.1168 12.9821 48.4
      vertex 55.9976 13.0195 48
      vertex 56.1168 12.9821 48
    endloop
  endfacet
  facet normal -0.209529 -0.977802 0
    outer loop
      vertex 55.9052 13.0393 48
      vertex 55.9976 13.0195 48.4
      vertex 55.9052 13.0393 48.4
    endloop
  endfacet
  facet normal -0.209529 -0.977802 -0
    outer loop
      vertex 55.9976 13.0195 48.4
      vertex 55.9052 13.0393 48
      vertex 55.9976 13.0195 48
    endloop
  endfacet
  facet normal -0.139549 -0.990215 0
    outer loop
      vertex 55.7867 13.056 48
      vertex 55.9052 13.0393 48.4
      vertex 55.7867 13.056 48.4
    endloop
  endfacet
  facet normal -0.139549 -0.990215 -0
    outer loop
      vertex 55.9052 13.0393 48.4
      vertex 55.7867 13.056 48
      vertex 55.9052 13.0393 48
    endloop
  endfacet
  facet normal -0.0943864 -0.995536 0
    outer loop
      vertex 55.6422 13.0697 48
      vertex 55.7867 13.056 48.4
      vertex 55.6422 13.0697 48.4
    endloop
  endfacet
  facet normal -0.0943864 -0.995536 -0
    outer loop
      vertex 55.7867 13.056 48.4
      vertex 55.6422 13.0697 48
      vertex 55.7867 13.056 48
    endloop
  endfacet
  facet normal -0.0626334 -0.998037 0
    outer loop
      vertex 55.4717 13.0804 48
      vertex 55.6422 13.0697 48.4
      vertex 55.4717 13.0804 48.4
    endloop
  endfacet
  facet normal -0.0626334 -0.998037 -0
    outer loop
      vertex 55.6422 13.0697 48.4
      vertex 55.4717 13.0804 48
      vertex 55.6422 13.0697 48
    endloop
  endfacet
  facet normal -0.0386479 -0.999253 0
    outer loop
      vertex 55.2752 13.088 48
      vertex 55.4717 13.0804 48.4
      vertex 55.2752 13.088 48.4
    endloop
  endfacet
  facet normal -0.0386479 -0.999253 -0
    outer loop
      vertex 55.4717 13.0804 48.4
      vertex 55.2752 13.088 48
      vertex 55.4717 13.0804 48
    endloop
  endfacet
  facet normal -0.0206697 -0.999786 0
    outer loop
      vertex 55.0527 13.0926 48
      vertex 55.2752 13.088 48.4
      vertex 55.0527 13.0926 48.4
    endloop
  endfacet
  facet normal -0.0206697 -0.999786 -0
    outer loop
      vertex 55.2752 13.088 48.4
      vertex 55.0527 13.0926 48
      vertex 55.2752 13.088 48
    endloop
  endfacet
  facet normal -0.00603368 -0.999982 0
    outer loop
      vertex 54.8041 13.0941 48
      vertex 55.0527 13.0926 48.4
      vertex 54.8041 13.0941 48.4
    endloop
  endfacet
  facet normal -0.00603368 -0.999982 -0
    outer loop
      vertex 55.0527 13.0926 48.4
      vertex 54.8041 13.0941 48
      vertex 55.0527 13.0926 48
    endloop
  endfacet
  facet normal 0 -1 0
    outer loop
      vertex 53.1936 13.0941 48
      vertex 54.8041 13.0941 48.4
      vertex 53.1936 13.0941 48.4
    endloop
  endfacet
  facet normal 0 -1 -0
    outer loop
      vertex 54.8041 13.0941 48.4
      vertex 53.1936 13.0941 48
      vertex 54.8041 13.0941 48
    endloop
  endfacet
  facet normal 1 -0 0
    outer loop
      vertex 53.1936 8.12344 48.4
      vertex 53.1936 13.0941 48
      vertex 53.1936 13.0941 48.4
    endloop
  endfacet
  facet normal 1 0 0
    outer loop
      vertex 53.1936 13.0941 48
      vertex 53.1936 8.12344 48.4
      vertex 53.1936 8.12344 48
    endloop
  endfacet
  facet normal 0 1 -0
    outer loop
      vertex 54.1972 8.12344 48
      vertex 53.1936 8.12344 48.4
      vertex 54.1972 8.12344 48.4
    endloop
  endfacet
  facet normal 0 1 0
    outer loop
      vertex 53.1936 8.12344 48.4
      vertex 54.1972 8.12344 48
      vertex 53.1936 8.12344 48
    endloop
  endfacet
  facet normal -1 0 0
    outer loop
      vertex 54.1972 8.12344 48
      vertex 54.1972 9.99844 48.4
      vertex 54.1972 9.99844 48
    endloop
  endfacet
  facet normal -1 -0 0
    outer loop
      vertex 54.1972 9.99844 48.4
      vertex 54.1972 8.12344 48
      vertex 54.1972 8.12344 48.4
    endloop
  endfacet
  facet normal -1 0 0
    outer loop
      vertex 54.1972 10.8427 48
      vertex 54.1972 12.2532 48.4
      vertex 54.1972 12.2532 48
    endloop
  endfacet
  facet normal -1 -0 0
    outer loop
      vertex 54.1972 12.2532 48.4
      vertex 54.1972 10.8427 48
      vertex 54.1972 10.8427 48.4
    endloop
  endfacet
  facet normal 0 1 -0
    outer loop
      vertex 54.6821 12.2532 48
      vertex 54.1972 12.2532 48.4
      vertex 54.6821 12.2532 48.4
    endloop
  endfacet
  facet normal 0 1 0
    outer loop
      vertex 54.1972 12.2532 48.4
      vertex 54.6821 12.2532 48
      vertex 54.1972 12.2532 48
    endloop
  endfacet
  facet normal 0.00474249 0.999989 -0
    outer loop
      vertex 54.8297 12.2525 48
      vertex 54.6821 12.2532 48.4
      vertex 54.8297 12.2525 48.4
    endloop
  endfacet
  facet normal 0.00474249 0.999989 0
    outer loop
      vertex 54.6821 12.2532 48.4
      vertex 54.8297 12.2525 48
      vertex 54.6821 12.2532 48
    endloop
  endfacet
  facet normal 0.0150699 0.999886 -0
    outer loop
      vertex 54.9624 12.2505 48
      vertex 54.8297 12.2525 48.4
      vertex 54.9624 12.2505 48.4
    endloop
  endfacet
  facet normal 0.0150699 0.999886 0
    outer loop
      vertex 54.8297 12.2525 48.4
      vertex 54.9624 12.2505 48
      vertex 54.8297 12.2525 48
    endloop
  endfacet
  facet normal 0.029648 0.99956 -0
    outer loop
      vertex 55.0804 12.247 48
      vertex 54.9624 12.2505 48.4
      vertex 55.0804 12.247 48.4
    endloop
  endfacet
  facet normal 0.029648 0.99956 0
    outer loop
      vertex 54.9624 12.2505 48.4
      vertex 55.0804 12.247 48
      vertex 54.9624 12.2505 48
    endloop
  endfacet
  facet normal 0.0464614 0.99892 -0
    outer loop
      vertex 55.1836 12.2422 48
      vertex 55.0804 12.247 48.4
      vertex 55.1836 12.2422 48.4
    endloop
  endfacet
  facet normal 0.0464614 0.99892 0
    outer loop
      vertex 55.0804 12.247 48.4
      vertex 55.1836 12.2422 48
      vertex 55.0804 12.247 48
    endloop
  endfacet
  facet normal 0.0710867 0.99747 -0
    outer loop
      vertex 55.272 12.2359 48
      vertex 55.1836 12.2422 48.4
      vertex 55.272 12.2359 48.4
    endloop
  endfacet
  facet normal 0.0710867 0.99747 0
    outer loop
      vertex 55.1836 12.2422 48.4
      vertex 55.272 12.2359 48
      vertex 55.1836 12.2422 48
    endloop
  endfacet
  facet normal 0.102853 0.994697 -0
    outer loop
      vertex 55.3455 12.2283 48
      vertex 55.272 12.2359 48.4
      vertex 55.3455 12.2283 48.4
    endloop
  endfacet
  facet normal 0.102853 0.994697 0
    outer loop
      vertex 55.272 12.2359 48.4
      vertex 55.3455 12.2283 48
      vertex 55.272 12.2359 48
    endloop
  endfacet
  facet normal 0.151299 0.988488 -0
    outer loop
      vertex 55.4043 12.2193 48
      vertex 55.3455 12.2283 48.4
      vertex 55.4043 12.2193 48.4
    endloop
  endfacet
  facet normal 0.151299 0.988488 0
    outer loop
      vertex 55.3455 12.2283 48.4
      vertex 55.4043 12.2193 48
      vertex 55.3455 12.2283 48
    endloop
  endfacet
  facet normal 0.219512 0.97561 -0
    outer loop
      vertex 55.4723 12.204 48
      vertex 55.4043 12.2193 48.4
      vertex 55.4723 12.204 48.4
    endloop
  endfacet
  facet normal 0.219512 0.97561 0
    outer loop
      vertex 55.4043 12.2193 48.4
      vertex 55.4723 12.204 48
      vertex 55.4043 12.2193 48
    endloop
  endfacet
  facet normal 0.305579 0.952167 -0
    outer loop
      vertex 55.5368 12.1833 48
      vertex 55.4723 12.204 48.4
      vertex 55.5368 12.1833 48.4
    endloop
  endfacet
  facet normal 0.305579 0.952167 0
    outer loop
      vertex 55.4723 12.204 48.4
      vertex 55.5368 12.1833 48
      vertex 55.4723 12.204 48
    endloop
  endfacet
  facet normal 0.392829 0.919611 -0
    outer loop
      vertex 55.5979 12.1572 48
      vertex 55.5368 12.1833 48.4
      vertex 55.5979 12.1572 48.4
    endloop
  endfacet
  facet normal 0.392829 0.919611 0
    outer loop
      vertex 55.5368 12.1833 48.4
      vertex 55.5979 12.1572 48
      vertex 55.5368 12.1833 48
    endloop
  endfacet
  facet normal 0.479172 0.877721 -0
    outer loop
      vertex 55.6556 12.1257 48
      vertex 55.5979 12.1572 48.4
      vertex 55.6556 12.1257 48.4
    endloop
  endfacet
  facet normal 0.479172 0.877721 0
    outer loop
      vertex 55.5979 12.1572 48.4
      vertex 55.6556 12.1257 48
      vertex 55.5979 12.1572 48
    endloop
  endfacet
  facet normal 0.563479 0.82613 -0
    outer loop
      vertex 55.7097 12.0888 48
      vertex 55.6556 12.1257 48.4
      vertex 55.7097 12.0888 48.4
    endloop
  endfacet
  facet normal 0.563479 0.82613 0
    outer loop
      vertex 55.6556 12.1257 48.4
      vertex 55.7097 12.0888 48
      vertex 55.6556 12.1257 48
    endloop
  endfacet
  facet normal 0.638992 0.769213 -0
    outer loop
      vertex 55.7605 12.0466 48
      vertex 55.7097 12.0888 48.4
      vertex 55.7605 12.0466 48.4
    endloop
  endfacet
  facet normal 0.638992 0.769213 0
    outer loop
      vertex 55.7097 12.0888 48.4
      vertex 55.7605 12.0466 48
      vertex 55.7097 12.0888 48
    endloop
  endfacet
  facet normal 0.710822 0.703371 0
    outer loop
      vertex 55.8077 11.9989 48.4
      vertex 55.7605 12.0466 48
      vertex 55.7605 12.0466 48.4
    endloop
  endfacet
  facet normal 0.710822 0.703371 0
    outer loop
      vertex 55.7605 12.0466 48
      vertex 55.8077 11.9989 48.4
      vertex 55.8077 11.9989 48
    endloop
  endfacet
  facet normal 0.777522 0.628856 0
    outer loop
      vertex 55.85 11.9466 48.4
      vertex 55.8077 11.9989 48
      vertex 55.8077 11.9989 48.4
    endloop
  endfacet
  facet normal 0.777522 0.628856 0
    outer loop
      vertex 55.8077 11.9989 48
      vertex 55.85 11.9466 48.4
      vertex 55.85 11.9466 48
    endloop
  endfacet
  facet normal 0.843414 0.537264 0
    outer loop
      vertex 55.8858 11.8904 48.4
      vertex 55.85 11.9466 48
      vertex 55.85 11.9466 48.4
    endloop
  endfacet
  facet normal 0.843414 0.537264 0
    outer loop
      vertex 55.85 11.9466 48
      vertex 55.8858 11.8904 48.4
      vertex 55.8858 11.8904 48
    endloop
  endfacet
  facet normal 0.898869 0.438217 0
    outer loop
      vertex 55.9151 11.8303 48.4
      vertex 55.8858 11.8904 48
      vertex 55.8858 11.8904 48.4
    endloop
  endfacet
  facet normal 0.898869 0.438217 0
    outer loop
      vertex 55.8858 11.8904 48
      vertex 55.9151 11.8303 48.4
      vertex 55.9151 11.8303 48
    endloop
  endfacet
  facet normal 0.942308 0.334748 0
    outer loop
      vertex 55.9378 11.7664 48.4
      vertex 55.9151 11.8303 48
      vertex 55.9151 11.8303 48.4
    endloop
  endfacet
  facet normal 0.942308 0.334748 0
    outer loop
      vertex 55.9151 11.8303 48
      vertex 55.9378 11.7664 48.4
      vertex 55.9378 11.7664 48
    endloop
  endfacet
  facet normal 0.972296 0.233753 0
    outer loop
      vertex 55.9541 11.6986 48.4
      vertex 55.9378 11.7664 48
      vertex 55.9378 11.7664 48.4
    endloop
  endfacet
  facet normal 0.972296 0.233753 0
    outer loop
      vertex 55.9378 11.7664 48
      vertex 55.9541 11.6986 48.4
      vertex 55.9541 11.6986 48
    endloop
  endfacet
  facet normal 0.990788 0.135422 0
    outer loop
      vertex 55.9639 11.6269 48.4
      vertex 55.9541 11.6986 48
      vertex 55.9541 11.6986 48.4
    endloop
  endfacet
  facet normal 0.990788 0.135422 0
    outer loop
      vertex 55.9541 11.6986 48
      vertex 55.9639 11.6269 48.4
      vertex 55.9639 11.6269 48
    endloop
  endfacet
  facet normal 0.999105 0.0422902 0
    outer loop
      vertex 55.9671 11.5513 48.4
      vertex 55.9639 11.6269 48
      vertex 55.9639 11.6269 48.4
    endloop
  endfacet
  facet normal 0.999105 0.0422902 0
    outer loop
      vertex 55.9639 11.6269 48
      vertex 55.9671 11.5513 48.4
      vertex 55.9671 11.5513 48
    endloop
  endfacet
  facet normal 0.999308 -0.0371911 0
    outer loop
      vertex 55.9648 11.4895 48.4
      vertex 55.9671 11.5513 48
      vertex 55.9671 11.5513 48.4
    endloop
  endfacet
  facet normal 0.999308 -0.0371911 0
    outer loop
      vertex 55.9671 11.5513 48
      vertex 55.9648 11.4895 48.4
      vertex 55.9648 11.4895 48
    endloop
  endfacet
  facet normal 0.993196 -0.116455 0
    outer loop
      vertex 55.9578 11.4298 48.4
      vertex 55.9648 11.4895 48
      vertex 55.9648 11.4895 48.4
    endloop
  endfacet
  facet normal 0.993196 -0.116455 0
    outer loop
      vertex 55.9648 11.4895 48
      vertex 55.9578 11.4298 48.4
      vertex 55.9578 11.4298 48
    endloop
  endfacet
  facet normal 0.980515 -0.196445 0
    outer loop
      vertex 55.9463 11.3724 48.4
      vertex 55.9578 11.4298 48
      vertex 55.9578 11.4298 48.4
    endloop
  endfacet
  facet normal 0.980515 -0.196445 0
    outer loop
      vertex 55.9578 11.4298 48
      vertex 55.9463 11.3724 48.4
      vertex 55.9463 11.3724 48
    endloop
  endfacet
  facet normal 0.959061 -0.283201 0
    outer loop
      vertex 55.93 11.3172 48.4
      vertex 55.9463 11.3724 48
      vertex 55.9463 11.3724 48.4
    endloop
  endfacet
  facet normal 0.959061 -0.283201 0
    outer loop
      vertex 55.9463 11.3724 48
      vertex 55.93 11.3172 48.4
      vertex 55.93 11.3172 48
    endloop
  endfacet
  facet normal 0.93088 -0.365326 0
    outer loop
      vertex 55.9092 11.2642 48.4
      vertex 55.93 11.3172 48
      vertex 55.93 11.3172 48.4
    endloop
  endfacet
  facet normal 0.93088 -0.365326 0
    outer loop
      vertex 55.93 11.3172 48
      vertex 55.9092 11.2642 48.4
      vertex 55.9092 11.2642 48
    endloop
  endfacet
  facet normal 0.893016 -0.450024 0
    outer loop
      vertex 55.8836 11.2134 48.4
      vertex 55.9092 11.2642 48
      vertex 55.9092 11.2642 48.4
    endloop
  endfacet
  facet normal 0.893016 -0.450024 0
    outer loop
      vertex 55.9092 11.2642 48
      vertex 55.8836 11.2134 48.4
      vertex 55.8836 11.2134 48
    endloop
  endfacet
  facet normal 0.850153 -0.526535 0
    outer loop
      vertex 55.8535 11.1648 48.4
      vertex 55.8836 11.2134 48
      vertex 55.8836 11.2134 48.4
    endloop
  endfacet
  facet normal 0.850153 -0.526535 0
    outer loop
      vertex 55.8836 11.2134 48
      vertex 55.8535 11.1648 48.4
      vertex 55.8535 11.1648 48
    endloop
  endfacet
  facet normal 0.8 -0.6 0
    outer loop
      vertex 55.8193 11.1192 48.4
      vertex 55.8535 11.1648 48
      vertex 55.8535 11.1648 48.4
    endloop
  endfacet
  facet normal 0.8 -0.6 0
    outer loop
      vertex 55.8535 11.1648 48
      vertex 55.8193 11.1192 48.4
      vertex 55.8193 11.1192 48
    endloop
  endfacet
  facet normal 0.744085 -0.668085 0
    outer loop
      vertex 55.7815 11.0771 48.4
      vertex 55.8193 11.1192 48
      vertex 55.8193 11.1192 48.4
    endloop
  endfacet
  facet normal 0.744085 -0.668085 0
    outer loop
      vertex 55.8193 11.1192 48
      vertex 55.7815 11.0771 48.4
      vertex 55.7815 11.0771 48
    endloop
  endfacet
  facet normal 0.68276 -0.730642 0
    outer loop
      vertex 55.7403 11.0386 48
      vertex 55.7815 11.0771 48.4
      vertex 55.7403 11.0386 48.4
    endloop
  endfacet
  facet normal 0.68276 -0.730642 0
    outer loop
      vertex 55.7815 11.0771 48.4
      vertex 55.7403 11.0386 48
      vertex 55.7815 11.0771 48
    endloop
  endfacet
  facet normal 0.61455 -0.788878 0
    outer loop
      vertex 55.6955 11.0037 48
      vertex 55.7403 11.0386 48.4
      vertex 55.6955 11.0037 48.4
    endloop
  endfacet
  facet normal 0.61455 -0.788878 0
    outer loop
      vertex 55.7403 11.0386 48.4
      vertex 55.6955 11.0037 48
      vertex 55.7403 11.0386 48
    endloop
  endfacet
  facet normal 0.54181 -0.840501 0
    outer loop
      vertex 55.6471 10.9725 48
      vertex 55.6955 11.0037 48.4
      vertex 55.6471 10.9725 48.4
    endloop
  endfacet
  facet normal 0.54181 -0.840501 0
    outer loop
      vertex 55.6955 11.0037 48.4
      vertex 55.6471 10.9725 48
      vertex 55.6955 11.0037 48
    endloop
  endfacet
  facet normal 0.47156 -0.881834 0
    outer loop
      vertex 55.5953 10.9448 48
      vertex 55.6471 10.9725 48.4
      vertex 55.5953 10.9448 48.4
    endloop
  endfacet
  facet normal 0.47156 -0.881834 0
    outer loop
      vertex 55.6471 10.9725 48.4
      vertex 55.5953 10.9448 48
      vertex 55.6471 10.9725 48
    endloop
  endfacet
  facet normal 0.398908 -0.916991 0
    outer loop
      vertex 55.5399 10.9207 48
      vertex 55.5953 10.9448 48.4
      vertex 55.5399 10.9207 48.4
    endloop
  endfacet
  facet normal 0.398908 -0.916991 0
    outer loop
      vertex 55.5953 10.9448 48.4
      vertex 55.5399 10.9207 48
      vertex 55.5953 10.9448 48
    endloop
  endfacet
  facet normal 0.3026 -0.953118 0
    outer loop
      vertex 55.4747 10.9 48
      vertex 55.5399 10.9207 48.4
      vertex 55.4747 10.9 48.4
    endloop
  endfacet
  facet normal 0.3026 -0.953118 0
    outer loop
      vertex 55.5399 10.9207 48.4
      vertex 55.4747 10.9 48
      vertex 55.5399 10.9207 48
    endloop
  endfacet
  facet normal 0.210432 -0.977608 0
    outer loop
      vertex 55.3934 10.8825 48
      vertex 55.4747 10.9 48.4
      vertex 55.3934 10.8825 48.4
    endloop
  endfacet
  facet normal 0.210432 -0.977608 0
    outer loop
      vertex 55.4747 10.9 48.4
      vertex 55.3934 10.8825 48
      vertex 55.4747 10.9 48
    endloop
  endfacet
  facet normal 0.145553 -0.989351 0
    outer loop
      vertex 55.2962 10.8682 48
      vertex 55.3934 10.8825 48.4
      vertex 55.2962 10.8682 48.4
    endloop
  endfacet
  facet normal 0.145553 -0.989351 0
    outer loop
      vertex 55.3934 10.8825 48.4
      vertex 55.2962 10.8682 48
      vertex 55.3934 10.8825 48
    endloop
  endfacet
  facet normal 0.097418 -0.995244 0
    outer loop
      vertex 55.1828 10.8571 48
      vertex 55.2962 10.8682 48.4
      vertex 55.1828 10.8571 48.4
    endloop
  endfacet
  facet normal 0.097418 -0.995244 0
    outer loop
      vertex 55.2962 10.8682 48.4
      vertex 55.1828 10.8571 48
      vertex 55.2962 10.8682 48
    endloop
  endfacet
  facet normal 0.061706 -0.998094 0
    outer loop
      vertex 55.0534 10.8491 48
      vertex 55.1828 10.8571 48.4
      vertex 55.0534 10.8491 48.4
    endloop
  endfacet
  facet normal 0.061706 -0.998094 0
    outer loop
      vertex 55.1828 10.8571 48.4
      vertex 55.0534 10.8491 48
      vertex 55.1828 10.8571 48
    endloop
  endfacet
  facet normal 0.0329944 -0.999456 0
    outer loop
      vertex 54.908 10.8443 48
      vertex 55.0534 10.8491 48.4
      vertex 54.908 10.8443 48.4
    endloop
  endfacet
  facet normal 0.0329944 -0.999456 0
    outer loop
      vertex 55.0534 10.8491 48.4
      vertex 54.908 10.8443 48
      vertex 55.0534 10.8491 48
    endloop
  endfacet
  facet normal 0.00990663 -0.999951 0
    outer loop
      vertex 54.7465 10.8427 48
      vertex 54.908 10.8443 48.4
      vertex 54.7465 10.8427 48.4
    endloop
  endfacet
  facet normal 0.00990663 -0.999951 0
    outer loop
      vertex 54.908 10.8443 48.4
      vertex 54.7465 10.8427 48
      vertex 54.908 10.8443 48
    endloop
  endfacet
  facet normal 0 -1 0
    outer loop
      vertex 54.1972 10.8427 48
      vertex 54.7465 10.8427 48.4
      vertex 54.1972 10.8427 48.4
    endloop
  endfacet
  facet normal 0 -1 -0
    outer loop
      vertex 54.7465 10.8427 48.4
      vertex 54.1972 10.8427 48
      vertex 54.7465 10.8427 48
    endloop
  endfacet
  facet normal 0 1 -0
    outer loop
      vertex 58.9273 10.1985 48
      vertex 58.7239 10.1985 48.4
      vertex 58.9273 10.1985 48.4
    endloop
  endfacet
  facet normal 0 1 0
    outer loop
      vertex 58.7239 10.1985 48.4
      vertex 58.9273 10.1985 48
      vertex 58.7239 10.1985 48
    endloop
  endfacet
  facet normal 0.011566 0.999933 -0
    outer loop
      vertex 59.0224 10.1974 48
      vertex 58.9273 10.1985 48.4
      vertex 59.0224 10.1974 48.4
    endloop
  endfacet
  facet normal 0.011566 0.999933 0
    outer loop
      vertex 58.9273 10.1985 48.4
      vertex 59.0224 10.1974 48
      vertex 58.9273 10.1985 48
    endloop
  endfacet
  facet normal 0.0400595 0.999197 -0
    outer loop
      vertex 59.1097 10.1939 48
      vertex 59.0224 10.1974 48.4
      vertex 59.1097 10.1939 48.4
    endloop
  endfacet
  facet normal 0.0400595 0.999197 0
    outer loop
      vertex 59.0224 10.1974 48.4
      vertex 59.1097 10.1939 48
      vertex 59.0224 10.1974 48
    endloop
  endfacet
  facet normal 0.071247 0.997459 -0
    outer loop
      vertex 59.1895 10.1882 48
      vertex 59.1097 10.1939 48.4
      vertex 59.1895 10.1882 48.4
    endloop
  endfacet
  facet normal 0.071247 0.997459 0
    outer loop
      vertex 59.1097 10.1939 48.4
      vertex 59.1895 10.1882 48
      vertex 59.1097 10.1939 48
    endloop
  endfacet
  facet normal 0.110129 0.993917 -0
    outer loop
      vertex 59.2617 10.1802 48
      vertex 59.1895 10.1882 48.4
      vertex 59.2617 10.1802 48.4
    endloop
  endfacet
  facet normal 0.110129 0.993917 0
    outer loop
      vertex 59.1895 10.1882 48.4
      vertex 59.2617 10.1802 48
      vertex 59.1895 10.1882 48
    endloop
  endfacet
  facet normal 0.157454 0.987526 -0
    outer loop
      vertex 59.3263 10.1699 48
      vertex 59.2617 10.1802 48.4
      vertex 59.3263 10.1699 48.4
    endloop
  endfacet
  facet normal 0.157454 0.987526 0
    outer loop
      vertex 59.2617 10.1802 48.4
      vertex 59.3263 10.1699 48
      vertex 59.2617 10.1802 48
    endloop
  endfacet
  facet normal 0.214567 0.976709 -0
    outer loop
      vertex 59.3832 10.1574 48
      vertex 59.3263 10.1699 48.4
      vertex 59.3832 10.1574 48.4
    endloop
  endfacet
  facet normal 0.214567 0.976709 0
    outer loop
      vertex 59.3263 10.1699 48.4
      vertex 59.3832 10.1574 48
      vertex 59.3263 10.1699 48
    endloop
  endfacet
  facet normal 0.289307 0.957236 -0
    outer loop
      vertex 59.4325 10.1425 48
      vertex 59.3832 10.1574 48.4
      vertex 59.4325 10.1425 48.4
    endloop
  endfacet
  facet normal 0.289307 0.957236 0
    outer loop
      vertex 59.3832 10.1574 48.4
      vertex 59.4325 10.1425 48
      vertex 59.3832 10.1574 48
    endloop
  endfacet
  facet normal 0.368197 0.929748 -0
    outer loop
      vertex 59.4777 10.1246 48
      vertex 59.4325 10.1425 48.4
      vertex 59.4777 10.1246 48.4
    endloop
  endfacet
  facet normal 0.368197 0.929748 0
    outer loop
      vertex 59.4325 10.1425 48.4
      vertex 59.4777 10.1246 48
      vertex 59.4325 10.1425 48
    endloop
  endfacet
  facet normal 0.439934 0.89803 -0
    outer loop
      vertex 59.5222 10.1028 48
      vertex 59.4777 10.1246 48.4
      vertex 59.5222 10.1028 48.4
    endloop
  endfacet
  facet normal 0.439934 0.89803 0
    outer loop
      vertex 59.4777 10.1246 48.4
      vertex 59.5222 10.1028 48
      vertex 59.4777 10.1246 48
    endloop
  endfacet
  facet normal 0.506073 0.862491 -0
    outer loop
      vertex 59.566 10.0771 48
      vertex 59.5222 10.1028 48.4
      vertex 59.566 10.0771 48.4
    endloop
  endfacet
  facet normal 0.506073 0.862491 0
    outer loop
      vertex 59.5222 10.1028 48.4
      vertex 59.566 10.0771 48
      vertex 59.5222 10.1028 48
    endloop
  endfacet
  facet normal 0.564821 0.825213 -0
    outer loop
      vertex 59.6091 10.0476 48
      vertex 59.566 10.0771 48.4
      vertex 59.6091 10.0476 48.4
    endloop
  endfacet
  facet normal 0.564821 0.825213 0
    outer loop
      vertex 59.566 10.0771 48.4
      vertex 59.6091 10.0476 48
      vertex 59.566 10.0771 48
    endloop
  endfacet
  facet normal 0.618803 0.785546 -0
    outer loop
      vertex 59.6515 10.0142 48
      vertex 59.6091 10.0476 48.4
      vertex 59.6515 10.0142 48.4
    endloop
  endfacet
  facet normal 0.618803 0.785546 0
    outer loop
      vertex 59.6091 10.0476 48.4
      vertex 59.6515 10.0142 48
      vertex 59.6091 10.0476 48
    endloop
  endfacet
  facet normal 0.6662 0.745773 -0
    outer loop
      vertex 59.6933 9.97686 48
      vertex 59.6515 10.0142 48.4
      vertex 59.6933 9.97686 48.4
    endloop
  endfacet
  facet normal 0.6662 0.745773 0
    outer loop
      vertex 59.6515 10.0142 48.4
      vertex 59.6933 9.97686 48
      vertex 59.6515 10.0142 48
    endloop
  endfacet
  facet normal 0.708482 0.705728 0
    outer loop
      vertex 59.7343 9.9357 48.4
      vertex 59.6933 9.97686 48
      vertex 59.6933 9.97686 48.4
    endloop
  endfacet
  facet normal 0.708482 0.705728 0
    outer loop
      vertex 59.6933 9.97686 48
      vertex 59.7343 9.9357 48.4
      vertex 59.7343 9.9357 48
    endloop
  endfacet
  facet normal 0.750197 0.661215 0
    outer loop
      vertex 59.78 9.88385 48.4
      vertex 59.7343 9.9357 48
      vertex 59.7343 9.9357 48.4
    endloop
  endfacet
  facet normal 0.750197 0.661215 0
    outer loop
      vertex 59.7343 9.9357 48
      vertex 59.78 9.88385 48.4
      vertex 59.78 9.88385 48
    endloop
  endfacet
  facet normal 0.780298 0.625408 0
    outer loop
      vertex 59.8356 9.81448 48.4
      vertex 59.78 9.88385 48
      vertex 59.78 9.88385 48.4
    endloop
  endfacet
  facet normal 0.780298 0.625408 0
    outer loop
      vertex 59.78 9.88385 48
      vertex 59.8356 9.81448 48.4
      vertex 59.8356 9.81448 48
    endloop
  endfacet
  facet normal 0.798022 0.602628 0
    outer loop
      vertex 59.9012 9.72761 48.4
      vertex 59.8356 9.81448 48
      vertex 59.8356 9.81448 48.4
    endloop
  endfacet
  facet normal 0.798022 0.602628 0
    outer loop
      vertex 59.8356 9.81448 48
      vertex 59.9012 9.72761 48.4
      vertex 59.9012 9.72761 48
    endloop
  endfacet
  facet normal 0.809889 0.586584 0
    outer loop
      vertex 59.9768 9.62323 48.4
      vertex 59.9012 9.72761 48
      vertex 59.9012 9.72761 48.4
    endloop
  endfacet
  facet normal 0.809889 0.586584 0
    outer loop
      vertex 59.9012 9.72761 48
      vertex 59.9768 9.62323 48.4
      vertex 59.9768 9.62323 48
    endloop
  endfacet
  facet normal 0.818673 0.57426 0
    outer loop
      vertex 60.0623 9.50134 48.4
      vertex 59.9768 9.62323 48
      vertex 59.9768 9.62323 48.4
    endloop
  endfacet
  facet normal 0.818673 0.57426 0
    outer loop
      vertex 59.9768 9.62323 48
      vertex 60.0623 9.50134 48.4
      vertex 60.0623 9.50134 48
    endloop
  endfacet
  facet normal 0.824954 0.565199 0
    outer loop
      vertex 60.1578 9.36195 48.4
      vertex 60.0623 9.50134 48
      vertex 60.0623 9.50134 48.4
    endloop
  endfacet
  facet normal 0.824954 0.565199 0
    outer loop
      vertex 60.0623 9.50134 48
      vertex 60.1578 9.36195 48.4
      vertex 60.1578 9.36195 48
    endloop
  endfacet
  facet normal 0.830108 0.557602 0
    outer loop
      vertex 60.2632 9.20504 48.4
      vertex 60.1578 9.36195 48
      vertex 60.1578 9.36195 48.4
    endloop
  endfacet
  facet normal 0.830108 0.557602 0
    outer loop
      vertex 60.1578 9.36195 48
      vertex 60.2632 9.20504 48.4
      vertex 60.2632 9.20504 48
    endloop
  endfacet
  facet normal 0.83044 0.557108 0
    outer loop
      vertex 60.9888 8.12344 48.4
      vertex 60.2632 9.20504 48
      vertex 60.2632 9.20504 48.4
    endloop
  endfacet
  facet normal 0.83044 0.557108 0
    outer loop
      vertex 60.2632 9.20504 48
      vertex 60.9888 8.12344 48.4
      vertex 60.9888 8.12344 48
    endloop
  endfacet
  facet normal 0 1 -0
    outer loop
      vertex 62.1891 8.12344 48
      vertex 60.9888 8.12344 48.4
      vertex 62.1891 8.12344 48.4
    endloop
  endfacet
  facet normal 0 1 0
    outer loop
      vertex 60.9888 8.12344 48.4
      vertex 62.1891 8.12344 48
      vertex 60.9888 8.12344 48
    endloop
  endfacet
  facet normal -0.847672 -0.530521 0
    outer loop
      vertex 62.1891 8.12344 48
      vertex 61.5822 9.09315 48.4
      vertex 61.5822 9.09315 48
    endloop
  endfacet
  facet normal -0.847672 -0.530521 0
    outer loop
      vertex 61.5822 9.09315 48.4
      vertex 62.1891 8.12344 48
      vertex 62.1891 8.12344 48.4
    endloop
  endfacet
  facet normal -0.846389 -0.532565 0
    outer loop
      vertex 61.5822 9.09315 48
      vertex 61.4825 9.2516 48.4
      vertex 61.4825 9.2516 48
    endloop
  endfacet
  facet normal -0.846389 -0.532565 0
    outer loop
      vertex 61.4825 9.2516 48.4
      vertex 61.5822 9.09315 48
      vertex 61.5822 9.09315 48.4
    endloop
  endfacet
  facet normal -0.838299 -0.545211 0
    outer loop
      vertex 61.4825 9.2516 48
      vertex 61.3888 9.39567 48.4
      vertex 61.3888 9.39567 48
    endloop
  endfacet
  facet normal -0.838299 -0.545211 0
    outer loop
      vertex 61.3888 9.39567 48.4
      vertex 61.4825 9.2516 48
      vertex 61.4825 9.2516 48.4
    endloop
  endfacet
  facet normal -0.828633 -0.559792 0
    outer loop
      vertex 61.3888 9.39567 48
      vertex 61.3012 9.52534 48.4
      vertex 61.3012 9.52534 48
    endloop
  endfacet
  facet normal -0.828633 -0.559792 0
    outer loop
      vertex 61.3012 9.52534 48.4
      vertex 61.3888 9.39567 48
      vertex 61.3888 9.39567 48.4
    endloop
  endfacet
  facet normal -0.816214 -0.57775 0
    outer loop
      vertex 61.3012 9.52534 48
      vertex 61.2196 9.64062 48.4
      vertex 61.2196 9.64062 48
    endloop
  endfacet
  facet normal -0.816214 -0.57775 0
    outer loop
      vertex 61.2196 9.64062 48.4
      vertex 61.3012 9.52534 48
      vertex 61.3012 9.52534 48.4
    endloop
  endfacet
  facet normal -0.800257 -0.599657 0
    outer loop
      vertex 61.2196 9.64062 48
      vertex 61.144 9.74151 48.4
      vertex 61.144 9.74151 48
    endloop
  endfacet
  facet normal -0.800257 -0.599657 0
    outer loop
      vertex 61.144 9.74151 48.4
      vertex 61.2196 9.64062 48
      vertex 61.2196 9.64062 48.4
    endloop
  endfacet
  facet normal -0.779073 -0.626933 0
    outer loop
      vertex 61.144 9.74151 48
      vertex 61.0744 9.828 48.4
      vertex 61.0744 9.828 48
    endloop
  endfacet
  facet normal -0.779073 -0.626933 0
    outer loop
      vertex 61.0744 9.828 48.4
      vertex 61.144 9.74151 48
      vertex 61.144 9.74151 48.4
    endloop
  endfacet
  facet normal -0.750445 -0.660933 0
    outer loop
      vertex 61.0744 9.828 48
      vertex 61.0109 9.9001 48.4
      vertex 61.0109 9.9001 48
    endloop
  endfacet
  facet normal -0.750445 -0.660933 0
    outer loop
      vertex 61.0109 9.9001 48.4
      vertex 61.0744 9.828 48
      vertex 61.0744 9.828 48.4
    endloop
  endfacet
  facet normal -0.713975 -0.700172 0
    outer loop
      vertex 61.0109 9.9001 48
      vertex 60.948 9.96424 48.4
      vertex 60.948 9.96424 48
    endloop
  endfacet
  facet normal -0.713975 -0.700172 0
    outer loop
      vertex 60.948 9.96424 48.4
      vertex 61.0109 9.9001 48
      vertex 61.0109 9.9001 48.4
    endloop
  endfacet
  facet normal -0.680343 -0.732894 0
    outer loop
      vertex 60.8805 10.0269 48
      vertex 60.948 9.96424 48.4
      vertex 60.8805 10.0269 48.4
    endloop
  endfacet
  facet normal -0.680343 -0.732894 -0
    outer loop
      vertex 60.948 9.96424 48.4
      vertex 60.8805 10.0269 48
      vertex 60.948 9.96424 48
    endloop
  endfacet
  facet normal -0.646511 -0.762904 0
    outer loop
      vertex 60.8084 10.088 48
      vertex 60.8805 10.0269 48.4
      vertex 60.8084 10.088 48.4
    endloop
  endfacet
  facet normal -0.646511 -0.762904 -0
    outer loop
      vertex 60.8805 10.0269 48.4
      vertex 60.8084 10.088 48
      vertex 60.8805 10.0269 48
    endloop
  endfacet
  facet normal -0.613086 -0.790016 0
    outer loop
      vertex 60.7316 10.1476 48
      vertex 60.8084 10.088 48.4
      vertex 60.7316 10.1476 48.4
    endloop
  endfacet
  facet normal -0.613086 -0.790016 -0
    outer loop
      vertex 60.8084 10.088 48.4
      vertex 60.7316 10.1476 48
      vertex 60.8084 10.088 48
    endloop
  endfacet
  facet normal -0.580291 -0.814409 0
    outer loop
      vertex 60.6502 10.2056 48
      vertex 60.7316 10.1476 48.4
      vertex 60.6502 10.2056 48.4
    endloop
  endfacet
  facet normal -0.580291 -0.814409 -0
    outer loop
      vertex 60.7316 10.1476 48.4
      vertex 60.6502 10.2056 48
      vertex 60.7316 10.1476 48
    endloop
  endfacet
  facet normal -0.549759 -0.835323 0
    outer loop
      vertex 60.5642 10.2622 48
      vertex 60.6502 10.2056 48.4
      vertex 60.5642 10.2622 48.4
    endloop
  endfacet
  facet normal -0.549759 -0.835323 -0
    outer loop
      vertex 60.6502 10.2056 48.4
      vertex 60.5642 10.2622 48
      vertex 60.6502 10.2056 48
    endloop
  endfacet
  facet normal -0.518511 -0.855071 0
    outer loop
      vertex 60.4735 10.3172 48
      vertex 60.5642 10.2622 48.4
      vertex 60.4735 10.3172 48.4
    endloop
  endfacet
  facet normal -0.518511 -0.855071 -0
    outer loop
      vertex 60.5642 10.2622 48.4
      vertex 60.4735 10.3172 48
      vertex 60.5642 10.2622 48
    endloop
  endfacet
  facet normal -0.177925 0.984044 0
    outer loop
      vertex 60.6538 10.3498 48
      vertex 60.4735 10.3172 48.4
      vertex 60.6538 10.3498 48.4
    endloop
  endfacet
  facet normal -0.177925 0.984044 0
    outer loop
      vertex 60.4735 10.3172 48.4
      vertex 60.6538 10.3498 48
      vertex 60.4735 10.3172 48
    endloop
  endfacet
  facet normal -0.252611 0.967568 0
    outer loop
      vertex 60.8208 10.3934 48
      vertex 60.6538 10.3498 48.4
      vertex 60.8208 10.3934 48.4
    endloop
  endfacet
  facet normal -0.252611 0.967568 0
    outer loop
      vertex 60.6538 10.3498 48.4
      vertex 60.8208 10.3934 48
      vertex 60.6538 10.3498 48
    endloop
  endfacet
  facet normal -0.335094 0.942185 0
    outer loop
      vertex 60.9746 10.4481 48
      vertex 60.8208 10.3934 48.4
      vertex 60.9746 10.4481 48.4
    endloop
  endfacet
  facet normal -0.335094 0.942185 0
    outer loop
      vertex 60.8208 10.3934 48.4
      vertex 60.9746 10.4481 48
      vertex 60.8208 10.3934 48
    endloop
  endfacet
  facet normal -0.423309 0.905985 0
    outer loop
      vertex 61.115 10.5137 48
      vertex 60.9746 10.4481 48.4
      vertex 61.115 10.5137 48.4
    endloop
  endfacet
  facet normal -0.423309 0.905985 0
    outer loop
      vertex 60.9746 10.4481 48.4
      vertex 61.115 10.5137 48
      vertex 60.9746 10.4481 48
    endloop
  endfacet
  facet normal -0.515882 0.85666 0
    outer loop
      vertex 61.2422 10.5903 48
      vertex 61.115 10.5137 48.4
      vertex 61.2422 10.5903 48.4
    endloop
  endfacet
  facet normal -0.515882 0.85666 0
    outer loop
      vertex 61.115 10.5137 48.4
      vertex 61.2422 10.5903 48
      vertex 61.115 10.5137 48
    endloop
  endfacet
  facet normal -0.609643 0.792676 0
    outer loop
      vertex 61.3561 10.6779 48
      vertex 61.2422 10.5903 48.4
      vertex 61.3561 10.6779 48.4
    endloop
  endfacet
  facet normal -0.609643 0.792676 0
    outer loop
      vertex 61.2422 10.5903 48.4
      vertex 61.3561 10.6779 48
      vertex 61.2422 10.5903 48
    endloop
  endfacet
  facet normal -0.700334 0.713815 0
    outer loop
      vertex 61.4567 10.7766 48
      vertex 61.3561 10.6779 48.4
      vertex 61.4567 10.7766 48.4
    endloop
  endfacet
  facet normal -0.700334 0.713815 0
    outer loop
      vertex 61.3561 10.6779 48.4
      vertex 61.4567 10.7766 48
      vertex 61.3561 10.6779 48
    endloop
  endfacet
  facet normal -0.777982 0.628287 0
    outer loop
      vertex 61.4567 10.7766 48
      vertex 61.544 10.8847 48.4
      vertex 61.544 10.8847 48
    endloop
  endfacet
  facet normal -0.777982 0.628287 0
    outer loop
      vertex 61.544 10.8847 48.4
      vertex 61.4567 10.7766 48
      vertex 61.4567 10.7766 48.4
    endloop
  endfacet
  facet normal -0.843931 0.536452 0
    outer loop
      vertex 61.544 10.8847 48
      vertex 61.6178 11.0008 48.4
      vertex 61.6178 11.0008 48
    endloop
  endfacet
  facet normal -0.843931 0.536452 0
    outer loop
      vertex 61.6178 11.0008 48.4
      vertex 61.544 10.8847 48
      vertex 61.544 10.8847 48.4
    endloop
  endfacet
  facet normal -0.899019 0.437909 0
    outer loop
      vertex 61.6178 11.0008 48
      vertex 61.6782 11.1248 48.4
      vertex 61.6782 11.1248 48
    endloop
  endfacet
  facet normal -0.899019 0.437909 0
    outer loop
      vertex 61.6782 11.1248 48.4
      vertex 61.6178 11.0008 48
      vertex 61.6178 11.0008 48.4
    endloop
  endfacet
  facet normal -0.942064 0.335432 0
    outer loop
      vertex 61.6782 11.1248 48
      vertex 61.7252 11.2568 48.4
      vertex 61.7252 11.2568 48
    endloop
  endfacet
  facet normal -0.942064 0.335432 0
    outer loop
      vertex 61.7252 11.2568 48.4
      vertex 61.6782 11.1248 48
      vertex 61.6782 11.1248 48.4
    endloop
  endfacet
  facet normal -0.972387 0.233373 0
    outer loop
      vertex 61.7252 11.2568 48
      vertex 61.7588 11.3968 48.4
      vertex 61.7588 11.3968 48
    endloop
  endfacet
  facet normal -0.972387 0.233373 0
    outer loop
      vertex 61.7588 11.3968 48.4
      vertex 61.7252 11.2568 48
      vertex 61.7252 11.2568 48.4
    endloop
  endfacet
  facet normal -0.990891 0.134665 0
    outer loop
      vertex 61.7588 11.3968 48
      vertex 61.7789 11.5447 48.4
      vertex 61.7789 11.5447 48
    endloop
  endfacet
  facet normal -0.990891 0.134665 0
    outer loop
      vertex 61.7789 11.5447 48.4
      vertex 61.7588 11.3968 48
      vertex 61.7588 11.3968 48.4
    endloop
  endfacet
  facet normal -0.999077 0.0429641 0
    outer loop
      vertex 61.7789 11.5447 48
      vertex 61.7856 11.7005 48.4
      vertex 61.7856 11.7005 48
    endloop
  endfacet
  facet normal -0.999077 0.0429641 0
    outer loop
      vertex 61.7856 11.7005 48.4
      vertex 61.7789 11.5447 48
      vertex 61.7789 11.5447 48.4
    endloop
  endfacet
  facet normal -0.999371 -0.0354616 0
    outer loop
      vertex 61.7856 11.7005 48
      vertex 61.7812 11.8245 48.4
      vertex 61.7812 11.8245 48
    endloop
  endfacet
  facet normal -0.999371 -0.0354616 0
    outer loop
      vertex 61.7812 11.8245 48.4
      vertex 61.7856 11.7005 48
      vertex 61.7856 11.7005 48.4
    endloop
  endfacet
  facet normal -0.993904 -0.11025 0
    outer loop
      vertex 61.7812 11.8245 48
      vertex 61.7679 11.9444 48.4
      vertex 61.7679 11.9444 48
    endloop
  endfacet
  facet normal -0.993904 -0.11025 0
    outer loop
      vertex 61.7679 11.9444 48.4
      vertex 61.7812 11.8245 48
      vertex 61.7812 11.8245 48.4
    endloop
  endfacet
  facet normal -0.982301 -0.187307 0
    outer loop
      vertex 61.7679 11.9444 48
      vertex 61.7458 12.0603 48.4
      vertex 61.7458 12.0603 48
    endloop
  endfacet
  facet normal -0.982301 -0.187307 0
    outer loop
      vertex 61.7458 12.0603 48.4
      vertex 61.7679 11.9444 48
      vertex 61.7679 11.9444 48.4
    endloop
  endfacet
  facet normal -0.963703 -0.266978 0
    outer loop
      vertex 61.7458 12.0603 48
      vertex 61.7148 12.1722 48.4
      vertex 61.7148 12.1722 48
    endloop
  endfacet
  facet normal -0.963703 -0.266978 0
    outer loop
      vertex 61.7148 12.1722 48.4
      vertex 61.7458 12.0603 48
      vertex 61.7458 12.0603 48.4
    endloop
  endfacet
  facet normal -0.937927 -0.346833 0
    outer loop
      vertex 61.7148 12.1722 48
      vertex 61.6749 12.2801 48.4
      vertex 61.6749 12.2801 48
    endloop
  endfacet
  facet normal -0.937927 -0.346833 0
    outer loop
      vertex 61.6749 12.2801 48.4
      vertex 61.7148 12.1722 48
      vertex 61.7148 12.1722 48.4
    endloop
  endfacet
  facet normal -0.905312 -0.424747 0
    outer loop
      vertex 61.6749 12.2801 48
      vertex 61.6262 12.3839 48.4
      vertex 61.6262 12.3839 48
    endloop
  endfacet
  facet normal -0.905312 -0.424747 0
    outer loop
      vertex 61.6262 12.3839 48.4
      vertex 61.6749 12.2801 48
      vertex 61.6749 12.2801 48.4
    endloop
  endfacet
  facet normal -0.866315 -0.499497 0
    outer loop
      vertex 61.6262 12.3839 48
      vertex 61.5686 12.4838 48.4
      vertex 61.5686 12.4838 48
    endloop
  endfacet
  facet normal -0.866315 -0.499497 0
    outer loop
      vertex 61.5686 12.4838 48.4
      vertex 61.6262 12.3839 48
      vertex 61.6262 12.3839 48.4
    endloop
  endfacet
  facet normal -0.821781 -0.569803 0
    outer loop
      vertex 61.5686 12.4838 48
      vertex 61.5037 12.5774 48.4
      vertex 61.5037 12.5774 48
    endloop
  endfacet
  facet normal -0.821781 -0.569803 0
    outer loop
      vertex 61.5037 12.5774 48.4
      vertex 61.5686 12.4838 48
      vertex 61.5686 12.4838 48.4
    endloop
  endfacet
  facet normal -0.768369 -0.640007 0
    outer loop
      vertex 61.5037 12.5774 48
      vertex 61.4329 12.6624 48.4
      vertex 61.4329 12.6624 48
    endloop
  endfacet
  facet normal -0.768369 -0.640007 0
    outer loop
      vertex 61.4329 12.6624 48.4
      vertex 61.5037 12.5774 48
      vertex 61.5037 12.5774 48.4
    endloop
  endfacet
  facet normal -0.706645 -0.707568 0
    outer loop
      vertex 61.3562 12.739 48
      vertex 61.4329 12.6624 48.4
      vertex 61.3562 12.739 48.4
    endloop
  endfacet
  facet normal -0.706645 -0.707568 -0
    outer loop
      vertex 61.4329 12.6624 48.4
      vertex 61.3562 12.739 48
      vertex 61.4329 12.6624 48
    endloop
  endfacet
  facet normal -0.635576 -0.772038 0
    outer loop
      vertex 61.2736 12.807 48
      vertex 61.3562 12.739 48.4
      vertex 61.2736 12.807 48.4
    endloop
  endfacet
  facet normal -0.635576 -0.772038 -0
    outer loop
      vertex 61.3562 12.739 48.4
      vertex 61.2736 12.807 48
      vertex 61.3562 12.739 48
    endloop
  endfacet
  facet normal -0.558587 -0.829446 0
    outer loop
      vertex 61.1851 12.8666 48
      vertex 61.2736 12.807 48.4
      vertex 61.1851 12.8666 48.4
    endloop
  endfacet
  facet normal -0.558587 -0.829446 -0
    outer loop
      vertex 61.2736 12.807 48.4
      vertex 61.1851 12.8666 48
      vertex 61.2736 12.807 48
    endloop
  endfacet
  facet normal -0.475712 -0.879601 0
    outer loop
      vertex 61.0908 12.9176 48
      vertex 61.1851 12.8666 48.4
      vertex 61.0908 12.9176 48.4
    endloop
  endfacet
  facet normal -0.475712 -0.879601 -0
    outer loop
      vertex 61.1851 12.8666 48.4
      vertex 61.0908 12.9176 48
      vertex 61.1851 12.8666 48
    endloop
  endfacet
  facet normal -0.390149 -0.920752 0
    outer loop
      vertex 60.9905 12.9601 48
      vertex 61.0908 12.9176 48.4
      vertex 60.9905 12.9601 48.4
    endloop
  endfacet
  facet normal -0.390149 -0.920752 -0
    outer loop
      vertex 61.0908 12.9176 48.4
      vertex 60.9905 12.9601 48
      vertex 61.0908 12.9176 48
    endloop
  endfacet
  facet normal -0.302923 -0.953015 0
    outer loop
      vertex 60.8785 12.9957 48
      vertex 60.9905 12.9601 48.4
      vertex 60.8785 12.9957 48.4
    endloop
  endfacet
  facet normal -0.302923 -0.953015 -0
    outer loop
      vertex 60.9905 12.9601 48.4
      vertex 60.8785 12.9957 48
      vertex 60.9905 12.9601 48
    endloop
  endfacet
  facet normal -0.225024 -0.974353 0
    outer loop
      vertex 60.7486 13.0257 48
      vertex 60.8785 12.9957 48.4
      vertex 60.7486 13.0257 48.4
    endloop
  endfacet
  facet normal -0.225024 -0.974353 -0
    outer loop
      vertex 60.8785 12.9957 48.4
      vertex 60.7486 13.0257 48
      vertex 60.8785 12.9957 48
    endloop
  endfacet
  facet normal -0.164399 -0.986394 0
    outer loop
      vertex 60.601 13.0503 48
      vertex 60.7486 13.0257 48.4
      vertex 60.601 13.0503 48.4
    endloop
  endfacet
  facet normal -0.164399 -0.986394 -0
    outer loop
      vertex 60.7486 13.0257 48.4
      vertex 60.601 13.0503 48
      vertex 60.7486 13.0257 48
    endloop
  endfacet
  facet normal -0.115308 -0.99333 0
    outer loop
      vertex 60.4356 13.0695 48
      vertex 60.601 13.0503 48.4
      vertex 60.4356 13.0695 48.4
    endloop
  endfacet
  facet normal -0.115308 -0.99333 -0
    outer loop
      vertex 60.601 13.0503 48.4
      vertex 60.4356 13.0695 48
      vertex 60.601 13.0503 48
    endloop
  endfacet
  facet normal -0.0740321 -0.997256 0
    outer loop
      vertex 60.2524 13.0831 48
      vertex 60.4356 13.0695 48.4
      vertex 60.2524 13.0831 48.4
    endloop
  endfacet
  facet normal -0.0740321 -0.997256 -0
    outer loop
      vertex 60.4356 13.0695 48.4
      vertex 60.2524 13.0831 48
      vertex 60.4356 13.0695 48
    endloop
  endfacet
  facet normal -0.0412584 -0.999149 0
    outer loop
      vertex 60.0514 13.0914 48
      vertex 60.2524 13.0831 48.4
      vertex 60.0514 13.0914 48.4
    endloop
  endfacet
  facet normal -0.0412584 -0.999149 -0
    outer loop
      vertex 60.2524 13.0831 48.4
      vertex 60.0514 13.0914 48
      vertex 60.2524 13.0831 48
    endloop
  endfacet
  facet normal -0.0123391 -0.999924 0
    outer loop
      vertex 59.8326 13.0941 48
      vertex 60.0514 13.0914 48.4
      vertex 59.8326 13.0941 48.4
    endloop
  endfacet
  facet normal -0.0123391 -0.999924 -0
    outer loop
      vertex 60.0514 13.0914 48.4
      vertex 59.8326 13.0941 48
      vertex 60.0514 13.0914 48
    endloop
  endfacet
  facet normal 0 -1 0
    outer loop
      vertex 57.7203 13.0941 48
      vertex 59.8326 13.0941 48.4
      vertex 57.7203 13.0941 48.4
    endloop
  endfacet
  facet normal 0 -1 -0
    outer loop
      vertex 59.8326 13.0941 48.4
      vertex 57.7203 13.0941 48
      vertex 59.8326 13.0941 48
    endloop
  endfacet
  facet normal 1 -0 0
    outer loop
      vertex 57.7203 8.12344 48.4
      vertex 57.7203 13.0941 48
      vertex 57.7203 13.0941 48.4
    endloop
  endfacet
  facet normal 1 0 0
    outer loop
      vertex 57.7203 13.0941 48
      vertex 57.7203 8.12344 48.4
      vertex 57.7203 8.12344 48
    endloop
  endfacet
  facet normal 0 1 -0
    outer loop
      vertex 58.7239 8.12344 48
      vertex 57.7203 8.12344 48.4
      vertex 58.7239 8.12344 48.4
    endloop
  endfacet
  facet normal 0 1 0
    outer loop
      vertex 57.7203 8.12344 48.4
      vertex 58.7239 8.12344 48
      vertex 57.7203 8.12344 48
    endloop
  endfacet
  facet normal -1 0 0
    outer loop
      vertex 58.7239 8.12344 48
      vertex 58.7239 10.1985 48.4
      vertex 58.7239 10.1985 48
    endloop
  endfacet
  facet normal -1 -0 0
    outer loop
      vertex 58.7239 10.1985 48.4
      vertex 58.7239 8.12344 48
      vertex 58.7239 8.12344 48.4
    endloop
  endfacet
  facet normal -1 0 0
    outer loop
      vertex 58.7239 10.9919 48
      vertex 58.7239 12.2532 48.4
      vertex 58.7239 12.2532 48
    endloop
  endfacet
  facet normal -1 -0 0
    outer loop
      vertex 58.7239 12.2532 48.4
      vertex 58.7239 10.9919 48
      vertex 58.7239 10.9919 48.4
    endloop
  endfacet
  facet normal 0 1 -0
    outer loop
      vertex 59.5071 12.2532 48
      vertex 58.7239 12.2532 48.4
      vertex 59.5071 12.2532 48.4
    endloop
  endfacet
  facet normal 0 1 0
    outer loop
      vertex 58.7239 12.2532 48.4
      vertex 59.5071 12.2532 48
      vertex 58.7239 12.2532 48
    endloop
  endfacet
  facet normal 0.00182481 0.999998 -0
    outer loop
      vertex 59.6715 12.2529 48
      vertex 59.5071 12.2532 48.4
      vertex 59.6715 12.2529 48.4
    endloop
  endfacet
  facet normal 0.00182481 0.999998 0
    outer loop
      vertex 59.5071 12.2532 48.4
      vertex 59.6715 12.2529 48
      vertex 59.5071 12.2532 48
    endloop
  endfacet
  facet normal 0.00761224 0.999971 -0
    outer loop
      vertex 59.816 12.2518 48
      vertex 59.6715 12.2529 48.4
      vertex 59.816 12.2518 48.4
    endloop
  endfacet
  facet normal 0.00761224 0.999971 0
    outer loop
      vertex 59.6715 12.2529 48.4
      vertex 59.816 12.2518 48
      vertex 59.6715 12.2529 48
    endloop
  endfacet
  facet normal 0.0136424 0.999907 -0
    outer loop
      vertex 59.9406 12.2501 48
      vertex 59.816 12.2518 48.4
      vertex 59.9406 12.2501 48.4
    endloop
  endfacet
  facet normal 0.0136424 0.999907 0
    outer loop
      vertex 59.816 12.2518 48.4
      vertex 59.9406 12.2501 48
      vertex 59.816 12.2518 48
    endloop
  endfacet
  facet normal 0.0229385 0.999737 -0
    outer loop
      vertex 60.0452 12.2477 48
      vertex 59.9406 12.2501 48.4
      vertex 60.0452 12.2477 48.4
    endloop
  endfacet
  facet normal 0.0229385 0.999737 0
    outer loop
      vertex 59.9406 12.2501 48.4
      vertex 60.0452 12.2477 48
      vertex 59.9406 12.2501 48
    endloop
  endfacet
  facet normal 0.0365753 0.999331 -0
    outer loop
      vertex 60.1299 12.2446 48
      vertex 60.0452 12.2477 48.4
      vertex 60.1299 12.2446 48.4
    endloop
  endfacet
  facet normal 0.0365753 0.999331 0
    outer loop
      vertex 60.0452 12.2477 48.4
      vertex 60.1299 12.2446 48
      vertex 60.0452 12.2477 48
    endloop
  endfacet
  facet normal 0.0585414 0.998285 -0
    outer loop
      vertex 60.1947 12.2408 48
      vertex 60.1299 12.2446 48.4
      vertex 60.1947 12.2408 48.4
    endloop
  endfacet
  facet normal 0.0585414 0.998285 0
    outer loop
      vertex 60.1299 12.2446 48.4
      vertex 60.1947 12.2408 48
      vertex 60.1299 12.2446 48
    endloop
  endfacet
  facet normal 0.0999435 0.994993 -0
    outer loop
      vertex 60.2395 12.2363 48
      vertex 60.1947 12.2408 48.4
      vertex 60.2395 12.2363 48.4
    endloop
  endfacet
  facet normal 0.0999435 0.994993 0
    outer loop
      vertex 60.1947 12.2408 48.4
      vertex 60.2395 12.2363 48
      vertex 60.1947 12.2408 48
    endloop
  endfacet
  facet normal 0.203085 0.979161 -0
    outer loop
      vertex 60.307 12.2223 48
      vertex 60.2395 12.2363 48.4
      vertex 60.307 12.2223 48.4
    endloop
  endfacet
  facet normal 0.203085 0.979161 0
    outer loop
      vertex 60.2395 12.2363 48.4
      vertex 60.307 12.2223 48
      vertex 60.2395 12.2363 48
    endloop
  endfacet
  facet normal 0.283155 0.959074 -0
    outer loop
      vertex 60.37 12.2037 48
      vertex 60.307 12.2223 48.4
      vertex 60.37 12.2037 48.4
    endloop
  endfacet
  facet normal 0.283155 0.959074 0
    outer loop
      vertex 60.307 12.2223 48.4
      vertex 60.37 12.2037 48
      vertex 60.307 12.2223 48
    endloop
  endfacet
  facet normal 0.368649 0.929569 -0
    outer loop
      vertex 60.4285 12.1805 48
      vertex 60.37 12.2037 48.4
      vertex 60.4285 12.1805 48.4
    endloop
  endfacet
  facet normal 0.368649 0.929569 0
    outer loop
      vertex 60.37 12.2037 48.4
      vertex 60.4285 12.1805 48
      vertex 60.37 12.2037 48
    endloop
  endfacet
  facet normal 0.45772 0.889096 -0
    outer loop
      vertex 60.4825 12.1527 48
      vertex 60.4285 12.1805 48.4
      vertex 60.4825 12.1527 48.4
    endloop
  endfacet
  facet normal 0.45772 0.889096 0
    outer loop
      vertex 60.4285 12.1805 48.4
      vertex 60.4825 12.1527 48
      vertex 60.4285 12.1805 48
    endloop
  endfacet
  facet normal 0.548841 0.835927 -0
    outer loop
      vertex 60.532 12.1202 48
      vertex 60.4825 12.1527 48.4
      vertex 60.532 12.1202 48.4
    endloop
  endfacet
  facet normal 0.548841 0.835927 0
    outer loop
      vertex 60.4825 12.1527 48.4
      vertex 60.532 12.1202 48
      vertex 60.4825 12.1527 48
    endloop
  endfacet
  facet normal 0.637147 0.770742 -0
    outer loop
      vertex 60.577 12.083 48
      vertex 60.532 12.1202 48.4
      vertex 60.577 12.083 48.4
    endloop
  endfacet
  facet normal 0.637147 0.770742 0
    outer loop
      vertex 60.532 12.1202 48.4
      vertex 60.577 12.083 48
      vertex 60.532 12.1202 48
    endloop
  endfacet
  facet normal 0.717353 0.69671 0
    outer loop
      vertex 60.6175 12.0413 48.4
      vertex 60.577 12.083 48
      vertex 60.577 12.083 48.4
    endloop
  endfacet
  facet normal 0.717353 0.69671 0
    outer loop
      vertex 60.577 12.083 48
      vertex 60.6175 12.0413 48.4
      vertex 60.6175 12.0413 48
    endloop
  endfacet
  facet normal 0.791474 0.611203 0
    outer loop
      vertex 60.6531 11.9952 48.4
      vertex 60.6175 12.0413 48
      vertex 60.6175 12.0413 48.4
    endloop
  endfacet
  facet normal 0.791474 0.611203 0
    outer loop
      vertex 60.6175 12.0413 48
      vertex 60.6531 11.9952 48.4
      vertex 60.6531 11.9952 48
    endloop
  endfacet
  facet normal 0.857493 0.514496 0
    outer loop
      vertex 60.6831 11.9452 48.4
      vertex 60.6531 11.9952 48
      vertex 60.6531 11.9952 48.4
    endloop
  endfacet
  facet normal 0.857493 0.514496 0
    outer loop
      vertex 60.6531 11.9952 48
      vertex 60.6831 11.9452 48.4
      vertex 60.6831 11.9452 48
    endloop
  endfacet
  facet normal 0.90973 0.415201 0
    outer loop
      vertex 60.7077 11.8913 48.4
      vertex 60.6831 11.9452 48
      vertex 60.6831 11.9452 48.4
    endloop
  endfacet
  facet normal 0.90973 0.415201 0
    outer loop
      vertex 60.6831 11.9452 48
      vertex 60.7077 11.8913 48.4
      vertex 60.7077 11.8913 48
    endloop
  endfacet
  facet normal 0.949174 0.314752 0
    outer loop
      vertex 60.7269 11.8334 48.4
      vertex 60.7077 11.8913 48
      vertex 60.7077 11.8913 48.4
    endloop
  endfacet
  facet normal 0.949174 0.314752 0
    outer loop
      vertex 60.7077 11.8913 48
      vertex 60.7269 11.8334 48.4
      vertex 60.7269 11.8334 48
    endloop
  endfacet
  facet normal 0.976631 0.214922 0
    outer loop
      vertex 60.7405 11.7716 48.4
      vertex 60.7269 11.8334 48
      vertex 60.7269 11.8334 48.4
    endloop
  endfacet
  facet normal 0.976631 0.214922 0
    outer loop
      vertex 60.7269 11.8334 48
      vertex 60.7405 11.7716 48.4
      vertex 60.7405 11.7716 48
    endloop
  endfacet
  facet normal 0.992138 0.125148 0
    outer loop
      vertex 60.7488 11.7058 48.4
      vertex 60.7405 11.7716 48
      vertex 60.7405 11.7716 48.4
    endloop
  endfacet
  facet normal 0.992138 0.125148 0
    outer loop
      vertex 60.7405 11.7716 48
      vertex 60.7488 11.7058 48.4
      vertex 60.7488 11.7058 48
    endloop
  endfacet
  facet normal 0.999251 0.0387084 0
    outer loop
      vertex 60.7515 11.6361 48.4
      vertex 60.7488 11.7058 48
      vertex 60.7488 11.7058 48.4
    endloop
  endfacet
  facet normal 0.999251 0.0387084 0
    outer loop
      vertex 60.7488 11.7058 48
      vertex 60.7515 11.6361 48.4
      vertex 60.7515 11.6361 48
    endloop
  endfacet
  facet normal 0.999434 -0.0336348 0
    outer loop
      vertex 60.7494 11.5737 48.4
      vertex 60.7515 11.6361 48
      vertex 60.7515 11.6361 48.4
    endloop
  endfacet
  facet normal 0.999434 -0.0336348 0
    outer loop
      vertex 60.7515 11.6361 48
      vertex 60.7494 11.5737 48.4
      vertex 60.7494 11.5737 48
    endloop
  endfacet
  facet normal 0.994597 -0.103813 0
    outer loop
      vertex 60.7432 11.5143 48.4
      vertex 60.7494 11.5737 48
      vertex 60.7494 11.5737 48.4
    endloop
  endfacet
  facet normal 0.994597 -0.103813 0
    outer loop
      vertex 60.7494 11.5737 48
      vertex 60.7432 11.5143 48.4
      vertex 60.7432 11.5143 48
    endloop
  endfacet
  facet normal 0.983363 -0.181651 0
    outer loop
      vertex 60.7328 11.458 48.4
      vertex 60.7432 11.5143 48
      vertex 60.7432 11.5143 48.4
    endloop
  endfacet
  facet normal 0.983363 -0.181651 0
    outer loop
      vertex 60.7432 11.5143 48
      vertex 60.7328 11.458 48.4
      vertex 60.7328 11.458 48
    endloop
  endfacet
  facet normal 0.964931 -0.262505 0
    outer loop
      vertex 60.7183 11.4047 48.4
      vertex 60.7328 11.458 48
      vertex 60.7328 11.458 48.4
    endloop
  endfacet
  facet normal 0.964931 -0.262505 0
    outer loop
      vertex 60.7328 11.458 48
      vertex 60.7183 11.4047 48.4
      vertex 60.7183 11.4047 48
    endloop
  endfacet
  facet normal 0.937094 -0.349077 0
    outer loop
      vertex 60.6996 11.3545 48.4
      vertex 60.7183 11.4047 48
      vertex 60.7183 11.4047 48.4
    endloop
  endfacet
  facet normal 0.937094 -0.349077 0
    outer loop
      vertex 60.7183 11.4047 48
      vertex 60.6996 11.3545 48.4
      vertex 60.6996 11.3545 48
    endloop
  endfacet
  facet normal 0.900449 -0.434962 0
    outer loop
      vertex 60.6768 11.3073 48.4
      vertex 60.6996 11.3545 48
      vertex 60.6996 11.3545 48.4
    endloop
  endfacet
  facet normal 0.900449 -0.434962 0
    outer loop
      vertex 60.6996 11.3545 48
      vertex 60.6768 11.3073 48.4
      vertex 60.6768 11.3073 48
    endloop
  endfacet
  facet normal 0.853377 -0.521294 0
    outer loop
      vertex 60.6498 11.2631 48.4
      vertex 60.6768 11.3073 48
      vertex 60.6768 11.3073 48.4
    endloop
  endfacet
  facet normal 0.853377 -0.521294 0
    outer loop
      vertex 60.6768 11.3073 48
      vertex 60.6498 11.2631 48.4
      vertex 60.6498 11.2631 48
    endloop
  endfacet
  facet normal 0.799059 -0.601253 0
    outer loop
      vertex 60.6191 11.2223 48.4
      vertex 60.6498 11.2631 48
      vertex 60.6498 11.2631 48.4
    endloop
  endfacet
  facet normal 0.799059 -0.601253 0
    outer loop
      vertex 60.6498 11.2631 48
      vertex 60.6191 11.2223 48.4
      vertex 60.6191 11.2223 48
    endloop
  endfacet
  facet normal 0.74012 -0.672475 0
    outer loop
      vertex 60.5853 11.1851 48.4
      vertex 60.6191 11.2223 48
      vertex 60.6191 11.2223 48.4
    endloop
  endfacet
  facet normal 0.74012 -0.672475 0
    outer loop
      vertex 60.6191 11.2223 48
      vertex 60.5853 11.1851 48.4
      vertex 60.5853 11.1851 48
    endloop
  endfacet
  facet normal 0.672274 -0.740302 0
    outer loop
      vertex 60.5483 11.1515 48
      vertex 60.5853 11.1851 48.4
      vertex 60.5483 11.1515 48.4
    endloop
  endfacet
  facet normal 0.672274 -0.740302 0
    outer loop
      vertex 60.5853 11.1851 48.4
      vertex 60.5483 11.1515 48
      vertex 60.5853 11.1851 48
    endloop
  endfacet
  facet normal 0.599363 -0.800478 0
    outer loop
      vertex 60.5081 11.1214 48
      vertex 60.5483 11.1515 48.4
      vertex 60.5081 11.1214 48.4
    endloop
  endfacet
  facet normal 0.599363 -0.800478 0
    outer loop
      vertex 60.5483 11.1515 48.4
      vertex 60.5081 11.1214 48
      vertex 60.5483 11.1515 48
    endloop
  endfacet
  facet normal 0.519697 -0.854351 0
    outer loop
      vertex 60.4647 11.095 48
      vertex 60.5081 11.1214 48.4
      vertex 60.4647 11.095 48.4
    endloop
  endfacet
  facet normal 0.519697 -0.854351 0
    outer loop
      vertex 60.5081 11.1214 48.4
      vertex 60.4647 11.095 48
      vertex 60.5081 11.1214 48
    endloop
  endfacet
  facet normal 0.439487 -0.898249 0
    outer loop
      vertex 60.4181 11.0722 48
      vertex 60.4647 11.095 48.4
      vertex 60.4181 11.0722 48.4
    endloop
  endfacet
  facet normal 0.439487 -0.898249 0
    outer loop
      vertex 60.4647 11.095 48.4
      vertex 60.4181 11.0722 48
      vertex 60.4647 11.095 48
    endloop
  endfacet
  facet normal 0.361362 -0.932426 0
    outer loop
      vertex 60.3683 11.0529 48
      vertex 60.4181 11.0722 48.4
      vertex 60.3683 11.0529 48.4
    endloop
  endfacet
  facet normal 0.361362 -0.932426 0
    outer loop
      vertex 60.4181 11.0722 48.4
      vertex 60.3683 11.0529 48
      vertex 60.4181 11.0722 48
    endloop
  endfacet
  facet normal 0.251285 -0.967913 0
    outer loop
      vertex 60.3059 11.0367 48
      vertex 60.3683 11.0529 48.4
      vertex 60.3059 11.0367 48.4
    endloop
  endfacet
  facet normal 0.251285 -0.967913 0
    outer loop
      vertex 60.3683 11.0529 48.4
      vertex 60.3059 11.0367 48
      vertex 60.3683 11.0529 48
    endloop
  endfacet
  facet normal 0.16004 -0.98711 0
    outer loop
      vertex 60.2214 11.023 48
      vertex 60.3059 11.0367 48.4
      vertex 60.2214 11.023 48.4
    endloop
  endfacet
  facet normal 0.16004 -0.98711 0
    outer loop
      vertex 60.3059 11.0367 48.4
      vertex 60.2214 11.023 48
      vertex 60.3059 11.0367 48
    endloop
  endfacet
  facet normal 0.104394 -0.994536 0
    outer loop
      vertex 60.1147 11.0118 48
      vertex 60.2214 11.023 48.4
      vertex 60.1147 11.0118 48.4
    endloop
  endfacet
  facet normal 0.104394 -0.994536 0
    outer loop
      vertex 60.2214 11.023 48.4
      vertex 60.1147 11.0118 48
      vertex 60.2214 11.023 48
    endloop
  endfacet
  facet normal 0.067341 -0.99773 0
    outer loop
      vertex 59.9858 11.0031 48
      vertex 60.1147 11.0118 48.4
      vertex 59.9858 11.0031 48.4
    endloop
  endfacet
  facet normal 0.067341 -0.99773 0
    outer loop
      vertex 60.1147 11.0118 48.4
      vertex 59.9858 11.0031 48
      vertex 60.1147 11.0118 48
    endloop
  endfacet
  facet normal 0.041025 -0.999158 0
    outer loop
      vertex 59.8348 10.9969 48
      vertex 59.9858 11.0031 48.4
      vertex 59.8348 10.9969 48.4
    endloop
  endfacet
  facet normal 0.041025 -0.999158 0
    outer loop
      vertex 59.9858 11.0031 48.4
      vertex 59.8348 10.9969 48
      vertex 59.9858 11.0031 48
    endloop
  endfacet
  facet normal 0.0219473 -0.999759 0
    outer loop
      vertex 59.6617 10.9931 48
      vertex 59.8348 10.9969 48.4
      vertex 59.6617 10.9931 48.4
    endloop
  endfacet
  facet normal 0.0219473 -0.999759 0
    outer loop
      vertex 59.8348 10.9969 48.4
      vertex 59.6617 10.9931 48
      vertex 59.8348 10.9969 48
    endloop
  endfacet
  facet normal 0.00614742 -0.999981 0
    outer loop
      vertex 59.4665 10.9919 48
      vertex 59.6617 10.9931 48.4
      vertex 59.4665 10.9919 48.4
    endloop
  endfacet
  facet normal 0.00614742 -0.999981 0
    outer loop
      vertex 59.6617 10.9931 48.4
      vertex 59.4665 10.9919 48
      vertex 59.6617 10.9931 48
    endloop
  endfacet
  facet normal 0 -1 0
    outer loop
      vertex 58.7239 10.9919 48
      vertex 59.4665 10.9919 48.4
      vertex 58.7239 10.9919 48.4
    endloop
  endfacet
  facet normal 0 -1 -0
    outer loop
      vertex 59.4665 10.9919 48.4
      vertex 58.7239 10.9919 48
      vertex 59.4665 10.9919 48
    endloop
  endfacet
endsolid OpenSCAD_Model
