solid OpenSCAD_Model
  facet normal 1 -0 0
    outer loop
      vertex 2.4 2.4 43.0645
      vertex 2.4 18.7 2
      vertex 2.4 18.7 43.0645
    endloop
  endfacet
  facet normal 1 0 0
    outer loop
      vertex 2.4 18.7 2
      vertex 2.4 2.4 43.0645
      vertex 2.4 2.4 2
    endloop
  endfacet
  facet normal -1 0 0
    outer loop
      vertex 37.4 2.4 2
      vertex 37.4 18.7 44.5
      vertex 37.4 18.7 2
    endloop
  endfacet
  facet normal -1 -0 0
    outer loop
      vertex 37.4 18.7 44.5
      vertex 37.4 2.4 2
      vertex 37.4 2.4 44.5
    endloop
  endfacet
  facet normal 0 -1 0
    outer loop
      vertex 3.43553 18.7 44.1
      vertex 18.8558 18.7 24.3316
      vertex 19.9 18.7 24.4
    endloop
  endfacet
  facet normal 0 -1 0
    outer loop
      vertex 3.43553 18.7 44.1
      vertex 17.8294 18.7 24.1274
      vertex 18.8558 18.7 24.3316
    endloop
  endfacet
  facet normal 0 -1 0
    outer loop
      vertex 3.43553 18.7 44.1
      vertex 16.8385 18.7 23.791
      vertex 17.8294 18.7 24.1274
    endloop
  endfacet
  facet normal 0 -1 0
    outer loop
      vertex 2.4 18.7 43.0645
      vertex 15.9 18.7 23.3282
      vertex 16.8385 18.7 23.791
    endloop
  endfacet
  facet normal 0 -1 0
    outer loop
      vertex 2.4 18.7 43.0645
      vertex 15.0299 18.7 22.7468
      vertex 15.9 18.7 23.3282
    endloop
  endfacet
  facet normal 0 -1 0
    outer loop
      vertex 2.4 18.7 43.0645
      vertex 14.2431 18.7 22.0569
      vertex 15.0299 18.7 22.7468
    endloop
  endfacet
  facet normal 0 -1 0
    outer loop
      vertex 2.4 18.7 43.0645
      vertex 13.5532 18.7 21.2701
      vertex 14.2431 18.7 22.0569
    endloop
  endfacet
  facet normal 0 -1 0
    outer loop
      vertex 2.4 18.7 43.0645
      vertex 12.9718 18.7 20.4
      vertex 13.5532 18.7 21.2701
    endloop
  endfacet
  facet normal 0 -1 0
    outer loop
      vertex 2.4 18.7 43.0645
      vertex 12.509 18.7 19.4615
      vertex 12.9718 18.7 20.4
    endloop
  endfacet
  facet normal 0 -1 0
    outer loop
      vertex 2.4 18.7 43.0645
      vertex 12.1726 18.7 18.4706
      vertex 12.509 18.7 19.4615
    endloop
  endfacet
  facet normal 0 -1 0
    outer loop
      vertex 2.4 18.7 43.0645
      vertex 11.9684 18.7 17.4442
      vertex 12.1726 18.7 18.4706
    endloop
  endfacet
  facet normal 0 -1 0
    outer loop
      vertex 2.4 18.7 2
      vertex 11.9684 18.7 17.4442
      vertex 2.4 18.7 43.0645
    endloop
  endfacet
  facet normal 0 -1 0
    outer loop
      vertex 11.9684 18.7 17.4442
      vertex 2.4 18.7 2
      vertex 11.9 18.7 16.4
    endloop
  endfacet
  facet normal 0 -1 -0
    outer loop
      vertex 11.9 18.7 16.4
      vertex 2.4 18.7 2
      vertex 11.9 18.7 2
    endloop
  endfacet
  facet normal 0 -1 0
    outer loop
      vertex 3.43553 18.7 44.1
      vertex 37.4 18.7 44.5
      vertex 3.03555 18.7 44.5
    endloop
  endfacet
  facet normal 0 -1 0
    outer loop
      vertex 16.8385 18.7 23.791
      vertex 3.43553 18.7 44.1
      vertex 2.4 18.7 43.0645
    endloop
  endfacet
  facet normal 0 -1 0
    outer loop
      vertex 3.43553 18.7 44.1
      vertex 19.9 18.7 24.4
      vertex 37.4 18.7 44.5
    endloop
  endfacet
  facet normal 0 -1 0
    outer loop
      vertex 20.9442 18.7 24.3316
      vertex 37.4 18.7 44.5
      vertex 19.9 18.7 24.4
    endloop
  endfacet
  facet normal 0 -1 0
    outer loop
      vertex 21.9706 18.7 24.1274
      vertex 37.4 18.7 44.5
      vertex 20.9442 18.7 24.3316
    endloop
  endfacet
  facet normal 0 -1 0
    outer loop
      vertex 22.9615 18.7 23.791
      vertex 37.4 18.7 44.5
      vertex 21.9706 18.7 24.1274
    endloop
  endfacet
  facet normal 0 -1 0
    outer loop
      vertex 23.9 18.7 23.3282
      vertex 37.4 18.7 44.5
      vertex 22.9615 18.7 23.791
    endloop
  endfacet
  facet normal 0 -1 0
    outer loop
      vertex 24.7701 18.7 22.7468
      vertex 37.4 18.7 44.5
      vertex 23.9 18.7 23.3282
    endloop
  endfacet
  facet normal 0 -1 0
    outer loop
      vertex 25.5569 18.7 22.0569
      vertex 37.4 18.7 44.5
      vertex 24.7701 18.7 22.7468
    endloop
  endfacet
  facet normal 0 -1 0
    outer loop
      vertex 26.2468 18.7 21.2701
      vertex 37.4 18.7 44.5
      vertex 25.5569 18.7 22.0569
    endloop
  endfacet
  facet normal 0 -1 0
    outer loop
      vertex 26.8282 18.7 20.4
      vertex 37.4 18.7 44.5
      vertex 26.2468 18.7 21.2701
    endloop
  endfacet
  facet normal 0 -1 0
    outer loop
      vertex 27.291 18.7 19.4615
      vertex 37.4 18.7 44.5
      vertex 26.8282 18.7 20.4
    endloop
  endfacet
  facet normal 0 -1 0
    outer loop
      vertex 27.6274 18.7 18.4706
      vertex 37.4 18.7 44.5
      vertex 27.291 18.7 19.4615
    endloop
  endfacet
  facet normal 0 -1 0
    outer loop
      vertex 27.8316 18.7 17.4442
      vertex 37.4 18.7 44.5
      vertex 27.6274 18.7 18.4706
    endloop
  endfacet
  facet normal 0 -1 0
    outer loop
      vertex 37.4 18.7 2
      vertex 27.8316 18.7 17.4442
      vertex 27.9 18.7 16.4
    endloop
  endfacet
  facet normal 0 -1 0
    outer loop
      vertex 37.4 18.7 2
      vertex 27.9 18.7 16.4
      vertex 27.9 18.7 2
    endloop
  endfacet
  facet normal 0 -1 0
    outer loop
      vertex 27.8316 18.7 17.4442
      vertex 37.4 18.7 2
      vertex 37.4 18.7 44.5
    endloop
  endfacet
  facet normal -0 0 1
    outer loop
      vertex 2.4 18.7 2
      vertex 11.9 18.3 2
      vertex 11.9 18.7 2
    endloop
  endfacet
  facet normal 0 0 1
    outer loop
      vertex 11.9 18.3 2
      vertex 2.4 18.7 2
      vertex 11.9 2.8 2
    endloop
  endfacet
  facet normal 0 0 1
    outer loop
      vertex 2.4 2.4 2
      vertex 11.9 2.8 2
      vertex 2.4 18.7 2
    endloop
  endfacet
  facet normal 0 0 1
    outer loop
      vertex 11.9 2.8 2
      vertex 2.4 2.4 2
      vertex 11.9 2.4 2
    endloop
  endfacet
  facet normal -0 0 1
    outer loop
      vertex 11.9 18.3 2
      vertex 27.9 2.8 2
      vertex 27.9 18.3 2
    endloop
  endfacet
  facet normal 0 0 1
    outer loop
      vertex 27.9 2.8 2
      vertex 11.9 18.3 2
      vertex 11.9 2.8 2
    endloop
  endfacet
  facet normal 0 0 1
    outer loop
      vertex 27.9 18.3 2
      vertex 37.4 18.7 2
      vertex 27.9 18.7 2
    endloop
  endfacet
  facet normal 0 0 1
    outer loop
      vertex 37.4 18.7 2
      vertex 27.9 18.3 2
      vertex 37.4 2.4 2
    endloop
  endfacet
  facet normal -0 0 1
    outer loop
      vertex 27.9 2.8 2
      vertex 37.4 2.4 2
      vertex 27.9 18.3 2
    endloop
  endfacet
  facet normal 0 0 1
    outer loop
      vertex 37.4 2.4 2
      vertex 27.9 2.8 2
      vertex 27.9 2.4 2
    endloop
  endfacet
  facet normal 0 1 0
    outer loop
      vertex 37.4 2.4 44.5
      vertex 3.43553 2.4 44.1
      vertex 3.03555 2.4 44.5
    endloop
  endfacet
  facet normal 0 1 -0
    outer loop
      vertex 19.9 2.4 24.4
      vertex 3.43553 2.4 44.1
      vertex 37.4 2.4 44.5
    endloop
  endfacet
  facet normal 0 1 -0
    outer loop
      vertex 18.8558 2.4 24.3316
      vertex 3.43553 2.4 44.1
      vertex 19.9 2.4 24.4
    endloop
  endfacet
  facet normal 0 1 0
    outer loop
      vertex 37.4 2.4 44.5
      vertex 20.9442 2.4 24.3316
      vertex 19.9 2.4 24.4
    endloop
  endfacet
  facet normal 0 1 0
    outer loop
      vertex 37.4 2.4 44.5
      vertex 21.9706 2.4 24.1274
      vertex 20.9442 2.4 24.3316
    endloop
  endfacet
  facet normal 0 1 0
    outer loop
      vertex 37.4 2.4 44.5
      vertex 22.9615 2.4 23.791
      vertex 21.9706 2.4 24.1274
    endloop
  endfacet
  facet normal 0 1 0
    outer loop
      vertex 37.4 2.4 44.5
      vertex 23.9 2.4 23.3282
      vertex 22.9615 2.4 23.791
    endloop
  endfacet
  facet normal 0 1 0
    outer loop
      vertex 37.4 2.4 44.5
      vertex 24.7701 2.4 22.7468
      vertex 23.9 2.4 23.3282
    endloop
  endfacet
  facet normal 0 1 0
    outer loop
      vertex 37.4 2.4 44.5
      vertex 25.5569 2.4 22.0569
      vertex 24.7701 2.4 22.7468
    endloop
  endfacet
  facet normal 0 1 0
    outer loop
      vertex 37.4 2.4 44.5
      vertex 26.2468 2.4 21.2701
      vertex 25.5569 2.4 22.0569
    endloop
  endfacet
  facet normal 0 1 0
    outer loop
      vertex 37.4 2.4 44.5
      vertex 26.8282 2.4 20.4
      vertex 26.2468 2.4 21.2701
    endloop
  endfacet
  facet normal 0 1 0
    outer loop
      vertex 37.4 2.4 44.5
      vertex 27.291 2.4 19.4615
      vertex 26.8282 2.4 20.4
    endloop
  endfacet
  facet normal 0 1 0
    outer loop
      vertex 37.4 2.4 44.5
      vertex 27.6274 2.4 18.4706
      vertex 27.291 2.4 19.4615
    endloop
  endfacet
  facet normal 0 1 0
    outer loop
      vertex 37.4 2.4 44.5
      vertex 27.8316 2.4 17.4442
      vertex 27.6274 2.4 18.4706
    endloop
  endfacet
  facet normal 0 1 -0
    outer loop
      vertex 37.4 2.4 2
      vertex 27.8316 2.4 17.4442
      vertex 37.4 2.4 44.5
    endloop
  endfacet
  facet normal 0 1 0
    outer loop
      vertex 27.8316 2.4 17.4442
      vertex 37.4 2.4 2
      vertex 27.9 2.4 16.4
    endloop
  endfacet
  facet normal 0 1 0
    outer loop
      vertex 27.9 2.4 16.4
      vertex 37.4 2.4 2
      vertex 27.9 2.4 2
    endloop
  endfacet
  facet normal 0 1 -0
    outer loop
      vertex 17.8294 2.4 24.1274
      vertex 3.43553 2.4 44.1
      vertex 18.8558 2.4 24.3316
    endloop
  endfacet
  facet normal 0 1 -0
    outer loop
      vertex 16.8385 2.4 23.791
      vertex 3.43553 2.4 44.1
      vertex 17.8294 2.4 24.1274
    endloop
  endfacet
  facet normal 0 1 0
    outer loop
      vertex 3.43553 2.4 44.1
      vertex 16.8385 2.4 23.791
      vertex 2.4 2.4 43.0645
    endloop
  endfacet
  facet normal 0 1 -0
    outer loop
      vertex 15.9 2.4 23.3282
      vertex 2.4 2.4 43.0645
      vertex 16.8385 2.4 23.791
    endloop
  endfacet
  facet normal 0 1 -0
    outer loop
      vertex 15.0299 2.4 22.7468
      vertex 2.4 2.4 43.0645
      vertex 15.9 2.4 23.3282
    endloop
  endfacet
  facet normal 0 1 -0
    outer loop
      vertex 14.2431 2.4 22.0569
      vertex 2.4 2.4 43.0645
      vertex 15.0299 2.4 22.7468
    endloop
  endfacet
  facet normal 0 1 -0
    outer loop
      vertex 13.5532 2.4 21.2701
      vertex 2.4 2.4 43.0645
      vertex 14.2431 2.4 22.0569
    endloop
  endfacet
  facet normal 0 1 -0
    outer loop
      vertex 12.9718 2.4 20.4
      vertex 2.4 2.4 43.0645
      vertex 13.5532 2.4 21.2701
    endloop
  endfacet
  facet normal 0 1 -0
    outer loop
      vertex 12.509 2.4 19.4615
      vertex 2.4 2.4 43.0645
      vertex 12.9718 2.4 20.4
    endloop
  endfacet
  facet normal 0 1 -0
    outer loop
      vertex 12.1726 2.4 18.4706
      vertex 2.4 2.4 43.0645
      vertex 12.509 2.4 19.4615
    endloop
  endfacet
  facet normal 0 1 -0
    outer loop
      vertex 11.9684 2.4 17.4442
      vertex 2.4 2.4 43.0645
      vertex 12.1726 2.4 18.4706
    endloop
  endfacet
  facet normal 0 1 0
    outer loop
      vertex 2.4 2.4 2
      vertex 11.9684 2.4 17.4442
      vertex 11.9 2.4 16.4
    endloop
  endfacet
  facet normal 0 1 0
    outer loop
      vertex 2.4 2.4 2
      vertex 11.9 2.4 16.4
      vertex 11.9 2.4 2
    endloop
  endfacet
  facet normal 0 1 0
    outer loop
      vertex 11.9684 2.4 17.4442
      vertex 2.4 2.4 2
      vertex 2.4 2.4 43.0645
    endloop
  endfacet
  facet normal 1 -0 0
    outer loop
      vertex 39 2.4 44.5
      vertex 39 18.7 2
      vertex 39 18.7 44.5
    endloop
  endfacet
  facet normal 1 0 0
    outer loop
      vertex 39 18.7 2
      vertex 39 2.4 44.5
      vertex 39 2.4 2
    endloop
  endfacet
  facet normal -1 0 0
    outer loop
      vertex 74 2.4 2
      vertex 74 18.7 44.5
      vertex 74 18.7 2
    endloop
  endfacet
  facet normal -1 -0 0
    outer loop
      vertex 74 18.7 44.5
      vertex 74 2.4 2
      vertex 74 2.4 44.5
    endloop
  endfacet
  facet normal -0 0 1
    outer loop
      vertex 39 18.7 2
      vertex 48.5 18.3 2
      vertex 48.5 18.7 2
    endloop
  endfacet
  facet normal 0 0 1
    outer loop
      vertex 48.5 18.3 2
      vertex 39 18.7 2
      vertex 48.5 2.8 2
    endloop
  endfacet
  facet normal 0 0 1
    outer loop
      vertex 39 2.4 2
      vertex 48.5 2.8 2
      vertex 39 18.7 2
    endloop
  endfacet
  facet normal 0 0 1
    outer loop
      vertex 48.5 2.8 2
      vertex 39 2.4 2
      vertex 48.5 2.4 2
    endloop
  endfacet
  facet normal -0 0 1
    outer loop
      vertex 48.5 18.3 2
      vertex 64.5 2.8 2
      vertex 64.5 18.3 2
    endloop
  endfacet
  facet normal 0 0 1
    outer loop
      vertex 64.5 2.8 2
      vertex 48.5 18.3 2
      vertex 48.5 2.8 2
    endloop
  endfacet
  facet normal 0 0 1
    outer loop
      vertex 64.5 18.3 2
      vertex 74 18.7 2
      vertex 64.5 18.7 2
    endloop
  endfacet
  facet normal 0 0 1
    outer loop
      vertex 74 18.7 2
      vertex 64.5 18.3 2
      vertex 74 2.4 2
    endloop
  endfacet
  facet normal -0 0 1
    outer loop
      vertex 64.5 2.8 2
      vertex 74 2.4 2
      vertex 64.5 18.3 2
    endloop
  endfacet
  facet normal 0 0 1
    outer loop
      vertex 74 2.4 2
      vertex 64.5 2.8 2
      vertex 64.5 2.4 2
    endloop
  endfacet
  facet normal 0 1 0
    outer loop
      vertex 74 2.4 44.5
      vertex 56.5 2.4 24.4
      vertex 39 2.4 44.5
    endloop
  endfacet
  facet normal 0 1 0
    outer loop
      vertex 74 2.4 44.5
      vertex 57.5442 2.4 24.3316
      vertex 56.5 2.4 24.4
    endloop
  endfacet
  facet normal 0 1 0
    outer loop
      vertex 74 2.4 44.5
      vertex 58.5706 2.4 24.1274
      vertex 57.5442 2.4 24.3316
    endloop
  endfacet
  facet normal 0 1 0
    outer loop
      vertex 74 2.4 44.5
      vertex 59.5615 2.4 23.791
      vertex 58.5706 2.4 24.1274
    endloop
  endfacet
  facet normal 0 1 0
    outer loop
      vertex 74 2.4 44.5
      vertex 60.5 2.4 23.3282
      vertex 59.5615 2.4 23.791
    endloop
  endfacet
  facet normal 0 1 0
    outer loop
      vertex 74 2.4 44.5
      vertex 61.3701 2.4 22.7468
      vertex 60.5 2.4 23.3282
    endloop
  endfacet
  facet normal 0 1 0
    outer loop
      vertex 74 2.4 44.5
      vertex 62.1569 2.4 22.0569
      vertex 61.3701 2.4 22.7468
    endloop
  endfacet
  facet normal 0 1 0
    outer loop
      vertex 74 2.4 44.5
      vertex 62.8468 2.4 21.2701
      vertex 62.1569 2.4 22.0569
    endloop
  endfacet
  facet normal 0 1 0
    outer loop
      vertex 74 2.4 44.5
      vertex 63.4282 2.4 20.4
      vertex 62.8468 2.4 21.2701
    endloop
  endfacet
  facet normal 0 1 0
    outer loop
      vertex 74 2.4 44.5
      vertex 63.891 2.4 19.4615
      vertex 63.4282 2.4 20.4
    endloop
  endfacet
  facet normal 0 1 0
    outer loop
      vertex 74 2.4 44.5
      vertex 64.2274 2.4 18.4706
      vertex 63.891 2.4 19.4615
    endloop
  endfacet
  facet normal 0 1 0
    outer loop
      vertex 74 2.4 44.5
      vertex 64.4316 2.4 17.4442
      vertex 64.2274 2.4 18.4706
    endloop
  endfacet
  facet normal 0 1 -0
    outer loop
      vertex 74 2.4 2
      vertex 64.4316 2.4 17.4442
      vertex 74 2.4 44.5
    endloop
  endfacet
  facet normal 0 1 0
    outer loop
      vertex 64.4316 2.4 17.4442
      vertex 74 2.4 2
      vertex 64.5 2.4 16.4
    endloop
  endfacet
  facet normal 0 1 0
    outer loop
      vertex 64.5 2.4 16.4
      vertex 74 2.4 2
      vertex 64.5 2.4 2
    endloop
  endfacet
  facet normal 0 1 -0
    outer loop
      vertex 55.4558 2.4 24.3316
      vertex 39 2.4 44.5
      vertex 56.5 2.4 24.4
    endloop
  endfacet
  facet normal 0 1 -0
    outer loop
      vertex 54.4294 2.4 24.1274
      vertex 39 2.4 44.5
      vertex 55.4558 2.4 24.3316
    endloop
  endfacet
  facet normal 0 1 -0
    outer loop
      vertex 53.4385 2.4 23.791
      vertex 39 2.4 44.5
      vertex 54.4294 2.4 24.1274
    endloop
  endfacet
  facet normal 0 1 -0
    outer loop
      vertex 52.5 2.4 23.3282
      vertex 39 2.4 44.5
      vertex 53.4385 2.4 23.791
    endloop
  endfacet
  facet normal 0 1 -0
    outer loop
      vertex 51.6299 2.4 22.7468
      vertex 39 2.4 44.5
      vertex 52.5 2.4 23.3282
    endloop
  endfacet
  facet normal 0 1 -0
    outer loop
      vertex 50.8431 2.4 22.0569
      vertex 39 2.4 44.5
      vertex 51.6299 2.4 22.7468
    endloop
  endfacet
  facet normal 0 1 -0
    outer loop
      vertex 50.1532 2.4 21.2701
      vertex 39 2.4 44.5
      vertex 50.8431 2.4 22.0569
    endloop
  endfacet
  facet normal 0 1 -0
    outer loop
      vertex 49.5718 2.4 20.4
      vertex 39 2.4 44.5
      vertex 50.1532 2.4 21.2701
    endloop
  endfacet
  facet normal 0 1 -0
    outer loop
      vertex 49.109 2.4 19.4615
      vertex 39 2.4 44.5
      vertex 49.5718 2.4 20.4
    endloop
  endfacet
  facet normal 0 1 -0
    outer loop
      vertex 48.7726 2.4 18.4706
      vertex 39 2.4 44.5
      vertex 49.109 2.4 19.4615
    endloop
  endfacet
  facet normal 0 1 -0
    outer loop
      vertex 48.5684 2.4 17.4442
      vertex 39 2.4 44.5
      vertex 48.7726 2.4 18.4706
    endloop
  endfacet
  facet normal 0 1 0
    outer loop
      vertex 39 2.4 2
      vertex 48.5684 2.4 17.4442
      vertex 48.5 2.4 16.4
    endloop
  endfacet
  facet normal 0 1 0
    outer loop
      vertex 39 2.4 2
      vertex 48.5 2.4 16.4
      vertex 48.5 2.4 2
    endloop
  endfacet
  facet normal 0 1 0
    outer loop
      vertex 48.5684 2.4 17.4442
      vertex 39 2.4 2
      vertex 39 2.4 44.5
    endloop
  endfacet
  facet normal 0 -1 0
    outer loop
      vertex 39 18.7 44.5
      vertex 56.5 18.7 24.4
      vertex 74 18.7 44.5
    endloop
  endfacet
  facet normal 0 -1 0
    outer loop
      vertex 39 18.7 44.5
      vertex 55.4558 18.7 24.3316
      vertex 56.5 18.7 24.4
    endloop
  endfacet
  facet normal 0 -1 0
    outer loop
      vertex 39 18.7 44.5
      vertex 54.4294 18.7 24.1274
      vertex 55.4558 18.7 24.3316
    endloop
  endfacet
  facet normal 0 -1 0
    outer loop
      vertex 39 18.7 44.5
      vertex 53.4385 18.7 23.791
      vertex 54.4294 18.7 24.1274
    endloop
  endfacet
  facet normal 0 -1 0
    outer loop
      vertex 39 18.7 44.5
      vertex 52.5 18.7 23.3282
      vertex 53.4385 18.7 23.791
    endloop
  endfacet
  facet normal 0 -1 0
    outer loop
      vertex 39 18.7 44.5
      vertex 51.6299 18.7 22.7468
      vertex 52.5 18.7 23.3282
    endloop
  endfacet
  facet normal 0 -1 0
    outer loop
      vertex 39 18.7 44.5
      vertex 50.8431 18.7 22.0569
      vertex 51.6299 18.7 22.7468
    endloop
  endfacet
  facet normal 0 -1 0
    outer loop
      vertex 39 18.7 44.5
      vertex 50.1532 18.7 21.2701
      vertex 50.8431 18.7 22.0569
    endloop
  endfacet
  facet normal 0 -1 0
    outer loop
      vertex 39 18.7 44.5
      vertex 49.5718 18.7 20.4
      vertex 50.1532 18.7 21.2701
    endloop
  endfacet
  facet normal 0 -1 0
    outer loop
      vertex 39 18.7 44.5
      vertex 49.109 18.7 19.4615
      vertex 49.5718 18.7 20.4
    endloop
  endfacet
  facet normal 0 -1 0
    outer loop
      vertex 39 18.7 44.5
      vertex 48.7726 18.7 18.4706
      vertex 49.109 18.7 19.4615
    endloop
  endfacet
  facet normal 0 -1 0
    outer loop
      vertex 39 18.7 44.5
      vertex 48.5684 18.7 17.4442
      vertex 48.7726 18.7 18.4706
    endloop
  endfacet
  facet normal 0 -1 0
    outer loop
      vertex 39 18.7 2
      vertex 48.5684 18.7 17.4442
      vertex 39 18.7 44.5
    endloop
  endfacet
  facet normal 0 -1 0
    outer loop
      vertex 48.5684 18.7 17.4442
      vertex 39 18.7 2
      vertex 48.5 18.7 16.4
    endloop
  endfacet
  facet normal 0 -1 -0
    outer loop
      vertex 48.5 18.7 16.4
      vertex 39 18.7 2
      vertex 48.5 18.7 2
    endloop
  endfacet
  facet normal 0 -1 0
    outer loop
      vertex 57.5442 18.7 24.3316
      vertex 74 18.7 44.5
      vertex 56.5 18.7 24.4
    endloop
  endfacet
  facet normal 0 -1 0
    outer loop
      vertex 58.5706 18.7 24.1274
      vertex 74 18.7 44.5
      vertex 57.5442 18.7 24.3316
    endloop
  endfacet
  facet normal 0 -1 0
    outer loop
      vertex 59.5615 18.7 23.791
      vertex 74 18.7 44.5
      vertex 58.5706 18.7 24.1274
    endloop
  endfacet
  facet normal 0 -1 0
    outer loop
      vertex 60.5 18.7 23.3282
      vertex 74 18.7 44.5
      vertex 59.5615 18.7 23.791
    endloop
  endfacet
  facet normal 0 -1 0
    outer loop
      vertex 61.3701 18.7 22.7468
      vertex 74 18.7 44.5
      vertex 60.5 18.7 23.3282
    endloop
  endfacet
  facet normal 0 -1 0
    outer loop
      vertex 62.1569 18.7 22.0569
      vertex 74 18.7 44.5
      vertex 61.3701 18.7 22.7468
    endloop
  endfacet
  facet normal 0 -1 0
    outer loop
      vertex 62.8468 18.7 21.2701
      vertex 74 18.7 44.5
      vertex 62.1569 18.7 22.0569
    endloop
  endfacet
  facet normal 0 -1 0
    outer loop
      vertex 63.4282 18.7 20.4
      vertex 74 18.7 44.5
      vertex 62.8468 18.7 21.2701
    endloop
  endfacet
  facet normal 0 -1 0
    outer loop
      vertex 63.891 18.7 19.4615
      vertex 74 18.7 44.5
      vertex 63.4282 18.7 20.4
    endloop
  endfacet
  facet normal 0 -1 0
    outer loop
      vertex 64.2274 18.7 18.4706
      vertex 74 18.7 44.5
      vertex 63.891 18.7 19.4615
    endloop
  endfacet
  facet normal 0 -1 0
    outer loop
      vertex 64.4316 18.7 17.4442
      vertex 74 18.7 44.5
      vertex 64.2274 18.7 18.4706
    endloop
  endfacet
  facet normal 0 -1 0
    outer loop
      vertex 74 18.7 2
      vertex 64.4316 18.7 17.4442
      vertex 64.5 18.7 16.4
    endloop
  endfacet
  facet normal 0 -1 0
    outer loop
      vertex 74 18.7 2
      vertex 64.5 18.7 16.4
      vertex 64.5 18.7 2
    endloop
  endfacet
  facet normal 0 -1 0
    outer loop
      vertex 64.4316 18.7 17.4442
      vertex 74 18.7 2
      vertex 74 18.7 44.5
    endloop
  endfacet
  facet normal 1 -0 0
    outer loop
      vertex 75.6 2.4 44.5
      vertex 75.6 18.7 2
      vertex 75.6 18.7 44.5
    endloop
  endfacet
  facet normal 1 0 0
    outer loop
      vertex 75.6 18.7 2
      vertex 75.6 2.4 44.5
      vertex 75.6 2.4 2
    endloop
  endfacet
  facet normal -1 0 0
    outer loop
      vertex 110.6 2.4 2
      vertex 110.6 18.7 44.5
      vertex 110.6 18.7 2
    endloop
  endfacet
  facet normal -1 -0 0
    outer loop
      vertex 110.6 18.7 44.5
      vertex 110.6 2.4 2
      vertex 110.6 2.4 44.5
    endloop
  endfacet
  facet normal -0 0 1
    outer loop
      vertex 75.6 18.7 2
      vertex 85.1 18.3 2
      vertex 85.1 18.7 2
    endloop
  endfacet
  facet normal 0 0 1
    outer loop
      vertex 85.1 18.3 2
      vertex 75.6 18.7 2
      vertex 85.1 2.8 2
    endloop
  endfacet
  facet normal 0 0 1
    outer loop
      vertex 75.6 2.4 2
      vertex 85.1 2.8 2
      vertex 75.6 18.7 2
    endloop
  endfacet
  facet normal 0 0 1
    outer loop
      vertex 85.1 2.8 2
      vertex 75.6 2.4 2
      vertex 85.1 2.4 2
    endloop
  endfacet
  facet normal -0 0 1
    outer loop
      vertex 85.1 18.3 2
      vertex 101.1 2.8 2
      vertex 101.1 18.3 2
    endloop
  endfacet
  facet normal 0 0 1
    outer loop
      vertex 101.1 2.8 2
      vertex 85.1 18.3 2
      vertex 85.1 2.8 2
    endloop
  endfacet
  facet normal 0 0 1
    outer loop
      vertex 101.1 18.3 2
      vertex 110.6 18.7 2
      vertex 101.1 18.7 2
    endloop
  endfacet
  facet normal 0 0 1
    outer loop
      vertex 110.6 18.7 2
      vertex 101.1 18.3 2
      vertex 110.6 2.4 2
    endloop
  endfacet
  facet normal -0 0 1
    outer loop
      vertex 101.1 2.8 2
      vertex 110.6 2.4 2
      vertex 101.1 18.3 2
    endloop
  endfacet
  facet normal 0 0 1
    outer loop
      vertex 110.6 2.4 2
      vertex 101.1 2.8 2
      vertex 101.1 2.4 2
    endloop
  endfacet
  facet normal 0 1 0
    outer loop
      vertex 110.6 2.4 44.5
      vertex 93.1 2.4 24.4
      vertex 75.6 2.4 44.5
    endloop
  endfacet
  facet normal 0 1 0
    outer loop
      vertex 110.6 2.4 44.5
      vertex 94.1442 2.4 24.3316
      vertex 93.1 2.4 24.4
    endloop
  endfacet
  facet normal 0 1 0
    outer loop
      vertex 110.6 2.4 44.5
      vertex 95.1706 2.4 24.1274
      vertex 94.1442 2.4 24.3316
    endloop
  endfacet
  facet normal 0 1 0
    outer loop
      vertex 110.6 2.4 44.5
      vertex 96.1615 2.4 23.791
      vertex 95.1706 2.4 24.1274
    endloop
  endfacet
  facet normal 0 1 0
    outer loop
      vertex 110.6 2.4 44.5
      vertex 97.1 2.4 23.3282
      vertex 96.1615 2.4 23.791
    endloop
  endfacet
  facet normal 0 1 0
    outer loop
      vertex 110.6 2.4 44.5
      vertex 97.9701 2.4 22.7468
      vertex 97.1 2.4 23.3282
    endloop
  endfacet
  facet normal 0 1 0
    outer loop
      vertex 110.6 2.4 44.5
      vertex 98.7569 2.4 22.0569
      vertex 97.9701 2.4 22.7468
    endloop
  endfacet
  facet normal 0 1 0
    outer loop
      vertex 110.6 2.4 44.5
      vertex 99.4468 2.4 21.2701
      vertex 98.7569 2.4 22.0569
    endloop
  endfacet
  facet normal 0 1 0
    outer loop
      vertex 110.6 2.4 44.5
      vertex 100.028 2.4 20.4
      vertex 99.4468 2.4 21.2701
    endloop
  endfacet
  facet normal 0 1 0
    outer loop
      vertex 110.6 2.4 44.5
      vertex 100.491 2.4 19.4615
      vertex 100.028 2.4 20.4
    endloop
  endfacet
  facet normal 0 1 0
    outer loop
      vertex 110.6 2.4 44.5
      vertex 100.827 2.4 18.4706
      vertex 100.491 2.4 19.4615
    endloop
  endfacet
  facet normal 0 1 0
    outer loop
      vertex 110.6 2.4 44.5
      vertex 101.032 2.4 17.4442
      vertex 100.827 2.4 18.4706
    endloop
  endfacet
  facet normal 0 1 -0
    outer loop
      vertex 110.6 2.4 2
      vertex 101.032 2.4 17.4442
      vertex 110.6 2.4 44.5
    endloop
  endfacet
  facet normal 0 1 0
    outer loop
      vertex 101.032 2.4 17.4442
      vertex 110.6 2.4 2
      vertex 101.1 2.4 16.4
    endloop
  endfacet
  facet normal 0 1 0
    outer loop
      vertex 101.1 2.4 16.4
      vertex 110.6 2.4 2
      vertex 101.1 2.4 2
    endloop
  endfacet
  facet normal 0 1 -0
    outer loop
      vertex 92.0558 2.4 24.3316
      vertex 75.6 2.4 44.5
      vertex 93.1 2.4 24.4
    endloop
  endfacet
  facet normal 0 1 -0
    outer loop
      vertex 91.0294 2.4 24.1274
      vertex 75.6 2.4 44.5
      vertex 92.0558 2.4 24.3316
    endloop
  endfacet
  facet normal 0 1 -0
    outer loop
      vertex 90.0385 2.4 23.791
      vertex 75.6 2.4 44.5
      vertex 91.0294 2.4 24.1274
    endloop
  endfacet
  facet normal 0 1 -0
    outer loop
      vertex 89.1 2.4 23.3282
      vertex 75.6 2.4 44.5
      vertex 90.0385 2.4 23.791
    endloop
  endfacet
  facet normal 0 1 -0
    outer loop
      vertex 88.2299 2.4 22.7468
      vertex 75.6 2.4 44.5
      vertex 89.1 2.4 23.3282
    endloop
  endfacet
  facet normal 0 1 -0
    outer loop
      vertex 87.4431 2.4 22.0569
      vertex 75.6 2.4 44.5
      vertex 88.2299 2.4 22.7468
    endloop
  endfacet
  facet normal 0 1 -0
    outer loop
      vertex 86.7532 2.4 21.2701
      vertex 75.6 2.4 44.5
      vertex 87.4431 2.4 22.0569
    endloop
  endfacet
  facet normal 0 1 -0
    outer loop
      vertex 86.1718 2.4 20.4
      vertex 75.6 2.4 44.5
      vertex 86.7532 2.4 21.2701
    endloop
  endfacet
  facet normal 0 1 -0
    outer loop
      vertex 85.709 2.4 19.4615
      vertex 75.6 2.4 44.5
      vertex 86.1718 2.4 20.4
    endloop
  endfacet
  facet normal 0 1 -0
    outer loop
      vertex 85.3726 2.4 18.4706
      vertex 75.6 2.4 44.5
      vertex 85.709 2.4 19.4615
    endloop
  endfacet
  facet normal 0 1 -0
    outer loop
      vertex 85.1684 2.4 17.4442
      vertex 75.6 2.4 44.5
      vertex 85.3726 2.4 18.4706
    endloop
  endfacet
  facet normal 0 1 0
    outer loop
      vertex 75.6 2.4 2
      vertex 85.1684 2.4 17.4442
      vertex 85.1 2.4 16.4
    endloop
  endfacet
  facet normal 0 1 0
    outer loop
      vertex 75.6 2.4 2
      vertex 85.1 2.4 16.4
      vertex 85.1 2.4 2
    endloop
  endfacet
  facet normal 0 1 0
    outer loop
      vertex 85.1684 2.4 17.4442
      vertex 75.6 2.4 2
      vertex 75.6 2.4 44.5
    endloop
  endfacet
  facet normal 0 -1 0
    outer loop
      vertex 75.6 18.7 44.5
      vertex 93.1 18.7 24.4
      vertex 110.6 18.7 44.5
    endloop
  endfacet
  facet normal 0 -1 0
    outer loop
      vertex 75.6 18.7 44.5
      vertex 92.0558 18.7 24.3316
      vertex 93.1 18.7 24.4
    endloop
  endfacet
  facet normal 0 -1 0
    outer loop
      vertex 75.6 18.7 44.5
      vertex 91.0294 18.7 24.1274
      vertex 92.0558 18.7 24.3316
    endloop
  endfacet
  facet normal 0 -1 0
    outer loop
      vertex 75.6 18.7 44.5
      vertex 90.0385 18.7 23.791
      vertex 91.0294 18.7 24.1274
    endloop
  endfacet
  facet normal 0 -1 0
    outer loop
      vertex 75.6 18.7 44.5
      vertex 89.1 18.7 23.3282
      vertex 90.0385 18.7 23.791
    endloop
  endfacet
  facet normal 0 -1 0
    outer loop
      vertex 75.6 18.7 44.5
      vertex 88.2299 18.7 22.7468
      vertex 89.1 18.7 23.3282
    endloop
  endfacet
  facet normal 0 -1 0
    outer loop
      vertex 75.6 18.7 44.5
      vertex 87.4431 18.7 22.0569
      vertex 88.2299 18.7 22.7468
    endloop
  endfacet
  facet normal 0 -1 0
    outer loop
      vertex 75.6 18.7 44.5
      vertex 86.7532 18.7 21.2701
      vertex 87.4431 18.7 22.0569
    endloop
  endfacet
  facet normal 0 -1 0
    outer loop
      vertex 75.6 18.7 44.5
      vertex 86.1718 18.7 20.4
      vertex 86.7532 18.7 21.2701
    endloop
  endfacet
  facet normal 0 -1 0
    outer loop
      vertex 75.6 18.7 44.5
      vertex 85.709 18.7 19.4615
      vertex 86.1718 18.7 20.4
    endloop
  endfacet
  facet normal 0 -1 0
    outer loop
      vertex 75.6 18.7 44.5
      vertex 85.3726 18.7 18.4706
      vertex 85.709 18.7 19.4615
    endloop
  endfacet
  facet normal 0 -1 0
    outer loop
      vertex 75.6 18.7 44.5
      vertex 85.1684 18.7 17.4442
      vertex 85.3726 18.7 18.4706
    endloop
  endfacet
  facet normal 0 -1 0
    outer loop
      vertex 75.6 18.7 2
      vertex 85.1684 18.7 17.4442
      vertex 75.6 18.7 44.5
    endloop
  endfacet
  facet normal 0 -1 0
    outer loop
      vertex 85.1684 18.7 17.4442
      vertex 75.6 18.7 2
      vertex 85.1 18.7 16.4
    endloop
  endfacet
  facet normal 0 -1 -0
    outer loop
      vertex 85.1 18.7 16.4
      vertex 75.6 18.7 2
      vertex 85.1 18.7 2
    endloop
  endfacet
  facet normal 0 -1 0
    outer loop
      vertex 94.1442 18.7 24.3316
      vertex 110.6 18.7 44.5
      vertex 93.1 18.7 24.4
    endloop
  endfacet
  facet normal 0 -1 0
    outer loop
      vertex 95.1706 18.7 24.1274
      vertex 110.6 18.7 44.5
      vertex 94.1442 18.7 24.3316
    endloop
  endfacet
  facet normal 0 -1 0
    outer loop
      vertex 96.1615 18.7 23.791
      vertex 110.6 18.7 44.5
      vertex 95.1706 18.7 24.1274
    endloop
  endfacet
  facet normal 0 -1 0
    outer loop
      vertex 97.1 18.7 23.3282
      vertex 110.6 18.7 44.5
      vertex 96.1615 18.7 23.791
    endloop
  endfacet
  facet normal 0 -1 0
    outer loop
      vertex 97.9701 18.7 22.7468
      vertex 110.6 18.7 44.5
      vertex 97.1 18.7 23.3282
    endloop
  endfacet
  facet normal 0 -1 0
    outer loop
      vertex 98.7569 18.7 22.0569
      vertex 110.6 18.7 44.5
      vertex 97.9701 18.7 22.7468
    endloop
  endfacet
  facet normal 0 -1 0
    outer loop
      vertex 99.4468 18.7 21.2701
      vertex 110.6 18.7 44.5
      vertex 98.7569 18.7 22.0569
    endloop
  endfacet
  facet normal 0 -1 0
    outer loop
      vertex 100.028 18.7 20.4
      vertex 110.6 18.7 44.5
      vertex 99.4468 18.7 21.2701
    endloop
  endfacet
  facet normal 0 -1 0
    outer loop
      vertex 100.491 18.7 19.4615
      vertex 110.6 18.7 44.5
      vertex 100.028 18.7 20.4
    endloop
  endfacet
  facet normal 0 -1 0
    outer loop
      vertex 100.827 18.7 18.4706
      vertex 110.6 18.7 44.5
      vertex 100.491 18.7 19.4615
    endloop
  endfacet
  facet normal 0 -1 0
    outer loop
      vertex 101.032 18.7 17.4442
      vertex 110.6 18.7 44.5
      vertex 100.827 18.7 18.4706
    endloop
  endfacet
  facet normal 0 -1 0
    outer loop
      vertex 110.6 18.7 2
      vertex 101.032 18.7 17.4442
      vertex 101.1 18.7 16.4
    endloop
  endfacet
  facet normal 0 -1 0
    outer loop
      vertex 110.6 18.7 2
      vertex 101.1 18.7 16.4
      vertex 101.1 18.7 2
    endloop
  endfacet
  facet normal 0 -1 0
    outer loop
      vertex 101.032 18.7 17.4442
      vertex 110.6 18.7 2
      vertex 110.6 18.7 44.5
    endloop
  endfacet
  facet normal 1 -0 0
    outer loop
      vertex 113.7 5.75 44.5
      vertex 113.7 7.95 29.6
      vertex 113.7 7.95 44.5
    endloop
  endfacet
  facet normal 1 0 0
    outer loop
      vertex 113.7 7.95 29.6
      vertex 113.7 5.75 44.5
      vertex 113.7 5.75 29.6
    endloop
  endfacet
  facet normal -1 0 0
    outer loop
      vertex 125.7 5.75 29.6
      vertex 125.7 7.95 44.5
      vertex 125.7 7.95 29.6
    endloop
  endfacet
  facet normal -1 -0 0
    outer loop
      vertex 125.7 7.95 44.5
      vertex 125.7 5.75 29.6
      vertex 125.7 5.75 44.5
    endloop
  endfacet
  facet normal 0 -1 0
    outer loop
      vertex 113.7 7.95 29.6
      vertex 125.7 7.95 44.5
      vertex 113.7 7.95 44.5
    endloop
  endfacet
  facet normal 0 -1 -0
    outer loop
      vertex 125.7 7.95 44.5
      vertex 113.7 7.95 29.6
      vertex 125.7 7.95 29.6
    endloop
  endfacet
  facet normal -0 0 1
    outer loop
      vertex 113.7 7.95 29.6
      vertex 125.7 5.75 29.6
      vertex 125.7 7.95 29.6
    endloop
  endfacet
  facet normal 0 0 1
    outer loop
      vertex 125.7 5.75 29.6
      vertex 113.7 7.95 29.6
      vertex 113.7 5.75 29.6
    endloop
  endfacet
  facet normal 0 1 -0
    outer loop
      vertex 125.7 5.75 29.6
      vertex 113.7 5.75 44.5
      vertex 125.7 5.75 44.5
    endloop
  endfacet
  facet normal 0 1 0
    outer loop
      vertex 113.7 5.75 44.5
      vertex 125.7 5.75 29.6
      vertex 113.7 5.75 29.6
    endloop
  endfacet
  facet normal 1 -0 0
    outer loop
      vertex 113.7 9.45 44.5
      vertex 113.7 11.65 29.6
      vertex 113.7 11.65 44.5
    endloop
  endfacet
  facet normal 1 0 0
    outer loop
      vertex 113.7 11.65 29.6
      vertex 113.7 9.45 44.5
      vertex 113.7 9.45 29.6
    endloop
  endfacet
  facet normal -1 0 0
    outer loop
      vertex 125.7 9.45 29.6
      vertex 125.7 11.65 44.5
      vertex 125.7 11.65 29.6
    endloop
  endfacet
  facet normal -1 -0 0
    outer loop
      vertex 125.7 11.65 44.5
      vertex 125.7 9.45 29.6
      vertex 125.7 9.45 44.5
    endloop
  endfacet
  facet normal 0 -1 0
    outer loop
      vertex 113.7 11.65 29.6
      vertex 125.7 11.65 44.5
      vertex 113.7 11.65 44.5
    endloop
  endfacet
  facet normal 0 -1 -0
    outer loop
      vertex 125.7 11.65 44.5
      vertex 113.7 11.65 29.6
      vertex 125.7 11.65 29.6
    endloop
  endfacet
  facet normal -0 0 1
    outer loop
      vertex 113.7 11.65 29.6
      vertex 125.7 9.45 29.6
      vertex 125.7 11.65 29.6
    endloop
  endfacet
  facet normal 0 0 1
    outer loop
      vertex 125.7 9.45 29.6
      vertex 113.7 11.65 29.6
      vertex 113.7 9.45 29.6
    endloop
  endfacet
  facet normal 0 1 -0
    outer loop
      vertex 125.7 9.45 29.6
      vertex 113.7 9.45 44.5
      vertex 125.7 9.45 44.5
    endloop
  endfacet
  facet normal 0 1 0
    outer loop
      vertex 113.7 9.45 44.5
      vertex 125.7 9.45 29.6
      vertex 113.7 9.45 29.6
    endloop
  endfacet
  facet normal 1 -0 0
    outer loop
      vertex 113.7 13.15 44.5
      vertex 113.7 15.35 29.6
      vertex 113.7 15.35 44.5
    endloop
  endfacet
  facet normal 1 0 0
    outer loop
      vertex 113.7 15.35 29.6
      vertex 113.7 13.15 44.5
      vertex 113.7 13.15 29.6
    endloop
  endfacet
  facet normal -1 0 0
    outer loop
      vertex 125.7 13.15 29.6
      vertex 125.7 15.35 44.5
      vertex 125.7 15.35 29.6
    endloop
  endfacet
  facet normal -1 -0 0
    outer loop
      vertex 125.7 15.35 44.5
      vertex 125.7 13.15 29.6
      vertex 125.7 13.15 44.5
    endloop
  endfacet
  facet normal 0 -1 0
    outer loop
      vertex 113.7 15.35 29.6
      vertex 125.7 15.35 44.5
      vertex 113.7 15.35 44.5
    endloop
  endfacet
  facet normal 0 -1 -0
    outer loop
      vertex 125.7 15.35 44.5
      vertex 113.7 15.35 29.6
      vertex 125.7 15.35 29.6
    endloop
  endfacet
  facet normal -0 0 1
    outer loop
      vertex 113.7 15.35 29.6
      vertex 125.7 13.15 29.6
      vertex 125.7 15.35 29.6
    endloop
  endfacet
  facet normal 0 0 1
    outer loop
      vertex 125.7 13.15 29.6
      vertex 113.7 15.35 29.6
      vertex 113.7 13.15 29.6
    endloop
  endfacet
  facet normal 0 1 -0
    outer loop
      vertex 125.7 13.15 29.6
      vertex 113.7 13.15 44.5
      vertex 125.7 13.15 44.5
    endloop
  endfacet
  facet normal 0 1 0
    outer loop
      vertex 113.7 13.15 44.5
      vertex 125.7 13.15 29.6
      vertex 113.7 13.15 29.6
    endloop
  endfacet
  facet normal 0.946569 0 -0.322503
    outer loop
      vertex 115.081 0 33.5134
      vertex 114.87 2.8 32.8941
      vertex 115.081 2.8 33.5134
    endloop
  endfacet
  facet normal 0.946569 0 -0.322503
    outer loop
      vertex 114.87 2.8 32.8941
      vertex 115.081 0 33.5134
      vertex 114.87 0 32.8941
    endloop
  endfacet
  facet normal 0.897042 0 -0.441945
    outer loop
      vertex 115.37 0 34.1
      vertex 115.081 2.8 33.5134
      vertex 115.37 2.8 34.1
    endloop
  endfacet
  facet normal 0.897042 0 -0.441945
    outer loop
      vertex 115.081 2.8 33.5134
      vertex 115.37 0 34.1
      vertex 115.081 0 33.5134
    endloop
  endfacet
  facet normal -0.897042 0 0.441945
    outer loop
      vertex 124.03 0 14.1
      vertex 124.319 2.8 14.6866
      vertex 124.03 2.8 14.1
    endloop
  endfacet
  facet normal -0.897042 0 0.441945
    outer loop
      vertex 124.319 2.8 14.6866
      vertex 124.03 0 14.1
      vertex 124.319 0 14.6866
    endloop
  endfacet
  facet normal 0.831721 -0 0.555194
    outer loop
      vertex 115.37 0 14.1
      vertex 115.733 2.8 13.5562
      vertex 115.37 2.8 14.1
    endloop
  endfacet
  facet normal 0.831721 0 0.555194
    outer loop
      vertex 115.733 2.8 13.5562
      vertex 115.37 0 14.1
      vertex 115.733 0 13.5562
    endloop
  endfacet
  facet normal 0.997836 0 -0.0657477
    outer loop
      vertex 114.743 0 32.2526
      vertex 114.7 2.8 31.6
      vertex 114.743 2.8 32.2526
    endloop
  endfacet
  facet normal 0.997836 0 -0.0657477
    outer loop
      vertex 114.7 2.8 31.6
      vertex 114.743 0 32.2526
      vertex 114.7 0 31.6
    endloop
  endfacet
  facet normal 0.980961 0 -0.194204
    outer loop
      vertex 114.87 0 32.8941
      vertex 114.743 2.8 32.2526
      vertex 114.87 2.8 32.8941
    endloop
  endfacet
  facet normal 0.980961 0 -0.194204
    outer loop
      vertex 114.743 2.8 32.2526
      vertex 114.87 0 32.8941
      vertex 114.743 0 32.2526
    endloop
  endfacet
  facet normal -0.980961 0 0.194204
    outer loop
      vertex 124.53 0 15.3059
      vertex 124.657 2.8 15.9474
      vertex 124.53 2.8 15.3059
    endloop
  endfacet
  facet normal -0.980961 0 0.194204
    outer loop
      vertex 124.657 2.8 15.9474
      vertex 124.53 0 15.3059
      vertex 124.657 0 15.9474
    endloop
  endfacet
  facet normal -0.659197 0 -0.75197
    outer loop
      vertex 122.744 0 35.5668
      vertex 123.236 2.8 35.1355
      vertex 123.236 0 35.1355
    endloop
  endfacet
  facet normal -0.659197 0 -0.75197
    outer loop
      vertex 123.236 2.8 35.1355
      vertex 122.744 0 35.5668
      vertex 122.744 2.8 35.5668
    endloop
  endfacet
  facet normal 0.980961 -0 0.194204
    outer loop
      vertex 114.743 0 15.9474
      vertex 114.87 2.8 15.3059
      vertex 114.743 2.8 15.9474
    endloop
  endfacet
  facet normal 0.980961 0 0.194204
    outer loop
      vertex 114.87 2.8 15.3059
      vertex 114.743 0 15.9474
      vertex 114.87 0 15.3059
    endloop
  endfacet
  facet normal 1 -0 0
    outer loop
      vertex 114.7 0 31.6
      vertex 114.7 2.8 16.6
      vertex 114.7 2.8 31.6
    endloop
  endfacet
  facet normal 1 0 0
    outer loop
      vertex 114.7 2.8 16.6
      vertex 114.7 0 31.6
      vertex 114.7 0 16.6
    endloop
  endfacet
  facet normal -0.946569 0 0.322503
    outer loop
      vertex 124.319 0 14.6866
      vertex 124.53 2.8 15.3059
      vertex 124.319 2.8 14.6866
    endloop
  endfacet
  facet normal -0.946569 0 0.322503
    outer loop
      vertex 124.53 2.8 15.3059
      vertex 124.319 0 14.6866
      vertex 124.53 0 15.3059
    endloop
  endfacet
  facet normal -1 0 0
    outer loop
      vertex 124.7 0 16.6
      vertex 124.7 2.8 31.6
      vertex 124.7 2.8 16.6
    endloop
  endfacet
  facet normal -1 -0 0
    outer loop
      vertex 124.7 2.8 31.6
      vertex 124.7 0 16.6
      vertex 124.7 0 31.6
    endloop
  endfacet
  facet normal -0.946569 0 -0.322503
    outer loop
      vertex 124.53 0 32.8941
      vertex 124.319 2.8 33.5134
      vertex 124.53 2.8 32.8941
    endloop
  endfacet
  facet normal -0.946569 -0 -0.322503
    outer loop
      vertex 124.319 2.8 33.5134
      vertex 124.53 0 32.8941
      vertex 124.319 0 33.5134
    endloop
  endfacet
  facet normal -0.980961 0 -0.194204
    outer loop
      vertex 124.657 0 32.2526
      vertex 124.53 2.8 32.8941
      vertex 124.657 2.8 32.2526
    endloop
  endfacet
  facet normal -0.980961 -0 -0.194204
    outer loop
      vertex 124.53 2.8 32.8941
      vertex 124.657 0 32.2526
      vertex 124.53 0 32.8941
    endloop
  endfacet
  facet normal -0.659197 0 0.75197
    outer loop
      vertex 122.744 2.8 12.6332
      vertex 123.236 0 13.0645
      vertex 123.236 2.8 13.0645
    endloop
  endfacet
  facet normal -0.659197 0 0.75197
    outer loop
      vertex 123.236 0 13.0645
      vertex 122.744 2.8 12.6332
      vertex 122.744 0 12.6332
    endloop
  endfacet
  facet normal -0.0654033 0 0.997859
    outer loop
      vertex 119.7 2.8 11.6
      vertex 120.353 0 11.6428
      vertex 120.353 2.8 11.6428
    endloop
  endfacet
  facet normal -0.0654033 0 0.997859
    outer loop
      vertex 120.353 0 11.6428
      vertex 119.7 2.8 11.6
      vertex 119.7 0 11.6
    endloop
  endfacet
  facet normal -0.442072 0 0.89698
    outer loop
      vertex 121.613 2.8 11.9806
      vertex 122.2 0 12.2699
      vertex 122.2 2.8 12.2699
    endloop
  endfacet
  facet normal -0.442072 0 0.89698
    outer loop
      vertex 122.2 0 12.2699
      vertex 121.613 2.8 11.9806
      vertex 121.613 0 11.9806
    endloop
  endfacet
  facet normal 0.946569 -0 0.322503
    outer loop
      vertex 114.87 0 15.3059
      vertex 115.081 2.8 14.6866
      vertex 114.87 2.8 15.3059
    endloop
  endfacet
  facet normal 0.946569 0 0.322503
    outer loop
      vertex 115.081 2.8 14.6866
      vertex 114.87 0 15.3059
      vertex 115.081 0 14.6866
    endloop
  endfacet
  facet normal 0.997836 -0 0.0657477
    outer loop
      vertex 114.7 0 16.6
      vertex 114.743 2.8 15.9474
      vertex 114.7 2.8 16.6
    endloop
  endfacet
  facet normal 0.997836 0 0.0657477
    outer loop
      vertex 114.743 2.8 15.9474
      vertex 114.7 0 16.6
      vertex 114.743 0 15.9474
    endloop
  endfacet
  facet normal -0.997836 0 0.0657477
    outer loop
      vertex 124.657 0 15.9474
      vertex 124.7 2.8 16.6
      vertex 124.657 2.8 15.9474
    endloop
  endfacet
  facet normal -0.997836 0 0.0657477
    outer loop
      vertex 124.7 2.8 16.6
      vertex 124.657 0 15.9474
      vertex 124.7 0 16.6
    endloop
  endfacet
  facet normal -0.997836 0 -0.0657477
    outer loop
      vertex 124.7 0 31.6
      vertex 124.657 2.8 32.2526
      vertex 124.7 2.8 31.6
    endloop
  endfacet
  facet normal -0.997836 -0 -0.0657477
    outer loop
      vertex 124.657 2.8 32.2526
      vertex 124.7 0 31.6
      vertex 124.657 0 32.2526
    endloop
  endfacet
  facet normal -0.55537 0 0.831603
    outer loop
      vertex 122.2 2.8 12.2699
      vertex 122.744 0 12.6332
      vertex 122.744 2.8 12.6332
    endloop
  endfacet
  facet normal -0.55537 0 0.831603
    outer loop
      vertex 122.744 0 12.6332
      vertex 122.2 2.8 12.2699
      vertex 122.2 0 12.2699
    endloop
  endfacet
  facet normal 0.321546 0 0.946894
    outer loop
      vertex 117.787 2.8 11.9806
      vertex 118.406 0 11.7704
      vertex 118.406 2.8 11.7704
    endloop
  endfacet
  facet normal 0.321546 0 0.946894
    outer loop
      vertex 118.406 0 11.7704
      vertex 117.787 2.8 11.9806
      vertex 117.787 0 11.9806
    endloop
  endfacet
  facet normal 0.659197 0 0.75197
    outer loop
      vertex 116.164 2.8 13.0645
      vertex 116.656 0 12.6332
      vertex 116.656 2.8 12.6332
    endloop
  endfacet
  facet normal 0.659197 0 0.75197
    outer loop
      vertex 116.656 0 12.6332
      vertex 116.164 2.8 13.0645
      vertex 116.164 0 13.0645
    endloop
  endfacet
  facet normal 0.897042 -0 0.441945
    outer loop
      vertex 115.081 0 14.6866
      vertex 115.37 2.8 14.1
      vertex 115.081 2.8 14.6866
    endloop
  endfacet
  facet normal 0.897042 0 0.441945
    outer loop
      vertex 115.37 2.8 14.1
      vertex 115.081 0 14.6866
      vertex 115.37 0 14.1
    endloop
  endfacet
  facet normal 0.0654033 0 0.997859
    outer loop
      vertex 119.047 2.8 11.6428
      vertex 119.7 0 11.6
      vertex 119.7 2.8 11.6
    endloop
  endfacet
  facet normal 0.0654033 0 0.997859
    outer loop
      vertex 119.7 0 11.6
      vertex 119.047 2.8 11.6428
      vertex 119.047 0 11.6428
    endloop
  endfacet
  facet normal 0 -1 0
    outer loop
      vertex 119.047 2.8 36.5572
      vertex 120.353 2.8 36.5572
      vertex 119.7 2.8 36.6
    endloop
  endfacet
  facet normal 0 -1 0
    outer loop
      vertex 118.406 2.8 36.4296
      vertex 120.353 2.8 36.5572
      vertex 119.047 2.8 36.5572
    endloop
  endfacet
  facet normal 0 -1 0
    outer loop
      vertex 118.406 2.8 36.4296
      vertex 120.994 2.8 36.4296
      vertex 120.353 2.8 36.5572
    endloop
  endfacet
  facet normal 0 -1 0
    outer loop
      vertex 117.787 2.8 36.2194
      vertex 120.994 2.8 36.4296
      vertex 118.406 2.8 36.4296
    endloop
  endfacet
  facet normal 0 -1 0
    outer loop
      vertex 117.787 2.8 36.2194
      vertex 121.613 2.8 36.2194
      vertex 120.994 2.8 36.4296
    endloop
  endfacet
  facet normal 0 -1 0
    outer loop
      vertex 117.2 2.8 35.9301
      vertex 121.613 2.8 36.2194
      vertex 117.787 2.8 36.2194
    endloop
  endfacet
  facet normal 0 -1 0
    outer loop
      vertex 117.2 2.8 35.9301
      vertex 122.2 2.8 35.9301
      vertex 121.613 2.8 36.2194
    endloop
  endfacet
  facet normal 0 -1 0
    outer loop
      vertex 116.656 2.8 35.5668
      vertex 122.2 2.8 35.9301
      vertex 117.2 2.8 35.9301
    endloop
  endfacet
  facet normal 0 -1 0
    outer loop
      vertex 116.656 2.8 35.5668
      vertex 122.744 2.8 35.5668
      vertex 122.2 2.8 35.9301
    endloop
  endfacet
  facet normal 0 -1 0
    outer loop
      vertex 116.164 2.8 35.1355
      vertex 122.744 2.8 35.5668
      vertex 116.656 2.8 35.5668
    endloop
  endfacet
  facet normal 0 -1 0
    outer loop
      vertex 116.164 2.8 35.1355
      vertex 123.236 2.8 35.1355
      vertex 122.744 2.8 35.5668
    endloop
  endfacet
  facet normal 0 -1 0
    outer loop
      vertex 115.733 2.8 34.6438
      vertex 123.236 2.8 35.1355
      vertex 116.164 2.8 35.1355
    endloop
  endfacet
  facet normal 0 -1 0
    outer loop
      vertex 115.733 2.8 34.6438
      vertex 123.667 2.8 34.6438
      vertex 123.236 2.8 35.1355
    endloop
  endfacet
  facet normal 0 -1 0
    outer loop
      vertex 115.37 2.8 34.1
      vertex 123.667 2.8 34.6438
      vertex 115.733 2.8 34.6438
    endloop
  endfacet
  facet normal 0 -1 0
    outer loop
      vertex 115.37 2.8 34.1
      vertex 124.03 2.8 34.1
      vertex 123.667 2.8 34.6438
    endloop
  endfacet
  facet normal 0 -1 0
    outer loop
      vertex 115.081 2.8 33.5134
      vertex 124.03 2.8 34.1
      vertex 115.37 2.8 34.1
    endloop
  endfacet
  facet normal 0 -1 0
    outer loop
      vertex 115.081 2.8 33.5134
      vertex 124.319 2.8 33.5134
      vertex 124.03 2.8 34.1
    endloop
  endfacet
  facet normal 0 -1 0
    outer loop
      vertex 114.87 2.8 32.8941
      vertex 124.319 2.8 33.5134
      vertex 115.081 2.8 33.5134
    endloop
  endfacet
  facet normal 0 -1 0
    outer loop
      vertex 114.87 2.8 32.8941
      vertex 124.53 2.8 32.8941
      vertex 124.319 2.8 33.5134
    endloop
  endfacet
  facet normal 0 -1 0
    outer loop
      vertex 114.743 2.8 32.2526
      vertex 124.53 2.8 32.8941
      vertex 114.87 2.8 32.8941
    endloop
  endfacet
  facet normal 0 -1 0
    outer loop
      vertex 114.743 2.8 32.2526
      vertex 124.657 2.8 32.2526
      vertex 124.53 2.8 32.8941
    endloop
  endfacet
  facet normal 0 -1 0
    outer loop
      vertex 114.7 2.8 31.6
      vertex 124.657 2.8 32.2526
      vertex 114.743 2.8 32.2526
    endloop
  endfacet
  facet normal 0 -1 0
    outer loop
      vertex 114.7 2.8 31.6
      vertex 124.7 2.8 31.6
      vertex 124.657 2.8 32.2526
    endloop
  endfacet
  facet normal 0 -1 0
    outer loop
      vertex 114.7 2.8 16.6
      vertex 124.7 2.8 31.6
      vertex 114.7 2.8 31.6
    endloop
  endfacet
  facet normal 0 -1 0
    outer loop
      vertex 114.7 2.8 16.6
      vertex 124.7 2.8 16.6
      vertex 124.7 2.8 31.6
    endloop
  endfacet
  facet normal 0 -1 0
    outer loop
      vertex 114.743 2.8 15.9474
      vertex 124.7 2.8 16.6
      vertex 114.7 2.8 16.6
    endloop
  endfacet
  facet normal 0 -1 0
    outer loop
      vertex 114.743 2.8 15.9474
      vertex 124.657 2.8 15.9474
      vertex 124.7 2.8 16.6
    endloop
  endfacet
  facet normal 0 -1 0
    outer loop
      vertex 114.87 2.8 15.3059
      vertex 124.657 2.8 15.9474
      vertex 114.743 2.8 15.9474
    endloop
  endfacet
  facet normal 0 -1 0
    outer loop
      vertex 114.87 2.8 15.3059
      vertex 124.53 2.8 15.3059
      vertex 124.657 2.8 15.9474
    endloop
  endfacet
  facet normal 0 -1 0
    outer loop
      vertex 115.081 2.8 14.6866
      vertex 124.53 2.8 15.3059
      vertex 114.87 2.8 15.3059
    endloop
  endfacet
  facet normal 0 -1 0
    outer loop
      vertex 115.081 2.8 14.6866
      vertex 124.319 2.8 14.6866
      vertex 124.53 2.8 15.3059
    endloop
  endfacet
  facet normal 0 -1 0
    outer loop
      vertex 115.37 2.8 14.1
      vertex 124.319 2.8 14.6866
      vertex 115.081 2.8 14.6866
    endloop
  endfacet
  facet normal 0 -1 0
    outer loop
      vertex 115.37 2.8 14.1
      vertex 124.03 2.8 14.1
      vertex 124.319 2.8 14.6866
    endloop
  endfacet
  facet normal 0 -1 0
    outer loop
      vertex 115.733 2.8 13.5562
      vertex 124.03 2.8 14.1
      vertex 115.37 2.8 14.1
    endloop
  endfacet
  facet normal 0 -1 0
    outer loop
      vertex 115.733 2.8 13.5562
      vertex 123.667 2.8 13.5562
      vertex 124.03 2.8 14.1
    endloop
  endfacet
  facet normal 0 -1 0
    outer loop
      vertex 116.164 2.8 13.0645
      vertex 123.667 2.8 13.5562
      vertex 115.733 2.8 13.5562
    endloop
  endfacet
  facet normal 0 -1 0
    outer loop
      vertex 116.164 2.8 13.0645
      vertex 123.236 2.8 13.0645
      vertex 123.667 2.8 13.5562
    endloop
  endfacet
  facet normal 0 -1 0
    outer loop
      vertex 116.656 2.8 12.6332
      vertex 123.236 2.8 13.0645
      vertex 116.164 2.8 13.0645
    endloop
  endfacet
  facet normal 0 -1 0
    outer loop
      vertex 116.656 2.8 12.6332
      vertex 122.744 2.8 12.6332
      vertex 123.236 2.8 13.0645
    endloop
  endfacet
  facet normal 0 -1 0
    outer loop
      vertex 117.2 2.8 12.2699
      vertex 122.744 2.8 12.6332
      vertex 116.656 2.8 12.6332
    endloop
  endfacet
  facet normal 0 -1 0
    outer loop
      vertex 117.2 2.8 12.2699
      vertex 122.2 2.8 12.2699
      vertex 122.744 2.8 12.6332
    endloop
  endfacet
  facet normal 0 -1 0
    outer loop
      vertex 117.787 2.8 11.9806
      vertex 122.2 2.8 12.2699
      vertex 117.2 2.8 12.2699
    endloop
  endfacet
  facet normal 0 -1 0
    outer loop
      vertex 117.787 2.8 11.9806
      vertex 121.613 2.8 11.9806
      vertex 122.2 2.8 12.2699
    endloop
  endfacet
  facet normal 0 -1 0
    outer loop
      vertex 118.406 2.8 11.7704
      vertex 121.613 2.8 11.9806
      vertex 117.787 2.8 11.9806
    endloop
  endfacet
  facet normal 0 -1 0
    outer loop
      vertex 118.406 2.8 11.7704
      vertex 120.994 2.8 11.7704
      vertex 121.613 2.8 11.9806
    endloop
  endfacet
  facet normal 0 -1 0
    outer loop
      vertex 119.047 2.8 11.6428
      vertex 120.994 2.8 11.7704
      vertex 118.406 2.8 11.7704
    endloop
  endfacet
  facet normal 0 -1 0
    outer loop
      vertex 119.047 2.8 11.6428
      vertex 120.353 2.8 11.6428
      vertex 120.994 2.8 11.7704
    endloop
  endfacet
  facet normal -0 -1 0
    outer loop
      vertex 120.353 2.8 11.6428
      vertex 119.047 2.8 11.6428
      vertex 119.7 2.8 11.6
    endloop
  endfacet
  facet normal -0.897042 0 -0.441945
    outer loop
      vertex 124.319 0 33.5134
      vertex 124.03 2.8 34.1
      vertex 124.319 2.8 33.5134
    endloop
  endfacet
  facet normal -0.897042 -0 -0.441945
    outer loop
      vertex 124.03 2.8 34.1
      vertex 124.319 0 33.5134
      vertex 124.03 0 34.1
    endloop
  endfacet
  facet normal -0.195233 0 -0.980757
    outer loop
      vertex 120.353 0 36.5572
      vertex 120.994 2.8 36.4296
      vertex 120.994 0 36.4296
    endloop
  endfacet
  facet normal -0.195233 0 -0.980757
    outer loop
      vertex 120.994 2.8 36.4296
      vertex 120.353 0 36.5572
      vertex 120.353 2.8 36.5572
    endloop
  endfacet
  facet normal 0.55537 0 -0.831603
    outer loop
      vertex 116.656 0 35.5668
      vertex 117.2 2.8 35.9301
      vertex 117.2 0 35.9301
    endloop
  endfacet
  facet normal 0.55537 0 -0.831603
    outer loop
      vertex 117.2 2.8 35.9301
      vertex 116.656 0 35.5668
      vertex 116.656 2.8 35.5668
    endloop
  endfacet
  facet normal -0.321546 0 0.946894
    outer loop
      vertex 120.994 2.8 11.7704
      vertex 121.613 0 11.9806
      vertex 121.613 2.8 11.9806
    endloop
  endfacet
  facet normal -0.321546 0 0.946894
    outer loop
      vertex 121.613 0 11.9806
      vertex 120.994 2.8 11.7704
      vertex 120.994 0 11.7704
    endloop
  endfacet
  facet normal 0.195233 0 0.980757
    outer loop
      vertex 118.406 2.8 11.7704
      vertex 119.047 0 11.6428
      vertex 119.047 2.8 11.6428
    endloop
  endfacet
  facet normal 0.195233 0 0.980757
    outer loop
      vertex 119.047 0 11.6428
      vertex 118.406 2.8 11.7704
      vertex 118.406 0 11.7704
    endloop
  endfacet
  facet normal 0.442072 0 0.89698
    outer loop
      vertex 117.2 2.8 12.2699
      vertex 117.787 0 11.9806
      vertex 117.787 2.8 11.9806
    endloop
  endfacet
  facet normal 0.442072 0 0.89698
    outer loop
      vertex 117.787 0 11.9806
      vertex 117.2 2.8 12.2699
      vertex 117.2 0 12.2699
    endloop
  endfacet
  facet normal 0.751998 -0 0.659165
    outer loop
      vertex 115.733 0 13.5562
      vertex 116.164 2.8 13.0645
      vertex 115.733 2.8 13.5562
    endloop
  endfacet
  facet normal 0.751998 0 0.659165
    outer loop
      vertex 116.164 2.8 13.0645
      vertex 115.733 0 13.5562
      vertex 116.164 0 13.0645
    endloop
  endfacet
  facet normal 0.55537 0 0.831603
    outer loop
      vertex 116.656 2.8 12.6332
      vertex 117.2 0 12.2699
      vertex 117.2 2.8 12.2699
    endloop
  endfacet
  facet normal 0.55537 0 0.831603
    outer loop
      vertex 117.2 0 12.2699
      vertex 116.656 2.8 12.6332
      vertex 116.656 0 12.6332
    endloop
  endfacet
  facet normal -0.751998 0 -0.659165
    outer loop
      vertex 123.667 0 34.6438
      vertex 123.236 2.8 35.1355
      vertex 123.667 2.8 34.6438
    endloop
  endfacet
  facet normal -0.751998 -0 -0.659165
    outer loop
      vertex 123.236 2.8 35.1355
      vertex 123.667 0 34.6438
      vertex 123.236 0 35.1355
    endloop
  endfacet
  facet normal -0.831721 0 -0.555194
    outer loop
      vertex 124.03 0 34.1
      vertex 123.667 2.8 34.6438
      vertex 124.03 2.8 34.1
    endloop
  endfacet
  facet normal -0.831721 -0 -0.555194
    outer loop
      vertex 123.667 2.8 34.6438
      vertex 124.03 0 34.1
      vertex 123.667 0 34.6438
    endloop
  endfacet
  facet normal -0.321546 0 -0.946894
    outer loop
      vertex 120.994 0 36.4296
      vertex 121.613 2.8 36.2194
      vertex 121.613 0 36.2194
    endloop
  endfacet
  facet normal -0.321546 0 -0.946894
    outer loop
      vertex 121.613 2.8 36.2194
      vertex 120.994 0 36.4296
      vertex 120.994 2.8 36.4296
    endloop
  endfacet
  facet normal 0.0654033 0 -0.997859
    outer loop
      vertex 119.047 0 36.5572
      vertex 119.7 2.8 36.6
      vertex 119.7 0 36.6
    endloop
  endfacet
  facet normal 0.0654033 0 -0.997859
    outer loop
      vertex 119.7 2.8 36.6
      vertex 119.047 0 36.5572
      vertex 119.047 2.8 36.5572
    endloop
  endfacet
  facet normal 0.831721 0 -0.555194
    outer loop
      vertex 115.733 0 34.6438
      vertex 115.37 2.8 34.1
      vertex 115.733 2.8 34.6438
    endloop
  endfacet
  facet normal 0.831721 0 -0.555194
    outer loop
      vertex 115.37 2.8 34.1
      vertex 115.733 0 34.6438
      vertex 115.37 0 34.1
    endloop
  endfacet
  facet normal -0.751998 0 0.659165
    outer loop
      vertex 123.236 0 13.0645
      vertex 123.667 2.8 13.5562
      vertex 123.236 2.8 13.0645
    endloop
  endfacet
  facet normal -0.751998 0 0.659165
    outer loop
      vertex 123.667 2.8 13.5562
      vertex 123.236 0 13.0645
      vertex 123.667 0 13.5562
    endloop
  endfacet
  facet normal -0.831721 0 0.555194
    outer loop
      vertex 123.667 0 13.5562
      vertex 124.03 2.8 14.1
      vertex 123.667 2.8 13.5562
    endloop
  endfacet
  facet normal -0.831721 0 0.555194
    outer loop
      vertex 124.03 2.8 14.1
      vertex 123.667 0 13.5562
      vertex 124.03 0 14.1
    endloop
  endfacet
  facet normal -0.195233 0 0.980757
    outer loop
      vertex 120.353 2.8 11.6428
      vertex 120.994 0 11.7704
      vertex 120.994 2.8 11.7704
    endloop
  endfacet
  facet normal -0.195233 0 0.980757
    outer loop
      vertex 120.994 0 11.7704
      vertex 120.353 2.8 11.6428
      vertex 120.353 0 11.6428
    endloop
  endfacet
  facet normal -0.55537 0 -0.831603
    outer loop
      vertex 122.2 0 35.9301
      vertex 122.744 2.8 35.5668
      vertex 122.744 0 35.5668
    endloop
  endfacet
  facet normal -0.55537 0 -0.831603
    outer loop
      vertex 122.744 2.8 35.5668
      vertex 122.2 0 35.9301
      vertex 122.2 2.8 35.9301
    endloop
  endfacet
  facet normal -0.442072 0 -0.89698
    outer loop
      vertex 121.613 0 36.2194
      vertex 122.2 2.8 35.9301
      vertex 122.2 0 35.9301
    endloop
  endfacet
  facet normal -0.442072 0 -0.89698
    outer loop
      vertex 122.2 2.8 35.9301
      vertex 121.613 0 36.2194
      vertex 121.613 2.8 36.2194
    endloop
  endfacet
  facet normal 0.659197 0 -0.75197
    outer loop
      vertex 116.164 0 35.1355
      vertex 116.656 2.8 35.5668
      vertex 116.656 0 35.5668
    endloop
  endfacet
  facet normal 0.659197 0 -0.75197
    outer loop
      vertex 116.656 2.8 35.5668
      vertex 116.164 0 35.1355
      vertex 116.164 2.8 35.1355
    endloop
  endfacet
  facet normal 0.751998 0 -0.659165
    outer loop
      vertex 116.164 0 35.1355
      vertex 115.733 2.8 34.6438
      vertex 116.164 2.8 35.1355
    endloop
  endfacet
  facet normal 0.751998 0 -0.659165
    outer loop
      vertex 115.733 2.8 34.6438
      vertex 116.164 0 35.1355
      vertex 115.733 0 34.6438
    endloop
  endfacet
  facet normal 0.442072 0 -0.89698
    outer loop
      vertex 117.2 0 35.9301
      vertex 117.787 2.8 36.2194
      vertex 117.787 0 36.2194
    endloop
  endfacet
  facet normal 0.442072 0 -0.89698
    outer loop
      vertex 117.787 2.8 36.2194
      vertex 117.2 0 35.9301
      vertex 117.2 2.8 35.9301
    endloop
  endfacet
  facet normal -0.0654033 0 -0.997859
    outer loop
      vertex 119.7 0 36.6
      vertex 120.353 2.8 36.5572
      vertex 120.353 0 36.5572
    endloop
  endfacet
  facet normal -0.0654033 0 -0.997859
    outer loop
      vertex 120.353 2.8 36.5572
      vertex 119.7 0 36.6
      vertex 119.7 2.8 36.6
    endloop
  endfacet
  facet normal 0.321546 0 -0.946894
    outer loop
      vertex 117.787 0 36.2194
      vertex 118.406 2.8 36.4296
      vertex 118.406 0 36.4296
    endloop
  endfacet
  facet normal 0.321546 0 -0.946894
    outer loop
      vertex 118.406 2.8 36.4296
      vertex 117.787 0 36.2194
      vertex 117.787 2.8 36.2194
    endloop
  endfacet
  facet normal 0.195233 0 -0.980757
    outer loop
      vertex 118.406 0 36.4296
      vertex 119.047 2.8 36.5572
      vertex 119.047 0 36.5572
    endloop
  endfacet
  facet normal 0.195233 0 -0.980757
    outer loop
      vertex 119.047 2.8 36.5572
      vertex 118.406 0 36.4296
      vertex 118.406 2.8 36.4296
    endloop
  endfacet
  facet normal 0.946569 0 -0.322503
    outer loop
      vertex 115.081 18.3 33.5134
      vertex 114.87 21.1 32.8941
      vertex 115.081 21.1 33.5134
    endloop
  endfacet
  facet normal 0.946569 0 -0.322503
    outer loop
      vertex 114.87 21.1 32.8941
      vertex 115.081 18.3 33.5134
      vertex 114.87 18.3 32.8941
    endloop
  endfacet
  facet normal 0.897042 0 -0.441945
    outer loop
      vertex 115.37 18.3 34.1
      vertex 115.081 21.1 33.5134
      vertex 115.37 21.1 34.1
    endloop
  endfacet
  facet normal 0.897042 0 -0.441945
    outer loop
      vertex 115.081 21.1 33.5134
      vertex 115.37 18.3 34.1
      vertex 115.081 18.3 33.5134
    endloop
  endfacet
  facet normal 0 1 0
    outer loop
      vertex 120.353 18.3 36.5572
      vertex 119.047 18.3 36.5572
      vertex 119.7 18.3 36.6
    endloop
  endfacet
  facet normal 0 1 0
    outer loop
      vertex 120.994 18.3 36.4296
      vertex 119.047 18.3 36.5572
      vertex 120.353 18.3 36.5572
    endloop
  endfacet
  facet normal 0 1 0
    outer loop
      vertex 120.994 18.3 36.4296
      vertex 118.406 18.3 36.4296
      vertex 119.047 18.3 36.5572
    endloop
  endfacet
  facet normal 0 1 0
    outer loop
      vertex 121.613 18.3 36.2194
      vertex 118.406 18.3 36.4296
      vertex 120.994 18.3 36.4296
    endloop
  endfacet
  facet normal 0 1 0
    outer loop
      vertex 121.613 18.3 36.2194
      vertex 117.787 18.3 36.2194
      vertex 118.406 18.3 36.4296
    endloop
  endfacet
  facet normal 0 1 0
    outer loop
      vertex 122.2 18.3 35.9301
      vertex 117.787 18.3 36.2194
      vertex 121.613 18.3 36.2194
    endloop
  endfacet
  facet normal 0 1 0
    outer loop
      vertex 122.2 18.3 35.9301
      vertex 117.2 18.3 35.9301
      vertex 117.787 18.3 36.2194
    endloop
  endfacet
  facet normal 0 1 0
    outer loop
      vertex 122.744 18.3 35.5668
      vertex 117.2 18.3 35.9301
      vertex 122.2 18.3 35.9301
    endloop
  endfacet
  facet normal 0 1 0
    outer loop
      vertex 122.744 18.3 35.5668
      vertex 116.656 18.3 35.5668
      vertex 117.2 18.3 35.9301
    endloop
  endfacet
  facet normal 0 1 0
    outer loop
      vertex 123.236 18.3 35.1355
      vertex 116.656 18.3 35.5668
      vertex 122.744 18.3 35.5668
    endloop
  endfacet
  facet normal 0 1 0
    outer loop
      vertex 123.236 18.3 35.1355
      vertex 116.164 18.3 35.1355
      vertex 116.656 18.3 35.5668
    endloop
  endfacet
  facet normal 0 1 0
    outer loop
      vertex 123.667 18.3 34.6438
      vertex 116.164 18.3 35.1355
      vertex 123.236 18.3 35.1355
    endloop
  endfacet
  facet normal 0 1 0
    outer loop
      vertex 123.667 18.3 34.6438
      vertex 115.733 18.3 34.6438
      vertex 116.164 18.3 35.1355
    endloop
  endfacet
  facet normal 0 1 0
    outer loop
      vertex 124.03 18.3 34.1
      vertex 115.733 18.3 34.6438
      vertex 123.667 18.3 34.6438
    endloop
  endfacet
  facet normal 0 1 0
    outer loop
      vertex 124.03 18.3 34.1
      vertex 115.37 18.3 34.1
      vertex 115.733 18.3 34.6438
    endloop
  endfacet
  facet normal 0 1 0
    outer loop
      vertex 124.319 18.3 33.5134
      vertex 115.37 18.3 34.1
      vertex 124.03 18.3 34.1
    endloop
  endfacet
  facet normal 0 1 0
    outer loop
      vertex 124.319 18.3 33.5134
      vertex 115.081 18.3 33.5134
      vertex 115.37 18.3 34.1
    endloop
  endfacet
  facet normal 0 1 0
    outer loop
      vertex 124.53 18.3 32.8941
      vertex 115.081 18.3 33.5134
      vertex 124.319 18.3 33.5134
    endloop
  endfacet
  facet normal 0 1 0
    outer loop
      vertex 124.53 18.3 32.8941
      vertex 114.87 18.3 32.8941
      vertex 115.081 18.3 33.5134
    endloop
  endfacet
  facet normal 0 1 0
    outer loop
      vertex 124.657 18.3 32.2526
      vertex 114.87 18.3 32.8941
      vertex 124.53 18.3 32.8941
    endloop
  endfacet
  facet normal 0 1 0
    outer loop
      vertex 124.657 18.3 32.2526
      vertex 114.743 18.3 32.2526
      vertex 114.87 18.3 32.8941
    endloop
  endfacet
  facet normal 0 1 0
    outer loop
      vertex 124.7 18.3 31.6
      vertex 114.743 18.3 32.2526
      vertex 124.657 18.3 32.2526
    endloop
  endfacet
  facet normal 0 1 0
    outer loop
      vertex 124.7 18.3 31.6
      vertex 114.7 18.3 31.6
      vertex 114.743 18.3 32.2526
    endloop
  endfacet
  facet normal 0 1 -0
    outer loop
      vertex 124.7 18.3 16.6
      vertex 114.7 18.3 31.6
      vertex 124.7 18.3 31.6
    endloop
  endfacet
  facet normal 0 1 0
    outer loop
      vertex 124.7 18.3 16.6
      vertex 114.7 18.3 16.6
      vertex 114.7 18.3 31.6
    endloop
  endfacet
  facet normal 0 1 -0
    outer loop
      vertex 124.657 18.3 15.9474
      vertex 114.7 18.3 16.6
      vertex 124.7 18.3 16.6
    endloop
  endfacet
  facet normal 0 1 0
    outer loop
      vertex 124.657 18.3 15.9474
      vertex 114.743 18.3 15.9474
      vertex 114.7 18.3 16.6
    endloop
  endfacet
  facet normal 0 1 -0
    outer loop
      vertex 124.53 18.3 15.3059
      vertex 114.743 18.3 15.9474
      vertex 124.657 18.3 15.9474
    endloop
  endfacet
  facet normal 0 1 0
    outer loop
      vertex 124.53 18.3 15.3059
      vertex 114.87 18.3 15.3059
      vertex 114.743 18.3 15.9474
    endloop
  endfacet
  facet normal 0 1 -0
    outer loop
      vertex 124.319 18.3 14.6866
      vertex 114.87 18.3 15.3059
      vertex 124.53 18.3 15.3059
    endloop
  endfacet
  facet normal 0 1 0
    outer loop
      vertex 124.319 18.3 14.6866
      vertex 115.081 18.3 14.6866
      vertex 114.87 18.3 15.3059
    endloop
  endfacet
  facet normal 0 1 -0
    outer loop
      vertex 124.03 18.3 14.1
      vertex 115.081 18.3 14.6866
      vertex 124.319 18.3 14.6866
    endloop
  endfacet
  facet normal 0 1 0
    outer loop
      vertex 124.03 18.3 14.1
      vertex 115.37 18.3 14.1
      vertex 115.081 18.3 14.6866
    endloop
  endfacet
  facet normal 0 1 -0
    outer loop
      vertex 123.667 18.3 13.5562
      vertex 115.37 18.3 14.1
      vertex 124.03 18.3 14.1
    endloop
  endfacet
  facet normal 0 1 0
    outer loop
      vertex 123.667 18.3 13.5562
      vertex 115.733 18.3 13.5562
      vertex 115.37 18.3 14.1
    endloop
  endfacet
  facet normal 0 1 -0
    outer loop
      vertex 123.236 18.3 13.0645
      vertex 115.733 18.3 13.5562
      vertex 123.667 18.3 13.5562
    endloop
  endfacet
  facet normal 0 1 0
    outer loop
      vertex 123.236 18.3 13.0645
      vertex 116.164 18.3 13.0645
      vertex 115.733 18.3 13.5562
    endloop
  endfacet
  facet normal 0 1 -0
    outer loop
      vertex 122.744 18.3 12.6332
      vertex 116.164 18.3 13.0645
      vertex 123.236 18.3 13.0645
    endloop
  endfacet
  facet normal 0 1 0
    outer loop
      vertex 122.744 18.3 12.6332
      vertex 116.656 18.3 12.6332
      vertex 116.164 18.3 13.0645
    endloop
  endfacet
  facet normal 0 1 -0
    outer loop
      vertex 122.2 18.3 12.2699
      vertex 116.656 18.3 12.6332
      vertex 122.744 18.3 12.6332
    endloop
  endfacet
  facet normal 0 1 0
    outer loop
      vertex 122.2 18.3 12.2699
      vertex 117.2 18.3 12.2699
      vertex 116.656 18.3 12.6332
    endloop
  endfacet
  facet normal 0 1 -0
    outer loop
      vertex 121.613 18.3 11.9806
      vertex 117.2 18.3 12.2699
      vertex 122.2 18.3 12.2699
    endloop
  endfacet
  facet normal 0 1 0
    outer loop
      vertex 121.613 18.3 11.9806
      vertex 117.787 18.3 11.9806
      vertex 117.2 18.3 12.2699
    endloop
  endfacet
  facet normal 0 1 -0
    outer loop
      vertex 120.994 18.3 11.7704
      vertex 117.787 18.3 11.9806
      vertex 121.613 18.3 11.9806
    endloop
  endfacet
  facet normal 0 1 0
    outer loop
      vertex 120.994 18.3 11.7704
      vertex 118.406 18.3 11.7704
      vertex 117.787 18.3 11.9806
    endloop
  endfacet
  facet normal 0 1 -0
    outer loop
      vertex 120.353 18.3 11.6428
      vertex 118.406 18.3 11.7704
      vertex 120.994 18.3 11.7704
    endloop
  endfacet
  facet normal 0 1 0
    outer loop
      vertex 120.353 18.3 11.6428
      vertex 119.047 18.3 11.6428
      vertex 118.406 18.3 11.7704
    endloop
  endfacet
  facet normal -0 1 0
    outer loop
      vertex 119.047 18.3 11.6428
      vertex 120.353 18.3 11.6428
      vertex 119.7 18.3 11.6
    endloop
  endfacet
  facet normal -0.897042 0 0.441945
    outer loop
      vertex 124.03 18.3 14.1
      vertex 124.319 21.1 14.6866
      vertex 124.03 21.1 14.1
    endloop
  endfacet
  facet normal -0.897042 0 0.441945
    outer loop
      vertex 124.319 21.1 14.6866
      vertex 124.03 18.3 14.1
      vertex 124.319 18.3 14.6866
    endloop
  endfacet
  facet normal 0.831721 -0 0.555194
    outer loop
      vertex 115.37 18.3 14.1
      vertex 115.733 21.1 13.5562
      vertex 115.37 21.1 14.1
    endloop
  endfacet
  facet normal 0.831721 0 0.555194
    outer loop
      vertex 115.733 21.1 13.5562
      vertex 115.37 18.3 14.1
      vertex 115.733 18.3 13.5562
    endloop
  endfacet
  facet normal 0.997836 0 -0.0657477
    outer loop
      vertex 114.743 18.3 32.2526
      vertex 114.7 21.1 31.6
      vertex 114.743 21.1 32.2526
    endloop
  endfacet
  facet normal 0.997836 0 -0.0657477
    outer loop
      vertex 114.7 21.1 31.6
      vertex 114.743 18.3 32.2526
      vertex 114.7 18.3 31.6
    endloop
  endfacet
  facet normal 0.980961 0 -0.194204
    outer loop
      vertex 114.87 18.3 32.8941
      vertex 114.743 21.1 32.2526
      vertex 114.87 21.1 32.8941
    endloop
  endfacet
  facet normal 0.980961 0 -0.194204
    outer loop
      vertex 114.743 21.1 32.2526
      vertex 114.87 18.3 32.8941
      vertex 114.743 18.3 32.2526
    endloop
  endfacet
  facet normal -0.980961 0 0.194204
    outer loop
      vertex 124.53 18.3 15.3059
      vertex 124.657 21.1 15.9474
      vertex 124.53 21.1 15.3059
    endloop
  endfacet
  facet normal -0.980961 0 0.194204
    outer loop
      vertex 124.657 21.1 15.9474
      vertex 124.53 18.3 15.3059
      vertex 124.657 18.3 15.9474
    endloop
  endfacet
  facet normal 0.980961 -0 0.194204
    outer loop
      vertex 114.743 18.3 15.9474
      vertex 114.87 21.1 15.3059
      vertex 114.743 21.1 15.9474
    endloop
  endfacet
  facet normal 0.980961 0 0.194204
    outer loop
      vertex 114.87 21.1 15.3059
      vertex 114.743 18.3 15.9474
      vertex 114.87 18.3 15.3059
    endloop
  endfacet
  facet normal 1 -0 0
    outer loop
      vertex 114.7 18.3 31.6
      vertex 114.7 21.1 16.6
      vertex 114.7 21.1 31.6
    endloop
  endfacet
  facet normal 1 0 0
    outer loop
      vertex 114.7 21.1 16.6
      vertex 114.7 18.3 31.6
      vertex 114.7 18.3 16.6
    endloop
  endfacet
  facet normal -0.946569 0 0.322503
    outer loop
      vertex 124.319 18.3 14.6866
      vertex 124.53 21.1 15.3059
      vertex 124.319 21.1 14.6866
    endloop
  endfacet
  facet normal -0.946569 0 0.322503
    outer loop
      vertex 124.53 21.1 15.3059
      vertex 124.319 18.3 14.6866
      vertex 124.53 18.3 15.3059
    endloop
  endfacet
  facet normal -1 0 0
    outer loop
      vertex 124.7 18.3 16.6
      vertex 124.7 21.1 31.6
      vertex 124.7 21.1 16.6
    endloop
  endfacet
  facet normal -1 -0 0
    outer loop
      vertex 124.7 21.1 31.6
      vertex 124.7 18.3 16.6
      vertex 124.7 18.3 31.6
    endloop
  endfacet
  facet normal -0.946569 0 -0.322503
    outer loop
      vertex 124.53 18.3 32.8941
      vertex 124.319 21.1 33.5134
      vertex 124.53 21.1 32.8941
    endloop
  endfacet
  facet normal -0.946569 -0 -0.322503
    outer loop
      vertex 124.319 21.1 33.5134
      vertex 124.53 18.3 32.8941
      vertex 124.319 18.3 33.5134
    endloop
  endfacet
  facet normal -0.980961 0 -0.194204
    outer loop
      vertex 124.657 18.3 32.2526
      vertex 124.53 21.1 32.8941
      vertex 124.657 21.1 32.2526
    endloop
  endfacet
  facet normal -0.980961 -0 -0.194204
    outer loop
      vertex 124.53 21.1 32.8941
      vertex 124.657 18.3 32.2526
      vertex 124.53 18.3 32.8941
    endloop
  endfacet
  facet normal -0.659197 0 0.75197
    outer loop
      vertex 122.744 21.1 12.6332
      vertex 123.236 18.3 13.0645
      vertex 123.236 21.1 13.0645
    endloop
  endfacet
  facet normal -0.659197 0 0.75197
    outer loop
      vertex 123.236 18.3 13.0645
      vertex 122.744 21.1 12.6332
      vertex 122.744 18.3 12.6332
    endloop
  endfacet
  facet normal -0.0654033 0 0.997859
    outer loop
      vertex 119.7 21.1 11.6
      vertex 120.353 18.3 11.6428
      vertex 120.353 21.1 11.6428
    endloop
  endfacet
  facet normal -0.0654033 0 0.997859
    outer loop
      vertex 120.353 18.3 11.6428
      vertex 119.7 21.1 11.6
      vertex 119.7 18.3 11.6
    endloop
  endfacet
  facet normal -0.442072 0 0.89698
    outer loop
      vertex 121.613 21.1 11.9806
      vertex 122.2 18.3 12.2699
      vertex 122.2 21.1 12.2699
    endloop
  endfacet
  facet normal -0.442072 0 0.89698
    outer loop
      vertex 122.2 18.3 12.2699
      vertex 121.613 21.1 11.9806
      vertex 121.613 18.3 11.9806
    endloop
  endfacet
  facet normal 0.946569 -0 0.322503
    outer loop
      vertex 114.87 18.3 15.3059
      vertex 115.081 21.1 14.6866
      vertex 114.87 21.1 15.3059
    endloop
  endfacet
  facet normal 0.946569 0 0.322503
    outer loop
      vertex 115.081 21.1 14.6866
      vertex 114.87 18.3 15.3059
      vertex 115.081 18.3 14.6866
    endloop
  endfacet
  facet normal 0.997836 -0 0.0657477
    outer loop
      vertex 114.7 18.3 16.6
      vertex 114.743 21.1 15.9474
      vertex 114.7 21.1 16.6
    endloop
  endfacet
  facet normal 0.997836 0 0.0657477
    outer loop
      vertex 114.743 21.1 15.9474
      vertex 114.7 18.3 16.6
      vertex 114.743 18.3 15.9474
    endloop
  endfacet
  facet normal -0.997836 0 0.0657477
    outer loop
      vertex 124.657 18.3 15.9474
      vertex 124.7 21.1 16.6
      vertex 124.657 21.1 15.9474
    endloop
  endfacet
  facet normal -0.997836 0 0.0657477
    outer loop
      vertex 124.7 21.1 16.6
      vertex 124.657 18.3 15.9474
      vertex 124.7 18.3 16.6
    endloop
  endfacet
  facet normal -0.442072 0 -0.89698
    outer loop
      vertex 121.613 18.3 36.2194
      vertex 122.2 21.1 35.9301
      vertex 122.2 18.3 35.9301
    endloop
  endfacet
  facet normal -0.442072 0 -0.89698
    outer loop
      vertex 122.2 21.1 35.9301
      vertex 121.613 18.3 36.2194
      vertex 121.613 21.1 36.2194
    endloop
  endfacet
  facet normal -0.997836 0 -0.0657477
    outer loop
      vertex 124.7 18.3 31.6
      vertex 124.657 21.1 32.2526
      vertex 124.7 21.1 31.6
    endloop
  endfacet
  facet normal -0.997836 -0 -0.0657477
    outer loop
      vertex 124.657 21.1 32.2526
      vertex 124.7 18.3 31.6
      vertex 124.657 18.3 32.2526
    endloop
  endfacet
  facet normal -0.55537 0 0.831603
    outer loop
      vertex 122.2 21.1 12.2699
      vertex 122.744 18.3 12.6332
      vertex 122.744 21.1 12.6332
    endloop
  endfacet
  facet normal -0.55537 0 0.831603
    outer loop
      vertex 122.744 18.3 12.6332
      vertex 122.2 21.1 12.2699
      vertex 122.2 18.3 12.2699
    endloop
  endfacet
  facet normal 0.321546 0 0.946894
    outer loop
      vertex 117.787 21.1 11.9806
      vertex 118.406 18.3 11.7704
      vertex 118.406 21.1 11.7704
    endloop
  endfacet
  facet normal 0.321546 0 0.946894
    outer loop
      vertex 118.406 18.3 11.7704
      vertex 117.787 21.1 11.9806
      vertex 117.787 18.3 11.9806
    endloop
  endfacet
  facet normal 0.659197 0 0.75197
    outer loop
      vertex 116.164 21.1 13.0645
      vertex 116.656 18.3 12.6332
      vertex 116.656 21.1 12.6332
    endloop
  endfacet
  facet normal 0.659197 0 0.75197
    outer loop
      vertex 116.656 18.3 12.6332
      vertex 116.164 21.1 13.0645
      vertex 116.164 18.3 13.0645
    endloop
  endfacet
  facet normal 0.897042 -0 0.441945
    outer loop
      vertex 115.081 18.3 14.6866
      vertex 115.37 21.1 14.1
      vertex 115.081 21.1 14.6866
    endloop
  endfacet
  facet normal 0.897042 0 0.441945
    outer loop
      vertex 115.37 21.1 14.1
      vertex 115.081 18.3 14.6866
      vertex 115.37 18.3 14.1
    endloop
  endfacet
  facet normal -0.897042 0 -0.441945
    outer loop
      vertex 124.319 18.3 33.5134
      vertex 124.03 21.1 34.1
      vertex 124.319 21.1 33.5134
    endloop
  endfacet
  facet normal -0.897042 -0 -0.441945
    outer loop
      vertex 124.03 21.1 34.1
      vertex 124.319 18.3 33.5134
      vertex 124.03 18.3 34.1
    endloop
  endfacet
  facet normal -0.195233 0 -0.980757
    outer loop
      vertex 120.353 18.3 36.5572
      vertex 120.994 21.1 36.4296
      vertex 120.994 18.3 36.4296
    endloop
  endfacet
  facet normal -0.195233 0 -0.980757
    outer loop
      vertex 120.994 21.1 36.4296
      vertex 120.353 18.3 36.5572
      vertex 120.353 21.1 36.5572
    endloop
  endfacet
  facet normal 0.55537 0 -0.831603
    outer loop
      vertex 116.656 18.3 35.5668
      vertex 117.2 21.1 35.9301
      vertex 117.2 18.3 35.9301
    endloop
  endfacet
  facet normal 0.55537 0 -0.831603
    outer loop
      vertex 117.2 21.1 35.9301
      vertex 116.656 18.3 35.5668
      vertex 116.656 21.1 35.5668
    endloop
  endfacet
  facet normal -0.321546 0 0.946894
    outer loop
      vertex 120.994 21.1 11.7704
      vertex 121.613 18.3 11.9806
      vertex 121.613 21.1 11.9806
    endloop
  endfacet
  facet normal -0.321546 0 0.946894
    outer loop
      vertex 121.613 18.3 11.9806
      vertex 120.994 21.1 11.7704
      vertex 120.994 18.3 11.7704
    endloop
  endfacet
  facet normal 0.195233 0 0.980757
    outer loop
      vertex 118.406 21.1 11.7704
      vertex 119.047 18.3 11.6428
      vertex 119.047 21.1 11.6428
    endloop
  endfacet
  facet normal 0.195233 0 0.980757
    outer loop
      vertex 119.047 18.3 11.6428
      vertex 118.406 21.1 11.7704
      vertex 118.406 18.3 11.7704
    endloop
  endfacet
  facet normal 0.442072 0 0.89698
    outer loop
      vertex 117.2 21.1 12.2699
      vertex 117.787 18.3 11.9806
      vertex 117.787 21.1 11.9806
    endloop
  endfacet
  facet normal 0.442072 0 0.89698
    outer loop
      vertex 117.787 18.3 11.9806
      vertex 117.2 21.1 12.2699
      vertex 117.2 18.3 12.2699
    endloop
  endfacet
  facet normal 0.751998 -0 0.659165
    outer loop
      vertex 115.733 18.3 13.5562
      vertex 116.164 21.1 13.0645
      vertex 115.733 21.1 13.5562
    endloop
  endfacet
  facet normal 0.751998 0 0.659165
    outer loop
      vertex 116.164 21.1 13.0645
      vertex 115.733 18.3 13.5562
      vertex 116.164 18.3 13.0645
    endloop
  endfacet
  facet normal 0.55537 0 0.831603
    outer loop
      vertex 116.656 21.1 12.6332
      vertex 117.2 18.3 12.2699
      vertex 117.2 21.1 12.2699
    endloop
  endfacet
  facet normal 0.55537 0 0.831603
    outer loop
      vertex 117.2 18.3 12.2699
      vertex 116.656 21.1 12.6332
      vertex 116.656 18.3 12.6332
    endloop
  endfacet
  facet normal -0.751998 0 -0.659165
    outer loop
      vertex 123.667 18.3 34.6438
      vertex 123.236 21.1 35.1355
      vertex 123.667 21.1 34.6438
    endloop
  endfacet
  facet normal -0.751998 -0 -0.659165
    outer loop
      vertex 123.236 21.1 35.1355
      vertex 123.667 18.3 34.6438
      vertex 123.236 18.3 35.1355
    endloop
  endfacet
  facet normal -0.831721 0 -0.555194
    outer loop
      vertex 124.03 18.3 34.1
      vertex 123.667 21.1 34.6438
      vertex 124.03 21.1 34.1
    endloop
  endfacet
  facet normal -0.831721 -0 -0.555194
    outer loop
      vertex 123.667 21.1 34.6438
      vertex 124.03 18.3 34.1
      vertex 123.667 18.3 34.6438
    endloop
  endfacet
  facet normal -0.321546 0 -0.946894
    outer loop
      vertex 120.994 18.3 36.4296
      vertex 121.613 21.1 36.2194
      vertex 121.613 18.3 36.2194
    endloop
  endfacet
  facet normal -0.321546 0 -0.946894
    outer loop
      vertex 121.613 21.1 36.2194
      vertex 120.994 18.3 36.4296
      vertex 120.994 21.1 36.4296
    endloop
  endfacet
  facet normal 0.0654033 0 -0.997859
    outer loop
      vertex 119.047 18.3 36.5572
      vertex 119.7 21.1 36.6
      vertex 119.7 18.3 36.6
    endloop
  endfacet
  facet normal 0.0654033 0 -0.997859
    outer loop
      vertex 119.7 21.1 36.6
      vertex 119.047 18.3 36.5572
      vertex 119.047 21.1 36.5572
    endloop
  endfacet
  facet normal 0.831721 0 -0.555194
    outer loop
      vertex 115.733 18.3 34.6438
      vertex 115.37 21.1 34.1
      vertex 115.733 21.1 34.6438
    endloop
  endfacet
  facet normal 0.831721 0 -0.555194
    outer loop
      vertex 115.37 21.1 34.1
      vertex 115.733 18.3 34.6438
      vertex 115.37 18.3 34.1
    endloop
  endfacet
  facet normal -0.751998 0 0.659165
    outer loop
      vertex 123.236 18.3 13.0645
      vertex 123.667 21.1 13.5562
      vertex 123.236 21.1 13.0645
    endloop
  endfacet
  facet normal -0.751998 0 0.659165
    outer loop
      vertex 123.667 21.1 13.5562
      vertex 123.236 18.3 13.0645
      vertex 123.667 18.3 13.5562
    endloop
  endfacet
  facet normal -0.831721 0 0.555194
    outer loop
      vertex 123.667 18.3 13.5562
      vertex 124.03 21.1 14.1
      vertex 123.667 21.1 13.5562
    endloop
  endfacet
  facet normal -0.831721 0 0.555194
    outer loop
      vertex 124.03 21.1 14.1
      vertex 123.667 18.3 13.5562
      vertex 124.03 18.3 14.1
    endloop
  endfacet
  facet normal -0.195233 0 0.980757
    outer loop
      vertex 120.353 21.1 11.6428
      vertex 120.994 18.3 11.7704
      vertex 120.994 21.1 11.7704
    endloop
  endfacet
  facet normal -0.195233 0 0.980757
    outer loop
      vertex 120.994 18.3 11.7704
      vertex 120.353 21.1 11.6428
      vertex 120.353 18.3 11.6428
    endloop
  endfacet
  facet normal 0.0654033 0 0.997859
    outer loop
      vertex 119.047 21.1 11.6428
      vertex 119.7 18.3 11.6
      vertex 119.7 21.1 11.6
    endloop
  endfacet
  facet normal 0.0654033 0 0.997859
    outer loop
      vertex 119.7 18.3 11.6
      vertex 119.047 21.1 11.6428
      vertex 119.047 18.3 11.6428
    endloop
  endfacet
  facet normal -0.55537 0 -0.831603
    outer loop
      vertex 122.2 18.3 35.9301
      vertex 122.744 21.1 35.5668
      vertex 122.744 18.3 35.5668
    endloop
  endfacet
  facet normal -0.55537 0 -0.831603
    outer loop
      vertex 122.744 21.1 35.5668
      vertex 122.2 18.3 35.9301
      vertex 122.2 21.1 35.9301
    endloop
  endfacet
  facet normal -0.659197 0 -0.75197
    outer loop
      vertex 122.744 18.3 35.5668
      vertex 123.236 21.1 35.1355
      vertex 123.236 18.3 35.1355
    endloop
  endfacet
  facet normal -0.659197 0 -0.75197
    outer loop
      vertex 123.236 21.1 35.1355
      vertex 122.744 18.3 35.5668
      vertex 122.744 21.1 35.5668
    endloop
  endfacet
  facet normal 0.659197 0 -0.75197
    outer loop
      vertex 116.164 18.3 35.1355
      vertex 116.656 21.1 35.5668
      vertex 116.656 18.3 35.5668
    endloop
  endfacet
  facet normal 0.659197 0 -0.75197
    outer loop
      vertex 116.656 21.1 35.5668
      vertex 116.164 18.3 35.1355
      vertex 116.164 21.1 35.1355
    endloop
  endfacet
  facet normal 0.751998 0 -0.659165
    outer loop
      vertex 116.164 18.3 35.1355
      vertex 115.733 21.1 34.6438
      vertex 116.164 21.1 35.1355
    endloop
  endfacet
  facet normal 0.751998 0 -0.659165
    outer loop
      vertex 115.733 21.1 34.6438
      vertex 116.164 18.3 35.1355
      vertex 115.733 18.3 34.6438
    endloop
  endfacet
  facet normal 0.442072 0 -0.89698
    outer loop
      vertex 117.2 18.3 35.9301
      vertex 117.787 21.1 36.2194
      vertex 117.787 18.3 36.2194
    endloop
  endfacet
  facet normal 0.442072 0 -0.89698
    outer loop
      vertex 117.787 21.1 36.2194
      vertex 117.2 18.3 35.9301
      vertex 117.2 21.1 35.9301
    endloop
  endfacet
  facet normal -0.0654033 0 -0.997859
    outer loop
      vertex 119.7 18.3 36.6
      vertex 120.353 21.1 36.5572
      vertex 120.353 18.3 36.5572
    endloop
  endfacet
  facet normal -0.0654033 0 -0.997859
    outer loop
      vertex 120.353 21.1 36.5572
      vertex 119.7 18.3 36.6
      vertex 119.7 21.1 36.6
    endloop
  endfacet
  facet normal 0.321546 0 -0.946894
    outer loop
      vertex 117.787 18.3 36.2194
      vertex 118.406 21.1 36.4296
      vertex 118.406 18.3 36.4296
    endloop
  endfacet
  facet normal 0.321546 0 -0.946894
    outer loop
      vertex 118.406 21.1 36.4296
      vertex 117.787 18.3 36.2194
      vertex 117.787 21.1 36.2194
    endloop
  endfacet
  facet normal 0.195233 0 -0.980757
    outer loop
      vertex 118.406 18.3 36.4296
      vertex 119.047 21.1 36.5572
      vertex 119.047 18.3 36.5572
    endloop
  endfacet
  facet normal 0.195233 0 -0.980757
    outer loop
      vertex 119.047 21.1 36.5572
      vertex 118.406 18.3 36.4296
      vertex 118.406 21.1 36.4296
    endloop
  endfacet
  facet normal 0.980779 0 -0.195124
    outer loop
      vertex 12.1726 0 18.4706
      vertex 11.9684 2.4 17.4442
      vertex 12.1726 2.4 18.4706
    endloop
  endfacet
  facet normal 0.980779 0 -0.195124
    outer loop
      vertex 11.9684 2.4 17.4442
      vertex 12.1726 0 18.4706
      vertex 11.9684 0 17.4442
    endloop
  endfacet
  facet normal 0.94692 0 -0.321469
    outer loop
      vertex 12.509 0 19.4615
      vertex 12.1726 2.4 18.4706
      vertex 12.509 2.4 19.4615
    endloop
  endfacet
  facet normal 0.94692 0 -0.321469
    outer loop
      vertex 12.1726 2.4 18.4706
      vertex 12.509 0 19.4615
      vertex 12.1726 0 18.4706
    endloop
  endfacet
  facet normal 0.997861 0 -0.0653646
    outer loop
      vertex 11.9684 0 17.4442
      vertex 11.9 2.4 16.4
      vertex 11.9684 2.4 17.4442
    endloop
  endfacet
  facet normal 0.997861 0 -0.0653646
    outer loop
      vertex 11.9 2.4 16.4
      vertex 11.9684 0 17.4442
      vertex 11.9 0 16.4
    endloop
  endfacet
  facet normal -1 0 0
    outer loop
      vertex 27.9 2.8 0
      vertex 27.9 2.4 2
      vertex 27.9 2.8 2
    endloop
  endfacet
  facet normal -1 0 0
    outer loop
      vertex 27.9 0 0
      vertex 27.9 2.4 2
      vertex 27.9 2.8 0
    endloop
  endfacet
  facet normal -1 0 0
    outer loop
      vertex 27.9 0 16.4
      vertex 27.9 2.4 2
      vertex 27.9 0 0
    endloop
  endfacet
  facet normal -1 0 0
    outer loop
      vertex 27.9 2.4 2
      vertex 27.9 0 16.4
      vertex 27.9 2.4 16.4
    endloop
  endfacet
  facet normal 0 -1 0
    outer loop
      vertex 11.9 2.8 0
      vertex 27.9 2.8 2
      vertex 11.9 2.8 2
    endloop
  endfacet
  facet normal 0 -1 -0
    outer loop
      vertex 27.9 2.8 2
      vertex 11.9 2.8 0
      vertex 27.9 2.8 0
    endloop
  endfacet
  facet normal -0.997861 0 -0.0653646
    outer loop
      vertex 27.9 0 16.4
      vertex 27.8316 2.4 17.4442
      vertex 27.9 2.4 16.4
    endloop
  endfacet
  facet normal -0.997861 -0 -0.0653646
    outer loop
      vertex 27.8316 2.4 17.4442
      vertex 27.9 0 16.4
      vertex 27.8316 0 17.4442
    endloop
  endfacet
  facet normal -0.831462 0 -0.555582
    outer loop
      vertex 26.8282 0 20.4
      vertex 26.2468 2.4 21.2701
      vertex 26.8282 2.4 20.4
    endloop
  endfacet
  facet normal -0.831462 -0 -0.555582
    outer loop
      vertex 26.2468 2.4 21.2701
      vertex 26.8282 0 20.4
      vertex 26.2468 0 21.2701
    endloop
  endfacet
  facet normal 1 0 0
    outer loop
      vertex 11.9 2.4 16.4
      vertex 11.9 0 16.4
      vertex 11.9 2.4 2
    endloop
  endfacet
  facet normal 1 -0 0
    outer loop
      vertex 11.9 2.4 2
      vertex 11.9 2.8 0
      vertex 11.9 2.8 2
    endloop
  endfacet
  facet normal 1 0 0
    outer loop
      vertex 11.9 2.4 2
      vertex 11.9 0 0
      vertex 11.9 2.8 0
    endloop
  endfacet
  facet normal 1 0 0
    outer loop
      vertex 11.9 0 0
      vertex 11.9 2.4 2
      vertex 11.9 0 16.4
    endloop
  endfacet
  facet normal -0.980779 0 -0.195124
    outer loop
      vertex 27.8316 0 17.4442
      vertex 27.6274 2.4 18.4706
      vertex 27.8316 2.4 17.4442
    endloop
  endfacet
  facet normal -0.980779 -0 -0.195124
    outer loop
      vertex 27.6274 2.4 18.4706
      vertex 27.8316 0 17.4442
      vertex 27.6274 0 18.4706
    endloop
  endfacet
  facet normal 0.442276 0 -0.896879
    outer loop
      vertex 15.9 0 23.3282
      vertex 16.8385 2.4 23.791
      vertex 16.8385 0 23.791
    endloop
  endfacet
  facet normal 0.442276 0 -0.896879
    outer loop
      vertex 16.8385 2.4 23.791
      vertex 15.9 0 23.3282
      vertex 15.9 2.4 23.3282
    endloop
  endfacet
  facet normal 0.659289 0 -0.75189
    outer loop
      vertex 14.2431 0 22.0569
      vertex 15.0299 2.4 22.7468
      vertex 15.0299 0 22.7468
    endloop
  endfacet
  facet normal 0.659289 0 -0.75189
    outer loop
      vertex 15.0299 2.4 22.7468
      vertex 14.2431 0 22.0569
      vertex 14.2431 2.4 22.0569
    endloop
  endfacet
  facet normal -0.321469 0 -0.94692
    outer loop
      vertex 21.9706 0 24.1274
      vertex 22.9615 2.4 23.791
      vertex 22.9615 0 23.791
    endloop
  endfacet
  facet normal -0.321469 0 -0.94692
    outer loop
      vertex 22.9615 2.4 23.791
      vertex 21.9706 0 24.1274
      vertex 21.9706 2.4 24.1274
    endloop
  endfacet
  facet normal -0.75189 0 -0.659289
    outer loop
      vertex 26.2468 0 21.2701
      vertex 25.5569 2.4 22.0569
      vertex 26.2468 2.4 21.2701
    endloop
  endfacet
  facet normal -0.75189 -0 -0.659289
    outer loop
      vertex 25.5569 2.4 22.0569
      vertex 26.2468 0 21.2701
      vertex 25.5569 0 22.0569
    endloop
  endfacet
  facet normal -0.896879 0 -0.442276
    outer loop
      vertex 27.291 0 19.4615
      vertex 26.8282 2.4 20.4
      vertex 27.291 2.4 19.4615
    endloop
  endfacet
  facet normal -0.896879 -0 -0.442276
    outer loop
      vertex 26.8282 2.4 20.4
      vertex 27.291 0 19.4615
      vertex 26.8282 0 20.4
    endloop
  endfacet
  facet normal -0.94692 0 -0.321469
    outer loop
      vertex 27.6274 0 18.4706
      vertex 27.291 2.4 19.4615
      vertex 27.6274 2.4 18.4706
    endloop
  endfacet
  facet normal -0.94692 -0 -0.321469
    outer loop
      vertex 27.291 2.4 19.4615
      vertex 27.6274 0 18.4706
      vertex 27.291 0 19.4615
    endloop
  endfacet
  facet normal -0.195124 0 -0.980779
    outer loop
      vertex 20.9442 0 24.3316
      vertex 21.9706 2.4 24.1274
      vertex 21.9706 0 24.1274
    endloop
  endfacet
  facet normal -0.195124 0 -0.980779
    outer loop
      vertex 21.9706 2.4 24.1274
      vertex 20.9442 0 24.3316
      vertex 20.9442 2.4 24.3316
    endloop
  endfacet
  facet normal -0.0653646 0 -0.997861
    outer loop
      vertex 19.9 0 24.4
      vertex 20.9442 2.4 24.3316
      vertex 20.9442 0 24.3316
    endloop
  endfacet
  facet normal -0.0653646 0 -0.997861
    outer loop
      vertex 20.9442 2.4 24.3316
      vertex 19.9 0 24.4
      vertex 19.9 2.4 24.4
    endloop
  endfacet
  facet normal 0.555582 0 -0.831462
    outer loop
      vertex 15.0299 0 22.7468
      vertex 15.9 2.4 23.3282
      vertex 15.9 0 23.3282
    endloop
  endfacet
  facet normal 0.555582 0 -0.831462
    outer loop
      vertex 15.9 2.4 23.3282
      vertex 15.0299 0 22.7468
      vertex 15.0299 2.4 22.7468
    endloop
  endfacet
  facet normal 0.75189 0 -0.659289
    outer loop
      vertex 14.2431 0 22.0569
      vertex 13.5532 2.4 21.2701
      vertex 14.2431 2.4 22.0569
    endloop
  endfacet
  facet normal 0.75189 0 -0.659289
    outer loop
      vertex 13.5532 2.4 21.2701
      vertex 14.2431 0 22.0569
      vertex 13.5532 0 21.2701
    endloop
  endfacet
  facet normal -0.442276 0 -0.896879
    outer loop
      vertex 22.9615 0 23.791
      vertex 23.9 2.4 23.3282
      vertex 23.9 0 23.3282
    endloop
  endfacet
  facet normal -0.442276 0 -0.896879
    outer loop
      vertex 23.9 2.4 23.3282
      vertex 22.9615 0 23.791
      vertex 22.9615 2.4 23.791
    endloop
  endfacet
  facet normal -0.555582 0 -0.831462
    outer loop
      vertex 23.9 0 23.3282
      vertex 24.7701 2.4 22.7468
      vertex 24.7701 0 22.7468
    endloop
  endfacet
  facet normal -0.555582 0 -0.831462
    outer loop
      vertex 24.7701 2.4 22.7468
      vertex 23.9 0 23.3282
      vertex 23.9 2.4 23.3282
    endloop
  endfacet
  facet normal 0.195124 0 -0.980779
    outer loop
      vertex 17.8294 0 24.1274
      vertex 18.8558 2.4 24.3316
      vertex 18.8558 0 24.3316
    endloop
  endfacet
  facet normal 0.195124 0 -0.980779
    outer loop
      vertex 18.8558 2.4 24.3316
      vertex 17.8294 0 24.1274
      vertex 17.8294 2.4 24.1274
    endloop
  endfacet
  facet normal 0.0653646 0 -0.997861
    outer loop
      vertex 18.8558 0 24.3316
      vertex 19.9 2.4 24.4
      vertex 19.9 0 24.4
    endloop
  endfacet
  facet normal 0.0653646 0 -0.997861
    outer loop
      vertex 19.9 2.4 24.4
      vertex 18.8558 0 24.3316
      vertex 18.8558 2.4 24.3316
    endloop
  endfacet
  facet normal -0.659289 0 -0.75189
    outer loop
      vertex 24.7701 0 22.7468
      vertex 25.5569 2.4 22.0569
      vertex 25.5569 0 22.0569
    endloop
  endfacet
  facet normal -0.659289 0 -0.75189
    outer loop
      vertex 25.5569 2.4 22.0569
      vertex 24.7701 0 22.7468
      vertex 24.7701 2.4 22.7468
    endloop
  endfacet
  facet normal 0.321469 0 -0.94692
    outer loop
      vertex 16.8385 0 23.791
      vertex 17.8294 2.4 24.1274
      vertex 17.8294 0 24.1274
    endloop
  endfacet
  facet normal 0.321469 0 -0.94692
    outer loop
      vertex 17.8294 2.4 24.1274
      vertex 16.8385 0 23.791
      vertex 16.8385 2.4 23.791
    endloop
  endfacet
  facet normal 0.831462 0 -0.555582
    outer loop
      vertex 13.5532 0 21.2701
      vertex 12.9718 2.4 20.4
      vertex 13.5532 2.4 21.2701
    endloop
  endfacet
  facet normal 0.831462 0 -0.555582
    outer loop
      vertex 12.9718 2.4 20.4
      vertex 13.5532 0 21.2701
      vertex 12.9718 0 20.4
    endloop
  endfacet
  facet normal 0.896879 0 -0.442276
    outer loop
      vertex 12.9718 0 20.4
      vertex 12.509 2.4 19.4615
      vertex 12.9718 2.4 20.4
    endloop
  endfacet
  facet normal 0.896879 0 -0.442276
    outer loop
      vertex 12.509 2.4 19.4615
      vertex 12.9718 0 20.4
      vertex 12.509 0 19.4615
    endloop
  endfacet
  facet normal 0.980779 0 -0.195124
    outer loop
      vertex 12.1726 18.7 18.4706
      vertex 11.9684 21.1 17.4442
      vertex 12.1726 21.1 18.4706
    endloop
  endfacet
  facet normal 0.980779 0 -0.195124
    outer loop
      vertex 11.9684 21.1 17.4442
      vertex 12.1726 18.7 18.4706
      vertex 11.9684 18.7 17.4442
    endloop
  endfacet
  facet normal 0.94692 0 -0.321469
    outer loop
      vertex 12.509 18.7 19.4615
      vertex 12.1726 21.1 18.4706
      vertex 12.509 21.1 19.4615
    endloop
  endfacet
  facet normal 0.94692 0 -0.321469
    outer loop
      vertex 12.1726 21.1 18.4706
      vertex 12.509 18.7 19.4615
      vertex 12.1726 18.7 18.4706
    endloop
  endfacet
  facet normal 0.997861 0 -0.0653646
    outer loop
      vertex 11.9684 18.7 17.4442
      vertex 11.9 21.1 16.4
      vertex 11.9684 21.1 17.4442
    endloop
  endfacet
  facet normal 0.997861 0 -0.0653646
    outer loop
      vertex 11.9 21.1 16.4
      vertex 11.9684 18.7 17.4442
      vertex 11.9 18.7 16.4
    endloop
  endfacet
  facet normal -1 0 0
    outer loop
      vertex 27.9 21.1 0
      vertex 27.9 18.7 2
      vertex 27.9 21.1 16.4
    endloop
  endfacet
  facet normal -1 0 0
    outer loop
      vertex 27.9 18.3 0
      vertex 27.9 18.7 2
      vertex 27.9 21.1 0
    endloop
  endfacet
  facet normal -1 -0 0
    outer loop
      vertex 27.9 18.7 2
      vertex 27.9 18.3 0
      vertex 27.9 18.3 2
    endloop
  endfacet
  facet normal -1 -0 0
    outer loop
      vertex 27.9 21.1 16.4
      vertex 27.9 18.7 2
      vertex 27.9 18.7 16.4
    endloop
  endfacet
  facet normal -0.997861 0 -0.0653646
    outer loop
      vertex 27.9 18.7 16.4
      vertex 27.8316 21.1 17.4442
      vertex 27.9 21.1 16.4
    endloop
  endfacet
  facet normal -0.997861 -0 -0.0653646
    outer loop
      vertex 27.8316 21.1 17.4442
      vertex 27.9 18.7 16.4
      vertex 27.8316 18.7 17.4442
    endloop
  endfacet
  facet normal 0 1 -0
    outer loop
      vertex 27.9 18.3 0
      vertex 11.9 18.3 2
      vertex 27.9 18.3 2
    endloop
  endfacet
  facet normal 0 1 0
    outer loop
      vertex 11.9 18.3 2
      vertex 27.9 18.3 0
      vertex 11.9 18.3 0
    endloop
  endfacet
  facet normal 1 0 0
    outer loop
      vertex 11.9 18.7 2
      vertex 11.9 21.1 16.4
      vertex 11.9 18.7 16.4
    endloop
  endfacet
  facet normal 1 0 0
    outer loop
      vertex 11.9 21.1 16.4
      vertex 11.9 18.7 2
      vertex 11.9 21.1 0
    endloop
  endfacet
  facet normal 1 0 0
    outer loop
      vertex 11.9 18.3 0
      vertex 11.9 18.7 2
      vertex 11.9 18.3 2
    endloop
  endfacet
  facet normal 1 0 0
    outer loop
      vertex 11.9 18.7 2
      vertex 11.9 18.3 0
      vertex 11.9 21.1 0
    endloop
  endfacet
  facet normal -0.980779 0 -0.195124
    outer loop
      vertex 27.8316 18.7 17.4442
      vertex 27.6274 21.1 18.4706
      vertex 27.8316 21.1 17.4442
    endloop
  endfacet
  facet normal -0.980779 -0 -0.195124
    outer loop
      vertex 27.6274 21.1 18.4706
      vertex 27.8316 18.7 17.4442
      vertex 27.6274 18.7 18.4706
    endloop
  endfacet
  facet normal 0.442276 0 -0.896879
    outer loop
      vertex 15.9 18.7 23.3282
      vertex 16.8385 21.1 23.791
      vertex 16.8385 18.7 23.791
    endloop
  endfacet
  facet normal 0.442276 0 -0.896879
    outer loop
      vertex 16.8385 21.1 23.791
      vertex 15.9 18.7 23.3282
      vertex 15.9 21.1 23.3282
    endloop
  endfacet
  facet normal 0.659289 0 -0.75189
    outer loop
      vertex 14.2431 18.7 22.0569
      vertex 15.0299 21.1 22.7468
      vertex 15.0299 18.7 22.7468
    endloop
  endfacet
  facet normal 0.659289 0 -0.75189
    outer loop
      vertex 15.0299 21.1 22.7468
      vertex 14.2431 18.7 22.0569
      vertex 14.2431 21.1 22.0569
    endloop
  endfacet
  facet normal -0.321469 0 -0.94692
    outer loop
      vertex 21.9706 18.7 24.1274
      vertex 22.9615 21.1 23.791
      vertex 22.9615 18.7 23.791
    endloop
  endfacet
  facet normal -0.321469 0 -0.94692
    outer loop
      vertex 22.9615 21.1 23.791
      vertex 21.9706 18.7 24.1274
      vertex 21.9706 21.1 24.1274
    endloop
  endfacet
  facet normal -0.896879 0 -0.442276
    outer loop
      vertex 27.291 18.7 19.4615
      vertex 26.8282 21.1 20.4
      vertex 27.291 21.1 19.4615
    endloop
  endfacet
  facet normal -0.896879 -0 -0.442276
    outer loop
      vertex 26.8282 21.1 20.4
      vertex 27.291 18.7 19.4615
      vertex 26.8282 18.7 20.4
    endloop
  endfacet
  facet normal -0.831462 0 -0.555582
    outer loop
      vertex 26.8282 18.7 20.4
      vertex 26.2468 21.1 21.2701
      vertex 26.8282 21.1 20.4
    endloop
  endfacet
  facet normal -0.831462 -0 -0.555582
    outer loop
      vertex 26.2468 21.1 21.2701
      vertex 26.8282 18.7 20.4
      vertex 26.2468 18.7 21.2701
    endloop
  endfacet
  facet normal -0.94692 0 -0.321469
    outer loop
      vertex 27.6274 18.7 18.4706
      vertex 27.291 21.1 19.4615
      vertex 27.6274 21.1 18.4706
    endloop
  endfacet
  facet normal -0.94692 -0 -0.321469
    outer loop
      vertex 27.291 21.1 19.4615
      vertex 27.6274 18.7 18.4706
      vertex 27.291 18.7 19.4615
    endloop
  endfacet
  facet normal -0.195124 0 -0.980779
    outer loop
      vertex 20.9442 18.7 24.3316
      vertex 21.9706 21.1 24.1274
      vertex 21.9706 18.7 24.1274
    endloop
  endfacet
  facet normal -0.195124 0 -0.980779
    outer loop
      vertex 21.9706 21.1 24.1274
      vertex 20.9442 18.7 24.3316
      vertex 20.9442 21.1 24.3316
    endloop
  endfacet
  facet normal -0.0653646 0 -0.997861
    outer loop
      vertex 19.9 18.7 24.4
      vertex 20.9442 21.1 24.3316
      vertex 20.9442 18.7 24.3316
    endloop
  endfacet
  facet normal -0.0653646 0 -0.997861
    outer loop
      vertex 20.9442 21.1 24.3316
      vertex 19.9 18.7 24.4
      vertex 19.9 21.1 24.4
    endloop
  endfacet
  facet normal 0.555582 0 -0.831462
    outer loop
      vertex 15.0299 18.7 22.7468
      vertex 15.9 21.1 23.3282
      vertex 15.9 18.7 23.3282
    endloop
  endfacet
  facet normal 0.555582 0 -0.831462
    outer loop
      vertex 15.9 21.1 23.3282
      vertex 15.0299 18.7 22.7468
      vertex 15.0299 21.1 22.7468
    endloop
  endfacet
  facet normal 0.75189 0 -0.659289
    outer loop
      vertex 14.2431 18.7 22.0569
      vertex 13.5532 21.1 21.2701
      vertex 14.2431 21.1 22.0569
    endloop
  endfacet
  facet normal 0.75189 0 -0.659289
    outer loop
      vertex 13.5532 21.1 21.2701
      vertex 14.2431 18.7 22.0569
      vertex 13.5532 18.7 21.2701
    endloop
  endfacet
  facet normal -0.442276 0 -0.896879
    outer loop
      vertex 22.9615 18.7 23.791
      vertex 23.9 21.1 23.3282
      vertex 23.9 18.7 23.3282
    endloop
  endfacet
  facet normal -0.442276 0 -0.896879
    outer loop
      vertex 23.9 21.1 23.3282
      vertex 22.9615 18.7 23.791
      vertex 22.9615 21.1 23.791
    endloop
  endfacet
  facet normal -0.75189 0 -0.659289
    outer loop
      vertex 26.2468 18.7 21.2701
      vertex 25.5569 21.1 22.0569
      vertex 26.2468 21.1 21.2701
    endloop
  endfacet
  facet normal -0.75189 -0 -0.659289
    outer loop
      vertex 25.5569 21.1 22.0569
      vertex 26.2468 18.7 21.2701
      vertex 25.5569 18.7 22.0569
    endloop
  endfacet
  facet normal -0.555582 0 -0.831462
    outer loop
      vertex 23.9 18.7 23.3282
      vertex 24.7701 21.1 22.7468
      vertex 24.7701 18.7 22.7468
    endloop
  endfacet
  facet normal -0.555582 0 -0.831462
    outer loop
      vertex 24.7701 21.1 22.7468
      vertex 23.9 18.7 23.3282
      vertex 23.9 21.1 23.3282
    endloop
  endfacet
  facet normal 0.195124 0 -0.980779
    outer loop
      vertex 17.8294 18.7 24.1274
      vertex 18.8558 21.1 24.3316
      vertex 18.8558 18.7 24.3316
    endloop
  endfacet
  facet normal 0.195124 0 -0.980779
    outer loop
      vertex 18.8558 21.1 24.3316
      vertex 17.8294 18.7 24.1274
      vertex 17.8294 21.1 24.1274
    endloop
  endfacet
  facet normal 0.0653646 0 -0.997861
    outer loop
      vertex 18.8558 18.7 24.3316
      vertex 19.9 21.1 24.4
      vertex 19.9 18.7 24.4
    endloop
  endfacet
  facet normal 0.0653646 0 -0.997861
    outer loop
      vertex 19.9 21.1 24.4
      vertex 18.8558 18.7 24.3316
      vertex 18.8558 21.1 24.3316
    endloop
  endfacet
  facet normal -0.659289 0 -0.75189
    outer loop
      vertex 24.7701 18.7 22.7468
      vertex 25.5569 21.1 22.0569
      vertex 25.5569 18.7 22.0569
    endloop
  endfacet
  facet normal -0.659289 0 -0.75189
    outer loop
      vertex 25.5569 21.1 22.0569
      vertex 24.7701 18.7 22.7468
      vertex 24.7701 21.1 22.7468
    endloop
  endfacet
  facet normal 0.321469 0 -0.94692
    outer loop
      vertex 16.8385 18.7 23.791
      vertex 17.8294 21.1 24.1274
      vertex 17.8294 18.7 24.1274
    endloop
  endfacet
  facet normal 0.321469 0 -0.94692
    outer loop
      vertex 17.8294 21.1 24.1274
      vertex 16.8385 18.7 23.791
      vertex 16.8385 21.1 23.791
    endloop
  endfacet
  facet normal 0.831462 0 -0.555582
    outer loop
      vertex 13.5532 18.7 21.2701
      vertex 12.9718 21.1 20.4
      vertex 13.5532 21.1 21.2701
    endloop
  endfacet
  facet normal 0.831462 0 -0.555582
    outer loop
      vertex 12.9718 21.1 20.4
      vertex 13.5532 18.7 21.2701
      vertex 12.9718 18.7 20.4
    endloop
  endfacet
  facet normal 0.896879 0 -0.442276
    outer loop
      vertex 12.9718 18.7 20.4
      vertex 12.509 21.1 19.4615
      vertex 12.9718 21.1 20.4
    endloop
  endfacet
  facet normal 0.896879 0 -0.442276
    outer loop
      vertex 12.509 21.1 19.4615
      vertex 12.9718 18.7 20.4
      vertex 12.509 18.7 19.4615
    endloop
  endfacet
  facet normal 0.980779 0 -0.195124
    outer loop
      vertex 48.7726 0 18.4706
      vertex 48.5684 2.4 17.4442
      vertex 48.7726 2.4 18.4706
    endloop
  endfacet
  facet normal 0.980779 0 -0.195124
    outer loop
      vertex 48.5684 2.4 17.4442
      vertex 48.7726 0 18.4706
      vertex 48.5684 0 17.4442
    endloop
  endfacet
  facet normal 0.94692 0 -0.321469
    outer loop
      vertex 49.109 0 19.4615
      vertex 48.7726 2.4 18.4706
      vertex 49.109 2.4 19.4615
    endloop
  endfacet
  facet normal 0.94692 0 -0.321469
    outer loop
      vertex 48.7726 2.4 18.4706
      vertex 49.109 0 19.4615
      vertex 48.7726 0 18.4706
    endloop
  endfacet
  facet normal 0.997861 0 -0.0653646
    outer loop
      vertex 48.5684 0 17.4442
      vertex 48.5 2.4 16.4
      vertex 48.5684 2.4 17.4442
    endloop
  endfacet
  facet normal 0.997861 0 -0.0653646
    outer loop
      vertex 48.5 2.4 16.4
      vertex 48.5684 0 17.4442
      vertex 48.5 0 16.4
    endloop
  endfacet
  facet normal 0.75189 0 -0.659289
    outer loop
      vertex 50.8431 0 22.0569
      vertex 50.1532 2.4 21.2701
      vertex 50.8431 2.4 22.0569
    endloop
  endfacet
  facet normal 0.75189 0 -0.659289
    outer loop
      vertex 50.1532 2.4 21.2701
      vertex 50.8431 0 22.0569
      vertex 50.1532 0 21.2701
    endloop
  endfacet
  facet normal -1 0 0
    outer loop
      vertex 64.5 2.8 0
      vertex 64.5 2.4 2
      vertex 64.5 2.8 2
    endloop
  endfacet
  facet normal -1 0 0
    outer loop
      vertex 64.5 0 0
      vertex 64.5 2.4 2
      vertex 64.5 2.8 0
    endloop
  endfacet
  facet normal -1 0 0
    outer loop
      vertex 64.5 0 16.4
      vertex 64.5 2.4 2
      vertex 64.5 0 0
    endloop
  endfacet
  facet normal -1 0 0
    outer loop
      vertex 64.5 2.4 2
      vertex 64.5 0 16.4
      vertex 64.5 2.4 16.4
    endloop
  endfacet
  facet normal -0.195124 0 -0.980779
    outer loop
      vertex 57.5442 0 24.3316
      vertex 58.5706 2.4 24.1274
      vertex 58.5706 0 24.1274
    endloop
  endfacet
  facet normal -0.195124 0 -0.980779
    outer loop
      vertex 58.5706 2.4 24.1274
      vertex 57.5442 0 24.3316
      vertex 57.5442 2.4 24.3316
    endloop
  endfacet
  facet normal -0.94692 0 -0.321469
    outer loop
      vertex 64.2274 0 18.4706
      vertex 63.891 2.4 19.4615
      vertex 64.2274 2.4 18.4706
    endloop
  endfacet
  facet normal -0.94692 -0 -0.321469
    outer loop
      vertex 63.891 2.4 19.4615
      vertex 64.2274 0 18.4706
      vertex 63.891 0 19.4615
    endloop
  endfacet
  facet normal 1 0 0
    outer loop
      vertex 48.5 2.4 16.4
      vertex 48.5 0 16.4
      vertex 48.5 2.4 2
    endloop
  endfacet
  facet normal 1 -0 0
    outer loop
      vertex 48.5 2.4 2
      vertex 48.5 2.8 0
      vertex 48.5 2.8 2
    endloop
  endfacet
  facet normal 1 0 0
    outer loop
      vertex 48.5 2.4 2
      vertex 48.5 0 0
      vertex 48.5 2.8 0
    endloop
  endfacet
  facet normal 1 0 0
    outer loop
      vertex 48.5 0 0
      vertex 48.5 2.4 2
      vertex 48.5 0 16.4
    endloop
  endfacet
  facet normal 0.896879 0 -0.442276
    outer loop
      vertex 49.5718 0 20.4
      vertex 49.109 2.4 19.4615
      vertex 49.5718 2.4 20.4
    endloop
  endfacet
  facet normal 0.896879 0 -0.442276
    outer loop
      vertex 49.109 2.4 19.4615
      vertex 49.5718 0 20.4
      vertex 49.109 0 19.4615
    endloop
  endfacet
  facet normal 0 -1 0
    outer loop
      vertex 48.5 2.8 0
      vertex 64.5 2.8 2
      vertex 48.5 2.8 2
    endloop
  endfacet
  facet normal 0 -1 -0
    outer loop
      vertex 64.5 2.8 2
      vertex 48.5 2.8 0
      vertex 64.5 2.8 0
    endloop
  endfacet
  facet normal -0.980779 0 -0.195124
    outer loop
      vertex 64.4316 0 17.4442
      vertex 64.2274 2.4 18.4706
      vertex 64.4316 2.4 17.4442
    endloop
  endfacet
  facet normal -0.980779 -0 -0.195124
    outer loop
      vertex 64.2274 2.4 18.4706
      vertex 64.4316 0 17.4442
      vertex 64.2274 0 18.4706
    endloop
  endfacet
  facet normal 0.555582 0 -0.831462
    outer loop
      vertex 51.6299 0 22.7468
      vertex 52.5 2.4 23.3282
      vertex 52.5 0 23.3282
    endloop
  endfacet
  facet normal 0.555582 0 -0.831462
    outer loop
      vertex 52.5 2.4 23.3282
      vertex 51.6299 0 22.7468
      vertex 51.6299 2.4 22.7468
    endloop
  endfacet
  facet normal -0.997861 0 -0.0653646
    outer loop
      vertex 64.5 0 16.4
      vertex 64.4316 2.4 17.4442
      vertex 64.5 2.4 16.4
    endloop
  endfacet
  facet normal -0.997861 -0 -0.0653646
    outer loop
      vertex 64.4316 2.4 17.4442
      vertex 64.5 0 16.4
      vertex 64.4316 0 17.4442
    endloop
  endfacet
  facet normal -0.75189 0 -0.659289
    outer loop
      vertex 62.8468 0 21.2701
      vertex 62.1569 2.4 22.0569
      vertex 62.8468 2.4 21.2701
    endloop
  endfacet
  facet normal -0.75189 -0 -0.659289
    outer loop
      vertex 62.1569 2.4 22.0569
      vertex 62.8468 0 21.2701
      vertex 62.1569 0 22.0569
    endloop
  endfacet
  facet normal -0.321469 0 -0.94692
    outer loop
      vertex 58.5706 0 24.1274
      vertex 59.5615 2.4 23.791
      vertex 59.5615 0 23.791
    endloop
  endfacet
  facet normal -0.321469 0 -0.94692
    outer loop
      vertex 59.5615 2.4 23.791
      vertex 58.5706 0 24.1274
      vertex 58.5706 2.4 24.1274
    endloop
  endfacet
  facet normal -0.0653646 0 -0.997861
    outer loop
      vertex 56.5 0 24.4
      vertex 57.5442 2.4 24.3316
      vertex 57.5442 0 24.3316
    endloop
  endfacet
  facet normal -0.0653646 0 -0.997861
    outer loop
      vertex 57.5442 2.4 24.3316
      vertex 56.5 0 24.4
      vertex 56.5 2.4 24.4
    endloop
  endfacet
  facet normal 0.195124 0 -0.980779
    outer loop
      vertex 54.4294 0 24.1274
      vertex 55.4558 2.4 24.3316
      vertex 55.4558 0 24.3316
    endloop
  endfacet
  facet normal 0.195124 0 -0.980779
    outer loop
      vertex 55.4558 2.4 24.3316
      vertex 54.4294 0 24.1274
      vertex 54.4294 2.4 24.1274
    endloop
  endfacet
  facet normal 0.831462 0 -0.555582
    outer loop
      vertex 50.1532 0 21.2701
      vertex 49.5718 2.4 20.4
      vertex 50.1532 2.4 21.2701
    endloop
  endfacet
  facet normal 0.831462 0 -0.555582
    outer loop
      vertex 49.5718 2.4 20.4
      vertex 50.1532 0 21.2701
      vertex 49.5718 0 20.4
    endloop
  endfacet
  facet normal 0.659289 0 -0.75189
    outer loop
      vertex 50.8431 0 22.0569
      vertex 51.6299 2.4 22.7468
      vertex 51.6299 0 22.7468
    endloop
  endfacet
  facet normal 0.659289 0 -0.75189
    outer loop
      vertex 51.6299 2.4 22.7468
      vertex 50.8431 0 22.0569
      vertex 50.8431 2.4 22.0569
    endloop
  endfacet
  facet normal -0.896879 0 -0.442276
    outer loop
      vertex 63.891 0 19.4615
      vertex 63.4282 2.4 20.4
      vertex 63.891 2.4 19.4615
    endloop
  endfacet
  facet normal -0.896879 -0 -0.442276
    outer loop
      vertex 63.4282 2.4 20.4
      vertex 63.891 0 19.4615
      vertex 63.4282 0 20.4
    endloop
  endfacet
  facet normal -0.831462 0 -0.555582
    outer loop
      vertex 63.4282 0 20.4
      vertex 62.8468 2.4 21.2701
      vertex 63.4282 2.4 20.4
    endloop
  endfacet
  facet normal -0.831462 -0 -0.555582
    outer loop
      vertex 62.8468 2.4 21.2701
      vertex 63.4282 0 20.4
      vertex 62.8468 0 21.2701
    endloop
  endfacet
  facet normal -0.555582 0 -0.831462
    outer loop
      vertex 60.5 0 23.3282
      vertex 61.3701 2.4 22.7468
      vertex 61.3701 0 22.7468
    endloop
  endfacet
  facet normal -0.555582 0 -0.831462
    outer loop
      vertex 61.3701 2.4 22.7468
      vertex 60.5 0 23.3282
      vertex 60.5 2.4 23.3282
    endloop
  endfacet
  facet normal -0.442276 0 -0.896879
    outer loop
      vertex 59.5615 0 23.791
      vertex 60.5 2.4 23.3282
      vertex 60.5 0 23.3282
    endloop
  endfacet
  facet normal -0.442276 0 -0.896879
    outer loop
      vertex 60.5 2.4 23.3282
      vertex 59.5615 0 23.791
      vertex 59.5615 2.4 23.791
    endloop
  endfacet
  facet normal 0.0653646 0 -0.997861
    outer loop
      vertex 55.4558 0 24.3316
      vertex 56.5 2.4 24.4
      vertex 56.5 0 24.4
    endloop
  endfacet
  facet normal 0.0653646 0 -0.997861
    outer loop
      vertex 56.5 2.4 24.4
      vertex 55.4558 0 24.3316
      vertex 55.4558 2.4 24.3316
    endloop
  endfacet
  facet normal 0.442276 0 -0.896879
    outer loop
      vertex 52.5 0 23.3282
      vertex 53.4385 2.4 23.791
      vertex 53.4385 0 23.791
    endloop
  endfacet
  facet normal 0.442276 0 -0.896879
    outer loop
      vertex 53.4385 2.4 23.791
      vertex 52.5 0 23.3282
      vertex 52.5 2.4 23.3282
    endloop
  endfacet
  facet normal 0.321469 0 -0.94692
    outer loop
      vertex 53.4385 0 23.791
      vertex 54.4294 2.4 24.1274
      vertex 54.4294 0 24.1274
    endloop
  endfacet
  facet normal 0.321469 0 -0.94692
    outer loop
      vertex 54.4294 2.4 24.1274
      vertex 53.4385 0 23.791
      vertex 53.4385 2.4 23.791
    endloop
  endfacet
  facet normal -0.659289 0 -0.75189
    outer loop
      vertex 61.3701 0 22.7468
      vertex 62.1569 2.4 22.0569
      vertex 62.1569 0 22.0569
    endloop
  endfacet
  facet normal -0.659289 0 -0.75189
    outer loop
      vertex 62.1569 2.4 22.0569
      vertex 61.3701 0 22.7468
      vertex 61.3701 2.4 22.7468
    endloop
  endfacet
  facet normal 0.980779 0 -0.195124
    outer loop
      vertex 48.7726 18.7 18.4706
      vertex 48.5684 21.1 17.4442
      vertex 48.7726 21.1 18.4706
    endloop
  endfacet
  facet normal 0.980779 0 -0.195124
    outer loop
      vertex 48.5684 21.1 17.4442
      vertex 48.7726 18.7 18.4706
      vertex 48.5684 18.7 17.4442
    endloop
  endfacet
  facet normal 0.94692 0 -0.321469
    outer loop
      vertex 49.109 18.7 19.4615
      vertex 48.7726 21.1 18.4706
      vertex 49.109 21.1 19.4615
    endloop
  endfacet
  facet normal 0.94692 0 -0.321469
    outer loop
      vertex 48.7726 21.1 18.4706
      vertex 49.109 18.7 19.4615
      vertex 48.7726 18.7 18.4706
    endloop
  endfacet
  facet normal 0.997861 0 -0.0653646
    outer loop
      vertex 48.5684 18.7 17.4442
      vertex 48.5 21.1 16.4
      vertex 48.5684 21.1 17.4442
    endloop
  endfacet
  facet normal 0.997861 0 -0.0653646
    outer loop
      vertex 48.5 21.1 16.4
      vertex 48.5684 18.7 17.4442
      vertex 48.5 18.7 16.4
    endloop
  endfacet
  facet normal 0.555582 0 -0.831462
    outer loop
      vertex 51.6299 18.7 22.7468
      vertex 52.5 21.1 23.3282
      vertex 52.5 18.7 23.3282
    endloop
  endfacet
  facet normal 0.555582 0 -0.831462
    outer loop
      vertex 52.5 21.1 23.3282
      vertex 51.6299 18.7 22.7468
      vertex 51.6299 21.1 22.7468
    endloop
  endfacet
  facet normal -1 0 0
    outer loop
      vertex 64.5 21.1 0
      vertex 64.5 18.7 2
      vertex 64.5 21.1 16.4
    endloop
  endfacet
  facet normal -1 0 0
    outer loop
      vertex 64.5 18.3 0
      vertex 64.5 18.7 2
      vertex 64.5 21.1 0
    endloop
  endfacet
  facet normal -1 -0 0
    outer loop
      vertex 64.5 18.7 2
      vertex 64.5 18.3 0
      vertex 64.5 18.3 2
    endloop
  endfacet
  facet normal -1 -0 0
    outer loop
      vertex 64.5 21.1 16.4
      vertex 64.5 18.7 2
      vertex 64.5 18.7 16.4
    endloop
  endfacet
  facet normal 0.896879 0 -0.442276
    outer loop
      vertex 49.5718 18.7 20.4
      vertex 49.109 21.1 19.4615
      vertex 49.5718 21.1 20.4
    endloop
  endfacet
  facet normal 0.896879 0 -0.442276
    outer loop
      vertex 49.109 21.1 19.4615
      vertex 49.5718 18.7 20.4
      vertex 49.109 18.7 19.4615
    endloop
  endfacet
  facet normal -0.980779 0 -0.195124
    outer loop
      vertex 64.4316 18.7 17.4442
      vertex 64.2274 21.1 18.4706
      vertex 64.4316 21.1 17.4442
    endloop
  endfacet
  facet normal -0.980779 -0 -0.195124
    outer loop
      vertex 64.2274 21.1 18.4706
      vertex 64.4316 18.7 17.4442
      vertex 64.2274 18.7 18.4706
    endloop
  endfacet
  facet normal 0 1 -0
    outer loop
      vertex 64.5 18.3 0
      vertex 48.5 18.3 2
      vertex 64.5 18.3 2
    endloop
  endfacet
  facet normal 0 1 0
    outer loop
      vertex 48.5 18.3 2
      vertex 64.5 18.3 0
      vertex 48.5 18.3 0
    endloop
  endfacet
  facet normal 1 0 0
    outer loop
      vertex 48.5 18.7 2
      vertex 48.5 21.1 16.4
      vertex 48.5 18.7 16.4
    endloop
  endfacet
  facet normal 1 0 0
    outer loop
      vertex 48.5 21.1 16.4
      vertex 48.5 18.7 2
      vertex 48.5 21.1 0
    endloop
  endfacet
  facet normal 1 0 0
    outer loop
      vertex 48.5 18.3 0
      vertex 48.5 18.7 2
      vertex 48.5 18.3 2
    endloop
  endfacet
  facet normal 1 0 0
    outer loop
      vertex 48.5 18.7 2
      vertex 48.5 18.3 0
      vertex 48.5 21.1 0
    endloop
  endfacet
  facet normal -0.94692 0 -0.321469
    outer loop
      vertex 64.2274 18.7 18.4706
      vertex 63.891 21.1 19.4615
      vertex 64.2274 21.1 18.4706
    endloop
  endfacet
  facet normal -0.94692 -0 -0.321469
    outer loop
      vertex 63.891 21.1 19.4615
      vertex 64.2274 18.7 18.4706
      vertex 63.891 18.7 19.4615
    endloop
  endfacet
  facet normal 0.442276 0 -0.896879
    outer loop
      vertex 52.5 18.7 23.3282
      vertex 53.4385 21.1 23.791
      vertex 53.4385 18.7 23.791
    endloop
  endfacet
  facet normal 0.442276 0 -0.896879
    outer loop
      vertex 53.4385 21.1 23.791
      vertex 52.5 18.7 23.3282
      vertex 52.5 21.1 23.3282
    endloop
  endfacet
  facet normal 0.659289 0 -0.75189
    outer loop
      vertex 50.8431 18.7 22.0569
      vertex 51.6299 21.1 22.7468
      vertex 51.6299 18.7 22.7468
    endloop
  endfacet
  facet normal 0.659289 0 -0.75189
    outer loop
      vertex 51.6299 21.1 22.7468
      vertex 50.8431 18.7 22.0569
      vertex 50.8431 21.1 22.0569
    endloop
  endfacet
  facet normal -0.321469 0 -0.94692
    outer loop
      vertex 58.5706 18.7 24.1274
      vertex 59.5615 21.1 23.791
      vertex 59.5615 18.7 23.791
    endloop
  endfacet
  facet normal -0.321469 0 -0.94692
    outer loop
      vertex 59.5615 21.1 23.791
      vertex 58.5706 18.7 24.1274
      vertex 58.5706 21.1 24.1274
    endloop
  endfacet
  facet normal -0.997861 0 -0.0653646
    outer loop
      vertex 64.5 18.7 16.4
      vertex 64.4316 21.1 17.4442
      vertex 64.5 21.1 16.4
    endloop
  endfacet
  facet normal -0.997861 -0 -0.0653646
    outer loop
      vertex 64.4316 21.1 17.4442
      vertex 64.5 18.7 16.4
      vertex 64.4316 18.7 17.4442
    endloop
  endfacet
  facet normal -0.831462 0 -0.555582
    outer loop
      vertex 63.4282 18.7 20.4
      vertex 62.8468 21.1 21.2701
      vertex 63.4282 21.1 20.4
    endloop
  endfacet
  facet normal -0.831462 -0 -0.555582
    outer loop
      vertex 62.8468 21.1 21.2701
      vertex 63.4282 18.7 20.4
      vertex 62.8468 18.7 21.2701
    endloop
  endfacet
  facet normal 0.75189 0 -0.659289
    outer loop
      vertex 50.8431 18.7 22.0569
      vertex 50.1532 21.1 21.2701
      vertex 50.8431 21.1 22.0569
    endloop
  endfacet
  facet normal 0.75189 0 -0.659289
    outer loop
      vertex 50.1532 21.1 21.2701
      vertex 50.8431 18.7 22.0569
      vertex 50.1532 18.7 21.2701
    endloop
  endfacet
  facet normal -0.442276 0 -0.896879
    outer loop
      vertex 59.5615 18.7 23.791
      vertex 60.5 21.1 23.3282
      vertex 60.5 18.7 23.3282
    endloop
  endfacet
  facet normal -0.442276 0 -0.896879
    outer loop
      vertex 60.5 21.1 23.3282
      vertex 59.5615 18.7 23.791
      vertex 59.5615 21.1 23.791
    endloop
  endfacet
  facet normal -0.75189 0 -0.659289
    outer loop
      vertex 62.8468 18.7 21.2701
      vertex 62.1569 21.1 22.0569
      vertex 62.8468 21.1 21.2701
    endloop
  endfacet
  facet normal -0.75189 -0 -0.659289
    outer loop
      vertex 62.1569 21.1 22.0569
      vertex 62.8468 18.7 21.2701
      vertex 62.1569 18.7 22.0569
    endloop
  endfacet
  facet normal -0.555582 0 -0.831462
    outer loop
      vertex 60.5 18.7 23.3282
      vertex 61.3701 21.1 22.7468
      vertex 61.3701 18.7 22.7468
    endloop
  endfacet
  facet normal -0.555582 0 -0.831462
    outer loop
      vertex 61.3701 21.1 22.7468
      vertex 60.5 18.7 23.3282
      vertex 60.5 21.1 23.3282
    endloop
  endfacet
  facet normal -0.896879 0 -0.442276
    outer loop
      vertex 63.891 18.7 19.4615
      vertex 63.4282 21.1 20.4
      vertex 63.891 21.1 19.4615
    endloop
  endfacet
  facet normal -0.896879 -0 -0.442276
    outer loop
      vertex 63.4282 21.1 20.4
      vertex 63.891 18.7 19.4615
      vertex 63.4282 18.7 20.4
    endloop
  endfacet
  facet normal 0.0653646 0 -0.997861
    outer loop
      vertex 55.4558 18.7 24.3316
      vertex 56.5 21.1 24.4
      vertex 56.5 18.7 24.4
    endloop
  endfacet
  facet normal 0.0653646 0 -0.997861
    outer loop
      vertex 56.5 21.1 24.4
      vertex 55.4558 18.7 24.3316
      vertex 55.4558 21.1 24.3316
    endloop
  endfacet
  facet normal 0.195124 0 -0.980779
    outer loop
      vertex 54.4294 18.7 24.1274
      vertex 55.4558 21.1 24.3316
      vertex 55.4558 18.7 24.3316
    endloop
  endfacet
  facet normal 0.195124 0 -0.980779
    outer loop
      vertex 55.4558 21.1 24.3316
      vertex 54.4294 18.7 24.1274
      vertex 54.4294 21.1 24.1274
    endloop
  endfacet
  facet normal -0.0653646 0 -0.997861
    outer loop
      vertex 56.5 18.7 24.4
      vertex 57.5442 21.1 24.3316
      vertex 57.5442 18.7 24.3316
    endloop
  endfacet
  facet normal -0.0653646 0 -0.997861
    outer loop
      vertex 57.5442 21.1 24.3316
      vertex 56.5 18.7 24.4
      vertex 56.5 21.1 24.4
    endloop
  endfacet
  facet normal -0.659289 0 -0.75189
    outer loop
      vertex 61.3701 18.7 22.7468
      vertex 62.1569 21.1 22.0569
      vertex 62.1569 18.7 22.0569
    endloop
  endfacet
  facet normal -0.659289 0 -0.75189
    outer loop
      vertex 62.1569 21.1 22.0569
      vertex 61.3701 18.7 22.7468
      vertex 61.3701 21.1 22.7468
    endloop
  endfacet
  facet normal 0.321469 0 -0.94692
    outer loop
      vertex 53.4385 18.7 23.791
      vertex 54.4294 21.1 24.1274
      vertex 54.4294 18.7 24.1274
    endloop
  endfacet
  facet normal 0.321469 0 -0.94692
    outer loop
      vertex 54.4294 21.1 24.1274
      vertex 53.4385 18.7 23.791
      vertex 53.4385 21.1 23.791
    endloop
  endfacet
  facet normal -0.195124 0 -0.980779
    outer loop
      vertex 57.5442 18.7 24.3316
      vertex 58.5706 21.1 24.1274
      vertex 58.5706 18.7 24.1274
    endloop
  endfacet
  facet normal -0.195124 0 -0.980779
    outer loop
      vertex 58.5706 21.1 24.1274
      vertex 57.5442 18.7 24.3316
      vertex 57.5442 21.1 24.3316
    endloop
  endfacet
  facet normal 0.831462 0 -0.555582
    outer loop
      vertex 50.1532 18.7 21.2701
      vertex 49.5718 21.1 20.4
      vertex 50.1532 21.1 21.2701
    endloop
  endfacet
  facet normal 0.831462 0 -0.555582
    outer loop
      vertex 49.5718 21.1 20.4
      vertex 50.1532 18.7 21.2701
      vertex 49.5718 18.7 20.4
    endloop
  endfacet
  facet normal 0.980779 0 -0.195124
    outer loop
      vertex 85.3726 0 18.4706
      vertex 85.1684 2.4 17.4442
      vertex 85.3726 2.4 18.4706
    endloop
  endfacet
  facet normal 0.980779 0 -0.195124
    outer loop
      vertex 85.1684 2.4 17.4442
      vertex 85.3726 0 18.4706
      vertex 85.1684 0 17.4442
    endloop
  endfacet
  facet normal 0.94692 0 -0.321469
    outer loop
      vertex 85.709 0 19.4615
      vertex 85.3726 2.4 18.4706
      vertex 85.709 2.4 19.4615
    endloop
  endfacet
  facet normal 0.94692 0 -0.321469
    outer loop
      vertex 85.3726 2.4 18.4706
      vertex 85.709 0 19.4615
      vertex 85.3726 0 18.4706
    endloop
  endfacet
  facet normal 0.997861 0 -0.0653646
    outer loop
      vertex 85.1684 0 17.4442
      vertex 85.1 2.4 16.4
      vertex 85.1684 2.4 17.4442
    endloop
  endfacet
  facet normal 0.997861 0 -0.0653646
    outer loop
      vertex 85.1 2.4 16.4
      vertex 85.1684 0 17.4442
      vertex 85.1 0 16.4
    endloop
  endfacet
  facet normal -1 0 0
    outer loop
      vertex 101.1 2.8 0
      vertex 101.1 2.4 2
      vertex 101.1 2.8 2
    endloop
  endfacet
  facet normal -1 0 0
    outer loop
      vertex 101.1 0 0
      vertex 101.1 2.4 2
      vertex 101.1 2.8 0
    endloop
  endfacet
  facet normal -1 0 0
    outer loop
      vertex 101.1 0 16.4
      vertex 101.1 2.4 2
      vertex 101.1 0 0
    endloop
  endfacet
  facet normal -1 0 0
    outer loop
      vertex 101.1 2.4 2
      vertex 101.1 0 16.4
      vertex 101.1 2.4 16.4
    endloop
  endfacet
  facet normal -0.75189 0 -0.659289
    outer loop
      vertex 99.4468 0 21.2701
      vertex 98.7569 2.4 22.0569
      vertex 99.4468 2.4 21.2701
    endloop
  endfacet
  facet normal -0.75189 -0 -0.659289
    outer loop
      vertex 98.7569 2.4 22.0569
      vertex 99.4468 0 21.2701
      vertex 98.7569 0 22.0569
    endloop
  endfacet
  facet normal -0.195124 0 -0.980779
    outer loop
      vertex 94.1442 0 24.3316
      vertex 95.1706 2.4 24.1274
      vertex 95.1706 0 24.1274
    endloop
  endfacet
  facet normal -0.195124 0 -0.980779
    outer loop
      vertex 95.1706 2.4 24.1274
      vertex 94.1442 0 24.3316
      vertex 94.1442 2.4 24.3316
    endloop
  endfacet
  facet normal -0.83155 0 -0.55545
    outer loop
      vertex 100.028 0 20.4
      vertex 99.4468 2.4 21.2701
      vertex 100.028 2.4 20.4
    endloop
  endfacet
  facet normal -0.83155 -0 -0.55545
    outer loop
      vertex 99.4468 2.4 21.2701
      vertex 100.028 0 20.4
      vertex 99.4468 0 21.2701
    endloop
  endfacet
  facet normal 1 0 0
    outer loop
      vertex 85.1 2.4 16.4
      vertex 85.1 0 16.4
      vertex 85.1 2.4 2
    endloop
  endfacet
  facet normal 1 -0 0
    outer loop
      vertex 85.1 2.4 2
      vertex 85.1 2.8 0
      vertex 85.1 2.8 2
    endloop
  endfacet
  facet normal 1 0 0
    outer loop
      vertex 85.1 2.4 2
      vertex 85.1 0 0
      vertex 85.1 2.8 0
    endloop
  endfacet
  facet normal 1 0 0
    outer loop
      vertex 85.1 0 0
      vertex 85.1 2.4 2
      vertex 85.1 0 16.4
    endloop
  endfacet
  facet normal 0.896879 0 -0.442276
    outer loop
      vertex 86.1718 0 20.4
      vertex 85.709 2.4 19.4615
      vertex 86.1718 2.4 20.4
    endloop
  endfacet
  facet normal 0.896879 0 -0.442276
    outer loop
      vertex 85.709 2.4 19.4615
      vertex 86.1718 0 20.4
      vertex 85.709 0 19.4615
    endloop
  endfacet
  facet normal 0.831462 0 -0.555582
    outer loop
      vertex 86.7532 0 21.2701
      vertex 86.1718 2.4 20.4
      vertex 86.7532 2.4 21.2701
    endloop
  endfacet
  facet normal 0.831462 0 -0.555582
    outer loop
      vertex 86.1718 2.4 20.4
      vertex 86.7532 0 21.2701
      vertex 86.1718 0 20.4
    endloop
  endfacet
  facet normal 0 -1 0
    outer loop
      vertex 85.1 2.8 0
      vertex 101.1 2.8 2
      vertex 85.1 2.8 2
    endloop
  endfacet
  facet normal 0 -1 -0
    outer loop
      vertex 101.1 2.8 2
      vertex 85.1 2.8 0
      vertex 101.1 2.8 0
    endloop
  endfacet
  facet normal -0.997886 0 -0.064984
    outer loop
      vertex 101.1 0 16.4
      vertex 101.032 2.4 17.4442
      vertex 101.1 2.4 16.4
    endloop
  endfacet
  facet normal -0.997886 -0 -0.064984
    outer loop
      vertex 101.032 2.4 17.4442
      vertex 101.1 0 16.4
      vertex 101.032 0 17.4442
    endloop
  endfacet
  facet normal -0.980632 0 -0.195859
    outer loop
      vertex 101.032 0 17.4442
      vertex 100.827 2.4 18.4706
      vertex 101.032 2.4 17.4442
    endloop
  endfacet
  facet normal -0.980632 -0 -0.195859
    outer loop
      vertex 100.827 2.4 18.4706
      vertex 101.032 0 17.4442
      vertex 100.827 0 18.4706
    endloop
  endfacet
  facet normal 0.555582 0 -0.831462
    outer loop
      vertex 88.2299 0 22.7468
      vertex 89.1 2.4 23.3282
      vertex 89.1 0 23.3282
    endloop
  endfacet
  facet normal 0.555582 0 -0.831462
    outer loop
      vertex 89.1 2.4 23.3282
      vertex 88.2299 0 22.7468
      vertex 88.2299 2.4 22.7468
    endloop
  endfacet
  facet normal -0.896803 0 -0.442429
    outer loop
      vertex 100.491 0 19.4615
      vertex 100.028 2.4 20.4
      vertex 100.491 2.4 19.4615
    endloop
  endfacet
  facet normal -0.896803 -0 -0.442429
    outer loop
      vertex 100.028 2.4 20.4
      vertex 100.491 0 19.4615
      vertex 100.028 0 20.4
    endloop
  endfacet
  facet normal -0.947036 0 -0.321126
    outer loop
      vertex 100.827 0 18.4706
      vertex 100.491 2.4 19.4615
      vertex 100.827 2.4 18.4706
    endloop
  endfacet
  facet normal -0.947036 -0 -0.321126
    outer loop
      vertex 100.491 2.4 19.4615
      vertex 100.827 0 18.4706
      vertex 100.491 0 19.4615
    endloop
  endfacet
  facet normal -0.321469 0 -0.94692
    outer loop
      vertex 95.1706 0 24.1274
      vertex 96.1615 2.4 23.791
      vertex 96.1615 0 23.791
    endloop
  endfacet
  facet normal -0.321469 0 -0.94692
    outer loop
      vertex 96.1615 2.4 23.791
      vertex 95.1706 0 24.1274
      vertex 95.1706 2.4 24.1274
    endloop
  endfacet
  facet normal -0.0653646 0 -0.997861
    outer loop
      vertex 93.1 0 24.4
      vertex 94.1442 2.4 24.3316
      vertex 94.1442 0 24.3316
    endloop
  endfacet
  facet normal -0.0653646 0 -0.997861
    outer loop
      vertex 94.1442 2.4 24.3316
      vertex 93.1 0 24.4
      vertex 93.1 2.4 24.4
    endloop
  endfacet
  facet normal 0.659289 0 -0.75189
    outer loop
      vertex 87.4431 0 22.0569
      vertex 88.2299 2.4 22.7468
      vertex 88.2299 0 22.7468
    endloop
  endfacet
  facet normal 0.659289 0 -0.75189
    outer loop
      vertex 88.2299 2.4 22.7468
      vertex 87.4431 0 22.0569
      vertex 87.4431 2.4 22.0569
    endloop
  endfacet
  facet normal -0.555582 0 -0.831462
    outer loop
      vertex 97.1 0 23.3282
      vertex 97.9701 2.4 22.7468
      vertex 97.9701 0 22.7468
    endloop
  endfacet
  facet normal -0.555582 0 -0.831462
    outer loop
      vertex 97.9701 2.4 22.7468
      vertex 97.1 0 23.3282
      vertex 97.1 2.4 23.3282
    endloop
  endfacet
  facet normal -0.442276 0 -0.896879
    outer loop
      vertex 96.1615 0 23.791
      vertex 97.1 2.4 23.3282
      vertex 97.1 0 23.3282
    endloop
  endfacet
  facet normal -0.442276 0 -0.896879
    outer loop
      vertex 97.1 2.4 23.3282
      vertex 96.1615 0 23.791
      vertex 96.1615 2.4 23.791
    endloop
  endfacet
  facet normal 0.0653646 0 -0.997861
    outer loop
      vertex 92.0558 0 24.3316
      vertex 93.1 2.4 24.4
      vertex 93.1 0 24.4
    endloop
  endfacet
  facet normal 0.0653646 0 -0.997861
    outer loop
      vertex 93.1 2.4 24.4
      vertex 92.0558 0 24.3316
      vertex 92.0558 2.4 24.3316
    endloop
  endfacet
  facet normal 0.195124 0 -0.980779
    outer loop
      vertex 91.0294 0 24.1274
      vertex 92.0558 2.4 24.3316
      vertex 92.0558 0 24.3316
    endloop
  endfacet
  facet normal 0.195124 0 -0.980779
    outer loop
      vertex 92.0558 2.4 24.3316
      vertex 91.0294 0 24.1274
      vertex 91.0294 2.4 24.1274
    endloop
  endfacet
  facet normal 0.442276 0 -0.896879
    outer loop
      vertex 89.1 0 23.3282
      vertex 90.0385 2.4 23.791
      vertex 90.0385 0 23.791
    endloop
  endfacet
  facet normal 0.442276 0 -0.896879
    outer loop
      vertex 90.0385 2.4 23.791
      vertex 89.1 0 23.3282
      vertex 89.1 2.4 23.3282
    endloop
  endfacet
  facet normal 0.321469 0 -0.94692
    outer loop
      vertex 90.0385 0 23.791
      vertex 91.0294 2.4 24.1274
      vertex 91.0294 0 24.1274
    endloop
  endfacet
  facet normal 0.321469 0 -0.94692
    outer loop
      vertex 91.0294 2.4 24.1274
      vertex 90.0385 0 23.791
      vertex 90.0385 2.4 23.791
    endloop
  endfacet
  facet normal 0.75189 0 -0.659289
    outer loop
      vertex 87.4431 0 22.0569
      vertex 86.7532 2.4 21.2701
      vertex 87.4431 2.4 22.0569
    endloop
  endfacet
  facet normal 0.75189 0 -0.659289
    outer loop
      vertex 86.7532 2.4 21.2701
      vertex 87.4431 0 22.0569
      vertex 86.7532 0 21.2701
    endloop
  endfacet
  facet normal -0.659289 0 -0.75189
    outer loop
      vertex 97.9701 0 22.7468
      vertex 98.7569 2.4 22.0569
      vertex 98.7569 0 22.0569
    endloop
  endfacet
  facet normal -0.659289 0 -0.75189
    outer loop
      vertex 98.7569 2.4 22.0569
      vertex 97.9701 0 22.7468
      vertex 97.9701 2.4 22.7468
    endloop
  endfacet
  facet normal 0.980779 0 -0.195124
    outer loop
      vertex 85.3726 18.7 18.4706
      vertex 85.1684 21.1 17.4442
      vertex 85.3726 21.1 18.4706
    endloop
  endfacet
  facet normal 0.980779 0 -0.195124
    outer loop
      vertex 85.1684 21.1 17.4442
      vertex 85.3726 18.7 18.4706
      vertex 85.1684 18.7 17.4442
    endloop
  endfacet
  facet normal 0.94692 0 -0.321469
    outer loop
      vertex 85.709 18.7 19.4615
      vertex 85.3726 21.1 18.4706
      vertex 85.709 21.1 19.4615
    endloop
  endfacet
  facet normal 0.94692 0 -0.321469
    outer loop
      vertex 85.3726 21.1 18.4706
      vertex 85.709 18.7 19.4615
      vertex 85.3726 18.7 18.4706
    endloop
  endfacet
  facet normal 0.997861 0 -0.0653646
    outer loop
      vertex 85.1684 18.7 17.4442
      vertex 85.1 21.1 16.4
      vertex 85.1684 21.1 17.4442
    endloop
  endfacet
  facet normal 0.997861 0 -0.0653646
    outer loop
      vertex 85.1 21.1 16.4
      vertex 85.1684 18.7 17.4442
      vertex 85.1 18.7 16.4
    endloop
  endfacet
  facet normal 0 1 -0
    outer loop
      vertex 101.1 18.3 0
      vertex 85.1 18.3 2
      vertex 101.1 18.3 2
    endloop
  endfacet
  facet normal 0 1 0
    outer loop
      vertex 85.1 18.3 2
      vertex 101.1 18.3 0
      vertex 85.1 18.3 0
    endloop
  endfacet
  facet normal -1 0 0
    outer loop
      vertex 101.1 21.1 0
      vertex 101.1 18.7 2
      vertex 101.1 21.1 16.4
    endloop
  endfacet
  facet normal -1 0 0
    outer loop
      vertex 101.1 18.3 0
      vertex 101.1 18.7 2
      vertex 101.1 21.1 0
    endloop
  endfacet
  facet normal -1 -0 0
    outer loop
      vertex 101.1 18.7 2
      vertex 101.1 18.3 0
      vertex 101.1 18.3 2
    endloop
  endfacet
  facet normal -1 -0 0
    outer loop
      vertex 101.1 21.1 16.4
      vertex 101.1 18.7 2
      vertex 101.1 18.7 16.4
    endloop
  endfacet
  facet normal -0.980632 0 -0.195859
    outer loop
      vertex 101.032 18.7 17.4442
      vertex 100.827 21.1 18.4706
      vertex 101.032 21.1 17.4442
    endloop
  endfacet
  facet normal -0.980632 -0 -0.195859
    outer loop
      vertex 100.827 21.1 18.4706
      vertex 101.032 18.7 17.4442
      vertex 100.827 18.7 18.4706
    endloop
  endfacet
  facet normal 1 0 0
    outer loop
      vertex 85.1 18.7 2
      vertex 85.1 21.1 16.4
      vertex 85.1 18.7 16.4
    endloop
  endfacet
  facet normal 1 0 0
    outer loop
      vertex 85.1 21.1 16.4
      vertex 85.1 18.7 2
      vertex 85.1 21.1 0
    endloop
  endfacet
  facet normal 1 0 0
    outer loop
      vertex 85.1 18.3 0
      vertex 85.1 18.7 2
      vertex 85.1 18.3 2
    endloop
  endfacet
  facet normal 1 0 0
    outer loop
      vertex 85.1 18.7 2
      vertex 85.1 18.3 0
      vertex 85.1 21.1 0
    endloop
  endfacet
  facet normal 0.896879 0 -0.442276
    outer loop
      vertex 86.1718 18.7 20.4
      vertex 85.709 21.1 19.4615
      vertex 86.1718 21.1 20.4
    endloop
  endfacet
  facet normal 0.896879 0 -0.442276
    outer loop
      vertex 85.709 21.1 19.4615
      vertex 86.1718 18.7 20.4
      vertex 85.709 18.7 19.4615
    endloop
  endfacet
  facet normal -0.83155 0 -0.55545
    outer loop
      vertex 100.028 18.7 20.4
      vertex 99.4468 21.1 21.2701
      vertex 100.028 21.1 20.4
    endloop
  endfacet
  facet normal -0.83155 -0 -0.55545
    outer loop
      vertex 99.4468 21.1 21.2701
      vertex 100.028 18.7 20.4
      vertex 99.4468 18.7 21.2701
    endloop
  endfacet
  facet normal -0.947036 0 -0.321126
    outer loop
      vertex 100.827 18.7 18.4706
      vertex 100.491 21.1 19.4615
      vertex 100.827 21.1 18.4706
    endloop
  endfacet
  facet normal -0.947036 -0 -0.321126
    outer loop
      vertex 100.491 21.1 19.4615
      vertex 100.827 18.7 18.4706
      vertex 100.491 18.7 19.4615
    endloop
  endfacet
  facet normal 0.321469 0 -0.94692
    outer loop
      vertex 90.0385 18.7 23.791
      vertex 91.0294 21.1 24.1274
      vertex 91.0294 18.7 24.1274
    endloop
  endfacet
  facet normal 0.321469 0 -0.94692
    outer loop
      vertex 91.0294 21.1 24.1274
      vertex 90.0385 18.7 23.791
      vertex 90.0385 21.1 23.791
    endloop
  endfacet
  facet normal 0.195124 0 -0.980779
    outer loop
      vertex 91.0294 18.7 24.1274
      vertex 92.0558 21.1 24.3316
      vertex 92.0558 18.7 24.3316
    endloop
  endfacet
  facet normal 0.195124 0 -0.980779
    outer loop
      vertex 92.0558 21.1 24.3316
      vertex 91.0294 18.7 24.1274
      vertex 91.0294 21.1 24.1274
    endloop
  endfacet
  facet normal 0.555582 0 -0.831462
    outer loop
      vertex 88.2299 18.7 22.7468
      vertex 89.1 21.1 23.3282
      vertex 89.1 18.7 23.3282
    endloop
  endfacet
  facet normal 0.555582 0 -0.831462
    outer loop
      vertex 89.1 21.1 23.3282
      vertex 88.2299 18.7 22.7468
      vertex 88.2299 21.1 22.7468
    endloop
  endfacet
  facet normal 0.659289 0 -0.75189
    outer loop
      vertex 87.4431 18.7 22.0569
      vertex 88.2299 21.1 22.7468
      vertex 88.2299 18.7 22.7468
    endloop
  endfacet
  facet normal 0.659289 0 -0.75189
    outer loop
      vertex 88.2299 21.1 22.7468
      vertex 87.4431 18.7 22.0569
      vertex 87.4431 21.1 22.0569
    endloop
  endfacet
  facet normal -0.997886 0 -0.064984
    outer loop
      vertex 101.1 18.7 16.4
      vertex 101.032 21.1 17.4442
      vertex 101.1 21.1 16.4
    endloop
  endfacet
  facet normal -0.997886 -0 -0.064984
    outer loop
      vertex 101.032 21.1 17.4442
      vertex 101.1 18.7 16.4
      vertex 101.032 18.7 17.4442
    endloop
  endfacet
  facet normal -0.896803 0 -0.442429
    outer loop
      vertex 100.491 18.7 19.4615
      vertex 100.028 21.1 20.4
      vertex 100.491 21.1 19.4615
    endloop
  endfacet
  facet normal -0.896803 -0 -0.442429
    outer loop
      vertex 100.028 21.1 20.4
      vertex 100.491 18.7 19.4615
      vertex 100.028 18.7 20.4
    endloop
  endfacet
  facet normal -0.75189 0 -0.659289
    outer loop
      vertex 99.4468 18.7 21.2701
      vertex 98.7569 21.1 22.0569
      vertex 99.4468 21.1 21.2701
    endloop
  endfacet
  facet normal -0.75189 -0 -0.659289
    outer loop
      vertex 98.7569 21.1 22.0569
      vertex 99.4468 18.7 21.2701
      vertex 98.7569 18.7 22.0569
    endloop
  endfacet
  facet normal -0.321469 0 -0.94692
    outer loop
      vertex 95.1706 18.7 24.1274
      vertex 96.1615 21.1 23.791
      vertex 96.1615 18.7 23.791
    endloop
  endfacet
  facet normal -0.321469 0 -0.94692
    outer loop
      vertex 96.1615 21.1 23.791
      vertex 95.1706 18.7 24.1274
      vertex 95.1706 21.1 24.1274
    endloop
  endfacet
  facet normal 0.442276 0 -0.896879
    outer loop
      vertex 89.1 18.7 23.3282
      vertex 90.0385 21.1 23.791
      vertex 90.0385 18.7 23.791
    endloop
  endfacet
  facet normal 0.442276 0 -0.896879
    outer loop
      vertex 90.0385 21.1 23.791
      vertex 89.1 18.7 23.3282
      vertex 89.1 21.1 23.3282
    endloop
  endfacet
  facet normal -0.555582 0 -0.831462
    outer loop
      vertex 97.1 18.7 23.3282
      vertex 97.9701 21.1 22.7468
      vertex 97.9701 18.7 22.7468
    endloop
  endfacet
  facet normal -0.555582 0 -0.831462
    outer loop
      vertex 97.9701 21.1 22.7468
      vertex 97.1 18.7 23.3282
      vertex 97.1 21.1 23.3282
    endloop
  endfacet
  facet normal -0.442276 0 -0.896879
    outer loop
      vertex 96.1615 18.7 23.791
      vertex 97.1 21.1 23.3282
      vertex 97.1 18.7 23.3282
    endloop
  endfacet
  facet normal -0.442276 0 -0.896879
    outer loop
      vertex 97.1 21.1 23.3282
      vertex 96.1615 18.7 23.791
      vertex 96.1615 21.1 23.791
    endloop
  endfacet
  facet normal 0.0653646 0 -0.997861
    outer loop
      vertex 92.0558 18.7 24.3316
      vertex 93.1 21.1 24.4
      vertex 93.1 18.7 24.4
    endloop
  endfacet
  facet normal 0.0653646 0 -0.997861
    outer loop
      vertex 93.1 21.1 24.4
      vertex 92.0558 18.7 24.3316
      vertex 92.0558 21.1 24.3316
    endloop
  endfacet
  facet normal -0.0653646 0 -0.997861
    outer loop
      vertex 93.1 18.7 24.4
      vertex 94.1442 21.1 24.3316
      vertex 94.1442 18.7 24.3316
    endloop
  endfacet
  facet normal -0.0653646 0 -0.997861
    outer loop
      vertex 94.1442 21.1 24.3316
      vertex 93.1 18.7 24.4
      vertex 93.1 21.1 24.4
    endloop
  endfacet
  facet normal 0.75189 0 -0.659289
    outer loop
      vertex 87.4431 18.7 22.0569
      vertex 86.7532 21.1 21.2701
      vertex 87.4431 21.1 22.0569
    endloop
  endfacet
  facet normal 0.75189 0 -0.659289
    outer loop
      vertex 86.7532 21.1 21.2701
      vertex 87.4431 18.7 22.0569
      vertex 86.7532 18.7 21.2701
    endloop
  endfacet
  facet normal 0.831462 0 -0.555582
    outer loop
      vertex 86.7532 18.7 21.2701
      vertex 86.1718 21.1 20.4
      vertex 86.7532 21.1 21.2701
    endloop
  endfacet
  facet normal 0.831462 0 -0.555582
    outer loop
      vertex 86.1718 21.1 20.4
      vertex 86.7532 18.7 21.2701
      vertex 86.1718 18.7 20.4
    endloop
  endfacet
  facet normal -0.659289 0 -0.75189
    outer loop
      vertex 97.9701 18.7 22.7468
      vertex 98.7569 21.1 22.0569
      vertex 98.7569 18.7 22.0569
    endloop
  endfacet
  facet normal -0.659289 0 -0.75189
    outer loop
      vertex 98.7569 21.1 22.0569
      vertex 97.9701 18.7 22.7468
      vertex 97.9701 21.1 22.7468
    endloop
  endfacet
  facet normal -0.195124 0 -0.980779
    outer loop
      vertex 94.1442 18.7 24.3316
      vertex 95.1706 21.1 24.1274
      vertex 95.1706 18.7 24.1274
    endloop
  endfacet
  facet normal -0.195124 0 -0.980779
    outer loop
      vertex 95.1706 21.1 24.1274
      vertex 94.1442 18.7 24.3316
      vertex 94.1442 21.1 24.3316
    endloop
  endfacet
  facet normal -1 0 0
    outer loop
      vertex 0 3 0
      vertex 0 18.1 44
      vertex 0 18.1 0
    endloop
  endfacet
  facet normal -1 -0 0
    outer loop
      vertex 0 18.1 44
      vertex 0 3 0
      vertex 0 3 44
    endloop
  endfacet
  facet normal -1 0 0
    outer loop
      vertex 0 3 44.2
      vertex 0 18.1 44.5
      vertex 0 18.1 44.2
    endloop
  endfacet
  facet normal -1 -0 0
    outer loop
      vertex 0 18.1 44.5
      vertex 0 3 44.2
      vertex 0 3 44.5
    endloop
  endfacet
  facet normal -0.997859 0.0653993 0
    outer loop
      vertex 0 18.1 0
      vertex 0.0256653 18.4916 43.9743
      vertex 0.0256653 18.4916 0
    endloop
  endfacet
  facet normal -0.997859 0.0653993 0
    outer loop
      vertex 0.0256653 18.4916 43.9743
      vertex 0 18.1 0
      vertex 0 18.1 44
    endloop
  endfacet
  facet normal -0.997859 0.0653993 0
    outer loop
      vertex 0 18.1 44.5
      vertex 0.0256653 18.4916 44.2257
      vertex 0 18.1 44.2
    endloop
  endfacet
  facet normal -0.997859 0.0653993 0
    outer loop
      vertex 0.0256653 18.4916 44.2257
      vertex 0 18.1 44.5
      vertex 0.0256653 18.4916 44.5
    endloop
  endfacet
  facet normal 0 0 1
    outer loop
      vertex 127.3 18.7933 48.4
      vertex 129.2 18.1 48.4
      vertex 129.174 18.4916 48.4
    endloop
  endfacet
  facet normal 0 0 1
    outer loop
      vertex 129.2 18.1 48.4
      vertex 127.3 18.7933 48.4
      vertex 129.2 3 48.4
    endloop
  endfacet
  facet normal -0 0 1
    outer loop
      vertex 127.3 18.7933 48.4
      vertex 129.174 18.4916 48.4
      vertex 129.098 18.8765 48.4
    endloop
  endfacet
  facet normal 0 0 1
    outer loop
      vertex 127.3 2.30667 48.4
      vertex 129.2 3 48.4
      vertex 127.3 18.7933 48.4
    endloop
  endfacet
  facet normal 0 0 1
    outer loop
      vertex 127.3 18.7933 48.4
      vertex 129.098 18.8765 48.4
      vertex 128.972 19.2481 48.4
    endloop
  endfacet
  facet normal 0 0 1
    outer loop
      vertex 129.2 3 48.4
      vertex 127.3 2.30667 48.4
      vertex 129.174 2.60842 48.4
    endloop
  endfacet
  facet normal 0 0 1
    outer loop
      vertex 127.3 18.7933 48.4
      vertex 128.972 19.2481 48.4
      vertex 128.798 19.6 48.4
    endloop
  endfacet
  facet normal 0 0 1
    outer loop
      vertex 129.174 2.60842 48.4
      vertex 127.3 2.30667 48.4
      vertex 129.098 2.22354 48.4
    endloop
  endfacet
  facet normal 0 0 1
    outer loop
      vertex 127.3 18.7933 48.4
      vertex 128.798 19.6 48.4
      vertex 128.58 19.9263 48.4
    endloop
  endfacet
  facet normal 0 0 1
    outer loop
      vertex 129.098 2.22354 48.4
      vertex 127.3 2.30667 48.4
      vertex 128.972 1.85195 48.4
    endloop
  endfacet
  facet normal 0 0 1
    outer loop
      vertex 127.3 18.7933 48.4
      vertex 128.58 19.9263 48.4
      vertex 128.321 20.2213 48.4
    endloop
  endfacet
  facet normal 0 0 1
    outer loop
      vertex 128.972 1.85195 48.4
      vertex 127.3 2.30667 48.4
      vertex 128.798 1.5 48.4
    endloop
  endfacet
  facet normal 0 0 1
    outer loop
      vertex 127.3 18.7933 48.4
      vertex 128.321 20.2213 48.4
      vertex 128.026 20.4801 48.4
    endloop
  endfacet
  facet normal 0 0 1
    outer loop
      vertex 128.798 1.5 48.4
      vertex 127.3 2.30667 48.4
      vertex 128.58 1.17372 48.4
    endloop
  endfacet
  facet normal 0 0 1
    outer loop
      vertex 127.3 18.7933 48.4
      vertex 128.026 20.4801 48.4
      vertex 127.7 20.6981 48.4
    endloop
  endfacet
  facet normal 0 0 1
    outer loop
      vertex 128.58 1.17372 48.4
      vertex 127.3 2.30667 48.4
      vertex 128.321 0.878679 48.4
    endloop
  endfacet
  facet normal 0 0 1
    outer loop
      vertex 127.3 18.7933 48.4
      vertex 127.7 20.6981 48.4
      vertex 127.348 20.8716 48.4
    endloop
  endfacet
  facet normal 0 0 1
    outer loop
      vertex 128.321 0.878679 48.4
      vertex 127.3 2.30667 48.4
      vertex 128.026 0.61994 48.4
    endloop
  endfacet
  facet normal 0 0 1
    outer loop
      vertex 128.026 0.61994 48.4
      vertex 127.3 2.30667 48.4
      vertex 127.7 0.401923 48.4
    endloop
  endfacet
  facet normal 0 0 1
    outer loop
      vertex 126.976 20.9978 48.4
      vertex 127.3 18.7933 48.4
      vertex 127.348 20.8716 48.4
    endloop
  endfacet
  facet normal 0 0 1
    outer loop
      vertex 126.592 21.0743 48.4
      vertex 127.3 18.7933 48.4
      vertex 126.976 20.9978 48.4
    endloop
  endfacet
  facet normal 0 0 1
    outer loop
      vertex 126.2 21.1 48.4
      vertex 127.3 18.7933 48.4
      vertex 126.592 21.0743 48.4
    endloop
  endfacet
  facet normal -0 0 1
    outer loop
      vertex 3 21.1 48.4
      vertex 127.3 18.7933 48.4
      vertex 126.2 21.1 48.4
    endloop
  endfacet
  facet normal 0 0 1
    outer loop
      vertex 0.0856848 18.7933 48.4
      vertex 3 21.1 48.4
      vertex 2.60842 21.0743 48.4
    endloop
  endfacet
  facet normal 0 0 1
    outer loop
      vertex 0.0856848 18.7933 48.4
      vertex 2.60842 21.0743 48.4
      vertex 2.22354 20.9978 48.4
    endloop
  endfacet
  facet normal 0 0 1
    outer loop
      vertex 0.0856848 18.7933 48.4
      vertex 2.22354 20.9978 48.4
      vertex 1.85195 20.8716 48.4
    endloop
  endfacet
  facet normal 0 0 1
    outer loop
      vertex 0.0856848 18.7933 48.4
      vertex 1.85195 20.8716 48.4
      vertex 1.5 20.6981 48.4
    endloop
  endfacet
  facet normal 0 0 1
    outer loop
      vertex 0.0856848 18.7933 48.4
      vertex 1.5 20.6981 48.4
      vertex 1.17372 20.4801 48.4
    endloop
  endfacet
  facet normal 0 0 1
    outer loop
      vertex 0.0856848 18.7933 48.4
      vertex 1.17372 20.4801 48.4
      vertex 0.878679 20.2213 48.4
    endloop
  endfacet
  facet normal 0 0 1
    outer loop
      vertex 0.0856848 18.7933 48.4
      vertex 0.878679 20.2213 48.4
      vertex 0.61994 19.9263 48.4
    endloop
  endfacet
  facet normal 0 0 1
    outer loop
      vertex 0.0856848 18.7933 48.4
      vertex 0.61994 19.9263 48.4
      vertex 0.401923 19.6 48.4
    endloop
  endfacet
  facet normal 0 0 1
    outer loop
      vertex 0.0856848 18.7933 48.4
      vertex 0.401923 19.6 48.4
      vertex 0.228361 19.2481 48.4
    endloop
  endfacet
  facet normal 0 0 1
    outer loop
      vertex 0.0856848 18.7933 48.4
      vertex 0.228361 19.2481 48.4
      vertex 0.102222 18.8765 48.4
    endloop
  endfacet
  facet normal 0 0 1
    outer loop
      vertex 3 21.1 48.4
      vertex 0.0856848 18.7933 48.4
      vertex 127.3 18.7933 48.4
    endloop
  endfacet
  facet normal 0 0 1
    outer loop
      vertex 127.7 0.401923 48.4
      vertex 127.3 2.30667 48.4
      vertex 127.348 0.228361 48.4
    endloop
  endfacet
  facet normal 0 0 1
    outer loop
      vertex 127.3 2.30667 48.4
      vertex 126.976 0.102222 48.4
      vertex 127.348 0.228361 48.4
    endloop
  endfacet
  facet normal 0 0 1
    outer loop
      vertex 127.3 2.30667 48.4
      vertex 126.592 0.0256653 48.4
      vertex 126.976 0.102222 48.4
    endloop
  endfacet
  facet normal 0 0 1
    outer loop
      vertex 127.3 2.30667 48.4
      vertex 126.2 0 48.4
      vertex 126.592 0.0256653 48.4
    endloop
  endfacet
  facet normal 0 0 1
    outer loop
      vertex 127.3 2.30667 48.4
      vertex 3 0 48.4
      vertex 126.2 0 48.4
    endloop
  endfacet
  facet normal -0 0 1
    outer loop
      vertex 0.0856863 2.30667 48.4
      vertex 3 0 48.4
      vertex 127.3 2.30667 48.4
    endloop
  endfacet
  facet normal 0 0 1
    outer loop
      vertex 3 0 48.4
      vertex 0.0856863 2.30667 48.4
      vertex 2.60842 0.0256653 48.4
    endloop
  endfacet
  facet normal 0 0 1
    outer loop
      vertex 2.60842 0.0256653 48.4
      vertex 0.0856863 2.30667 48.4
      vertex 2.22354 0.102222 48.4
    endloop
  endfacet
  facet normal 0 0 1
    outer loop
      vertex 2.22354 0.102222 48.4
      vertex 0.0856863 2.30667 48.4
      vertex 1.85195 0.228361 48.4
    endloop
  endfacet
  facet normal 0 0 1
    outer loop
      vertex 1.85195 0.228361 48.4
      vertex 0.0856863 2.30667 48.4
      vertex 1.5 0.401923 48.4
    endloop
  endfacet
  facet normal 0 0 1
    outer loop
      vertex 1.5 0.401923 48.4
      vertex 0.0856863 2.30667 48.4
      vertex 1.17372 0.61994 48.4
    endloop
  endfacet
  facet normal 0 0 1
    outer loop
      vertex 1.17372 0.61994 48.4
      vertex 0.0856863 2.30667 48.4
      vertex 0.878679 0.878679 48.4
    endloop
  endfacet
  facet normal 0 0 1
    outer loop
      vertex 0.878679 0.878679 48.4
      vertex 0.0856863 2.30667 48.4
      vertex 0.61994 1.17372 48.4
    endloop
  endfacet
  facet normal 0 0 1
    outer loop
      vertex 0.61994 1.17372 48.4
      vertex 0.0856863 2.30667 48.4
      vertex 0.401923 1.5 48.4
    endloop
  endfacet
  facet normal 0 0 1
    outer loop
      vertex 0.401923 1.5 48.4
      vertex 0.0856863 2.30667 48.4
      vertex 0.228361 1.85195 48.4
    endloop
  endfacet
  facet normal 0 0 1
    outer loop
      vertex 0.228361 1.85195 48.4
      vertex 0.0856863 2.30667 48.4
      vertex 0.102222 2.22354 48.4
    endloop
  endfacet
  facet normal 0.195519 -0.9807 0
    outer loop
      vertex 126.592 0.0256653 0
      vertex 126.976 0.102222 48.4
      vertex 126.592 0.0256653 48.4
    endloop
  endfacet
  facet normal 0.195519 -0.9807 0
    outer loop
      vertex 126.976 0.102222 48.4
      vertex 126.592 0.0256653 0
      vertex 126.976 0.102222 0
    endloop
  endfacet
  facet normal 0.997803 0.0662484 0
    outer loop
      vertex 129.2 18.1 48.4
      vertex 129.174 18.4916 0
      vertex 129.174 18.4916 48.4
    endloop
  endfacet
  facet normal 0.997803 0.0662484 0
    outer loop
      vertex 129.174 18.4916 0
      vertex 129.2 18.1 48.4
      vertex 129.2 18.1 0
    endloop
  endfacet
  facet normal 0 -1 0
    outer loop
      vertex 58.5706 0 24.1274
      vertex 126.2 0 48.4
      vertex 57.5442 0 24.3316
    endloop
  endfacet
  facet normal 0 -1 0
    outer loop
      vertex 126.2 0 48.4
      vertex 92.0558 0 24.3316
      vertex 93.1 0 24.4
    endloop
  endfacet
  facet normal 0 -1 0
    outer loop
      vertex 91.0294 0 24.1274
      vertex 126.2 0 48.4
      vertex 58.5706 0 24.1274
    endloop
  endfacet
  facet normal 0 -1 0
    outer loop
      vertex 126.2 0 48.4
      vertex 91.0294 0 24.1274
      vertex 92.0558 0 24.3316
    endloop
  endfacet
  facet normal 0 -1 0
    outer loop
      vertex 59.5615 0 23.791
      vertex 91.0294 0 24.1274
      vertex 58.5706 0 24.1274
    endloop
  endfacet
  facet normal 0 -1 0
    outer loop
      vertex 59.5615 0 23.791
      vertex 90.0385 0 23.791
      vertex 91.0294 0 24.1274
    endloop
  endfacet
  facet normal 0 -1 0
    outer loop
      vertex 60.5 0 23.3282
      vertex 90.0385 0 23.791
      vertex 59.5615 0 23.791
    endloop
  endfacet
  facet normal 0 -1 0
    outer loop
      vertex 60.5 0 23.3282
      vertex 89.1 0 23.3282
      vertex 90.0385 0 23.791
    endloop
  endfacet
  facet normal 0 -1 0
    outer loop
      vertex 61.3701 0 22.7468
      vertex 89.1 0 23.3282
      vertex 60.5 0 23.3282
    endloop
  endfacet
  facet normal 0 -1 0
    outer loop
      vertex 61.3701 0 22.7468
      vertex 88.2299 0 22.7468
      vertex 89.1 0 23.3282
    endloop
  endfacet
  facet normal 0 -1 0
    outer loop
      vertex 62.1569 0 22.0569
      vertex 88.2299 0 22.7468
      vertex 61.3701 0 22.7468
    endloop
  endfacet
  facet normal 0 -1 0
    outer loop
      vertex 62.1569 0 22.0569
      vertex 87.4431 0 22.0569
      vertex 88.2299 0 22.7468
    endloop
  endfacet
  facet normal 0 -1 0
    outer loop
      vertex 62.8468 0 21.2701
      vertex 87.4431 0 22.0569
      vertex 62.1569 0 22.0569
    endloop
  endfacet
  facet normal 0 -1 0
    outer loop
      vertex 62.8468 0 21.2701
      vertex 86.7532 0 21.2701
      vertex 87.4431 0 22.0569
    endloop
  endfacet
  facet normal 0 -1 0
    outer loop
      vertex 63.4282 0 20.4
      vertex 86.7532 0 21.2701
      vertex 62.8468 0 21.2701
    endloop
  endfacet
  facet normal 0 -1 0
    outer loop
      vertex 63.4282 0 20.4
      vertex 86.1718 0 20.4
      vertex 86.7532 0 21.2701
    endloop
  endfacet
  facet normal 0 -1 0
    outer loop
      vertex 63.891 0 19.4615
      vertex 86.1718 0 20.4
      vertex 63.4282 0 20.4
    endloop
  endfacet
  facet normal 0 -1 0
    outer loop
      vertex 63.891 0 19.4615
      vertex 85.709 0 19.4615
      vertex 86.1718 0 20.4
    endloop
  endfacet
  facet normal 0 -1 0
    outer loop
      vertex 64.2274 0 18.4706
      vertex 85.709 0 19.4615
      vertex 63.891 0 19.4615
    endloop
  endfacet
  facet normal 0 -1 0
    outer loop
      vertex 64.2274 0 18.4706
      vertex 85.3726 0 18.4706
      vertex 85.709 0 19.4615
    endloop
  endfacet
  facet normal 0 -1 0
    outer loop
      vertex 64.4316 0 17.4442
      vertex 85.3726 0 18.4706
      vertex 64.2274 0 18.4706
    endloop
  endfacet
  facet normal 0 -1 0
    outer loop
      vertex 64.4316 0 17.4442
      vertex 85.1684 0 17.4442
      vertex 85.3726 0 18.4706
    endloop
  endfacet
  facet normal 0 -1 0
    outer loop
      vertex 64.5 0 16.4
      vertex 85.1684 0 17.4442
      vertex 64.4316 0 17.4442
    endloop
  endfacet
  facet normal 0 -1 0
    outer loop
      vertex 64.5 0 16.4
      vertex 85.1 0 16.4
      vertex 85.1684 0 17.4442
    endloop
  endfacet
  facet normal 0 -1 0
    outer loop
      vertex 64.5 0 0
      vertex 85.1 0 16.4
      vertex 64.5 0 16.4
    endloop
  endfacet
  facet normal 0 -1 -0
    outer loop
      vertex 85.1 0 16.4
      vertex 64.5 0 0
      vertex 85.1 0 0
    endloop
  endfacet
  facet normal 0 -1 0
    outer loop
      vertex 21.9706 0 24.1274
      vertex 3 0 48.4
      vertex 20.9442 0 24.3316
    endloop
  endfacet
  facet normal 0 -1 0
    outer loop
      vertex 3 0 48.4
      vertex 55.4558 0 24.3316
      vertex 56.5 0 24.4
    endloop
  endfacet
  facet normal 0 -1 0
    outer loop
      vertex 22.9615 0 23.791
      vertex 3 0 48.4
      vertex 21.9706 0 24.1274
    endloop
  endfacet
  facet normal 0 -1 0
    outer loop
      vertex 3 0 48.4
      vertex 54.4294 0 24.1274
      vertex 55.4558 0 24.3316
    endloop
  endfacet
  facet normal 0 -1 0
    outer loop
      vertex 53.4385 0 23.791
      vertex 3 0 48.4
      vertex 22.9615 0 23.791
    endloop
  endfacet
  facet normal 0 -1 0
    outer loop
      vertex 3 0 48.4
      vertex 53.4385 0 23.791
      vertex 54.4294 0 24.1274
    endloop
  endfacet
  facet normal 0 -1 0
    outer loop
      vertex 23.9 0 23.3282
      vertex 53.4385 0 23.791
      vertex 22.9615 0 23.791
    endloop
  endfacet
  facet normal 0 -1 0
    outer loop
      vertex 23.9 0 23.3282
      vertex 52.5 0 23.3282
      vertex 53.4385 0 23.791
    endloop
  endfacet
  facet normal 0 -1 0
    outer loop
      vertex 24.7701 0 22.7468
      vertex 52.5 0 23.3282
      vertex 23.9 0 23.3282
    endloop
  endfacet
  facet normal 0 -1 0
    outer loop
      vertex 24.7701 0 22.7468
      vertex 51.6299 0 22.7468
      vertex 52.5 0 23.3282
    endloop
  endfacet
  facet normal 0 -1 0
    outer loop
      vertex 25.5569 0 22.0569
      vertex 51.6299 0 22.7468
      vertex 24.7701 0 22.7468
    endloop
  endfacet
  facet normal 0 -1 0
    outer loop
      vertex 25.5569 0 22.0569
      vertex 50.8431 0 22.0569
      vertex 51.6299 0 22.7468
    endloop
  endfacet
  facet normal 0 -1 0
    outer loop
      vertex 26.2468 0 21.2701
      vertex 50.8431 0 22.0569
      vertex 25.5569 0 22.0569
    endloop
  endfacet
  facet normal 0 -1 0
    outer loop
      vertex 26.2468 0 21.2701
      vertex 50.1532 0 21.2701
      vertex 50.8431 0 22.0569
    endloop
  endfacet
  facet normal 0 -1 0
    outer loop
      vertex 26.8282 0 20.4
      vertex 50.1532 0 21.2701
      vertex 26.2468 0 21.2701
    endloop
  endfacet
  facet normal 0 -1 0
    outer loop
      vertex 26.8282 0 20.4
      vertex 49.5718 0 20.4
      vertex 50.1532 0 21.2701
    endloop
  endfacet
  facet normal 0 -1 0
    outer loop
      vertex 27.291 0 19.4615
      vertex 49.5718 0 20.4
      vertex 26.8282 0 20.4
    endloop
  endfacet
  facet normal 0 -1 0
    outer loop
      vertex 27.291 0 19.4615
      vertex 49.109 0 19.4615
      vertex 49.5718 0 20.4
    endloop
  endfacet
  facet normal 0 -1 0
    outer loop
      vertex 27.6274 0 18.4706
      vertex 49.109 0 19.4615
      vertex 27.291 0 19.4615
    endloop
  endfacet
  facet normal 0 -1 0
    outer loop
      vertex 27.6274 0 18.4706
      vertex 48.7726 0 18.4706
      vertex 49.109 0 19.4615
    endloop
  endfacet
  facet normal 0 -1 0
    outer loop
      vertex 27.8316 0 17.4442
      vertex 48.7726 0 18.4706
      vertex 27.6274 0 18.4706
    endloop
  endfacet
  facet normal 0 -1 0
    outer loop
      vertex 27.8316 0 17.4442
      vertex 48.5684 0 17.4442
      vertex 48.7726 0 18.4706
    endloop
  endfacet
  facet normal 0 -1 0
    outer loop
      vertex 27.9 0 16.4
      vertex 48.5684 0 17.4442
      vertex 27.8316 0 17.4442
    endloop
  endfacet
  facet normal 0 -1 0
    outer loop
      vertex 27.9 0 16.4
      vertex 48.5 0 16.4
      vertex 48.5684 0 17.4442
    endloop
  endfacet
  facet normal 0 -1 0
    outer loop
      vertex 27.9 0 0
      vertex 48.5 0 16.4
      vertex 27.9 0 16.4
    endloop
  endfacet
  facet normal 0 -1 -0
    outer loop
      vertex 48.5 0 16.4
      vertex 27.9 0 0
      vertex 48.5 0 0
    endloop
  endfacet
  facet normal 0 -1 0
    outer loop
      vertex 57.5442 0 24.3316
      vertex 3 0 48.4
      vertex 56.5 0 24.4
    endloop
  endfacet
  facet normal 0 -1 0
    outer loop
      vertex 126.2 0 48.4
      vertex 119.047 0 36.5572
      vertex 119.7 0 36.6
    endloop
  endfacet
  facet normal 0 -1 0
    outer loop
      vertex 126.2 0 48.4
      vertex 118.406 0 36.4296
      vertex 119.047 0 36.5572
    endloop
  endfacet
  facet normal 0 -1 0
    outer loop
      vertex 126.2 0 48.4
      vertex 117.787 0 36.2194
      vertex 118.406 0 36.4296
    endloop
  endfacet
  facet normal 0 -1 0
    outer loop
      vertex 126.2 0 48.4
      vertex 117.2 0 35.9301
      vertex 117.787 0 36.2194
    endloop
  endfacet
  facet normal 0 -1 0
    outer loop
      vertex 3 0 48.4
      vertex 57.5442 0 24.3316
      vertex 126.2 0 48.4
    endloop
  endfacet
  facet normal 0 -1 0
    outer loop
      vertex 126.2 0 48.4
      vertex 116.656 0 35.5668
      vertex 117.2 0 35.9301
    endloop
  endfacet
  facet normal -0 -1 0
    outer loop
      vertex 116.164 0 35.1355
      vertex 126.2 0 48.4
      vertex 93.1 0 24.4
    endloop
  endfacet
  facet normal 0 -1 0
    outer loop
      vertex 126.2 0 48.4
      vertex 116.164 0 35.1355
      vertex 116.656 0 35.5668
    endloop
  endfacet
  facet normal 0 -1 0
    outer loop
      vertex 116.164 0 35.1355
      vertex 93.1 0 24.4
      vertex 115.733 0 34.6438
    endloop
  endfacet
  facet normal 0 -1 0
    outer loop
      vertex 94.1442 0 24.3316
      vertex 115.733 0 34.6438
      vertex 93.1 0 24.4
    endloop
  endfacet
  facet normal 0 -1 0
    outer loop
      vertex 115.733 0 34.6438
      vertex 94.1442 0 24.3316
      vertex 115.37 0 34.1
    endloop
  endfacet
  facet normal 0 -1 0
    outer loop
      vertex 95.1706 0 24.1274
      vertex 115.37 0 34.1
      vertex 94.1442 0 24.3316
    endloop
  endfacet
  facet normal 0 -1 0
    outer loop
      vertex 20.9442 0 24.3316
      vertex 3 0 48.4
      vertex 19.9 0 24.4
    endloop
  endfacet
  facet normal 0 -1 0
    outer loop
      vertex 3 0 48.4
      vertex 18.8558 0 24.3316
      vertex 19.9 0 24.4
    endloop
  endfacet
  facet normal 0 -1 0
    outer loop
      vertex 3 0 48.4
      vertex 17.8294 0 24.1274
      vertex 18.8558 0 24.3316
    endloop
  endfacet
  facet normal 0 -1 0
    outer loop
      vertex 3 0 48.4
      vertex 16.8385 0 23.791
      vertex 17.8294 0 24.1274
    endloop
  endfacet
  facet normal 0 -1 0
    outer loop
      vertex 3 0 48.4
      vertex 15.9 0 23.3282
      vertex 16.8385 0 23.791
    endloop
  endfacet
  facet normal 0 -1 0
    outer loop
      vertex 3 0 48.4
      vertex 15.0299 0 22.7468
      vertex 15.9 0 23.3282
    endloop
  endfacet
  facet normal 0 -1 0
    outer loop
      vertex 3 0 48.4
      vertex 14.2431 0 22.0569
      vertex 15.0299 0 22.7468
    endloop
  endfacet
  facet normal 0 -1 0
    outer loop
      vertex 3 0 48.4
      vertex 13.5532 0 21.2701
      vertex 14.2431 0 22.0569
    endloop
  endfacet
  facet normal 0 -1 0
    outer loop
      vertex 3 0 48.4
      vertex 12.9718 0 20.4
      vertex 13.5532 0 21.2701
    endloop
  endfacet
  facet normal 0 -1 0
    outer loop
      vertex 3 0 48.4
      vertex 12.509 0 19.4615
      vertex 12.9718 0 20.4
    endloop
  endfacet
  facet normal 0 -1 0
    outer loop
      vertex 3 0 48.4
      vertex 12.1726 0 18.4706
      vertex 12.509 0 19.4615
    endloop
  endfacet
  facet normal 0 -1 0
    outer loop
      vertex 3 0 48.4
      vertex 11.9684 0 17.4442
      vertex 12.1726 0 18.4706
    endloop
  endfacet
  facet normal 0 -1 0
    outer loop
      vertex 3 0 0
      vertex 11.9684 0 17.4442
      vertex 3 0 48.4
    endloop
  endfacet
  facet normal 0 -1 0
    outer loop
      vertex 11.9684 0 17.4442
      vertex 3 0 0
      vertex 11.9 0 16.4
    endloop
  endfacet
  facet normal 0 -1 -0
    outer loop
      vertex 11.9 0 16.4
      vertex 3 0 0
      vertex 11.9 0 0
    endloop
  endfacet
  facet normal 0 -1 0
    outer loop
      vertex 120.353 0 36.5572
      vertex 126.2 0 48.4
      vertex 119.7 0 36.6
    endloop
  endfacet
  facet normal 0 -1 0
    outer loop
      vertex 120.994 0 36.4296
      vertex 126.2 0 48.4
      vertex 120.353 0 36.5572
    endloop
  endfacet
  facet normal 0 -1 0
    outer loop
      vertex 121.613 0 36.2194
      vertex 126.2 0 48.4
      vertex 120.994 0 36.4296
    endloop
  endfacet
  facet normal 0 -1 0
    outer loop
      vertex 122.2 0 35.9301
      vertex 126.2 0 48.4
      vertex 121.613 0 36.2194
    endloop
  endfacet
  facet normal 0 -1 0
    outer loop
      vertex 122.744 0 35.5668
      vertex 126.2 0 48.4
      vertex 122.2 0 35.9301
    endloop
  endfacet
  facet normal 0 -1 0
    outer loop
      vertex 123.236 0 35.1355
      vertex 126.2 0 48.4
      vertex 122.744 0 35.5668
    endloop
  endfacet
  facet normal 0 -1 0
    outer loop
      vertex 123.667 0 34.6438
      vertex 126.2 0 48.4
      vertex 123.236 0 35.1355
    endloop
  endfacet
  facet normal 0 -1 0
    outer loop
      vertex 124.03 0 34.1
      vertex 126.2 0 48.4
      vertex 123.667 0 34.6438
    endloop
  endfacet
  facet normal 0 -1 0
    outer loop
      vertex 124.319 0 33.5134
      vertex 126.2 0 48.4
      vertex 124.03 0 34.1
    endloop
  endfacet
  facet normal 0 -1 0
    outer loop
      vertex 124.53 0 32.8941
      vertex 126.2 0 48.4
      vertex 124.319 0 33.5134
    endloop
  endfacet
  facet normal 0 -1 0
    outer loop
      vertex 124.657 0 32.2526
      vertex 126.2 0 48.4
      vertex 124.53 0 32.8941
    endloop
  endfacet
  facet normal 0 -1 0
    outer loop
      vertex 124.7 0 31.6
      vertex 126.2 0 48.4
      vertex 124.657 0 32.2526
    endloop
  endfacet
  facet normal 0 -1 0
    outer loop
      vertex 124.7 0 16.6
      vertex 126.2 0 48.4
      vertex 124.7 0 31.6
    endloop
  endfacet
  facet normal 0 -1 0
    outer loop
      vertex 119.047 0 11.6428
      vertex 126.2 0 0
      vertex 119.7 0 11.6
    endloop
  endfacet
  facet normal 0 -1 0
    outer loop
      vertex 119.7 0 11.6
      vertex 126.2 0 0
      vertex 120.353 0 11.6428
    endloop
  endfacet
  facet normal 0 -1 0
    outer loop
      vertex 120.353 0 11.6428
      vertex 126.2 0 0
      vertex 120.994 0 11.7704
    endloop
  endfacet
  facet normal 0 -1 0
    outer loop
      vertex 120.994 0 11.7704
      vertex 126.2 0 0
      vertex 121.613 0 11.9806
    endloop
  endfacet
  facet normal 0 -1 0
    outer loop
      vertex 124.7 0 16.6
      vertex 126.2 0 0
      vertex 126.2 0 48.4
    endloop
  endfacet
  facet normal 0 -1 0
    outer loop
      vertex 124.657 0 15.9474
      vertex 126.2 0 0
      vertex 124.7 0 16.6
    endloop
  endfacet
  facet normal 0 -1 0
    outer loop
      vertex 124.53 0 15.3059
      vertex 126.2 0 0
      vertex 124.657 0 15.9474
    endloop
  endfacet
  facet normal 0 -1 0
    outer loop
      vertex 124.319 0 14.6866
      vertex 126.2 0 0
      vertex 124.53 0 15.3059
    endloop
  endfacet
  facet normal 0 -1 0
    outer loop
      vertex 124.03 0 14.1
      vertex 126.2 0 0
      vertex 124.319 0 14.6866
    endloop
  endfacet
  facet normal 0 -1 0
    outer loop
      vertex 123.667 0 13.5562
      vertex 126.2 0 0
      vertex 124.03 0 14.1
    endloop
  endfacet
  facet normal 0 -1 0
    outer loop
      vertex 123.236 0 13.0645
      vertex 126.2 0 0
      vertex 123.667 0 13.5562
    endloop
  endfacet
  facet normal 0 -1 0
    outer loop
      vertex 122.744 0 12.6332
      vertex 126.2 0 0
      vertex 123.236 0 13.0645
    endloop
  endfacet
  facet normal 0 -1 0
    outer loop
      vertex 122.2 0 12.2699
      vertex 126.2 0 0
      vertex 122.744 0 12.6332
    endloop
  endfacet
  facet normal 0 -1 0
    outer loop
      vertex 121.613 0 11.9806
      vertex 126.2 0 0
      vertex 122.2 0 12.2699
    endloop
  endfacet
  facet normal 0 -1 0
    outer loop
      vertex 115.37 0 34.1
      vertex 95.1706 0 24.1274
      vertex 115.081 0 33.5134
    endloop
  endfacet
  facet normal 0 -1 0
    outer loop
      vertex 96.1615 0 23.791
      vertex 115.081 0 33.5134
      vertex 95.1706 0 24.1274
    endloop
  endfacet
  facet normal 0 -1 0
    outer loop
      vertex 115.081 0 33.5134
      vertex 96.1615 0 23.791
      vertex 114.87 0 32.8941
    endloop
  endfacet
  facet normal 0 -1 0
    outer loop
      vertex 114.87 0 32.8941
      vertex 96.1615 0 23.791
      vertex 114.743 0 32.2526
    endloop
  endfacet
  facet normal 0 -1 0
    outer loop
      vertex 97.1 0 23.3282
      vertex 114.743 0 32.2526
      vertex 96.1615 0 23.791
    endloop
  endfacet
  facet normal 0 -1 0
    outer loop
      vertex 114.743 0 32.2526
      vertex 97.1 0 23.3282
      vertex 114.7 0 31.6
    endloop
  endfacet
  facet normal 0 -1 0
    outer loop
      vertex 97.9701 0 22.7468
      vertex 114.7 0 31.6
      vertex 97.1 0 23.3282
    endloop
  endfacet
  facet normal 0 -1 0
    outer loop
      vertex 98.7569 0 22.0569
      vertex 114.7 0 31.6
      vertex 97.9701 0 22.7468
    endloop
  endfacet
  facet normal 0 -1 0
    outer loop
      vertex 99.4468 0 21.2701
      vertex 114.7 0 31.6
      vertex 98.7569 0 22.0569
    endloop
  endfacet
  facet normal 0 -1 0
    outer loop
      vertex 100.028 0 20.4
      vertex 114.7 0 31.6
      vertex 99.4468 0 21.2701
    endloop
  endfacet
  facet normal 0 -1 0
    outer loop
      vertex 100.491 0 19.4615
      vertex 114.7 0 31.6
      vertex 100.028 0 20.4
    endloop
  endfacet
  facet normal 0 -1 0
    outer loop
      vertex 114.7 0 16.6
      vertex 100.491 0 19.4615
      vertex 100.827 0 18.4706
    endloop
  endfacet
  facet normal 0 -1 0
    outer loop
      vertex 114.7 0 16.6
      vertex 100.827 0 18.4706
      vertex 101.032 0 17.4442
    endloop
  endfacet
  facet normal 0 -1 0
    outer loop
      vertex 100.491 0 19.4615
      vertex 114.7 0 16.6
      vertex 114.7 0 31.6
    endloop
  endfacet
  facet normal 0 -1 0
    outer loop
      vertex 101.1 0 16.4
      vertex 114.7 0 16.6
      vertex 101.032 0 17.4442
    endloop
  endfacet
  facet normal 0 -1 0
    outer loop
      vertex 101.1 0 16.4
      vertex 114.743 0 15.9474
      vertex 114.7 0 16.6
    endloop
  endfacet
  facet normal 0 -1 0
    outer loop
      vertex 101.1 0 16.4
      vertex 114.87 0 15.3059
      vertex 114.743 0 15.9474
    endloop
  endfacet
  facet normal 0 -1 0
    outer loop
      vertex 101.1 0 16.4
      vertex 115.081 0 14.6866
      vertex 114.87 0 15.3059
    endloop
  endfacet
  facet normal 0 -1 0
    outer loop
      vertex 101.1 0 16.4
      vertex 115.37 0 14.1
      vertex 115.081 0 14.6866
    endloop
  endfacet
  facet normal 0 -1 0
    outer loop
      vertex 101.1 0 16.4
      vertex 115.733 0 13.5562
      vertex 115.37 0 14.1
    endloop
  endfacet
  facet normal 0 -1 0
    outer loop
      vertex 101.1 0 0
      vertex 115.733 0 13.5562
      vertex 101.1 0 16.4
    endloop
  endfacet
  facet normal 0 -1 -0
    outer loop
      vertex 115.733 0 13.5562
      vertex 101.1 0 0
      vertex 116.164 0 13.0645
    endloop
  endfacet
  facet normal 0 -1 -0
    outer loop
      vertex 116.164 0 13.0645
      vertex 101.1 0 0
      vertex 116.656 0 12.6332
    endloop
  endfacet
  facet normal 0 -1 -0
    outer loop
      vertex 116.656 0 12.6332
      vertex 101.1 0 0
      vertex 117.2 0 12.2699
    endloop
  endfacet
  facet normal 0 -1 -0
    outer loop
      vertex 117.2 0 12.2699
      vertex 101.1 0 0
      vertex 117.787 0 11.9806
    endloop
  endfacet
  facet normal 0 -1 0
    outer loop
      vertex 118.406 0 11.7704
      vertex 126.2 0 0
      vertex 119.047 0 11.6428
    endloop
  endfacet
  facet normal 0 -1 0
    outer loop
      vertex 117.787 0 11.9806
      vertex 126.2 0 0
      vertex 118.406 0 11.7704
    endloop
  endfacet
  facet normal 0 -1 0
    outer loop
      vertex 126.2 0 0
      vertex 117.787 0 11.9806
      vertex 101.1 0 0
    endloop
  endfacet
  facet normal 0.0653328 -0.997864 0
    outer loop
      vertex 126.2 0 0
      vertex 126.592 0.0256653 48.4
      vertex 126.2 0 48.4
    endloop
  endfacet
  facet normal 0.0653328 -0.997864 0
    outer loop
      vertex 126.592 0.0256653 48.4
      vertex 126.2 0 0
      vertex 126.592 0.0256653 0
    endloop
  endfacet
  facet normal -0.0654906 0.997853 0
    outer loop
      vertex 3 21.1 48.4
      vertex 2.60842 21.0743 44.9271
      vertex 2.60842 21.0743 48.4
    endloop
  endfacet
  facet normal -0.0654906 0.997853 0
    outer loop
      vertex 2.60842 21.0743 44.9271
      vertex 3 21.1 48.4
      vertex 3 21.1 44.5355
    endloop
  endfacet
  facet normal -0.0654906 0.997853 0
    outer loop
      vertex 3 21.1 0
      vertex 2.60842 21.0743 43.2729
      vertex 3 21.1 43.6645
    endloop
  endfacet
  facet normal -0.0654906 0.997853 0
    outer loop
      vertex 2.60842 21.0743 43.2729
      vertex 3 21.1 0
      vertex 2.60842 21.0743 0
    endloop
  endfacet
  facet normal 0 1 -0
    outer loop
      vertex 54.4294 21.1 24.1274
      vertex 3 21.1 48.4
      vertex 55.4558 21.1 24.3316
    endloop
  endfacet
  facet normal 0 1 0
    outer loop
      vertex 3 21.1 48.4
      vertex 20.9442 21.1 24.3316
      vertex 19.9 21.1 24.4
    endloop
  endfacet
  facet normal 0 1 -0
    outer loop
      vertex 53.4385 21.1 23.791
      vertex 3 21.1 48.4
      vertex 54.4294 21.1 24.1274
    endloop
  endfacet
  facet normal 0 1 0
    outer loop
      vertex 3 21.1 48.4
      vertex 21.9706 21.1 24.1274
      vertex 20.9442 21.1 24.3316
    endloop
  endfacet
  facet normal 0 1 -0
    outer loop
      vertex 22.9615 21.1 23.791
      vertex 3 21.1 48.4
      vertex 53.4385 21.1 23.791
    endloop
  endfacet
  facet normal 0 1 0
    outer loop
      vertex 3 21.1 48.4
      vertex 22.9615 21.1 23.791
      vertex 21.9706 21.1 24.1274
    endloop
  endfacet
  facet normal 0 1 -0
    outer loop
      vertex 52.5 21.1 23.3282
      vertex 22.9615 21.1 23.791
      vertex 53.4385 21.1 23.791
    endloop
  endfacet
  facet normal 0 1 0
    outer loop
      vertex 52.5 21.1 23.3282
      vertex 23.9 21.1 23.3282
      vertex 22.9615 21.1 23.791
    endloop
  endfacet
  facet normal 0 1 -0
    outer loop
      vertex 51.6299 21.1 22.7468
      vertex 23.9 21.1 23.3282
      vertex 52.5 21.1 23.3282
    endloop
  endfacet
  facet normal 0 1 0
    outer loop
      vertex 51.6299 21.1 22.7468
      vertex 24.7701 21.1 22.7468
      vertex 23.9 21.1 23.3282
    endloop
  endfacet
  facet normal 0 1 -0
    outer loop
      vertex 50.8431 21.1 22.0569
      vertex 24.7701 21.1 22.7468
      vertex 51.6299 21.1 22.7468
    endloop
  endfacet
  facet normal 0 1 0
    outer loop
      vertex 50.8431 21.1 22.0569
      vertex 25.5569 21.1 22.0569
      vertex 24.7701 21.1 22.7468
    endloop
  endfacet
  facet normal 0 1 -0
    outer loop
      vertex 50.1532 21.1 21.2701
      vertex 25.5569 21.1 22.0569
      vertex 50.8431 21.1 22.0569
    endloop
  endfacet
  facet normal 0 1 0
    outer loop
      vertex 50.1532 21.1 21.2701
      vertex 26.2468 21.1 21.2701
      vertex 25.5569 21.1 22.0569
    endloop
  endfacet
  facet normal 0 1 -0
    outer loop
      vertex 49.5718 21.1 20.4
      vertex 26.2468 21.1 21.2701
      vertex 50.1532 21.1 21.2701
    endloop
  endfacet
  facet normal 0 1 0
    outer loop
      vertex 49.5718 21.1 20.4
      vertex 26.8282 21.1 20.4
      vertex 26.2468 21.1 21.2701
    endloop
  endfacet
  facet normal 0 1 -0
    outer loop
      vertex 49.109 21.1 19.4615
      vertex 26.8282 21.1 20.4
      vertex 49.5718 21.1 20.4
    endloop
  endfacet
  facet normal 0 1 0
    outer loop
      vertex 49.109 21.1 19.4615
      vertex 27.291 21.1 19.4615
      vertex 26.8282 21.1 20.4
    endloop
  endfacet
  facet normal 0 1 -0
    outer loop
      vertex 48.7726 21.1 18.4706
      vertex 27.291 21.1 19.4615
      vertex 49.109 21.1 19.4615
    endloop
  endfacet
  facet normal 0 1 0
    outer loop
      vertex 48.7726 21.1 18.4706
      vertex 27.6274 21.1 18.4706
      vertex 27.291 21.1 19.4615
    endloop
  endfacet
  facet normal 0 1 -0
    outer loop
      vertex 48.5684 21.1 17.4442
      vertex 27.6274 21.1 18.4706
      vertex 48.7726 21.1 18.4706
    endloop
  endfacet
  facet normal 0 1 0
    outer loop
      vertex 48.5684 21.1 17.4442
      vertex 27.8316 21.1 17.4442
      vertex 27.6274 21.1 18.4706
    endloop
  endfacet
  facet normal 0 1 -0
    outer loop
      vertex 48.5 21.1 16.4
      vertex 27.8316 21.1 17.4442
      vertex 48.5684 21.1 17.4442
    endloop
  endfacet
  facet normal 0 1 0
    outer loop
      vertex 48.5 21.1 16.4
      vertex 27.9 21.1 16.4
      vertex 27.8316 21.1 17.4442
    endloop
  endfacet
  facet normal 0 1 -0
    outer loop
      vertex 48.5 21.1 0
      vertex 27.9 21.1 16.4
      vertex 48.5 21.1 16.4
    endloop
  endfacet
  facet normal 0 1 0
    outer loop
      vertex 27.9 21.1 16.4
      vertex 48.5 21.1 0
      vertex 27.9 21.1 0
    endloop
  endfacet
  facet normal 0 1 0
    outer loop
      vertex 91.0294 21.1 24.1274
      vertex 126.2 21.1 48.4
      vertex 92.0558 21.1 24.3316
    endloop
  endfacet
  facet normal 0 1 0
    outer loop
      vertex 126.2 21.1 48.4
      vertex 57.5442 21.1 24.3316
      vertex 56.5 21.1 24.4
    endloop
  endfacet
  facet normal 0 1 0
    outer loop
      vertex 58.5706 21.1 24.1274
      vertex 126.2 21.1 48.4
      vertex 91.0294 21.1 24.1274
    endloop
  endfacet
  facet normal 0 1 0
    outer loop
      vertex 126.2 21.1 48.4
      vertex 58.5706 21.1 24.1274
      vertex 57.5442 21.1 24.3316
    endloop
  endfacet
  facet normal 0 1 -0
    outer loop
      vertex 90.0385 21.1 23.791
      vertex 58.5706 21.1 24.1274
      vertex 91.0294 21.1 24.1274
    endloop
  endfacet
  facet normal 0 1 0
    outer loop
      vertex 90.0385 21.1 23.791
      vertex 59.5615 21.1 23.791
      vertex 58.5706 21.1 24.1274
    endloop
  endfacet
  facet normal 0 1 -0
    outer loop
      vertex 89.1 21.1 23.3282
      vertex 59.5615 21.1 23.791
      vertex 90.0385 21.1 23.791
    endloop
  endfacet
  facet normal 0 1 0
    outer loop
      vertex 89.1 21.1 23.3282
      vertex 60.5 21.1 23.3282
      vertex 59.5615 21.1 23.791
    endloop
  endfacet
  facet normal 0 1 -0
    outer loop
      vertex 88.2299 21.1 22.7468
      vertex 60.5 21.1 23.3282
      vertex 89.1 21.1 23.3282
    endloop
  endfacet
  facet normal 0 1 0
    outer loop
      vertex 88.2299 21.1 22.7468
      vertex 61.3701 21.1 22.7468
      vertex 60.5 21.1 23.3282
    endloop
  endfacet
  facet normal 0 1 -0
    outer loop
      vertex 87.4431 21.1 22.0569
      vertex 61.3701 21.1 22.7468
      vertex 88.2299 21.1 22.7468
    endloop
  endfacet
  facet normal 0 1 0
    outer loop
      vertex 87.4431 21.1 22.0569
      vertex 62.1569 21.1 22.0569
      vertex 61.3701 21.1 22.7468
    endloop
  endfacet
  facet normal 0 1 -0
    outer loop
      vertex 86.7532 21.1 21.2701
      vertex 62.1569 21.1 22.0569
      vertex 87.4431 21.1 22.0569
    endloop
  endfacet
  facet normal 0 1 0
    outer loop
      vertex 86.7532 21.1 21.2701
      vertex 62.8468 21.1 21.2701
      vertex 62.1569 21.1 22.0569
    endloop
  endfacet
  facet normal 0 1 -0
    outer loop
      vertex 86.1718 21.1 20.4
      vertex 62.8468 21.1 21.2701
      vertex 86.7532 21.1 21.2701
    endloop
  endfacet
  facet normal 0 1 0
    outer loop
      vertex 86.1718 21.1 20.4
      vertex 63.4282 21.1 20.4
      vertex 62.8468 21.1 21.2701
    endloop
  endfacet
  facet normal 0 1 -0
    outer loop
      vertex 85.709 21.1 19.4615
      vertex 63.4282 21.1 20.4
      vertex 86.1718 21.1 20.4
    endloop
  endfacet
  facet normal 0 1 0
    outer loop
      vertex 85.709 21.1 19.4615
      vertex 63.891 21.1 19.4615
      vertex 63.4282 21.1 20.4
    endloop
  endfacet
  facet normal 0 1 -0
    outer loop
      vertex 85.3726 21.1 18.4706
      vertex 63.891 21.1 19.4615
      vertex 85.709 21.1 19.4615
    endloop
  endfacet
  facet normal 0 1 0
    outer loop
      vertex 85.3726 21.1 18.4706
      vertex 64.2274 21.1 18.4706
      vertex 63.891 21.1 19.4615
    endloop
  endfacet
  facet normal 0 1 -0
    outer loop
      vertex 85.1684 21.1 17.4442
      vertex 64.2274 21.1 18.4706
      vertex 85.3726 21.1 18.4706
    endloop
  endfacet
  facet normal 0 1 0
    outer loop
      vertex 85.1684 21.1 17.4442
      vertex 64.4316 21.1 17.4442
      vertex 64.2274 21.1 18.4706
    endloop
  endfacet
  facet normal 0 1 -0
    outer loop
      vertex 85.1 21.1 16.4
      vertex 64.4316 21.1 17.4442
      vertex 85.1684 21.1 17.4442
    endloop
  endfacet
  facet normal 0 1 0
    outer loop
      vertex 85.1 21.1 16.4
      vertex 64.5 21.1 16.4
      vertex 64.4316 21.1 17.4442
    endloop
  endfacet
  facet normal 0 1 -0
    outer loop
      vertex 85.1 21.1 0
      vertex 64.5 21.1 16.4
      vertex 85.1 21.1 16.4
    endloop
  endfacet
  facet normal 0 1 0
    outer loop
      vertex 64.5 21.1 16.4
      vertex 85.1 21.1 0
      vertex 64.5 21.1 0
    endloop
  endfacet
  facet normal 0 1 0
    outer loop
      vertex 115.733 21.1 34.6438
      vertex 94.1442 21.1 24.3316
      vertex 93.1 21.1 24.4
    endloop
  endfacet
  facet normal 0 1 0
    outer loop
      vertex 114.743 21.1 32.2526
      vertex 95.1706 21.1 24.1274
      vertex 94.1442 21.1 24.3316
    endloop
  endfacet
  facet normal 0 1 0
    outer loop
      vertex 114.743 21.1 32.2526
      vertex 96.1615 21.1 23.791
      vertex 95.1706 21.1 24.1274
    endloop
  endfacet
  facet normal 0 1 0
    outer loop
      vertex 114.743 21.1 32.2526
      vertex 97.1 21.1 23.3282
      vertex 96.1615 21.1 23.791
    endloop
  endfacet
  facet normal 0 1 0
    outer loop
      vertex 114.7 21.1 31.6
      vertex 97.9701 21.1 22.7468
      vertex 97.1 21.1 23.3282
    endloop
  endfacet
  facet normal 0 1 0
    outer loop
      vertex 114.7 21.1 31.6
      vertex 98.7569 21.1 22.0569
      vertex 97.9701 21.1 22.7468
    endloop
  endfacet
  facet normal 0 1 0
    outer loop
      vertex 114.7 21.1 31.6
      vertex 99.4468 21.1 21.2701
      vertex 98.7569 21.1 22.0569
    endloop
  endfacet
  facet normal 0 1 0
    outer loop
      vertex 114.7 21.1 31.6
      vertex 100.028 21.1 20.4
      vertex 99.4468 21.1 21.2701
    endloop
  endfacet
  facet normal 0 1 0
    outer loop
      vertex 114.7 21.1 31.6
      vertex 100.491 21.1 19.4615
      vertex 100.028 21.1 20.4
    endloop
  endfacet
  facet normal 0 1 -0
    outer loop
      vertex 114.7 21.1 16.6
      vertex 100.491 21.1 19.4615
      vertex 114.7 21.1 31.6
    endloop
  endfacet
  facet normal 0 1 0
    outer loop
      vertex 100.491 21.1 19.4615
      vertex 114.7 21.1 16.6
      vertex 100.827 21.1 18.4706
    endloop
  endfacet
  facet normal 0 1 0
    outer loop
      vertex 100.827 21.1 18.4706
      vertex 114.7 21.1 16.6
      vertex 101.032 21.1 17.4442
    endloop
  endfacet
  facet normal 0 1 0
    outer loop
      vertex 114.7 21.1 16.6
      vertex 101.1 21.1 16.4
      vertex 101.032 21.1 17.4442
    endloop
  endfacet
  facet normal 0 1 0
    outer loop
      vertex 114.743 21.1 15.9474
      vertex 101.1 21.1 16.4
      vertex 114.7 21.1 16.6
    endloop
  endfacet
  facet normal 0 1 0
    outer loop
      vertex 114.87 21.1 15.3059
      vertex 101.1 21.1 16.4
      vertex 114.743 21.1 15.9474
    endloop
  endfacet
  facet normal 0 1 0
    outer loop
      vertex 115.081 21.1 14.6866
      vertex 101.1 21.1 16.4
      vertex 114.87 21.1 15.3059
    endloop
  endfacet
  facet normal 0 1 0
    outer loop
      vertex 115.37 21.1 14.1
      vertex 101.1 21.1 16.4
      vertex 115.081 21.1 14.6866
    endloop
  endfacet
  facet normal 0 1 0
    outer loop
      vertex 115.733 21.1 13.5562
      vertex 101.1 21.1 16.4
      vertex 115.37 21.1 14.1
    endloop
  endfacet
  facet normal 0 1 0
    outer loop
      vertex 101.1 21.1 0
      vertex 115.733 21.1 13.5562
      vertex 116.164 21.1 13.0645
    endloop
  endfacet
  facet normal 0 1 0
    outer loop
      vertex 101.1 21.1 0
      vertex 116.164 21.1 13.0645
      vertex 116.656 21.1 12.6332
    endloop
  endfacet
  facet normal 0 1 0
    outer loop
      vertex 101.1 21.1 0
      vertex 116.656 21.1 12.6332
      vertex 117.2 21.1 12.2699
    endloop
  endfacet
  facet normal 0 1 0
    outer loop
      vertex 101.1 21.1 0
      vertex 117.2 21.1 12.2699
      vertex 117.787 21.1 11.9806
    endloop
  endfacet
  facet normal 0 1 0
    outer loop
      vertex 126.2 21.1 0
      vertex 117.787 21.1 11.9806
      vertex 118.406 21.1 11.7704
    endloop
  endfacet
  facet normal 0 1 0
    outer loop
      vertex 126.2 21.1 0
      vertex 119.047 21.1 11.6428
      vertex 119.7 21.1 11.6
    endloop
  endfacet
  facet normal 0 1 0
    outer loop
      vertex 126.2 21.1 0
      vertex 118.406 21.1 11.7704
      vertex 119.047 21.1 11.6428
    endloop
  endfacet
  facet normal 0 1 0
    outer loop
      vertex 117.787 21.1 11.9806
      vertex 126.2 21.1 0
      vertex 101.1 21.1 0
    endloop
  endfacet
  facet normal 0 1 0
    outer loop
      vertex 115.733 21.1 13.5562
      vertex 101.1 21.1 0
      vertex 101.1 21.1 16.4
    endloop
  endfacet
  facet normal 0 1 -0
    outer loop
      vertex 56.5 21.1 24.4
      vertex 3 21.1 48.4
      vertex 126.2 21.1 48.4
    endloop
  endfacet
  facet normal 0 1 -0
    outer loop
      vertex 55.4558 21.1 24.3316
      vertex 3 21.1 48.4
      vertex 56.5 21.1 24.4
    endloop
  endfacet
  facet normal 0 1 0
    outer loop
      vertex 3 21.1 48.4
      vertex 3.43553 21.1 44.1
      vertex 3 21.1 44.5355
    endloop
  endfacet
  facet normal 0 1 0
    outer loop
      vertex 119.047 21.1 36.5572
      vertex 126.2 21.1 48.4
      vertex 119.7 21.1 36.6
    endloop
  endfacet
  facet normal 0 1 0
    outer loop
      vertex 126.2 21.1 48.4
      vertex 120.353 21.1 36.5572
      vertex 119.7 21.1 36.6
    endloop
  endfacet
  facet normal 0 1 0
    outer loop
      vertex 126.2 21.1 48.4
      vertex 120.994 21.1 36.4296
      vertex 120.353 21.1 36.5572
    endloop
  endfacet
  facet normal 0 1 0
    outer loop
      vertex 126.2 21.1 48.4
      vertex 121.613 21.1 36.2194
      vertex 120.994 21.1 36.4296
    endloop
  endfacet
  facet normal 0 1 0
    outer loop
      vertex 126.2 21.1 48.4
      vertex 122.2 21.1 35.9301
      vertex 121.613 21.1 36.2194
    endloop
  endfacet
  facet normal 0 1 0
    outer loop
      vertex 126.2 21.1 48.4
      vertex 122.744 21.1 35.5668
      vertex 122.2 21.1 35.9301
    endloop
  endfacet
  facet normal 0 1 0
    outer loop
      vertex 126.2 21.1 48.4
      vertex 123.236 21.1 35.1355
      vertex 122.744 21.1 35.5668
    endloop
  endfacet
  facet normal 0 1 0
    outer loop
      vertex 126.2 21.1 48.4
      vertex 123.667 21.1 34.6438
      vertex 123.236 21.1 35.1355
    endloop
  endfacet
  facet normal 0 1 0
    outer loop
      vertex 126.2 21.1 48.4
      vertex 124.03 21.1 34.1
      vertex 123.667 21.1 34.6438
    endloop
  endfacet
  facet normal 0 1 0
    outer loop
      vertex 126.2 21.1 48.4
      vertex 124.319 21.1 33.5134
      vertex 124.03 21.1 34.1
    endloop
  endfacet
  facet normal 0 1 0
    outer loop
      vertex 126.2 21.1 48.4
      vertex 124.53 21.1 32.8941
      vertex 124.319 21.1 33.5134
    endloop
  endfacet
  facet normal 0 1 0
    outer loop
      vertex 126.2 21.1 48.4
      vertex 124.657 21.1 32.2526
      vertex 124.53 21.1 32.8941
    endloop
  endfacet
  facet normal 0 1 0
    outer loop
      vertex 126.2 21.1 48.4
      vertex 124.7 21.1 31.6
      vertex 124.657 21.1 32.2526
    endloop
  endfacet
  facet normal 0 1 0
    outer loop
      vertex 126.2 21.1 48.4
      vertex 124.7 21.1 16.6
      vertex 124.7 21.1 31.6
    endloop
  endfacet
  facet normal 0 1 0
    outer loop
      vertex 120.353 21.1 11.6428
      vertex 126.2 21.1 0
      vertex 119.7 21.1 11.6
    endloop
  endfacet
  facet normal 0 1 0
    outer loop
      vertex 120.994 21.1 11.7704
      vertex 126.2 21.1 0
      vertex 120.353 21.1 11.6428
    endloop
  endfacet
  facet normal 0 1 0
    outer loop
      vertex 121.613 21.1 11.9806
      vertex 126.2 21.1 0
      vertex 120.994 21.1 11.7704
    endloop
  endfacet
  facet normal 0 1 0
    outer loop
      vertex 122.2 21.1 12.2699
      vertex 126.2 21.1 0
      vertex 121.613 21.1 11.9806
    endloop
  endfacet
  facet normal 0 1 0
    outer loop
      vertex 122.744 21.1 12.6332
      vertex 126.2 21.1 0
      vertex 122.2 21.1 12.2699
    endloop
  endfacet
  facet normal 0 1 0
    outer loop
      vertex 123.236 21.1 13.0645
      vertex 126.2 21.1 0
      vertex 122.744 21.1 12.6332
    endloop
  endfacet
  facet normal 0 1 0
    outer loop
      vertex 123.667 21.1 13.5562
      vertex 126.2 21.1 0
      vertex 123.236 21.1 13.0645
    endloop
  endfacet
  facet normal 0 1 0
    outer loop
      vertex 124.03 21.1 14.1
      vertex 126.2 21.1 0
      vertex 123.667 21.1 13.5562
    endloop
  endfacet
  facet normal 0 1 0
    outer loop
      vertex 124.319 21.1 14.6866
      vertex 126.2 21.1 0
      vertex 124.03 21.1 14.1
    endloop
  endfacet
  facet normal 0 1 0
    outer loop
      vertex 124.53 21.1 15.3059
      vertex 126.2 21.1 0
      vertex 124.319 21.1 14.6866
    endloop
  endfacet
  facet normal 0 1 0
    outer loop
      vertex 124.657 21.1 15.9474
      vertex 126.2 21.1 0
      vertex 124.53 21.1 15.3059
    endloop
  endfacet
  facet normal 0 1 0
    outer loop
      vertex 124.7 21.1 16.6
      vertex 126.2 21.1 0
      vertex 124.657 21.1 15.9474
    endloop
  endfacet
  facet normal 0 1 -0
    outer loop
      vertex 126.2 21.1 0
      vertex 124.7 21.1 16.6
      vertex 126.2 21.1 48.4
    endloop
  endfacet
  facet normal 0 1 0
    outer loop
      vertex 118.406 21.1 36.4296
      vertex 126.2 21.1 48.4
      vertex 119.047 21.1 36.5572
    endloop
  endfacet
  facet normal 0 1 0
    outer loop
      vertex 117.787 21.1 36.2194
      vertex 126.2 21.1 48.4
      vertex 118.406 21.1 36.4296
    endloop
  endfacet
  facet normal 0 1 0
    outer loop
      vertex 117.2 21.1 35.9301
      vertex 126.2 21.1 48.4
      vertex 117.787 21.1 36.2194
    endloop
  endfacet
  facet normal 0 1 0
    outer loop
      vertex 116.656 21.1 35.5668
      vertex 126.2 21.1 48.4
      vertex 117.2 21.1 35.9301
    endloop
  endfacet
  facet normal 0 1 0
    outer loop
      vertex 116.164 21.1 35.1355
      vertex 126.2 21.1 48.4
      vertex 116.656 21.1 35.5668
    endloop
  endfacet
  facet normal 0 1 0
    outer loop
      vertex 92.0558 21.1 24.3316
      vertex 116.164 21.1 35.1355
      vertex 93.1 21.1 24.4
    endloop
  endfacet
  facet normal 0 1 0
    outer loop
      vertex 93.1 21.1 24.4
      vertex 116.164 21.1 35.1355
      vertex 115.733 21.1 34.6438
    endloop
  endfacet
  facet normal 0 1 0
    outer loop
      vertex 94.1442 21.1 24.3316
      vertex 115.733 21.1 34.6438
      vertex 115.37 21.1 34.1
    endloop
  endfacet
  facet normal 0 1 0
    outer loop
      vertex 94.1442 21.1 24.3316
      vertex 115.37 21.1 34.1
      vertex 115.081 21.1 33.5134
    endloop
  endfacet
  facet normal 0 1 0
    outer loop
      vertex 94.1442 21.1 24.3316
      vertex 115.081 21.1 33.5134
      vertex 114.87 21.1 32.8941
    endloop
  endfacet
  facet normal 0 1 0
    outer loop
      vertex 94.1442 21.1 24.3316
      vertex 114.87 21.1 32.8941
      vertex 114.743 21.1 32.2526
    endloop
  endfacet
  facet normal 0 1 0
    outer loop
      vertex 97.1 21.1 23.3282
      vertex 114.743 21.1 32.2526
      vertex 114.7 21.1 31.6
    endloop
  endfacet
  facet normal 0 1 -0
    outer loop
      vertex 116.164 21.1 35.1355
      vertex 92.0558 21.1 24.3316
      vertex 126.2 21.1 48.4
    endloop
  endfacet
  facet normal 0 1 0
    outer loop
      vertex 3 21.1 48.4
      vertex 19.9 21.1 24.4
      vertex 3.43553 21.1 44.1
    endloop
  endfacet
  facet normal 0 1 -0
    outer loop
      vertex 18.8558 21.1 24.3316
      vertex 3.43553 21.1 44.1
      vertex 19.9 21.1 24.4
    endloop
  endfacet
  facet normal 0 1 -0
    outer loop
      vertex 17.8294 21.1 24.1274
      vertex 3.43553 21.1 44.1
      vertex 18.8558 21.1 24.3316
    endloop
  endfacet
  facet normal 0 1 -0
    outer loop
      vertex 16.8385 21.1 23.791
      vertex 3.43553 21.1 44.1
      vertex 17.8294 21.1 24.1274
    endloop
  endfacet
  facet normal 0 1 0
    outer loop
      vertex 3.43553 21.1 44.1
      vertex 16.8385 21.1 23.791
      vertex 3 21.1 43.6645
    endloop
  endfacet
  facet normal 0 1 -0
    outer loop
      vertex 15.9 21.1 23.3282
      vertex 3 21.1 43.6645
      vertex 16.8385 21.1 23.791
    endloop
  endfacet
  facet normal 0 1 -0
    outer loop
      vertex 15.0299 21.1 22.7468
      vertex 3 21.1 43.6645
      vertex 15.9 21.1 23.3282
    endloop
  endfacet
  facet normal 0 1 -0
    outer loop
      vertex 14.2431 21.1 22.0569
      vertex 3 21.1 43.6645
      vertex 15.0299 21.1 22.7468
    endloop
  endfacet
  facet normal 0 1 -0
    outer loop
      vertex 13.5532 21.1 21.2701
      vertex 3 21.1 43.6645
      vertex 14.2431 21.1 22.0569
    endloop
  endfacet
  facet normal 0 1 -0
    outer loop
      vertex 12.9718 21.1 20.4
      vertex 3 21.1 43.6645
      vertex 13.5532 21.1 21.2701
    endloop
  endfacet
  facet normal 0 1 -0
    outer loop
      vertex 12.509 21.1 19.4615
      vertex 3 21.1 43.6645
      vertex 12.9718 21.1 20.4
    endloop
  endfacet
  facet normal 0 1 -0
    outer loop
      vertex 12.1726 21.1 18.4706
      vertex 3 21.1 43.6645
      vertex 12.509 21.1 19.4615
    endloop
  endfacet
  facet normal 0 1 -0
    outer loop
      vertex 11.9684 21.1 17.4442
      vertex 3 21.1 43.6645
      vertex 12.1726 21.1 18.4706
    endloop
  endfacet
  facet normal 0 1 0
    outer loop
      vertex 3 21.1 0
      vertex 11.9684 21.1 17.4442
      vertex 11.9 21.1 16.4
    endloop
  endfacet
  facet normal 0 1 0
    outer loop
      vertex 3 21.1 0
      vertex 11.9 21.1 16.4
      vertex 11.9 21.1 0
    endloop
  endfacet
  facet normal 0 1 0
    outer loop
      vertex 11.9684 21.1 17.4442
      vertex 3 21.1 0
      vertex 3 21.1 43.6645
    endloop
  endfacet
  facet normal 0.997803 -0.0662518 0
    outer loop
      vertex 129.174 2.60842 48.4
      vertex 129.2 3 0
      vertex 129.2 3 48.4
    endloop
  endfacet
  facet normal 0.997803 -0.0662518 0
    outer loop
      vertex 129.2 3 0
      vertex 129.174 2.60842 48.4
      vertex 129.174 2.60842 0
    endloop
  endfacet
  facet normal -0.659339 -0.751846 0
    outer loop
      vertex 0.878679 0.878679 48.4
      vertex 1.17372 0.61994 45.3737
      vertex 1.17372 0.61994 48.4
    endloop
  endfacet
  facet normal -0.659339 -0.751846 0
    outer loop
      vertex 1.17372 0.61994 45.3737
      vertex 0.878679 0.878679 48.4
      vertex 0.878679 0.878679 45.0787
    endloop
  endfacet
  facet normal -0.659339 -0.751846 0
    outer loop
      vertex 0.878679 0.878679 0
      vertex 1.17372 0.61994 42.8263
      vertex 0.878679 0.878679 43.1213
    endloop
  endfacet
  facet normal -0.659339 -0.751846 -0
    outer loop
      vertex 1.17372 0.61994 42.8263
      vertex 0.878679 0.878679 0
      vertex 1.17372 0.61994 0
    endloop
  endfacet
  facet normal -0.321442 -0.946929 0
    outer loop
      vertex 1.85195 0.228361 0
      vertex 2.22354 0.102222 48.4
      vertex 1.85195 0.228361 48.4
    endloop
  endfacet
  facet normal -0.321442 -0.946929 -0
    outer loop
      vertex 2.22354 0.102222 48.4
      vertex 1.85195 0.228361 0
      vertex 2.22354 0.102222 0
    endloop
  endfacet
  facet normal 0 0 -1
    outer loop
      vertex 3 0 0
      vertex 11.9 2.8 0
      vertex 11.9 0 0
    endloop
  endfacet
  facet normal 0 0 -1
    outer loop
      vertex 11.9 2.8 0
      vertex 0 3 0
      vertex 11.9 18.3 0
    endloop
  endfacet
  facet normal -0 0 -1
    outer loop
      vertex 11.9 2.8 0
      vertex 3 0 0
      vertex 0 3 0
    endloop
  endfacet
  facet normal 0 0 -1
    outer loop
      vertex 0 18.1 0
      vertex 11.9 18.3 0
      vertex 0 3 0
    endloop
  endfacet
  facet normal 0 0 -1
    outer loop
      vertex 0 3 0
      vertex 3 0 0
      vertex 2.60842 0.0256653 0
    endloop
  endfacet
  facet normal 0 -0 -1
    outer loop
      vertex 3 21.1 0
      vertex 11.9 18.3 0
      vertex 0 18.1 0
    endloop
  endfacet
  facet normal 0 0 -1
    outer loop
      vertex 0 3 0
      vertex 2.60842 0.0256653 0
      vertex 2.22354 0.102222 0
    endloop
  endfacet
  facet normal 0 0 -1
    outer loop
      vertex 11.9 18.3 0
      vertex 3 21.1 0
      vertex 11.9 21.1 0
    endloop
  endfacet
  facet normal 0 0 -1
    outer loop
      vertex 0 3 0
      vertex 2.22354 0.102222 0
      vertex 1.85195 0.228361 0
    endloop
  endfacet
  facet normal 0 0 -1
    outer loop
      vertex 3 21.1 0
      vertex 0 18.1 0
      vertex 2.60842 21.0743 0
    endloop
  endfacet
  facet normal 0 0 -1
    outer loop
      vertex 0 3 0
      vertex 1.85195 0.228361 0
      vertex 1.5 0.401923 0
    endloop
  endfacet
  facet normal 0 0 -1
    outer loop
      vertex 2.60842 21.0743 0
      vertex 0 18.1 0
      vertex 2.22354 20.9978 0
    endloop
  endfacet
  facet normal 0 0 -1
    outer loop
      vertex 0 3 0
      vertex 1.5 0.401923 0
      vertex 1.17372 0.61994 0
    endloop
  endfacet
  facet normal 0 0 -1
    outer loop
      vertex 2.22354 20.9978 0
      vertex 0 18.1 0
      vertex 1.85195 20.8716 0
    endloop
  endfacet
  facet normal 0 0 -1
    outer loop
      vertex 0 3 0
      vertex 1.17372 0.61994 0
      vertex 0.878679 0.878679 0
    endloop
  endfacet
  facet normal 0 0 -1
    outer loop
      vertex 1.85195 20.8716 0
      vertex 0 18.1 0
      vertex 1.5 20.6981 0
    endloop
  endfacet
  facet normal 0 0 -1
    outer loop
      vertex 0 3 0
      vertex 0.878679 0.878679 0
      vertex 0.61994 1.17372 0
    endloop
  endfacet
  facet normal 0 0 -1
    outer loop
      vertex 1.5 20.6981 0
      vertex 0 18.1 0
      vertex 1.17372 20.4801 0
    endloop
  endfacet
  facet normal 0 0 -1
    outer loop
      vertex 0 3 0
      vertex 0.61994 1.17372 0
      vertex 0.401923 1.5 0
    endloop
  endfacet
  facet normal 0 0 -1
    outer loop
      vertex 1.17372 20.4801 0
      vertex 0 18.1 0
      vertex 0.878679 20.2213 0
    endloop
  endfacet
  facet normal 0 0 -1
    outer loop
      vertex 0 3 0
      vertex 0.401923 1.5 0
      vertex 0.228361 1.85195 0
    endloop
  endfacet
  facet normal 0 0 -1
    outer loop
      vertex 0.878679 20.2213 0
      vertex 0 18.1 0
      vertex 0.61994 19.9263 0
    endloop
  endfacet
  facet normal 0 0 -1
    outer loop
      vertex 0 3 0
      vertex 0.228361 1.85195 0
      vertex 0.102222 2.22354 0
    endloop
  endfacet
  facet normal 0 0 -1
    outer loop
      vertex 0.61994 19.9263 0
      vertex 0 18.1 0
      vertex 0.401923 19.6 0
    endloop
  endfacet
  facet normal 0 0 -1
    outer loop
      vertex 0 3 0
      vertex 0.102222 2.22354 0
      vertex 0.0256653 2.60842 0
    endloop
  endfacet
  facet normal 0 0 -1
    outer loop
      vertex 0.401923 19.6 0
      vertex 0 18.1 0
      vertex 0.228361 19.2481 0
    endloop
  endfacet
  facet normal 0 0 -1
    outer loop
      vertex 0.228361 19.2481 0
      vertex 0 18.1 0
      vertex 0.102222 18.8765 0
    endloop
  endfacet
  facet normal 0 0 -1
    outer loop
      vertex 0.102222 18.8765 0
      vertex 0 18.1 0
      vertex 0.0256653 18.4916 0
    endloop
  endfacet
  facet normal 0 0 -1
    outer loop
      vertex 11.9 2.8 0
      vertex 27.9 18.3 0
      vertex 27.9 2.8 0
    endloop
  endfacet
  facet normal -0 0 -1
    outer loop
      vertex 27.9 18.3 0
      vertex 11.9 2.8 0
      vertex 11.9 18.3 0
    endloop
  endfacet
  facet normal 0 0 -1
    outer loop
      vertex 27.9 2.8 0
      vertex 48.5 2.8 0
      vertex 48.5 0 0
    endloop
  endfacet
  facet normal 0 0 -1
    outer loop
      vertex 48.5 2.8 0
      vertex 27.9 2.8 0
      vertex 48.5 18.3 0
    endloop
  endfacet
  facet normal 0 0 -1
    outer loop
      vertex 27.9 2.8 0
      vertex 48.5 0 0
      vertex 27.9 0 0
    endloop
  endfacet
  facet normal 0 0 -1
    outer loop
      vertex 27.9 18.3 0
      vertex 48.5 18.3 0
      vertex 27.9 2.8 0
    endloop
  endfacet
  facet normal 0 0 -1
    outer loop
      vertex 48.5 18.3 0
      vertex 27.9 18.3 0
      vertex 48.5 21.1 0
    endloop
  endfacet
  facet normal -0 0 -1
    outer loop
      vertex 48.5 21.1 0
      vertex 27.9 18.3 0
      vertex 27.9 21.1 0
    endloop
  endfacet
  facet normal 0 0 -1
    outer loop
      vertex 48.5 2.8 0
      vertex 64.5 18.3 0
      vertex 64.5 2.8 0
    endloop
  endfacet
  facet normal -0 0 -1
    outer loop
      vertex 64.5 18.3 0
      vertex 48.5 2.8 0
      vertex 48.5 18.3 0
    endloop
  endfacet
  facet normal 0 0 -1
    outer loop
      vertex 64.5 2.8 0
      vertex 85.1 2.8 0
      vertex 85.1 0 0
    endloop
  endfacet
  facet normal 0 0 -1
    outer loop
      vertex 85.1 2.8 0
      vertex 64.5 2.8 0
      vertex 85.1 18.3 0
    endloop
  endfacet
  facet normal 0 0 -1
    outer loop
      vertex 64.5 2.8 0
      vertex 85.1 0 0
      vertex 64.5 0 0
    endloop
  endfacet
  facet normal 0 0 -1
    outer loop
      vertex 64.5 18.3 0
      vertex 85.1 18.3 0
      vertex 64.5 2.8 0
    endloop
  endfacet
  facet normal 0 0 -1
    outer loop
      vertex 85.1 18.3 0
      vertex 64.5 18.3 0
      vertex 85.1 21.1 0
    endloop
  endfacet
  facet normal -0 0 -1
    outer loop
      vertex 85.1 21.1 0
      vertex 64.5 18.3 0
      vertex 64.5 21.1 0
    endloop
  endfacet
  facet normal 0 0 -1
    outer loop
      vertex 85.1 2.8 0
      vertex 101.1 18.3 0
      vertex 101.1 2.8 0
    endloop
  endfacet
  facet normal -0 0 -1
    outer loop
      vertex 101.1 18.3 0
      vertex 85.1 2.8 0
      vertex 85.1 18.3 0
    endloop
  endfacet
  facet normal 0 0 -1
    outer loop
      vertex 126.2 0 0
      vertex 129.2 3 0
      vertex 129.174 2.60842 0
    endloop
  endfacet
  facet normal -0 0 -1
    outer loop
      vertex 129.2 3 0
      vertex 126.2 0 0
      vertex 129.2 18.1 0
    endloop
  endfacet
  facet normal 0 0 -1
    outer loop
      vertex 126.2 0 0
      vertex 129.174 2.60842 0
      vertex 129.098 2.22354 0
    endloop
  endfacet
  facet normal 0 0 -1
    outer loop
      vertex 126.2 21.1 0
      vertex 129.2 18.1 0
      vertex 126.2 0 0
    endloop
  endfacet
  facet normal 0 0 -1
    outer loop
      vertex 126.2 0 0
      vertex 129.098 2.22354 0
      vertex 128.972 1.85195 0
    endloop
  endfacet
  facet normal 0 0 -1
    outer loop
      vertex 129.2 18.1 0
      vertex 126.2 21.1 0
      vertex 129.174 18.4916 0
    endloop
  endfacet
  facet normal 0 0 -1
    outer loop
      vertex 126.2 0 0
      vertex 128.972 1.85195 0
      vertex 128.798 1.5 0
    endloop
  endfacet
  facet normal 0 0 -1
    outer loop
      vertex 129.174 18.4916 0
      vertex 126.2 21.1 0
      vertex 129.098 18.8765 0
    endloop
  endfacet
  facet normal 0 0 -1
    outer loop
      vertex 126.2 0 0
      vertex 128.798 1.5 0
      vertex 128.58 1.17372 0
    endloop
  endfacet
  facet normal 0 0 -1
    outer loop
      vertex 129.098 18.8765 0
      vertex 126.2 21.1 0
      vertex 128.972 19.2481 0
    endloop
  endfacet
  facet normal 0 0 -1
    outer loop
      vertex 126.2 0 0
      vertex 128.58 1.17372 0
      vertex 128.321 0.878679 0
    endloop
  endfacet
  facet normal 0 0 -1
    outer loop
      vertex 128.972 19.2481 0
      vertex 126.2 21.1 0
      vertex 128.798 19.6 0
    endloop
  endfacet
  facet normal 0 0 -1
    outer loop
      vertex 126.2 0 0
      vertex 128.321 0.878679 0
      vertex 128.026 0.61994 0
    endloop
  endfacet
  facet normal 0 0 -1
    outer loop
      vertex 128.798 19.6 0
      vertex 126.2 21.1 0
      vertex 128.58 19.9263 0
    endloop
  endfacet
  facet normal 0 0 -1
    outer loop
      vertex 126.2 0 0
      vertex 128.026 0.61994 0
      vertex 127.7 0.401923 0
    endloop
  endfacet
  facet normal 0 0 -1
    outer loop
      vertex 128.58 19.9263 0
      vertex 126.2 21.1 0
      vertex 128.321 20.2213 0
    endloop
  endfacet
  facet normal 0 0 -1
    outer loop
      vertex 126.2 0 0
      vertex 127.7 0.401923 0
      vertex 127.348 0.228361 0
    endloop
  endfacet
  facet normal 0 0 -1
    outer loop
      vertex 128.321 20.2213 0
      vertex 126.2 21.1 0
      vertex 128.026 20.4801 0
    endloop
  endfacet
  facet normal 0 0 -1
    outer loop
      vertex 126.2 0 0
      vertex 127.348 0.228361 0
      vertex 126.976 0.102222 0
    endloop
  endfacet
  facet normal 0 0 -1
    outer loop
      vertex 128.026 20.4801 0
      vertex 126.2 21.1 0
      vertex 127.7 20.6981 0
    endloop
  endfacet
  facet normal 0 0 -1
    outer loop
      vertex 126.2 0 0
      vertex 126.976 0.102222 0
      vertex 126.592 0.0256653 0
    endloop
  endfacet
  facet normal 0 0 -1
    outer loop
      vertex 127.7 20.6981 0
      vertex 126.2 21.1 0
      vertex 127.348 20.8716 0
    endloop
  endfacet
  facet normal 0 0 -1
    outer loop
      vertex 127.348 20.8716 0
      vertex 126.2 21.1 0
      vertex 126.976 20.9978 0
    endloop
  endfacet
  facet normal 0 0 -1
    outer loop
      vertex 126.976 20.9978 0
      vertex 126.2 21.1 0
      vertex 126.592 21.0743 0
    endloop
  endfacet
  facet normal 0 0 -1
    outer loop
      vertex 101.1 2.8 0
      vertex 126.2 0 0
      vertex 101.1 0 0
    endloop
  endfacet
  facet normal 0 0 -1
    outer loop
      vertex 126.2 0 0
      vertex 101.1 2.8 0
      vertex 126.2 21.1 0
    endloop
  endfacet
  facet normal 0 0 -1
    outer loop
      vertex 101.1 18.3 0
      vertex 126.2 21.1 0
      vertex 101.1 2.8 0
    endloop
  endfacet
  facet normal -0 0 -1
    outer loop
      vertex 126.2 21.1 0
      vertex 101.1 18.3 0
      vertex 101.1 21.1 0
    endloop
  endfacet
  facet normal -0.980788 0.195079 0
    outer loop
      vertex 0.0256653 18.4916 0
      vertex 0.102222 18.8765 43.8978
      vertex 0.102222 18.8765 0
    endloop
  endfacet
  facet normal -0.980788 0.195079 0
    outer loop
      vertex 0.102222 18.8765 43.8978
      vertex 0.0256653 18.4916 0
      vertex 0.0256653 18.4916 43.9743
    endloop
  endfacet
  facet normal -0.980813 0.194951 0
    outer loop
      vertex 0.102222 18.8765 48.3109
      vertex 0.0856848 18.7933 48.4
      vertex 0.102222 18.8765 48.4
    endloop
  endfacet
  facet normal -0.980794 0.195045 0
    outer loop
      vertex 0.102222 18.8765 44.3022
      vertex 0.0671224 18.7 44.5
      vertex 0.102222 18.8765 44.689
    endloop
  endfacet
  facet normal -0.980789 0.195074 2.64961e-05
    outer loop
      vertex 0.0256653 18.4916 44.2257
      vertex 0.0671224 18.7 44.5
      vertex 0.102222 18.8765 44.3022
    endloop
  endfacet
  facet normal -0.980782 0.195107 0
    outer loop
      vertex 0.0671224 18.7 44.5
      vertex 0.0256653 18.4916 44.2257
      vertex 0.0256653 18.4916 44.5
    endloop
  endfacet
  facet normal 0.44211 0.896961 -0
    outer loop
      vertex 127.7 20.6981 0
      vertex 127.348 20.8716 48.4
      vertex 127.7 20.6981 48.4
    endloop
  endfacet
  facet normal 0.44211 0.896961 0
    outer loop
      vertex 127.348 20.8716 48.4
      vertex 127.7 20.6981 0
      vertex 127.348 20.8716 0
    endloop
  endfacet
  facet normal 0.555906 -0.831245 0
    outer loop
      vertex 127.7 0.401923 0
      vertex 128.026 0.61994 48.4
      vertex 127.7 0.401923 48.4
    endloop
  endfacet
  facet normal 0.555906 -0.831245 0
    outer loop
      vertex 128.026 0.61994 48.4
      vertex 127.7 0.401923 0
      vertex 128.026 0.61994 0
    endloop
  endfacet
  facet normal 0.981056 -0.193723 0
    outer loop
      vertex 129.098 2.22354 48.4
      vertex 129.174 2.60842 0
      vertex 129.174 2.60842 48.4
    endloop
  endfacet
  facet normal 0.981056 -0.193723 0
    outer loop
      vertex 129.174 2.60842 0
      vertex 129.098 2.22354 48.4
      vertex 129.098 2.22354 0
    endloop
  endfacet
  facet normal 1 -0 0
    outer loop
      vertex 129.2 3 48.4
      vertex 129.2 18.1 0
      vertex 129.2 18.1 48.4
    endloop
  endfacet
  facet normal 1 0 0
    outer loop
      vertex 129.2 18.1 0
      vertex 129.2 3 48.4
      vertex 129.2 3 0
    endloop
  endfacet
  facet normal -0.896873 -0.442288 -0
    outer loop
      vertex 0.401923 1.5 48.4
      vertex 0.228361 1.85195 47.9128
      vertex 0.401923 1.5 47.5357
    endloop
  endfacet
  facet normal -0.896873 -0.442288 0
    outer loop
      vertex 0.228361 1.85195 47.9128
      vertex 0.401923 1.5 48.4
      vertex 0.228361 1.85195 48.4
    endloop
  endfacet
  facet normal -0.896873 -0.442288 -0
    outer loop
      vertex 0.401923 1.5 43.5981
      vertex 0.228361 1.85195 0
      vertex 0.401923 1.5 0
    endloop
  endfacet
  facet normal -0.896873 -0.442288 0
    outer loop
      vertex 0.228361 1.85195 0
      vertex 0.401923 1.5 43.5981
      vertex 0.228361 1.85195 43.7716
    endloop
  endfacet
  facet normal -0.896873 -0.442288 0
    outer loop
      vertex 0.401923 1.5 44.6019
      vertex 0.228361 1.85195 45.0872
      vertex 0.228361 1.85195 44.4284
    endloop
  endfacet
  facet normal -0.896873 -0.442288 0
    outer loop
      vertex 0.228361 1.85195 45.0872
      vertex 0.401923 1.5 44.6019
      vertex 0.401923 1.5 45.4643
    endloop
  endfacet
  facet normal -0.997859 -0.0654026 -0
    outer loop
      vertex 0.0256653 2.60842 43.9743
      vertex 0 3 0
      vertex 0.0256653 2.60842 0
    endloop
  endfacet
  facet normal -0.997859 -0.0654026 0
    outer loop
      vertex 0 3 0
      vertex 0.0256653 2.60842 43.9743
      vertex 0 3 44
    endloop
  endfacet
  facet normal -0.997859 -0.0654026 0
    outer loop
      vertex 0.0256653 2.60842 44.2257
      vertex 0 3 44.5
      vertex 0 3 44.2
    endloop
  endfacet
  facet normal -0.997859 -0.0654026 0
    outer loop
      vertex 0 3 44.5
      vertex 0.0256653 2.60842 44.2257
      vertex 0.0256653 2.60842 44.5
    endloop
  endfacet
  facet normal -0.831481 0.555553 0
    outer loop
      vertex 0.401923 19.6 47.5357
      vertex 0.61994 19.9263 48.4
      vertex 0.61994 19.9263 47.1861
    endloop
  endfacet
  facet normal -0.831481 0.555553 0
    outer loop
      vertex 0.61994 19.9263 48.4
      vertex 0.401923 19.6 47.5357
      vertex 0.401923 19.6 48.4
    endloop
  endfacet
  facet normal -0.831481 0.555553 0
    outer loop
      vertex 0.401923 19.6 0
      vertex 0.61994 19.9263 43.3801
      vertex 0.61994 19.9263 0
    endloop
  endfacet
  facet normal -0.831481 0.555553 0
    outer loop
      vertex 0.61994 19.9263 43.3801
      vertex 0.401923 19.6 0
      vertex 0.401923 19.6 43.5981
    endloop
  endfacet
  facet normal -0.831481 0.555553 0
    outer loop
      vertex 0.401923 19.6 45.4643
      vertex 0.61994 19.9263 44.8199
      vertex 0.401923 19.6 44.6019
    endloop
  endfacet
  facet normal -0.831481 0.555553 0
    outer loop
      vertex 0.61994 19.9263 44.8199
      vertex 0.401923 19.6 45.4643
      vertex 0.61994 19.9263 45.8139
    endloop
  endfacet
  facet normal 0.0654208 0.997858 -0
    outer loop
      vertex 126.592 21.0743 0
      vertex 126.2 21.1 48.4
      vertex 126.592 21.0743 48.4
    endloop
  endfacet
  facet normal 0.0654208 0.997858 0
    outer loop
      vertex 126.2 21.1 48.4
      vertex 126.592 21.0743 0
      vertex 126.2 21.1 0
    endloop
  endfacet
  facet normal 0.555877 0.831265 -0
    outer loop
      vertex 128.026 20.4801 0
      vertex 127.7 20.6981 48.4
      vertex 128.026 20.4801 48.4
    endloop
  endfacet
  facet normal 0.555877 0.831265 0
    outer loop
      vertex 127.7 20.6981 48.4
      vertex 128.026 20.4801 0
      vertex 127.7 20.6981 0
    endloop
  endfacet
  facet normal 0.751516 -0.659714 0
    outer loop
      vertex 128.321 0.878679 48.4
      vertex 128.58 1.17372 0
      vertex 128.58 1.17372 48.4
    endloop
  endfacet
  facet normal 0.751516 -0.659714 0
    outer loop
      vertex 128.58 1.17372 0
      vertex 128.321 0.878679 48.4
      vertex 128.321 0.878679 0
    endloop
  endfacet
  facet normal -0.442288 -0.896873 0
    outer loop
      vertex 1.5 0.401923 0
      vertex 1.85195 0.228361 48.4
      vertex 1.5 0.401923 48.4
    endloop
  endfacet
  facet normal -0.442288 -0.896873 -0
    outer loop
      vertex 1.85195 0.228361 48.4
      vertex 1.5 0.401923 0
      vertex 1.85195 0.228361 0
    endloop
  endfacet
  facet normal -0.0654026 -0.997859 0
    outer loop
      vertex 2.60842 0.0256653 0
      vertex 3 0 48.4
      vertex 2.60842 0.0256653 48.4
    endloop
  endfacet
  facet normal -0.0654026 -0.997859 -0
    outer loop
      vertex 3 0 48.4
      vertex 2.60842 0.0256653 0
      vertex 3 0 0
    endloop
  endfacet
  facet normal -0.19495 0.980813 0
    outer loop
      vertex 2.60842 21.0743 0
      vertex 2.22354 20.9978 42.888
      vertex 2.60842 21.0743 43.2729
    endloop
  endfacet
  facet normal -0.19495 0.980813 0
    outer loop
      vertex 2.22354 20.9978 42.888
      vertex 2.60842 21.0743 0
      vertex 2.22354 20.9978 0
    endloop
  endfacet
  facet normal -0.19495 0.980813 0
    outer loop
      vertex 2.60842 21.0743 48.4
      vertex 2.22354 20.9978 45.312
      vertex 2.22354 20.9978 48.4
    endloop
  endfacet
  facet normal -0.19495 0.980813 0
    outer loop
      vertex 2.22354 20.9978 45.312
      vertex 2.60842 21.0743 48.4
      vertex 2.60842 21.0743 44.9271
    endloop
  endfacet
  facet normal -0.659426 0.751769 0
    outer loop
      vertex 0.878679 20.2213 0
      vertex 1.17372 20.4801 42.8263
      vertex 1.17372 20.4801 0
    endloop
  endfacet
  facet normal -0.659426 0.751769 0
    outer loop
      vertex 1.17372 20.4801 42.8263
      vertex 0.878679 20.2213 0
      vertex 0.878679 20.2213 43.1213
    endloop
  endfacet
  facet normal -0.659426 0.751769 0
    outer loop
      vertex 1.17372 20.4801 45.3737
      vertex 0.878679 20.2213 48.4
      vertex 1.17372 20.4801 48.4
    endloop
  endfacet
  facet normal -0.659426 0.751769 0
    outer loop
      vertex 0.878679 20.2213 48.4
      vertex 1.17372 20.4801 45.3737
      vertex 0.878679 20.2213 45.0787
    endloop
  endfacet
  facet normal -0.896848 0.442338 0
    outer loop
      vertex 0.228361 19.2481 47.9128
      vertex 0.401923 19.6 48.4
      vertex 0.401923 19.6 47.5357
    endloop
  endfacet
  facet normal -0.896848 0.442338 0
    outer loop
      vertex 0.401923 19.6 48.4
      vertex 0.228361 19.2481 47.9128
      vertex 0.228361 19.2481 48.4
    endloop
  endfacet
  facet normal -0.896848 0.442338 0
    outer loop
      vertex 0.228361 19.2481 0
      vertex 0.401923 19.6 43.5981
      vertex 0.401923 19.6 0
    endloop
  endfacet
  facet normal -0.896848 0.442338 0
    outer loop
      vertex 0.401923 19.6 43.5981
      vertex 0.228361 19.2481 0
      vertex 0.228361 19.2481 43.7716
    endloop
  endfacet
  facet normal -0.896848 0.442338 0
    outer loop
      vertex 0.228361 19.2481 45.0872
      vertex 0.401923 19.6 44.6019
      vertex 0.228361 19.2481 44.4284
    endloop
  endfacet
  facet normal -0.896848 0.442338 0
    outer loop
      vertex 0.401923 19.6 44.6019
      vertex 0.228361 19.2481 45.0872
      vertex 0.401923 19.6 45.4643
    endloop
  endfacet
  facet normal -0.751801 0.65939 0
    outer loop
      vertex 0.61994 19.9263 0
      vertex 0.878679 20.2213 43.1213
      vertex 0.878679 20.2213 0
    endloop
  endfacet
  facet normal -0.751801 0.65939 0
    outer loop
      vertex 0.878679 20.2213 43.1213
      vertex 0.61994 19.9263 0
      vertex 0.61994 19.9263 43.3801
    endloop
  endfacet
  facet normal -0.751764 0.659433 0
    outer loop
      vertex 0.772277 20.1 47
      vertex 0.878679 20.2213 45.0787
      vertex 0.772277 20.1 46
    endloop
  endfacet
  facet normal -0.751801 0.65939 0
    outer loop
      vertex 0.61994 19.9263 45.8139
      vertex 0.878679 20.2213 45.0787
      vertex 0.61994 19.9263 44.8199
    endloop
  endfacet
  facet normal -0.751819 0.65937 -1.46132e-05
    outer loop
      vertex 0.878679 20.2213 45.0787
      vertex 0.61994 19.9263 45.8139
      vertex 0.772277 20.1 46
    endloop
  endfacet
  facet normal -0.751764 0.659433 0
    outer loop
      vertex 0.878679 20.2213 45.0787
      vertex 0.772277 20.1 47
      vertex 0.878679 20.2213 48.4
    endloop
  endfacet
  facet normal -0.751821 0.659367 1.0041e-05
    outer loop
      vertex 0.61994 19.9263 47.1861
      vertex 0.878679 20.2213 48.4
      vertex 0.772277 20.1 47
    endloop
  endfacet
  facet normal -0.751801 0.65939 0
    outer loop
      vertex 0.878679 20.2213 48.4
      vertex 0.61994 19.9263 47.1861
      vertex 0.61994 19.9263 48.4
    endloop
  endfacet
  facet normal 0.195379 0.980728 -0
    outer loop
      vertex 126.976 20.9978 0
      vertex 126.592 21.0743 48.4
      vertex 126.976 20.9978 48.4
    endloop
  endfacet
  facet normal 0.195379 0.980728 0
    outer loop
      vertex 126.592 21.0743 48.4
      vertex 126.976 20.9978 0
      vertex 126.592 21.0743 0
    endloop
  endfacet
  facet normal 0.831501 0.555523 0
    outer loop
      vertex 128.798 19.6 48.4
      vertex 128.58 19.9263 0
      vertex 128.58 19.9263 48.4
    endloop
  endfacet
  facet normal 0.831501 0.555523 0
    outer loop
      vertex 128.58 19.9263 0
      vertex 128.798 19.6 48.4
      vertex 128.798 19.6 0
    endloop
  endfacet
  facet normal 0.659478 0.751724 -0
    outer loop
      vertex 128.321 20.2213 0
      vertex 128.026 20.4801 48.4
      vertex 128.321 20.2213 48.4
    endloop
  endfacet
  facet normal 0.659478 0.751724 0
    outer loop
      vertex 128.026 20.4801 48.4
      vertex 128.321 20.2213 0
      vertex 128.026 20.4801 0
    endloop
  endfacet
  facet normal 0.321264 0.94699 -0
    outer loop
      vertex 127.348 20.8716 0
      vertex 126.976 20.9978 48.4
      vertex 127.348 20.8716 48.4
    endloop
  endfacet
  facet normal 0.321264 0.94699 0
    outer loop
      vertex 126.976 20.9978 48.4
      vertex 127.348 20.8716 0
      vertex 126.976 20.9978 0
    endloop
  endfacet
  facet normal 0.896405 0.443235 0
    outer loop
      vertex 128.972 19.2481 48.4
      vertex 128.798 19.6 0
      vertex 128.798 19.6 48.4
    endloop
  endfacet
  facet normal 0.896405 0.443235 0
    outer loop
      vertex 128.798 19.6 0
      vertex 128.972 19.2481 48.4
      vertex 128.972 19.2481 0
    endloop
  endfacet
  facet normal 0.981058 0.193714 0
    outer loop
      vertex 129.174 18.4916 48.4
      vertex 129.098 18.8765 0
      vertex 129.098 18.8765 48.4
    endloop
  endfacet
  facet normal 0.981058 0.193714 0
    outer loop
      vertex 129.098 18.8765 0
      vertex 129.174 18.4916 48.4
      vertex 129.174 18.4916 0
    endloop
  endfacet
  facet normal 0.442237 -0.896898 0
    outer loop
      vertex 127.348 0.228361 0
      vertex 127.7 0.401923 48.4
      vertex 127.348 0.228361 48.4
    endloop
  endfacet
  facet normal 0.442237 -0.896898 0
    outer loop
      vertex 127.7 0.401923 48.4
      vertex 127.348 0.228361 0
      vertex 127.7 0.401923 0
    endloop
  endfacet
  facet normal 0.65939 -0.751801 0
    outer loop
      vertex 128.026 0.61994 0
      vertex 128.321 0.878679 48.4
      vertex 128.026 0.61994 48.4
    endloop
  endfacet
  facet normal 0.65939 -0.751801 0
    outer loop
      vertex 128.321 0.878679 48.4
      vertex 128.026 0.61994 0
      vertex 128.321 0.878679 0
    endloop
  endfacet
  facet normal 0.89643 -0.443185 0
    outer loop
      vertex 128.798 1.5 48.4
      vertex 128.972 1.85195 0
      vertex 128.972 1.85195 48.4
    endloop
  endfacet
  facet normal 0.89643 -0.443185 0
    outer loop
      vertex 128.972 1.85195 0
      vertex 128.798 1.5 48.4
      vertex 128.798 1.5 0
    endloop
  endfacet
  facet normal 0.831485 -0.555547 0
    outer loop
      vertex 128.58 1.17372 48.4
      vertex 128.798 1.5 0
      vertex 128.798 1.5 48.4
    endloop
  endfacet
  facet normal 0.831485 -0.555547 0
    outer loop
      vertex 128.798 1.5 0
      vertex 128.58 1.17372 48.4
      vertex 128.58 1.17372 0
    endloop
  endfacet
  facet normal -0.555576 -0.831465 -0
    outer loop
      vertex 1.17372 0.61994 42.8263
      vertex 1.17372 0.61994 0
      vertex 1.35322 0.5 42.6468
    endloop
  endfacet
  facet normal -0.555577 -0.831465 -2.53328e-08
    outer loop
      vertex 1.17372 0.61994 48.4
      vertex 1.35322 0.5 45.5532
      vertex 1.5 0.401923 48.4
    endloop
  endfacet
  facet normal -0.555576 -0.831465 0
    outer loop
      vertex 1.35322 0.5 45.5532
      vertex 1.17372 0.61994 48.4
      vertex 1.17372 0.61994 45.3737
    endloop
  endfacet
  facet normal -0.555577 -0.831465 0
    outer loop
      vertex 1.35322 0.5 42.6468
      vertex 1.5 0.401923 48.4
      vertex 1.35322 0.5 45.5532
    endloop
  endfacet
  facet normal -0.555577 -0.831465 1.69104e-09
    outer loop
      vertex 1.5 0.401923 0
      vertex 1.35322 0.5 42.6468
      vertex 1.17372 0.61994 0
    endloop
  endfacet
  facet normal -0.555577 -0.831465 0
    outer loop
      vertex 1.35322 0.5 42.6468
      vertex 1.5 0.401923 0
      vertex 1.5 0.401923 48.4
    endloop
  endfacet
  facet normal -0.195089 -0.980786 0
    outer loop
      vertex 2.22354 0.102222 0
      vertex 2.60842 0.0256653 48.4
      vertex 2.22354 0.102222 48.4
    endloop
  endfacet
  facet normal -0.195089 -0.980786 -0
    outer loop
      vertex 2.60842 0.0256653 48.4
      vertex 2.22354 0.102222 0
      vertex 2.60842 0.0256653 0
    endloop
  endfacet
  facet normal -0.751846 -0.659339 0
    outer loop
      vertex 0.878679 0.878679 45.0787
      vertex 0.61994 1.17372 45.8139
      vertex 0.61994 1.17372 44.8199
    endloop
  endfacet
  facet normal -0.751842 -0.659343 0
    outer loop
      vertex 0.772284 1 46
      vertex 0.878679 0.878679 45.0787
      vertex 0.772284 1 47
    endloop
  endfacet
  facet normal -0.751848 -0.659336 -1.70017e-06
    outer loop
      vertex 0.61994 1.17372 45.8139
      vertex 0.878679 0.878679 45.0787
      vertex 0.772284 1 46
    endloop
  endfacet
  facet normal -0.751849 -0.659336 1.16822e-06
    outer loop
      vertex 0.878679 0.878679 48.4
      vertex 0.61994 1.17372 47.1861
      vertex 0.772284 1 47
    endloop
  endfacet
  facet normal -0.751846 -0.659339 0
    outer loop
      vertex 0.61994 1.17372 47.1861
      vertex 0.878679 0.878679 48.4
      vertex 0.61994 1.17372 48.4
    endloop
  endfacet
  facet normal -0.751842 -0.659343 -0
    outer loop
      vertex 0.878679 0.878679 48.4
      vertex 0.772284 1 47
      vertex 0.878679 0.878679 45.0787
    endloop
  endfacet
  facet normal -0.751846 -0.659339 -0
    outer loop
      vertex 0.878679 0.878679 43.1213
      vertex 0.61994 1.17372 0
      vertex 0.878679 0.878679 0
    endloop
  endfacet
  facet normal -0.751846 -0.659339 0
    outer loop
      vertex 0.61994 1.17372 0
      vertex 0.878679 0.878679 43.1213
      vertex 0.61994 1.17372 43.3801
    endloop
  endfacet
  facet normal -0.831465 -0.555577 -0
    outer loop
      vertex 0.61994 1.17372 48.4
      vertex 0.401923 1.5 47.5357
      vertex 0.61994 1.17372 47.1861
    endloop
  endfacet
  facet normal -0.831465 -0.555577 0
    outer loop
      vertex 0.401923 1.5 47.5357
      vertex 0.61994 1.17372 48.4
      vertex 0.401923 1.5 48.4
    endloop
  endfacet
  facet normal -0.831465 -0.555577 -0
    outer loop
      vertex 0.61994 1.17372 43.3801
      vertex 0.401923 1.5 0
      vertex 0.61994 1.17372 0
    endloop
  endfacet
  facet normal -0.831465 -0.555577 0
    outer loop
      vertex 0.401923 1.5 0
      vertex 0.61994 1.17372 43.3801
      vertex 0.401923 1.5 43.5981
    endloop
  endfacet
  facet normal -0.831465 -0.555577 0
    outer loop
      vertex 0.61994 1.17372 44.8199
      vertex 0.401923 1.5 45.4643
      vertex 0.401923 1.5 44.6019
    endloop
  endfacet
  facet normal -0.831465 -0.555577 0
    outer loop
      vertex 0.401923 1.5 45.4643
      vertex 0.61994 1.17372 44.8199
      vertex 0.61994 1.17372 45.8139
    endloop
  endfacet
  facet normal -0.946929 -0.321442 -0
    outer loop
      vertex 0.228361 1.85195 48.4
      vertex 0.102222 2.22354 48.3109
      vertex 0.228361 1.85195 47.9128
    endloop
  endfacet
  facet normal -0.946929 -0.321442 0
    outer loop
      vertex 0.102222 2.22354 48.3109
      vertex 0.228361 1.85195 48.4
      vertex 0.102222 2.22354 48.4
    endloop
  endfacet
  facet normal -0.946929 -0.321442 -0
    outer loop
      vertex 0.228361 1.85195 43.7716
      vertex 0.102222 2.22354 0
      vertex 0.228361 1.85195 0
    endloop
  endfacet
  facet normal -0.946929 -0.321442 0
    outer loop
      vertex 0.102222 2.22354 0
      vertex 0.228361 1.85195 43.7716
      vertex 0.102222 2.22354 43.8978
    endloop
  endfacet
  facet normal -0.946929 -0.321442 0
    outer loop
      vertex 0.228361 1.85195 44.4284
      vertex 0.102222 2.22354 44.689
      vertex 0.102222 2.22354 44.3022
    endloop
  endfacet
  facet normal -0.946929 -0.321442 0
    outer loop
      vertex 0.102222 2.22354 44.689
      vertex 0.228361 1.85195 44.4284
      vertex 0.228361 1.85195 45.0872
    endloop
  endfacet
  facet normal -0.980786 -0.195089 -0
    outer loop
      vertex 0.102222 2.22354 43.8978
      vertex 0.0256653 2.60842 0
      vertex 0.102222 2.22354 0
    endloop
  endfacet
  facet normal -0.980786 -0.195089 0
    outer loop
      vertex 0.0256653 2.60842 0
      vertex 0.102222 2.22354 43.8978
      vertex 0.0256653 2.60842 43.9743
    endloop
  endfacet
  facet normal -0.980785 -0.195092 -0
    outer loop
      vertex 0.102222 2.22354 48.4
      vertex 0.0856863 2.30667 48.4
      vertex 0.102222 2.22354 48.3109
    endloop
  endfacet
  facet normal -0.980786 -0.195088 0
    outer loop
      vertex 0.0256653 2.60842 44.2257
      vertex 0.067124 2.39999 44.5
      vertex 0.0256653 2.60842 44.5
    endloop
  endfacet
  facet normal -0.980786 -0.195089 -9.68719e-07
    outer loop
      vertex 0.102222 2.22354 44.3022
      vertex 0.067124 2.39999 44.5
      vertex 0.0256653 2.60842 44.2257
    endloop
  endfacet
  facet normal -0.980785 -0.19509 0
    outer loop
      vertex 0.067124 2.39999 44.5
      vertex 0.102222 2.22354 44.3022
      vertex 0.102222 2.22354 44.689
    endloop
  endfacet
  facet normal -0.321582 0.946882 0
    outer loop
      vertex 2.22354 20.9978 0
      vertex 1.85195 20.8716 42.5164
      vertex 2.22354 20.9978 42.888
    endloop
  endfacet
  facet normal -0.321582 0.946882 0
    outer loop
      vertex 1.85195 20.8716 42.5164
      vertex 2.22354 20.9978 0
      vertex 1.85195 20.8716 0
    endloop
  endfacet
  facet normal -0.321582 0.946882 0
    outer loop
      vertex 2.22354 20.9978 48.4
      vertex 1.85195 20.8716 45.6836
      vertex 1.85195 20.8716 48.4
    endloop
  endfacet
  facet normal -0.321582 0.946882 0
    outer loop
      vertex 1.85195 20.8716 45.6836
      vertex 2.22354 20.9978 48.4
      vertex 2.22354 20.9978 45.312
    endloop
  endfacet
  facet normal -0.442181 0.896926 0
    outer loop
      vertex 1.85195 20.8716 42.5164
      vertex 1.85195 20.8716 0
      vertex 1.66777 20.7808 42.3322
    endloop
  endfacet
  facet normal -0.44216 0.896936 1.10169e-07
    outer loop
      vertex 1.5 20.6981 0
      vertex 1.66777 20.7808 42.3322
      vertex 1.85195 20.8716 0
    endloop
  endfacet
  facet normal -0.442138 0.896947 0
    outer loop
      vertex 1.66777 20.7808 42.3322
      vertex 1.5 20.6981 0
      vertex 1.5 20.6981 42.5
    endloop
  endfacet
  facet normal -0.44216 0.896936 -1.84176e-06
    outer loop
      vertex 1.85195 20.8716 48.4
      vertex 1.66777 20.7808 45.8678
      vertex 1.5 20.6981 48.4
    endloop
  endfacet
  facet normal -0.442181 0.896926 0
    outer loop
      vertex 1.66777 20.7808 45.8678
      vertex 1.85195 20.8716 48.4
      vertex 1.85195 20.8716 45.6836
    endloop
  endfacet
  facet normal -0.442138 0.896947 0
    outer loop
      vertex 1.5 20.6981 48.4
      vertex 1.66777 20.7808 45.8678
      vertex 1.5 20.6981 45.7
    endloop
  endfacet
  facet normal -0.555547 0.831485 0
    outer loop
      vertex 1.17372 20.4801 0
      vertex 1.5 20.6981 42.5
      vertex 1.5 20.6981 0
    endloop
  endfacet
  facet normal -0.555547 0.831485 0
    outer loop
      vertex 1.5 20.6981 42.5
      vertex 1.17372 20.4801 0
      vertex 1.17372 20.4801 42.8263
    endloop
  endfacet
  facet normal -0.555547 0.831485 0
    outer loop
      vertex 1.5 20.6981 45.7
      vertex 1.17372 20.4801 48.4
      vertex 1.5 20.6981 48.4
    endloop
  endfacet
  facet normal -0.555547 0.831485 0
    outer loop
      vertex 1.17372 20.4801 48.4
      vertex 1.5 20.6981 45.7
      vertex 1.17372 20.4801 45.3737
    endloop
  endfacet
  facet normal -0.946932 0.321434 0
    outer loop
      vertex 0.102222 18.8765 48.3109
      vertex 0.228361 19.2481 48.4
      vertex 0.228361 19.2481 47.9128
    endloop
  endfacet
  facet normal -0.946932 0.321434 0
    outer loop
      vertex 0.228361 19.2481 48.4
      vertex 0.102222 18.8765 48.3109
      vertex 0.102222 18.8765 48.4
    endloop
  endfacet
  facet normal -0.946932 0.321434 0
    outer loop
      vertex 0.102222 18.8765 0
      vertex 0.228361 19.2481 43.7716
      vertex 0.228361 19.2481 0
    endloop
  endfacet
  facet normal -0.946932 0.321434 0
    outer loop
      vertex 0.228361 19.2481 43.7716
      vertex 0.102222 18.8765 0
      vertex 0.102222 18.8765 43.8978
    endloop
  endfacet
  facet normal -0.946932 0.321434 0
    outer loop
      vertex 0.102222 18.8765 44.689
      vertex 0.228361 19.2481 44.4284
      vertex 0.102222 18.8765 44.3022
    endloop
  endfacet
  facet normal -0.946932 0.321434 0
    outer loop
      vertex 0.228361 19.2481 44.4284
      vertex 0.102222 18.8765 44.689
      vertex 0.228361 19.2481 45.0872
    endloop
  endfacet
  facet normal 0.751471 0.659766 0
    outer loop
      vertex 128.58 19.9263 48.4
      vertex 128.321 20.2213 0
      vertex 128.321 20.2213 48.4
    endloop
  endfacet
  facet normal 0.751471 0.659766 0
    outer loop
      vertex 128.321 20.2213 0
      vertex 128.58 19.9263 48.4
      vertex 128.58 19.9263 0
    endloop
  endfacet
  facet normal 0.94704 0.321117 0
    outer loop
      vertex 129.098 18.8765 48.4
      vertex 128.972 19.2481 0
      vertex 128.972 19.2481 48.4
    endloop
  endfacet
  facet normal 0.94704 0.321117 0
    outer loop
      vertex 128.972 19.2481 0
      vertex 129.098 18.8765 48.4
      vertex 129.098 18.8765 0
    endloop
  endfacet
  facet normal 0.321124 -0.947037 0
    outer loop
      vertex 126.976 0.102222 0
      vertex 127.348 0.228361 48.4
      vertex 126.976 0.102222 48.4
    endloop
  endfacet
  facet normal 0.321124 -0.947037 0
    outer loop
      vertex 127.348 0.228361 48.4
      vertex 126.976 0.102222 0
      vertex 127.348 0.228361 0
    endloop
  endfacet
  facet normal 0.947037 -0.321125 0
    outer loop
      vertex 128.972 1.85195 48.4
      vertex 129.098 2.22354 0
      vertex 129.098 2.22354 48.4
    endloop
  endfacet
  facet normal 0.947037 -0.321125 0
    outer loop
      vertex 129.098 2.22354 0
      vertex 128.972 1.85195 48.4
      vertex 128.972 1.85195 0
    endloop
  endfacet
  facet normal -0.00193997 -0.730711 -0.682685
    outer loop
      vertex 0.228361 19.2481 47.9128
      vertex 0.0856848 18.7933 48.4
      vertex 0.102222 18.8765 48.3109
    endloop
  endfacet
  facet normal -0.000519385 -0.730919 -0.682464
    outer loop
      vertex 0.0856848 18.7933 48.4
      vertex 0.228361 19.2481 47.9128
      vertex 0.772277 20.1 47
    endloop
  endfacet
  facet normal 0.00058223 -0.731247 -0.682113
    outer loop
      vertex 0.772277 20.1 47
      vertex 0.228361 19.2481 47.9128
      vertex 0.401923 19.6 47.5357
    endloop
  endfacet
  facet normal 6.28241e-05 -0.731068 -0.682305
    outer loop
      vertex 0.772277 20.1 47
      vertex 0.401923 19.6 47.5357
      vertex 0.61994 19.9263 47.1861
    endloop
  endfacet
  facet normal 0 -0.731047 -0.682328
    outer loop
      vertex 0.0856848 18.7933 48.4
      vertex 0.772277 20.1 47
      vertex 127.3 18.7933 48.4
    endloop
  endfacet
  facet normal 0 -0.731047 -0.682328
    outer loop
      vertex 127.3 18.7933 48.4
      vertex 0.772277 20.1 47
      vertex 127.3 20.1 47
    endloop
  endfacet
  facet normal 0 1 -0
    outer loop
      vertex 127.3 1 46
      vertex 0.772284 1 47
      vertex 127.3 1 47
    endloop
  endfacet
  facet normal 0 1 0
    outer loop
      vertex 0.772284 1 47
      vertex 127.3 1 46
      vertex 0.772284 1 46
    endloop
  endfacet
  facet normal 0 -1 0
    outer loop
      vertex 0.772277 20.1 46
      vertex 127.3 20.1 47
      vertex 0.772277 20.1 47
    endloop
  endfacet
  facet normal 0 -1 -0
    outer loop
      vertex 127.3 20.1 47
      vertex 0.772277 20.1 46
      vertex 127.3 20.1 46
    endloop
  endfacet
  facet normal 0 0.731018 0.682358
    outer loop
      vertex 127.3 1 46
      vertex 1.66777 1.1234 45.8678
      vertex 0.772284 1 46
    endloop
  endfacet
  facet normal -0 0.731058 0.682316
    outer loop
      vertex 3.03555 2.39999 44.5
      vertex 127.3 1 46
      vertex 127.3 2.39999 44.5
    endloop
  endfacet
  facet normal 9.06153e-08 0.731061 0.682312
    outer loop
      vertex 127.3 1 46
      vertex 3.03555 2.39999 44.5
      vertex 1.66777 1.1234 45.8678
    endloop
  endfacet
  facet normal 4.08571e-06 0.731005 0.682372
    outer loop
      vertex 1.66777 1.1234 45.8678
      vertex 0.61994 1.17372 45.8139
      vertex 0.772284 1 46
    endloop
  endfacet
  facet normal 1.10928e-05 0.731073 0.6823
    outer loop
      vertex 1.66777 1.1234 45.8678
      vertex 0.401923 1.5 45.4643
      vertex 0.61994 1.17372 45.8139
    endloop
  endfacet
  facet normal 5.83538e-06 0.731064 0.682308
    outer loop
      vertex 0.299986 2.39999 44.5
      vertex 0.401923 1.5 45.4643
      vertex 1.66777 1.1234 45.8678
    endloop
  endfacet
  facet normal -4.78585e-06 0.731064 0.682309
    outer loop
      vertex 0.401923 1.5 45.4643
      vertex 0.299986 2.39999 44.5
      vertex 0.228361 1.85195 45.0872
    endloop
  endfacet
  facet normal -0.000227184 0.731077 0.682295
    outer loop
      vertex 0.228361 1.85195 45.0872
      vertex 0.299986 2.39999 44.5
      vertex 0.102222 2.22354 44.689
    endloop
  endfacet
  facet normal 0 0.730959 0.682422
    outer loop
      vertex 0.102222 2.22354 44.689
      vertex 0.299986 2.39999 44.5
      vertex 0.067124 2.39999 44.5
    endloop
  endfacet
  facet normal 4.17843e-06 -0.731004 0.682373
    outer loop
      vertex 37.4 18.7 44.5
      vertex 0.772277 20.1 46
      vertex 1.66777 19.9766 45.8678
    endloop
  endfacet
  facet normal -6.26191e-06 -0.73104 0.682335
    outer loop
      vertex 0.61994 19.9263 45.8139
      vertex 1.66777 19.9766 45.8678
      vertex 0.772277 20.1 46
    endloop
  endfacet
  facet normal -5.54619e-06 -0.731047 0.682328
    outer loop
      vertex 0.401923 19.6 45.4643
      vertex 1.66777 19.9766 45.8678
      vertex 0.61994 19.9263 45.8139
    endloop
  endfacet
  facet normal -0.000299561 -0.731044 0.68233
    outer loop
      vertex 0.299986 18.7 44.5
      vertex 0.401923 19.6 45.4643
      vertex 0.228361 19.2481 45.0872
    endloop
  endfacet
  facet normal -0.000355584 -0.731048 0.682326
    outer loop
      vertex 0.299986 18.7 44.5
      vertex 0.228361 19.2481 45.0872
      vertex 0.102222 18.8765 44.689
    endloop
  endfacet
  facet normal 0 -0.730862 0.682525
    outer loop
      vertex 0.299986 18.7 44.5
      vertex 0.102222 18.8765 44.689
      vertex 0.0671224 18.7 44.5
    endloop
  endfacet
  facet normal 3.33448e-06 -0.73106 0.682313
    outer loop
      vertex 0.401923 19.6 45.4643
      vertex 0.299986 18.7 44.5
      vertex 1.66777 19.9766 45.8678
    endloop
  endfacet
  facet normal 0 -0.731059 0.682314
    outer loop
      vertex 37.4 18.7 44.5
      vertex 1.66777 19.9766 45.8678
      vertex 3.03555 18.7 44.5
    endloop
  endfacet
  facet normal 0 -0.731055 0.682318
    outer loop
      vertex 0.772277 20.1 46
      vertex 37.4 18.7 44.5
      vertex 39 18.7 44.5
    endloop
  endfacet
  facet normal 0 -0.731055 0.682318
    outer loop
      vertex 74 18.7 44.5
      vertex 0.772277 20.1 46
      vertex 39 18.7 44.5
    endloop
  endfacet
  facet normal 0 -0.731055 0.682318
    outer loop
      vertex 0.772277 20.1 46
      vertex 74 18.7 44.5
      vertex 127.3 20.1 46
    endloop
  endfacet
  facet normal 0 -0.731055 0.682318
    outer loop
      vertex 75.6 18.7 44.5
      vertex 127.3 20.1 46
      vertex 74 18.7 44.5
    endloop
  endfacet
  facet normal 0 -0.731055 0.682318
    outer loop
      vertex 110.6 18.7 44.5
      vertex 127.3 20.1 46
      vertex 75.6 18.7 44.5
    endloop
  endfacet
  facet normal 0 -0.731055 0.682318
    outer loop
      vertex 110.6 18.7 44.5
      vertex 127.3 18.7 44.5
      vertex 127.3 20.1 46
    endloop
  endfacet
  facet normal 0 0.731054 -0.682319
    outer loop
      vertex 0.772284 1 47
      vertex 0.0856863 2.30667 48.4
      vertex 127.3 2.30667 48.4
    endloop
  endfacet
  facet normal 8.80962e-06 0.731057 -0.682317
    outer loop
      vertex 0.228361 1.85195 47.9128
      vertex 0.0856863 2.30667 48.4
      vertex 0.772284 1 47
    endloop
  endfacet
  facet normal 0.0022959 0.731389 -0.681957
    outer loop
      vertex 0.0856863 2.30667 48.4
      vertex 0.228361 1.85195 47.9128
      vertex 0.102222 2.22354 48.3109
    endloop
  endfacet
  facet normal 0.000162629 0.731102 -0.682268
    outer loop
      vertex 0.228361 1.85195 47.9128
      vertex 0.772284 1 47
      vertex 0.401923 1.5 47.5357
    endloop
  endfacet
  facet normal 0 0.731054 -0.682319
    outer loop
      vertex 0.772284 1 47
      vertex 127.3 2.30667 48.4
      vertex 127.3 1 47
    endloop
  endfacet
  facet normal 0.000680411 0.731281 -0.682076
    outer loop
      vertex 0.401923 1.5 47.5357
      vertex 0.772284 1 47
      vertex 0.61994 1.17372 47.1861
    endloop
  endfacet
  facet normal -1 0 0
    outer loop
      vertex 127.3 20.1 46
      vertex 127.3 18.7933 48.4
      vertex 127.3 20.1 47
    endloop
  endfacet
  facet normal -1 0 0
    outer loop
      vertex 127.3 18.7 44.5
      vertex 127.3 18.7933 48.4
      vertex 127.3 20.1 46
    endloop
  endfacet
  facet normal -1 0 0
    outer loop
      vertex 127.3 2.39999 44.5
      vertex 127.3 18.7933 48.4
      vertex 127.3 18.7 44.5
    endloop
  endfacet
  facet normal -1 0 0
    outer loop
      vertex 127.3 2.39999 44.5
      vertex 127.3 2.30667 48.4
      vertex 127.3 18.7933 48.4
    endloop
  endfacet
  facet normal -1 0 0
    outer loop
      vertex 127.3 1 46
      vertex 127.3 2.30667 48.4
      vertex 127.3 2.39999 44.5
    endloop
  endfacet
  facet normal -1 0 0
    outer loop
      vertex 127.3 2.30667 48.4
      vertex 127.3 1 46
      vertex 127.3 1 47
    endloop
  endfacet
  facet normal 0 0 1
    outer loop
      vertex 39 18.7 44.5
      vertex 37.4 18.7 44.5
      vertex 39 2.4 44.5
    endloop
  endfacet
  facet normal 0 0 1
    outer loop
      vertex 75.6 18.7 44.5
      vertex 74 18.7 44.5
      vertex 75.6 2.4 44.5
    endloop
  endfacet
  facet normal -0 0 1
    outer loop
      vertex 113.7 9.45 44.5
      vertex 125.7 7.95 44.5
      vertex 125.7 9.45 44.5
    endloop
  endfacet
  facet normal 0 0 1
    outer loop
      vertex 125.7 7.95 44.5
      vertex 113.7 9.45 44.5
      vertex 113.7 7.95 44.5
    endloop
  endfacet
  facet normal -0 0 1
    outer loop
      vertex 113.7 13.15 44.5
      vertex 125.7 11.65 44.5
      vertex 125.7 13.15 44.5
    endloop
  endfacet
  facet normal 0 0 1
    outer loop
      vertex 125.7 11.65 44.5
      vertex 113.7 13.15 44.5
      vertex 113.7 11.65 44.5
    endloop
  endfacet
  facet normal 0 0 1
    outer loop
      vertex 125.7 13.15 44.5
      vertex 127.3 18.7 44.5
      vertex 125.7 15.35 44.5
    endloop
  endfacet
  facet normal 0 0 1
    outer loop
      vertex 127.3 18.7 44.5
      vertex 113.7 15.35 44.5
      vertex 125.7 15.35 44.5
    endloop
  endfacet
  facet normal 0 0 1
    outer loop
      vertex 110.6 18.7 44.5
      vertex 113.7 13.15 44.5
      vertex 113.7 15.35 44.5
    endloop
  endfacet
  facet normal 0 0 1
    outer loop
      vertex 113.7 13.15 44.5
      vertex 110.6 18.7 44.5
      vertex 113.7 11.65 44.5
    endloop
  endfacet
  facet normal 0 0 1
    outer loop
      vertex 113.7 11.65 44.5
      vertex 110.6 18.7 44.5
      vertex 113.7 9.45 44.5
    endloop
  endfacet
  facet normal 0 0 1
    outer loop
      vertex 110.6 2.4 44.5
      vertex 113.7 9.45 44.5
      vertex 110.6 18.7 44.5
    endloop
  endfacet
  facet normal 0 0 1
    outer loop
      vertex 113.7 9.45 44.5
      vertex 110.6 2.4 44.5
      vertex 113.7 7.95 44.5
    endloop
  endfacet
  facet normal -0 0 1
    outer loop
      vertex 110.6 18.7 44.5
      vertex 113.7 15.35 44.5
      vertex 127.3 18.7 44.5
    endloop
  endfacet
  facet normal 0 0 1
    outer loop
      vertex 125.7 11.65 44.5
      vertex 127.3 18.7 44.5
      vertex 125.7 13.15 44.5
    endloop
  endfacet
  facet normal 0 0 1
    outer loop
      vertex 127.3 18.7 44.5
      vertex 125.7 11.65 44.5
      vertex 127.3 2.39999 44.5
    endloop
  endfacet
  facet normal -0 0 1
    outer loop
      vertex 125.7 9.45 44.5
      vertex 127.3 2.39999 44.5
      vertex 125.7 11.65 44.5
    endloop
  endfacet
  facet normal -0 0 1
    outer loop
      vertex 125.7 7.95 44.5
      vertex 127.3 2.39999 44.5
      vertex 125.7 9.45 44.5
    endloop
  endfacet
  facet normal -0 0 1
    outer loop
      vertex 125.7 5.75 44.5
      vertex 127.3 2.39999 44.5
      vertex 125.7 7.95 44.5
    endloop
  endfacet
  facet normal -0 0 1
    outer loop
      vertex 113.7 5.75 44.5
      vertex 127.3 2.39999 44.5
      vertex 125.7 5.75 44.5
    endloop
  endfacet
  facet normal 0 0 1
    outer loop
      vertex 113.7 7.95 44.5
      vertex 110.6 2.4 44.5
      vertex 113.7 5.75 44.5
    endloop
  endfacet
  facet normal -0 0 1
    outer loop
      vertex 110.6 2.4 44.5
      vertex 127.3 2.39999 44.5
      vertex 113.7 5.75 44.5
    endloop
  endfacet
  facet normal -0 0 1
    outer loop
      vertex 75.6 2.4 44.5
      vertex 127.3 2.39999 44.5
      vertex 110.6 2.4 44.5
    endloop
  endfacet
  facet normal 0 0 1
    outer loop
      vertex 74 2.4 44.5
      vertex 75.6 2.4 44.5
      vertex 74 18.7 44.5
    endloop
  endfacet
  facet normal -0 0 1
    outer loop
      vertex 74 2.4 44.5
      vertex 127.3 2.39999 44.5
      vertex 75.6 2.4 44.5
    endloop
  endfacet
  facet normal -0 0 1
    outer loop
      vertex 39 2.4 44.5
      vertex 127.3 2.39999 44.5
      vertex 74 2.4 44.5
    endloop
  endfacet
  facet normal 0 0 1
    outer loop
      vertex 37.4 2.4 44.5
      vertex 39 2.4 44.5
      vertex 37.4 18.7 44.5
    endloop
  endfacet
  facet normal -0 0 1
    outer loop
      vertex 37.4 2.4 44.5
      vertex 127.3 2.39999 44.5
      vertex 39 2.4 44.5
    endloop
  endfacet
  facet normal 0 0 1
    outer loop
      vertex 3.03555 2.39999 44.5
      vertex 37.4 2.4 44.5
      vertex 3.03555 2.4 44.5
    endloop
  endfacet
  facet normal 0 0 1
    outer loop
      vertex 37.4 2.4 44.5
      vertex 3.03555 2.39999 44.5
      vertex 127.3 2.39999 44.5
    endloop
  endfacet
  facet normal -0 0 1
    outer loop
      vertex 0 3 44.5
      vertex 0.299986 2.39999 44.5
      vertex 0.299986 18.7 44.5
    endloop
  endfacet
  facet normal 0 0 1
    outer loop
      vertex 0.0256653 18.4916 44.5
      vertex 0.299986 18.7 44.5
      vertex 0.0671224 18.7 44.5
    endloop
  endfacet
  facet normal 0 0 1
    outer loop
      vertex 0.299986 18.7 44.5
      vertex 0.0256653 18.4916 44.5
      vertex 0 18.1 44.5
    endloop
  endfacet
  facet normal 0 0 1
    outer loop
      vertex 0 3 44.5
      vertex 0.299986 18.7 44.5
      vertex 0 18.1 44.5
    endloop
  endfacet
  facet normal -0 -0 1
    outer loop
      vertex 0.0256653 2.60842 44.5
      vertex 0.299986 2.39999 44.5
      vertex 0 3 44.5
    endloop
  endfacet
  facet normal 0 0 1
    outer loop
      vertex 0.299986 2.39999 44.5
      vertex 0.0256653 2.60842 44.5
      vertex 0.067124 2.39999 44.5
    endloop
  endfacet
  facet normal -0.707124 0 -0.707089
    outer loop
      vertex 3.43553 2.4 44.1
      vertex 3.03555 2.39999 44.5
      vertex 3.03555 2.4 44.5
    endloop
  endfacet
  facet normal -0.707124 0 -0.707089
    outer loop
      vertex 3.43553 0.5 44.1
      vertex 3.03555 2.39999 44.5
      vertex 3.43553 2.4 44.1
    endloop
  endfacet
  facet normal -0.707114 4.40172e-06 -0.7071
    outer loop
      vertex 3.03555 2.39999 44.5
      vertex 3.43553 0.5 44.1
      vertex 1.66777 1.1234 45.8678
    endloop
  endfacet
  facet normal -0.707115 -0 -0.707099
    outer loop
      vertex 1.66777 1.1234 45.8678
      vertex 3.43553 0.5 44.1
      vertex 1.66777 0.5 45.8678
    endloop
  endfacet
  facet normal -0.707082 -1.40104e-05 -0.707131
    outer loop
      vertex 3.03555 18.7 44.5
      vertex 3 21.1 44.5355
      vertex 3.43553 21.1 44.1
    endloop
  endfacet
  facet normal -0.707124 -1.52511e-05 -0.707089
    outer loop
      vertex 3 21.1 44.5355
      vertex 3.03555 18.7 44.5
      vertex 2.60842 21.0743 44.9271
    endloop
  endfacet
  facet normal -0.707125 -8.6943e-07 -0.707088
    outer loop
      vertex 2.60842 21.0743 44.9271
      vertex 1.66777 19.9766 45.8678
      vertex 2.22354 20.9978 45.312
    endloop
  endfacet
  facet normal -0.707114 -1.27782e-05 -0.707099
    outer loop
      vertex 2.22354 20.9978 45.312
      vertex 1.66777 19.9766 45.8678
      vertex 1.85195 20.8716 45.6836
    endloop
  endfacet
  facet normal -0.707145 0 -0.707068
    outer loop
      vertex 1.85195 20.8716 45.6836
      vertex 1.66777 19.9766 45.8678
      vertex 1.66777 20.7808 45.8678
    endloop
  endfacet
  facet normal -0.707124 0 -0.707089
    outer loop
      vertex 3.03555 18.7 44.5
      vertex 3.43553 21.1 44.1
      vertex 3.43553 18.7 44.1
    endloop
  endfacet
  facet normal -0.707118 -1.29725e-05 -0.707096
    outer loop
      vertex 2.60842 21.0743 44.9271
      vertex 3.03555 18.7 44.5
      vertex 1.66777 19.9766 45.8678
    endloop
  endfacet
  facet normal -0.707082 0 0.707131
    outer loop
      vertex 3 21.1 43.6645
      vertex 3.43553 18.7 44.1
      vertex 3.43553 21.1 44.1
    endloop
  endfacet
  facet normal -0.707125 9.17927e-06 0.707088
    outer loop
      vertex 2.4 18.7 43.0645
      vertex 3 21.1 43.6645
      vertex 2.60842 21.0743 43.2729
    endloop
  endfacet
  facet normal -0.707097 -5.12141e-06 0.707117
    outer loop
      vertex 3 21.1 43.6645
      vertex 2.4 18.7 43.0645
      vertex 3.43553 18.7 44.1
    endloop
  endfacet
  facet normal -0.707118 1.0572e-05 0.707095
    outer loop
      vertex 1.85195 20.8716 42.5164
      vertex 2.4 18.7 43.0645
      vertex 2.22354 20.9978 42.888
    endloop
  endfacet
  facet normal -0.707126 9.3446e-06 0.707087
    outer loop
      vertex 2.22354 20.9978 42.888
      vertex 2.4 18.7 43.0645
      vertex 2.60842 21.0743 43.2729
    endloop
  endfacet
  facet normal -0.707097 0 0.707117
    outer loop
      vertex 2.4 2.4 43.0645
      vertex 3.43553 0.5 44.1
      vertex 3.43553 2.4 44.1
    endloop
  endfacet
  facet normal -0.707144 -2.75452e-06 0.707069
    outer loop
      vertex 2.4 18.7 43.0645
      vertex 1.85195 20.8716 42.5164
      vertex 1.66777 20.7808 42.3322
    endloop
  endfacet
  facet normal -0.707141 0 0.707073
    outer loop
      vertex 1.66777 0.5 42.3322
      vertex 2.4 18.7 43.0645
      vertex 1.66777 20.7808 42.3322
    endloop
  endfacet
  facet normal -0.707115 -1.98849e-05 0.707099
    outer loop
      vertex 2.4 2.4 43.0645
      vertex 1.66777 0.5 42.3322
      vertex 3.43553 0.5 44.1
    endloop
  endfacet
  facet normal -0.707141 0 0.707073
    outer loop
      vertex 2.4 18.7 43.0645
      vertex 1.66777 0.5 42.3322
      vertex 2.4 2.4 43.0645
    endloop
  endfacet
  facet normal 0.707287 -0.000474184 0.706927
    outer loop
      vertex 1.17372 20.4801 42.8263
      vertex 1.66777 20.7808 42.3322
      vertex 1.5 20.6981 42.5
    endloop
  endfacet
  facet normal 0.707335 -0.000632234 0.706878
    outer loop
      vertex 0.878679 20.2213 43.1213
      vertex 1.66777 20.7808 42.3322
      vertex 1.17372 20.4801 42.8263
    endloop
  endfacet
  facet normal 0.70698 0.000368057 0.707233
    outer loop
      vertex 0.61994 19.9263 43.3801
      vertex 1.66777 20.7808 42.3322
      vertex 0.878679 20.2213 43.1213
    endloop
  endfacet
  facet normal 0.707192 -0.000150273 0.707022
    outer loop
      vertex 0.401923 19.6 43.5981
      vertex 1.66777 20.7808 42.3322
      vertex 0.61994 19.9263 43.3801
    endloop
  endfacet
  facet normal 0.707242 -0.000257737 0.706972
    outer loop
      vertex 0.228361 19.2481 43.7716
      vertex 1.66777 20.7808 42.3322
      vertex 0.401923 19.6 43.5981
    endloop
  endfacet
  facet normal 0.707007 0.000184155 0.707207
    outer loop
      vertex 0.102222 18.8765 43.8978
      vertex 1.66777 20.7808 42.3322
      vertex 0.228361 19.2481 43.7716
    endloop
  endfacet
  facet normal 0.707206 -0.000143551 0.707008
    outer loop
      vertex 0.0256653 18.4916 43.9743
      vertex 1.66777 20.7808 42.3322
      vertex 0.102222 18.8765 43.8978
    endloop
  endfacet
  facet normal 0.707058 6.91085e-05 0.707156
    outer loop
      vertex 0 18.1 44
      vertex 1.66777 20.7808 42.3322
      vertex 0.0256653 18.4916 43.9743
    endloop
  endfacet
  facet normal 0.707113 0 0.7071
    outer loop
      vertex 1.66777 0.5 42.3322
      vertex 0 18.1 44
      vertex 0 3 44
    endloop
  endfacet
  facet normal 0.707062 -6.85675e-05 0.707152
    outer loop
      vertex 1.66777 0.5 42.3322
      vertex 0 3 44
      vertex 0.0256653 2.60842 43.9743
    endloop
  endfacet
  facet normal 0.707195 0.000139342 0.707018
    outer loop
      vertex 1.66777 0.5 42.3322
      vertex 0.0256653 2.60842 43.9743
      vertex 0.102222 2.22354 43.8978
    endloop
  endfacet
  facet normal 0.707023 -0.000172634 0.70719
    outer loop
      vertex 1.66777 0.5 42.3322
      vertex 0.102222 2.22354 43.8978
      vertex 0.228361 1.85195 43.7716
    endloop
  endfacet
  facet normal 0.707212 0.000227947 0.707002
    outer loop
      vertex 1.66777 0.5 42.3322
      vertex 0.228361 1.85195 43.7716
      vertex 0.401923 1.5 43.5981
    endloop
  endfacet
  facet normal 0.707169 0.000119921 0.707045
    outer loop
      vertex 1.66777 0.5 42.3322
      vertex 0.401923 1.5 43.5981
      vertex 0.61994 1.17372 43.3801
    endloop
  endfacet
  facet normal 0.707053 -0.000240235 0.70716
    outer loop
      vertex 1.66777 0.5 42.3322
      vertex 0.61994 1.17372 43.3801
      vertex 0.878679 0.878679 43.1213
    endloop
  endfacet
  facet normal 0.707175 0.000267756 0.707038
    outer loop
      vertex 1.66777 0.5 42.3322
      vertex 0.878679 0.878679 43.1213
      vertex 1.17372 0.61994 42.8263
    endloop
  endfacet
  facet normal 0.707163 0.000168202 0.707051
    outer loop
      vertex 1.66777 0.5 42.3322
      vertex 1.17372 0.61994 42.8263
      vertex 1.35322 0.5 42.6468
    endloop
  endfacet
  facet normal 0.707113 0 0.7071
    outer loop
      vertex 0 18.1 44
      vertex 1.66777 0.5 42.3322
      vertex 1.66777 20.7808 42.3322
    endloop
  endfacet
  facet normal 0 1 0
    outer loop
      vertex 3.43553 0.5 44.1
      vertex 1.35322 0.5 45.5532
      vertex 1.66777 0.5 45.8678
    endloop
  endfacet
  facet normal 0 1 0
    outer loop
      vertex 3.43553 0.5 44.1
      vertex 1.35322 0.5 42.6468
      vertex 1.35322 0.5 45.5532
    endloop
  endfacet
  facet normal -0 1 0
    outer loop
      vertex 1.35322 0.5 42.6468
      vertex 3.43553 0.5 44.1
      vertex 1.66777 0.5 42.3322
    endloop
  endfacet
  facet normal 0.70717 0 -0.707044
    outer loop
      vertex 1.66777 19.9766 45.8678
      vertex 1.5 20.6981 45.7
      vertex 1.66777 20.7808 45.8678
    endloop
  endfacet
  facet normal 0.707134 -1.67239e-05 -0.70708
    outer loop
      vertex 1.5 20.6981 45.7
      vertex 1.66777 19.9766 45.8678
      vertex 1.17372 20.4801 45.3737
    endloop
  endfacet
  facet normal 0.707097 -8.95572e-05 -0.707117
    outer loop
      vertex 1.17372 20.4801 45.3737
      vertex 1.66777 19.9766 45.8678
      vertex 0.878679 20.2213 45.0787
    endloop
  endfacet
  facet normal 0.707128 0.000109386 -0.707086
    outer loop
      vertex 1.66777 19.9766 45.8678
      vertex 0.61994 19.9263 44.8199
      vertex 0.878679 20.2213 45.0787
    endloop
  endfacet
  facet normal 0.707132 -7.06659e-05 -0.707081
    outer loop
      vertex 1.66777 19.9766 45.8678
      vertex 0.401923 19.6 44.6019
      vertex 0.61994 19.9263 44.8199
    endloop
  endfacet
  facet normal 0.707127 -3.35529e-05 -0.707087
    outer loop
      vertex 0.299986 18.7 44.5
      vertex 0.401923 19.6 44.6019
      vertex 1.66777 19.9766 45.8678
    endloop
  endfacet
  facet normal 0.706981 -5.97715e-07 -0.707232
    outer loop
      vertex 0.401923 19.6 44.6019
      vertex 0.299986 18.7 44.5
      vertex 0.228361 19.2481 44.4284
    endloop
  endfacet
  facet normal 0.707196 5.55453e-05 -0.707018
    outer loop
      vertex 0.228361 19.2481 44.4284
      vertex 0.299986 18.7 44.5
      vertex 0.102222 18.8765 44.3022
    endloop
  endfacet
  facet normal 0.707122 -0.000110202 -0.707092
    outer loop
      vertex 0.299986 18.7 44.5
      vertex 0.0256653 18.4916 44.2257
      vertex 0.102222 18.8765 44.3022
    endloop
  endfacet
  facet normal 0.707054 6.9626e-05 -0.70716
    outer loop
      vertex 0.299986 18.7 44.5
      vertex 0 18.1 44.2
      vertex 0.0256653 18.4916 44.2257
    endloop
  endfacet
  facet normal 0.707123 0 -0.70709
    outer loop
      vertex 0.299986 18.7 44.5
      vertex 0 3 44.2
      vertex 0 18.1 44.2
    endloop
  endfacet
  facet normal 0.707123 0 -0.70709
    outer loop
      vertex 0.299986 2.39999 44.5
      vertex 0 3 44.2
      vertex 0.299986 18.7 44.5
    endloop
  endfacet
  facet normal 0.707054 -6.96303e-05 -0.70716
    outer loop
      vertex 0 3 44.2
      vertex 0.299986 2.39999 44.5
      vertex 0.0256653 2.60842 44.2257
    endloop
  endfacet
  facet normal 0.707122 0.000110211 -0.707092
    outer loop
      vertex 0.299986 2.39999 44.5
      vertex 0.102222 2.22354 44.3022
      vertex 0.0256653 2.60842 44.2257
    endloop
  endfacet
  facet normal 0.707196 -5.55501e-05 -0.707018
    outer loop
      vertex 0.299986 2.39999 44.5
      vertex 0.228361 1.85195 44.4284
      vertex 0.102222 2.22354 44.3022
    endloop
  endfacet
  facet normal 0.706981 5.97749e-07 -0.707232
    outer loop
      vertex 0.299986 2.39999 44.5
      vertex 0.401923 1.5 44.6019
      vertex 0.228361 1.85195 44.4284
    endloop
  endfacet
  facet normal 0.707127 3.35533e-05 -0.707087
    outer loop
      vertex 1.66777 1.1234 45.8678
      vertex 0.401923 1.5 44.6019
      vertex 0.299986 2.39999 44.5
    endloop
  endfacet
  facet normal 0.707132 7.06713e-05 -0.707081
    outer loop
      vertex 0.401923 1.5 44.6019
      vertex 1.66777 1.1234 45.8678
      vertex 0.61994 1.17372 44.8199
    endloop
  endfacet
  facet normal 0.707128 -0.000109372 -0.707086
    outer loop
      vertex 1.66777 1.1234 45.8678
      vertex 0.878679 0.878679 45.0787
      vertex 0.61994 1.17372 44.8199
    endloop
  endfacet
  facet normal 0.707097 8.95708e-05 -0.707117
    outer loop
      vertex 1.66777 1.1234 45.8678
      vertex 1.17372 0.61994 45.3737
      vertex 0.878679 0.878679 45.0787
    endloop
  endfacet
  facet normal 0.707163 0 -0.707051
    outer loop
      vertex 1.35322 0.5 45.5532
      vertex 1.66777 1.1234 45.8678
      vertex 1.66777 0.5 45.8678
    endloop
  endfacet
  facet normal 0.707121 4.24131e-05 -0.707093
    outer loop
      vertex 1.66777 1.1234 45.8678
      vertex 1.35322 0.5 45.5532
      vertex 1.17372 0.61994 45.3737
    endloop
  endfacet
  facet normal 0 0.707104 -0.707109
    outer loop
      vertex 126.95 51.55 0
      vertex 0 52.95 1.39999
      vertex 126.95 52.95 1.39999
    endloop
  endfacet
  facet normal 0 0.707104 -0.707109
    outer loop
      vertex 0 52.95 1.39999
      vertex 126.95 51.55 0
      vertex 0 51.55 0
    endloop
  endfacet
  facet normal 0 0.707107 0.707107
    outer loop
      vertex 126.95 52.95 2.39999
      vertex 0 51.55 3.79999
      vertex 126.95 51.55 3.79999
    endloop
  endfacet
  facet normal 0 0.707107 0.707107
    outer loop
      vertex 0 51.55 3.79999
      vertex 126.95 52.95 2.39999
      vertex 0 52.95 2.39999
    endloop
  endfacet
  facet normal 0 -1 0
    outer loop
      vertex 0 34.35 1.39999
      vertex 126.95 34.35 2.39999
      vertex 0 34.35 2.39999
    endloop
  endfacet
  facet normal 0 -1 -0
    outer loop
      vertex 126.95 34.35 2.39999
      vertex 0 34.35 1.39999
      vertex 126.95 34.35 1.39999
    endloop
  endfacet
  facet normal 0 1 -0
    outer loop
      vertex 126.95 52.95 1.39999
      vertex 0 52.95 2.39999
      vertex 126.95 52.95 2.39999
    endloop
  endfacet
  facet normal 0 1 0
    outer loop
      vertex 0 52.95 2.39999
      vertex 126.95 52.95 1.39999
      vertex 0 52.95 1.39999
    endloop
  endfacet
  facet normal -1 0 0
    outer loop
      vertex 0 51.55 0
      vertex 0 52.95 2.39999
      vertex 0 52.95 1.39999
    endloop
  endfacet
  facet normal -1 0 0
    outer loop
      vertex 0 51.55 0
      vertex 0 51.55 3.79999
      vertex 0 52.95 2.39999
    endloop
  endfacet
  facet normal -1 0 0
    outer loop
      vertex 0 35.75 0
      vertex 0 51.55 3.79999
      vertex 0 51.55 0
    endloop
  endfacet
  facet normal -1 0 0
    outer loop
      vertex 0 35.75 0
      vertex 0 35.75 3.79999
      vertex 0 51.55 3.79999
    endloop
  endfacet
  facet normal -1 0 0
    outer loop
      vertex 0 34.35 1.39999
      vertex 0 35.75 3.79999
      vertex 0 35.75 0
    endloop
  endfacet
  facet normal -1 0 0
    outer loop
      vertex 0 35.75 3.79999
      vertex 0 34.35 1.39999
      vertex 0 34.35 2.39999
    endloop
  endfacet
  facet normal 0 0 1
    outer loop
      vertex 71.0485 44.8141 3.79999
      vertex 70.8955 44.6798 3.79999
      vertex 71.0485 41.2234 3.79999
    endloop
  endfacet
  facet normal -0 0 1
    outer loop
      vertex 76.5429 44.6419 3.79999
      vertex 100.101 37.5 3.79999
      vertex 76.5503 44.7358 3.79999
    endloop
  endfacet
  facet normal 0 0 1
    outer loop
      vertex 100.101 37.5 3.79999
      vertex 76.5429 44.6419 3.79999
      vertex 76.5527 42.1084 3.79999
    endloop
  endfacet
  facet normal -0 0 1
    outer loop
      vertex 76.5306 44.5493 3.79999
      vertex 76.5527 42.1084 3.79999
      vertex 76.5429 44.6419 3.79999
    endloop
  endfacet
  facet normal -0 0 1
    outer loop
      vertex 76.5134 44.458 3.79999
      vertex 76.5527 42.1084 3.79999
      vertex 76.5306 44.5493 3.79999
    endloop
  endfacet
  facet normal -0 0 1
    outer loop
      vertex 76.4913 44.368 3.79999
      vertex 76.5527 42.1084 3.79999
      vertex 76.5134 44.458 3.79999
    endloop
  endfacet
  facet normal -0 0 1
    outer loop
      vertex 76.4642 44.2793 3.79999
      vertex 76.5527 42.1084 3.79999
      vertex 76.4913 44.368 3.79999
    endloop
  endfacet
  facet normal -0 0 1
    outer loop
      vertex 76.4323 44.1919 3.79999
      vertex 76.5527 42.1084 3.79999
      vertex 76.4642 44.2793 3.79999
    endloop
  endfacet
  facet normal -0 0 1
    outer loop
      vertex 76.395 44.1046 3.79999
      vertex 76.5527 42.1084 3.79999
      vertex 76.4323 44.1919 3.79999
    endloop
  endfacet
  facet normal -0 0 1
    outer loop
      vertex 76.352 44.0162 3.79999
      vertex 76.5527 42.1084 3.79999
      vertex 76.395 44.1046 3.79999
    endloop
  endfacet
  facet normal -0 0 1
    outer loop
      vertex 76.3033 43.9265 3.79999
      vertex 76.5527 42.1084 3.79999
      vertex 76.352 44.0162 3.79999
    endloop
  endfacet
  facet normal -0 0 1
    outer loop
      vertex 76.2488 43.8357 3.79999
      vertex 76.5527 42.1084 3.79999
      vertex 76.3033 43.9265 3.79999
    endloop
  endfacet
  facet normal -0 0 1
    outer loop
      vertex 76.1886 43.7437 3.79999
      vertex 76.5527 42.1084 3.79999
      vertex 76.2488 43.8357 3.79999
    endloop
  endfacet
  facet normal -0 0 1
    outer loop
      vertex 76.1226 43.6505 3.79999
      vertex 76.5527 42.1084 3.79999
      vertex 76.1886 43.7437 3.79999
    endloop
  endfacet
  facet normal -0 0 1
    outer loop
      vertex 76.0509 43.5562 3.79999
      vertex 76.5527 42.1084 3.79999
      vertex 76.1226 43.6505 3.79999
    endloop
  endfacet
  facet normal -0 0 1
    outer loop
      vertex 75.9958 43.4893 3.79999
      vertex 76.5527 42.1084 3.79999
      vertex 76.0509 43.5562 3.79999
    endloop
  endfacet
  facet normal -0 0 1
    outer loop
      vertex 75.9294 43.4145 3.79999
      vertex 76.5527 42.1084 3.79999
      vertex 75.9958 43.4893 3.79999
    endloop
  endfacet
  facet normal -0 0 1
    outer loop
      vertex 75.8516 43.3318 3.79999
      vertex 76.5527 42.1084 3.79999
      vertex 75.9294 43.4145 3.79999
    endloop
  endfacet
  facet normal -0 0 1
    outer loop
      vertex 75.7625 43.2412 3.79999
      vertex 76.5527 42.1084 3.79999
      vertex 75.8516 43.3318 3.79999
    endloop
  endfacet
  facet normal -0 0 1
    outer loop
      vertex 75.662 43.1427 3.79999
      vertex 76.5527 42.1084 3.79999
      vertex 75.7625 43.2412 3.79999
    endloop
  endfacet
  facet normal -0 0 1
    outer loop
      vertex 75.5502 43.0364 3.79999
      vertex 76.5527 42.1084 3.79999
      vertex 75.662 43.1427 3.79999
    endloop
  endfacet
  facet normal -0 0 1
    outer loop
      vertex 75.427 42.9221 3.79999
      vertex 76.5527 42.1084 3.79999
      vertex 75.5502 43.0364 3.79999
    endloop
  endfacet
  facet normal -0 0 1
    outer loop
      vertex 75.3049 42.8096 3.79999
      vertex 76.5527 42.1084 3.79999
      vertex 75.427 42.9221 3.79999
    endloop
  endfacet
  facet normal -0 0 1
    outer loop
      vertex 75.1963 42.7085 3.79999
      vertex 76.5527 42.1084 3.79999
      vertex 75.3049 42.8096 3.79999
    endloop
  endfacet
  facet normal -0 0 1
    outer loop
      vertex 75.1012 42.6186 3.79999
      vertex 76.5527 42.1084 3.79999
      vertex 75.1963 42.7085 3.79999
    endloop
  endfacet
  facet normal -0 0 1
    outer loop
      vertex 75.0196 42.5402 3.79999
      vertex 76.5527 42.1084 3.79999
      vertex 75.1012 42.6186 3.79999
    endloop
  endfacet
  facet normal -0 0 1
    outer loop
      vertex 74.9514 42.4731 3.79999
      vertex 76.5527 42.1084 3.79999
      vertex 75.0196 42.5402 3.79999
    endloop
  endfacet
  facet normal -0 0 1
    outer loop
      vertex 74.8968 42.4173 3.79999
      vertex 76.5527 42.1084 3.79999
      vertex 74.9514 42.4731 3.79999
    endloop
  endfacet
  facet normal -0 0 1
    outer loop
      vertex 74.8557 42.3728 3.79999
      vertex 76.5527 42.1084 3.79999
      vertex 74.8968 42.4173 3.79999
    endloop
  endfacet
  facet normal -0 0 1
    outer loop
      vertex 74.8222 42.3342 3.79999
      vertex 76.5527 42.1084 3.79999
      vertex 74.8557 42.3728 3.79999
    endloop
  endfacet
  facet normal -0 0 1
    outer loop
      vertex 74.7906 42.2959 3.79999
      vertex 76.5527 42.1084 3.79999
      vertex 74.8222 42.3342 3.79999
    endloop
  endfacet
  facet normal -0 0 1
    outer loop
      vertex 74.7609 42.2578 3.79999
      vertex 76.5527 42.1084 3.79999
      vertex 74.7906 42.2959 3.79999
    endloop
  endfacet
  facet normal -0 0 1
    outer loop
      vertex 74.7331 42.2201 3.79999
      vertex 76.5527 42.1084 3.79999
      vertex 74.7609 42.2578 3.79999
    endloop
  endfacet
  facet normal -0 0 1
    outer loop
      vertex 74.7071 42.1826 3.79999
      vertex 76.5527 42.1084 3.79999
      vertex 74.7331 42.2201 3.79999
    endloop
  endfacet
  facet normal -0 0 1
    outer loop
      vertex 74.683 42.1453 3.79999
      vertex 76.5527 42.1084 3.79999
      vertex 74.7071 42.1826 3.79999
    endloop
  endfacet
  facet normal 0 0 1
    outer loop
      vertex 76.5527 42.1084 3.79999
      vertex 74.683 42.1453 3.79999
      vertex 74.6607 42.1084 3.79999
    endloop
  endfacet
  facet normal 0 0 1
    outer loop
      vertex 126.95 51.55 3.79999
      vertex 117.799 49.8 3.79999
      vertex 126.95 35.75 3.79999
    endloop
  endfacet
  facet normal 0 0 1
    outer loop
      vertex 126.95 51.55 3.79999
      vertex 116.101 49.8 3.79999
      vertex 117.799 49.8 3.79999
    endloop
  endfacet
  facet normal 0 0 1
    outer loop
      vertex 116.101 49.8 3.79999
      vertex 113.799 49.8 3.79999
      vertex 116.101 37.5 3.79999
    endloop
  endfacet
  facet normal 0 0 1
    outer loop
      vertex 126.95 51.55 3.79999
      vertex 113.799 49.8 3.79999
      vertex 116.101 49.8 3.79999
    endloop
  endfacet
  facet normal 0 0 1
    outer loop
      vertex 126.95 51.55 3.79999
      vertex 112.101 49.8 3.79999
      vertex 113.799 49.8 3.79999
    endloop
  endfacet
  facet normal 0 0 1
    outer loop
      vertex 112.101 49.8 3.79999
      vertex 109.799 49.8 3.79999
      vertex 112.101 37.5 3.79999
    endloop
  endfacet
  facet normal 0 0 1
    outer loop
      vertex 126.95 51.55 3.79999
      vertex 109.799 49.8 3.79999
      vertex 112.101 49.8 3.79999
    endloop
  endfacet
  facet normal 0 0 1
    outer loop
      vertex 126.95 51.55 3.79999
      vertex 108.101 49.8 3.79999
      vertex 109.799 49.8 3.79999
    endloop
  endfacet
  facet normal 0 0 1
    outer loop
      vertex 108.101 49.8 3.79999
      vertex 105.799 49.8 3.79999
      vertex 108.101 37.5 3.79999
    endloop
  endfacet
  facet normal 0 0 1
    outer loop
      vertex 126.95 51.55 3.79999
      vertex 105.799 49.8 3.79999
      vertex 108.101 49.8 3.79999
    endloop
  endfacet
  facet normal 0 0 1
    outer loop
      vertex 126.95 51.55 3.79999
      vertex 104.101 49.8 3.79999
      vertex 105.799 49.8 3.79999
    endloop
  endfacet
  facet normal 0 0 1
    outer loop
      vertex 104.101 49.8 3.79999
      vertex 101.799 49.8 3.79999
      vertex 104.101 37.5 3.79999
    endloop
  endfacet
  facet normal 0 0 1
    outer loop
      vertex 126.95 51.55 3.79999
      vertex 101.799 49.8 3.79999
      vertex 104.101 49.8 3.79999
    endloop
  endfacet
  facet normal 0 0 1
    outer loop
      vertex 126.95 51.55 3.79999
      vertex 100.101 49.8 3.79999
      vertex 101.799 49.8 3.79999
    endloop
  endfacet
  facet normal 0 0 1
    outer loop
      vertex 76.5503 44.7358 3.79999
      vertex 100.101 49.8 3.79999
      vertex 76.5527 44.8311 3.79999
    endloop
  endfacet
  facet normal 0 0 1
    outer loop
      vertex 100.101 49.8 3.79999
      vertex 76.5441 44.9957 3.79999
      vertex 76.5527 44.8311 3.79999
    endloop
  endfacet
  facet normal 0 0 1
    outer loop
      vertex 100.101 49.8 3.79999
      vertex 76.5184 45.1524 3.79999
      vertex 76.5441 44.9957 3.79999
    endloop
  endfacet
  facet normal 0 0 1
    outer loop
      vertex 100.101 49.8 3.79999
      vertex 76.4755 45.3013 3.79999
      vertex 76.5184 45.1524 3.79999
    endloop
  endfacet
  facet normal 0 0 1
    outer loop
      vertex 100.101 49.8 3.79999
      vertex 76.4154 45.4422 3.79999
      vertex 76.4755 45.3013 3.79999
    endloop
  endfacet
  facet normal 0 0 1
    outer loop
      vertex 100.101 49.8 3.79999
      vertex 76.3382 45.5753 3.79999
      vertex 76.4154 45.4422 3.79999
    endloop
  endfacet
  facet normal 0 0 1
    outer loop
      vertex 100.101 49.8 3.79999
      vertex 76.2438 45.7004 3.79999
      vertex 76.3382 45.5753 3.79999
    endloop
  endfacet
  facet normal 0 0 1
    outer loop
      vertex 100.101 49.8 3.79999
      vertex 76.1323 45.8177 3.79999
      vertex 76.2438 45.7004 3.79999
    endloop
  endfacet
  facet normal 0 0 1
    outer loop
      vertex 100.101 49.8 3.79999
      vertex 76.0057 45.923 3.79999
      vertex 76.1323 45.8177 3.79999
    endloop
  endfacet
  facet normal 0 0 1
    outer loop
      vertex 100.101 49.8 3.79999
      vertex 75.8663 46.012 3.79999
      vertex 76.0057 45.923 3.79999
    endloop
  endfacet
  facet normal 0 0 1
    outer loop
      vertex 100.101 49.8 3.79999
      vertex 75.714 46.0849 3.79999
      vertex 75.8663 46.012 3.79999
    endloop
  endfacet
  facet normal 0 0 1
    outer loop
      vertex 100.101 49.8 3.79999
      vertex 75.5488 46.1416 3.79999
      vertex 75.714 46.0849 3.79999
    endloop
  endfacet
  facet normal 0 0 1
    outer loop
      vertex 100.101 49.8 3.79999
      vertex 75.3708 46.182 3.79999
      vertex 75.5488 46.1416 3.79999
    endloop
  endfacet
  facet normal 0 0 1
    outer loop
      vertex 100.101 49.8 3.79999
      vertex 75.1798 46.2063 3.79999
      vertex 75.3708 46.182 3.79999
    endloop
  endfacet
  facet normal 0 0 1
    outer loop
      vertex 100.101 49.8 3.79999
      vertex 74.9761 46.2144 3.79999
      vertex 75.1798 46.2063 3.79999
    endloop
  endfacet
  facet normal 0 0 1
    outer loop
      vertex 72.0012 46.2144 3.79999
      vertex 74.9761 46.2144 3.79999
      vertex 100.101 49.8 3.79999
    endloop
  endfacet
  facet normal 0 0 1
    outer loop
      vertex 74.9761 46.2144 3.79999
      vertex 72.0012 46.2144 3.79999
      vertex 74.7888 46.2074 3.79999
    endloop
  endfacet
  facet normal 0 0 1
    outer loop
      vertex 73.3458 41.7798 3.79999
      vertex 72.0012 41.2234 3.79999
      vertex 73.2993 41.6439 3.79999
    endloop
  endfacet
  facet normal 0 0 1
    outer loop
      vertex 73.2993 41.6439 3.79999
      vertex 72.0012 41.2234 3.79999
      vertex 73.2616 41.5059 3.79999
    endloop
  endfacet
  facet normal 0 0 1
    outer loop
      vertex 73.2616 41.5059 3.79999
      vertex 72.0012 41.2234 3.79999
      vertex 73.2328 41.3657 3.79999
    endloop
  endfacet
  facet normal 0 0 1
    outer loop
      vertex 72.0012 41.2234 3.79999
      vertex 73.3248 44.7429 3.79999
      vertex 72.0012 46.2144 3.79999
    endloop
  endfacet
  facet normal 0 0 1
    outer loop
      vertex 73.3564 44.9586 3.79999
      vertex 72.0012 46.2144 3.79999
      vertex 73.3248 44.7429 3.79999
    endloop
  endfacet
  facet normal 0 0 1
    outer loop
      vertex 73.4029 45.1561 3.79999
      vertex 72.0012 46.2144 3.79999
      vertex 73.3564 44.9586 3.79999
    endloop
  endfacet
  facet normal 0 0 1
    outer loop
      vertex 73.4641 45.3356 3.79999
      vertex 72.0012 46.2144 3.79999
      vertex 73.4029 45.1561 3.79999
    endloop
  endfacet
  facet normal 0 0 1
    outer loop
      vertex 73.5402 45.4969 3.79999
      vertex 72.0012 46.2144 3.79999
      vertex 73.4641 45.3356 3.79999
    endloop
  endfacet
  facet normal 0 0 1
    outer loop
      vertex 73.631 45.64 3.79999
      vertex 72.0012 46.2144 3.79999
      vertex 73.5402 45.4969 3.79999
    endloop
  endfacet
  facet normal 0 0 1
    outer loop
      vertex 73.7367 45.7651 3.79999
      vertex 72.0012 46.2144 3.79999
      vertex 73.631 45.64 3.79999
    endloop
  endfacet
  facet normal 0 0 1
    outer loop
      vertex 73.8572 45.872 3.79999
      vertex 72.0012 46.2144 3.79999
      vertex 73.7367 45.7651 3.79999
    endloop
  endfacet
  facet normal 0 0 1
    outer loop
      vertex 73.9896 45.9628 3.79999
      vertex 72.0012 46.2144 3.79999
      vertex 73.8572 45.872 3.79999
    endloop
  endfacet
  facet normal 0 0 1
    outer loop
      vertex 74.1312 46.0397 3.79999
      vertex 72.0012 46.2144 3.79999
      vertex 73.9896 45.9628 3.79999
    endloop
  endfacet
  facet normal 0 0 1
    outer loop
      vertex 74.2819 46.1026 3.79999
      vertex 72.0012 46.2144 3.79999
      vertex 74.1312 46.0397 3.79999
    endloop
  endfacet
  facet normal 0 0 1
    outer loop
      vertex 74.4417 46.1515 3.79999
      vertex 72.0012 46.2144 3.79999
      vertex 74.2819 46.1026 3.79999
    endloop
  endfacet
  facet normal 0 0 1
    outer loop
      vertex 74.6107 46.1865 3.79999
      vertex 72.0012 46.2144 3.79999
      vertex 74.4417 46.1515 3.79999
    endloop
  endfacet
  facet normal 0 0 1
    outer loop
      vertex 74.7888 46.2074 3.79999
      vertex 72.0012 46.2144 3.79999
      vertex 74.6107 46.1865 3.79999
    endloop
  endfacet
  facet normal 0 0 1
    outer loop
      vertex 100.101 49.8 3.79999
      vertex 71.2282 46.2144 3.79999
      vertex 72.0012 46.2144 3.79999
    endloop
  endfacet
  facet normal 0 0 1
    outer loop
      vertex 71.2282 46.2144 3.79999
      vertex 71.1128 45.9641 3.79999
      vertex 71.1761 46.0869 3.79999
    endloop
  endfacet
  facet normal 0 0 1
    outer loop
      vertex 71.2282 46.2144 3.79999
      vertex 71.0382 45.8458 3.79999
      vertex 71.1128 45.9641 3.79999
    endloop
  endfacet
  facet normal 0 0 1
    outer loop
      vertex 71.2282 46.2144 3.79999
      vertex 70.9525 45.7323 3.79999
      vertex 71.0382 45.8458 3.79999
    endloop
  endfacet
  facet normal 0 0 1
    outer loop
      vertex 71.2282 46.2144 3.79999
      vertex 70.8556 45.6233 3.79999
      vertex 70.9525 45.7323 3.79999
    endloop
  endfacet
  facet normal 0 0 1
    outer loop
      vertex 71.2282 46.2144 3.79999
      vertex 70.7474 45.519 3.79999
      vertex 70.8556 45.6233 3.79999
    endloop
  endfacet
  facet normal 0 0 1
    outer loop
      vertex 71.2282 46.2144 3.79999
      vertex 70.628 45.4193 3.79999
      vertex 70.7474 45.519 3.79999
    endloop
  endfacet
  facet normal 0 0 1
    outer loop
      vertex 71.2282 46.2144 3.79999
      vertex 70.5044 45.3264 3.79999
      vertex 70.628 45.4193 3.79999
    endloop
  endfacet
  facet normal 0 0 1
    outer loop
      vertex 71.2282 46.2144 3.79999
      vertex 70.3833 45.2425 3.79999
      vertex 70.5044 45.3264 3.79999
    endloop
  endfacet
  facet normal 0 0 1
    outer loop
      vertex 71.2282 46.2144 3.79999
      vertex 70.2649 45.1674 3.79999
      vertex 70.3833 45.2425 3.79999
    endloop
  endfacet
  facet normal 0 0 1
    outer loop
      vertex 71.2282 46.2144 3.79999
      vertex 70.1492 45.1013 3.79999
      vertex 70.2649 45.1674 3.79999
    endloop
  endfacet
  facet normal 0 0 1
    outer loop
      vertex 69.8177 44.9565 3.79999
      vertex 70.1492 45.1013 3.79999
      vertex 71.2282 46.2144 3.79999
    endloop
  endfacet
  facet normal 0 0 1
    outer loop
      vertex 70.1492 45.1013 3.79999
      vertex 69.8177 44.9565 3.79999
      vertex 70.036 45.0441 3.79999
    endloop
  endfacet
  facet normal 0 0 1
    outer loop
      vertex 70.036 45.0441 3.79999
      vertex 69.8177 44.9565 3.79999
      vertex 69.9255 44.9959 3.79999
    endloop
  endfacet
  facet normal -0 0 1
    outer loop
      vertex 67.1786 44.3521 3.79999
      vertex 69.8177 44.0919 3.79999
      vertex 69.8177 44.9565 3.79999
    endloop
  endfacet
  facet normal -0 0 1
    outer loop
      vertex 66.5729 45.5973 3.79999
      vertex 69.8177 44.9565 3.79999
      vertex 71.2282 46.2144 3.79999
    endloop
  endfacet
  facet normal 0 0 1
    outer loop
      vertex 69.8177 44.0919 3.79999
      vertex 67.219 44.0379 3.79999
      vertex 67.2324 43.702 3.79999
    endloop
  endfacet
  facet normal 0 0 1
    outer loop
      vertex 69.8177 44.0919 3.79999
      vertex 67.1786 44.3521 3.79999
      vertex 67.219 44.0379 3.79999
    endloop
  endfacet
  facet normal 0 0 1
    outer loop
      vertex 69.8177 44.9565 3.79999
      vertex 67.1113 44.6446 3.79999
      vertex 67.1786 44.3521 3.79999
    endloop
  endfacet
  facet normal 0 0 1
    outer loop
      vertex 69.8177 44.9565 3.79999
      vertex 67.0171 44.9154 3.79999
      vertex 67.1113 44.6446 3.79999
    endloop
  endfacet
  facet normal 0 0 1
    outer loop
      vertex 69.8177 44.9565 3.79999
      vertex 66.896 45.1644 3.79999
      vertex 67.0171 44.9154 3.79999
    endloop
  endfacet
  facet normal 0 0 1
    outer loop
      vertex 69.8177 44.9565 3.79999
      vertex 66.7479 45.3917 3.79999
      vertex 66.896 45.1644 3.79999
    endloop
  endfacet
  facet normal 0 0 1
    outer loop
      vertex 69.8177 44.9565 3.79999
      vertex 66.5729 45.5973 3.79999
      vertex 66.7479 45.3917 3.79999
    endloop
  endfacet
  facet normal 0 0 1
    outer loop
      vertex 71.2282 46.2144 3.79999
      vertex 66.3756 45.7781 3.79999
      vertex 66.5729 45.5973 3.79999
    endloop
  endfacet
  facet normal -0 0 1
    outer loop
      vertex 64.8149 46.2788 3.79999
      vertex 71.2282 46.2144 3.79999
      vertex 100.101 49.8 3.79999
    endloop
  endfacet
  facet normal 0 0 1
    outer loop
      vertex 71.2282 46.2144 3.79999
      vertex 66.1603 45.9311 3.79999
      vertex 66.3756 45.7781 3.79999
    endloop
  endfacet
  facet normal 0 0 1
    outer loop
      vertex 71.2282 46.2144 3.79999
      vertex 65.927 46.0563 3.79999
      vertex 66.1603 45.9311 3.79999
    endloop
  endfacet
  facet normal 0 0 1
    outer loop
      vertex 71.2282 46.2144 3.79999
      vertex 65.6759 46.1537 3.79999
      vertex 65.927 46.0563 3.79999
    endloop
  endfacet
  facet normal 0 0 1
    outer loop
      vertex 71.2282 46.2144 3.79999
      vertex 65.4068 46.2232 3.79999
      vertex 65.6759 46.1537 3.79999
    endloop
  endfacet
  facet normal 0 0 1
    outer loop
      vertex 71.2282 46.2144 3.79999
      vertex 65.1198 46.2649 3.79999
      vertex 65.4068 46.2232 3.79999
    endloop
  endfacet
  facet normal 0 0 1
    outer loop
      vertex 71.2282 46.2144 3.79999
      vertex 64.8149 46.2788 3.79999
      vertex 65.1198 46.2649 3.79999
    endloop
  endfacet
  facet normal 0 0 1
    outer loop
      vertex 100.101 49.8 3.79999
      vertex 64.6444 46.2748 3.79999
      vertex 64.8149 46.2788 3.79999
    endloop
  endfacet
  facet normal 0 0 1
    outer loop
      vertex 59.8326 46.1941 3.79999
      vertex 64.6444 46.2748 3.79999
      vertex 100.101 49.8 3.79999
    endloop
  endfacet
  facet normal 0 0 1
    outer loop
      vertex 61.544 43.9847 3.79999
      vertex 62.4109 43.6782 3.79999
      vertex 62.4156 43.8902 3.79999
    endloop
  endfacet
  facet normal 0 0 1
    outer loop
      vertex 61.6782 44.2248 3.79999
      vertex 62.4156 43.8902 3.79999
      vertex 62.4295 44.0923 3.79999
    endloop
  endfacet
  facet normal 0 0 1
    outer loop
      vertex 62.4851 44.4665 3.79999
      vertex 61.7588 44.4968 3.79999
      vertex 62.4527 44.2844 3.79999
    endloop
  endfacet
  facet normal -0 0 1
    outer loop
      vertex 61.7588 44.4968 3.79999
      vertex 62.4851 44.4665 3.79999
      vertex 61.7789 44.6447 3.79999
    endloop
  endfacet
  facet normal 0 0 1
    outer loop
      vertex 62.5269 44.6387 3.79999
      vertex 61.7789 44.6447 3.79999
      vertex 62.4851 44.4665 3.79999
    endloop
  endfacet
  facet normal -0 0 1
    outer loop
      vertex 61.7789 44.6447 3.79999
      vertex 62.5269 44.6387 3.79999
      vertex 61.7856 44.8005 3.79999
    endloop
  endfacet
  facet normal 0 0 1
    outer loop
      vertex 62.5779 44.8009 3.79999
      vertex 61.7856 44.8005 3.79999
      vertex 62.5269 44.6387 3.79999
    endloop
  endfacet
  facet normal -0 0 1
    outer loop
      vertex 61.7812 44.9245 3.79999
      vertex 62.5779 44.8009 3.79999
      vertex 62.6381 44.9531 3.79999
    endloop
  endfacet
  facet normal 0 0 1
    outer loop
      vertex 61.7458 45.1603 3.79999
      vertex 62.6381 44.9531 3.79999
      vertex 62.6891 45.06 3.79999
    endloop
  endfacet
  facet normal 0 0 1
    outer loop
      vertex 61.7148 45.2722 3.79999
      vertex 62.6891 45.06 3.79999
      vertex 62.7451 45.1638 3.79999
    endloop
  endfacet
  facet normal 0 0 1
    outer loop
      vertex 61.7148 45.2722 3.79999
      vertex 62.7451 45.1638 3.79999
      vertex 62.8062 45.2643 3.79999
    endloop
  endfacet
  facet normal 0 0 1
    outer loop
      vertex 61.6749 45.3801 3.79999
      vertex 62.8062 45.2643 3.79999
      vertex 62.8723 45.3617 3.79999
    endloop
  endfacet
  facet normal 0 0 1
    outer loop
      vertex 61.6262 45.4839 3.79999
      vertex 62.8723 45.3617 3.79999
      vertex 62.9435 45.4558 3.79999
    endloop
  endfacet
  facet normal 0 0 1
    outer loop
      vertex 61.5686 45.5838 3.79999
      vertex 62.9435 45.4558 3.79999
      vertex 63.0197 45.5468 3.79999
    endloop
  endfacet
  facet normal 0 0 1
    outer loop
      vertex 61.5037 45.6774 3.79999
      vertex 63.0197 45.5468 3.79999
      vertex 63.1009 45.6346 3.79999
    endloop
  endfacet
  facet normal 0 0 1
    outer loop
      vertex 61.4329 45.7624 3.79999
      vertex 63.1009 45.6346 3.79999
      vertex 63.1859 45.7177 3.79999
    endloop
  endfacet
  facet normal 0 0 1
    outer loop
      vertex 61.3562 45.839 3.79999
      vertex 63.1859 45.7177 3.79999
      vertex 63.2731 45.7943 3.79999
    endloop
  endfacet
  facet normal -0 0 1
    outer loop
      vertex 61.3562 45.839 3.79999
      vertex 63.2731 45.7943 3.79999
      vertex 63.3626 45.8646 3.79999
    endloop
  endfacet
  facet normal -0 0 1
    outer loop
      vertex 61.2736 45.907 3.79999
      vertex 63.3626 45.8646 3.79999
      vertex 63.4544 45.9286 3.79999
    endloop
  endfacet
  facet normal 0 0 1
    outer loop
      vertex 62.5779 44.8009 3.79999
      vertex 61.7812 44.9245 3.79999
      vertex 61.7856 44.8005 3.79999
    endloop
  endfacet
  facet normal -0 0 1
    outer loop
      vertex 61.1851 45.9666 3.79999
      vertex 63.4544 45.9286 3.79999
      vertex 63.5485 45.9861 3.79999
    endloop
  endfacet
  facet normal 0 0 1
    outer loop
      vertex 62.6381 44.9531 3.79999
      vertex 61.7679 45.0444 3.79999
      vertex 61.7812 44.9245 3.79999
    endloop
  endfacet
  facet normal -0 0 1
    outer loop
      vertex 61.0908 46.0176 3.79999
      vertex 63.5485 45.9861 3.79999
      vertex 63.6448 46.0373 3.79999
    endloop
  endfacet
  facet normal 0 0 1
    outer loop
      vertex 62.6381 44.9531 3.79999
      vertex 61.7458 45.1603 3.79999
      vertex 61.7679 45.0444 3.79999
    endloop
  endfacet
  facet normal 0 0 1
    outer loop
      vertex 62.6891 45.06 3.79999
      vertex 61.7148 45.2722 3.79999
      vertex 61.7458 45.1603 3.79999
    endloop
  endfacet
  facet normal 0 0 1
    outer loop
      vertex 61.0908 46.0176 3.79999
      vertex 63.6448 46.0373 3.79999
      vertex 63.7435 46.0822 3.79999
    endloop
  endfacet
  facet normal 0 0 1
    outer loop
      vertex 62.8062 45.2643 3.79999
      vertex 61.6749 45.3801 3.79999
      vertex 61.7148 45.2722 3.79999
    endloop
  endfacet
  facet normal 0 0 1
    outer loop
      vertex 60.9905 46.0601 3.79999
      vertex 63.7435 46.0822 3.79999
      vertex 63.8791 46.1344 3.79999
    endloop
  endfacet
  facet normal 0 0 1
    outer loop
      vertex 62.8723 45.3617 3.79999
      vertex 61.6262 45.4839 3.79999
      vertex 61.6749 45.3801 3.79999
    endloop
  endfacet
  facet normal 0 0 1
    outer loop
      vertex 60.8785 46.0957 3.79999
      vertex 63.8791 46.1344 3.79999
      vertex 64.0205 46.1785 3.79999
    endloop
  endfacet
  facet normal 0 0 1
    outer loop
      vertex 62.9435 45.4558 3.79999
      vertex 61.5686 45.5838 3.79999
      vertex 61.6262 45.4839 3.79999
    endloop
  endfacet
  facet normal 0 0 1
    outer loop
      vertex 60.7486 46.1257 3.79999
      vertex 64.0205 46.1785 3.79999
      vertex 64.1678 46.2146 3.79999
    endloop
  endfacet
  facet normal 0 0 1
    outer loop
      vertex 63.0197 45.5468 3.79999
      vertex 61.5037 45.6774 3.79999
      vertex 61.5686 45.5838 3.79999
    endloop
  endfacet
  facet normal 0 0 1
    outer loop
      vertex 63.1009 45.6346 3.79999
      vertex 61.4329 45.7624 3.79999
      vertex 61.5037 45.6774 3.79999
    endloop
  endfacet
  facet normal 0 0 1
    outer loop
      vertex 60.601 46.1503 3.79999
      vertex 64.1678 46.2146 3.79999
      vertex 64.3209 46.2427 3.79999
    endloop
  endfacet
  facet normal 0 0 1
    outer loop
      vertex 63.1859 45.7177 3.79999
      vertex 61.3562 45.839 3.79999
      vertex 61.4329 45.7624 3.79999
    endloop
  endfacet
  facet normal 0 0 1
    outer loop
      vertex 63.3626 45.8646 3.79999
      vertex 61.2736 45.907 3.79999
      vertex 61.3562 45.839 3.79999
    endloop
  endfacet
  facet normal 0 0 1
    outer loop
      vertex 60.4356 46.1695 3.79999
      vertex 64.3209 46.2427 3.79999
      vertex 64.4797 46.2628 3.79999
    endloop
  endfacet
  facet normal 0 0 1
    outer loop
      vertex 63.4544 45.9286 3.79999
      vertex 61.1851 45.9666 3.79999
      vertex 61.2736 45.907 3.79999
    endloop
  endfacet
  facet normal 0 -0 1
    outer loop
      vertex 60.0514 46.1913 3.79999
      vertex 64.6444 46.2748 3.79999
      vertex 59.8326 46.1941 3.79999
    endloop
  endfacet
  facet normal 0 0 1
    outer loop
      vertex 63.5485 45.9861 3.79999
      vertex 61.0908 46.0176 3.79999
      vertex 61.1851 45.9666 3.79999
    endloop
  endfacet
  facet normal 0 0 1
    outer loop
      vertex 63.7435 46.0822 3.79999
      vertex 60.9905 46.0601 3.79999
      vertex 61.0908 46.0176 3.79999
    endloop
  endfacet
  facet normal 0 0 1
    outer loop
      vertex 63.8791 46.1344 3.79999
      vertex 60.8785 46.0957 3.79999
      vertex 60.9905 46.0601 3.79999
    endloop
  endfacet
  facet normal 0 0 1
    outer loop
      vertex 64.0205 46.1785 3.79999
      vertex 60.7486 46.1257 3.79999
      vertex 60.8785 46.0957 3.79999
    endloop
  endfacet
  facet normal 0 0 1
    outer loop
      vertex 64.1678 46.2146 3.79999
      vertex 60.601 46.1503 3.79999
      vertex 60.7486 46.1257 3.79999
    endloop
  endfacet
  facet normal 0 0 1
    outer loop
      vertex 64.3209 46.2427 3.79999
      vertex 60.4356 46.1695 3.79999
      vertex 60.601 46.1503 3.79999
    endloop
  endfacet
  facet normal 0 0 1
    outer loop
      vertex 64.4797 46.2628 3.79999
      vertex 60.2524 46.1831 3.79999
      vertex 60.4356 46.1695 3.79999
    endloop
  endfacet
  facet normal 0 0 1
    outer loop
      vertex 64.4797 46.2628 3.79999
      vertex 60.0514 46.1913 3.79999
      vertex 60.2524 46.1831 3.79999
    endloop
  endfacet
  facet normal 0 0 1
    outer loop
      vertex 64.6444 46.2748 3.79999
      vertex 60.0514 46.1913 3.79999
      vertex 64.4797 46.2628 3.79999
    endloop
  endfacet
  facet normal 0 0 1
    outer loop
      vertex 100.101 49.8 3.79999
      vertex 57.7203 46.1941 3.79999
      vertex 59.8326 46.1941 3.79999
    endloop
  endfacet
  facet normal 0 0 1
    outer loop
      vertex 56.9979 44.5371 3.79999
      vertex 57.7203 46.1941 3.79999
      vertex 57.0013 44.6649 3.79999
    endloop
  endfacet
  facet normal 0 0 1
    outer loop
      vertex 57.7203 46.1941 3.79999
      vertex 56.9954 44.83 3.79999
      vertex 57.0013 44.6649 3.79999
    endloop
  endfacet
  facet normal 0 0 1
    outer loop
      vertex 57.7203 46.1941 3.79999
      vertex 56.9777 44.9861 3.79999
      vertex 56.9954 44.83 3.79999
    endloop
  endfacet
  facet normal 0 0 1
    outer loop
      vertex 57.7203 46.1941 3.79999
      vertex 56.9483 45.1334 3.79999
      vertex 56.9777 44.9861 3.79999
    endloop
  endfacet
  facet normal 0 0 1
    outer loop
      vertex 57.7203 46.1941 3.79999
      vertex 56.9071 45.2716 3.79999
      vertex 56.9483 45.1334 3.79999
    endloop
  endfacet
  facet normal 0 0 1
    outer loop
      vertex 57.7203 46.1941 3.79999
      vertex 56.8542 45.401 3.79999
      vertex 56.9071 45.2716 3.79999
    endloop
  endfacet
  facet normal 0 0 1
    outer loop
      vertex 57.7203 46.1941 3.79999
      vertex 56.7895 45.5214 3.79999
      vertex 56.8542 45.401 3.79999
    endloop
  endfacet
  facet normal 0 0 1
    outer loop
      vertex 57.7203 46.1941 3.79999
      vertex 56.713 45.6329 3.79999
      vertex 56.7895 45.5214 3.79999
    endloop
  endfacet
  facet normal 0 0 1
    outer loop
      vertex 57.7203 46.1941 3.79999
      vertex 56.6278 45.7346 3.79999
      vertex 56.713 45.6329 3.79999
    endloop
  endfacet
  facet normal 0 0 1
    outer loop
      vertex 57.7203 46.1941 3.79999
      vertex 56.537 45.8256 3.79999
      vertex 56.6278 45.7346 3.79999
    endloop
  endfacet
  facet normal 0 0 1
    outer loop
      vertex 57.7203 46.1941 3.79999
      vertex 56.4405 45.9058 3.79999
      vertex 56.537 45.8256 3.79999
    endloop
  endfacet
  facet normal 0 0 1
    outer loop
      vertex 57.7203 46.1941 3.79999
      vertex 56.3382 45.9753 3.79999
      vertex 56.4405 45.9058 3.79999
    endloop
  endfacet
  facet normal 0 0 1
    outer loop
      vertex 57.7203 46.1941 3.79999
      vertex 56.2304 46.0341 3.79999
      vertex 56.3382 45.9753 3.79999
    endloop
  endfacet
  facet normal 0 0 1
    outer loop
      vertex 57.7203 46.1941 3.79999
      vertex 56.1168 46.0821 3.79999
      vertex 56.2304 46.0341 3.79999
    endloop
  endfacet
  facet normal 0 0 1
    outer loop
      vertex 55.0527 46.1926 3.79999
      vertex 57.7203 46.1941 3.79999
      vertex 100.101 49.8 3.79999
    endloop
  endfacet
  facet normal 0 0 1
    outer loop
      vertex 57.7203 46.1941 3.79999
      vertex 55.9976 46.1195 3.79999
      vertex 56.1168 46.0821 3.79999
    endloop
  endfacet
  facet normal 0 0 1
    outer loop
      vertex 57.7203 46.1941 3.79999
      vertex 55.9052 46.1393 3.79999
      vertex 55.9976 46.1195 3.79999
    endloop
  endfacet
  facet normal 0 0 1
    outer loop
      vertex 57.7203 46.1941 3.79999
      vertex 55.7867 46.156 3.79999
      vertex 55.9052 46.1393 3.79999
    endloop
  endfacet
  facet normal 0 0 1
    outer loop
      vertex 57.7203 46.1941 3.79999
      vertex 55.6422 46.1697 3.79999
      vertex 55.7867 46.156 3.79999
    endloop
  endfacet
  facet normal 0 0 1
    outer loop
      vertex 57.7203 46.1941 3.79999
      vertex 55.4717 46.1804 3.79999
      vertex 55.6422 46.1697 3.79999
    endloop
  endfacet
  facet normal 0 0 1
    outer loop
      vertex 57.7203 46.1941 3.79999
      vertex 55.2752 46.188 3.79999
      vertex 55.4717 46.1804 3.79999
    endloop
  endfacet
  facet normal 0 0 1
    outer loop
      vertex 57.7203 46.1941 3.79999
      vertex 55.0527 46.1926 3.79999
      vertex 55.2752 46.188 3.79999
    endloop
  endfacet
  facet normal 0 0 1
    outer loop
      vertex 100.101 49.8 3.79999
      vertex 54.8041 46.1941 3.79999
      vertex 55.0527 46.1926 3.79999
    endloop
  endfacet
  facet normal -0 0 1
    outer loop
      vertex 50.1191 46.2788 3.79999
      vertex 54.8041 46.1941 3.79999
      vertex 100.101 49.8 3.79999
    endloop
  endfacet
  facet normal 0 0 1
    outer loop
      vertex 53.1936 46.1941 3.79999
      vertex 52.5366 43.702 3.79999
      vertex 53.1936 41.2234 3.79999
    endloop
  endfacet
  facet normal 0 0 1
    outer loop
      vertex 53.1936 46.1941 3.79999
      vertex 52.5232 44.0379 3.79999
      vertex 52.5366 43.702 3.79999
    endloop
  endfacet
  facet normal 0 0 1
    outer loop
      vertex 53.1936 46.1941 3.79999
      vertex 52.4828 44.3521 3.79999
      vertex 52.5232 44.0379 3.79999
    endloop
  endfacet
  facet normal 0 0 1
    outer loop
      vertex 53.1936 46.1941 3.79999
      vertex 52.4155 44.6446 3.79999
      vertex 52.4828 44.3521 3.79999
    endloop
  endfacet
  facet normal 0 0 1
    outer loop
      vertex 53.1936 46.1941 3.79999
      vertex 52.3213 44.9154 3.79999
      vertex 52.4155 44.6446 3.79999
    endloop
  endfacet
  facet normal 0 0 1
    outer loop
      vertex 53.1936 46.1941 3.79999
      vertex 52.2001 45.1644 3.79999
      vertex 52.3213 44.9154 3.79999
    endloop
  endfacet
  facet normal 0 0 1
    outer loop
      vertex 53.1936 46.1941 3.79999
      vertex 52.0521 45.3917 3.79999
      vertex 52.2001 45.1644 3.79999
    endloop
  endfacet
  facet normal 0 0 1
    outer loop
      vertex 53.1936 46.1941 3.79999
      vertex 51.8771 45.5973 3.79999
      vertex 52.0521 45.3917 3.79999
    endloop
  endfacet
  facet normal 0 0 1
    outer loop
      vertex 53.1936 46.1941 3.79999
      vertex 51.6797 45.7781 3.79999
      vertex 51.8771 45.5973 3.79999
    endloop
  endfacet
  facet normal 0 0 1
    outer loop
      vertex 53.1936 46.1941 3.79999
      vertex 51.4644 45.9311 3.79999
      vertex 51.6797 45.7781 3.79999
    endloop
  endfacet
  facet normal 0 0 1
    outer loop
      vertex 53.1936 46.1941 3.79999
      vertex 51.2312 46.0563 3.79999
      vertex 51.4644 45.9311 3.79999
    endloop
  endfacet
  facet normal 0 0 1
    outer loop
      vertex 54.8041 46.1941 3.79999
      vertex 50.1191 46.2788 3.79999
      vertex 53.1936 46.1941 3.79999
    endloop
  endfacet
  facet normal 0 0 1
    outer loop
      vertex 53.1936 46.1941 3.79999
      vertex 50.9801 46.1537 3.79999
      vertex 51.2312 46.0563 3.79999
    endloop
  endfacet
  facet normal 0 0 1
    outer loop
      vertex 53.1936 46.1941 3.79999
      vertex 50.711 46.2232 3.79999
      vertex 50.9801 46.1537 3.79999
    endloop
  endfacet
  facet normal 0 0 1
    outer loop
      vertex 53.1936 46.1941 3.79999
      vertex 50.424 46.2649 3.79999
      vertex 50.711 46.2232 3.79999
    endloop
  endfacet
  facet normal 0 0 1
    outer loop
      vertex 53.1936 46.1941 3.79999
      vertex 50.1191 46.2788 3.79999
      vertex 50.424 46.2649 3.79999
    endloop
  endfacet
  facet normal 0 0 1
    outer loop
      vertex 0 51.55 3.79999
      vertex 50.1191 46.2788 3.79999
      vertex 100.101 49.8 3.79999
    endloop
  endfacet
  facet normal 0 0 1
    outer loop
      vertex 47.7197 43.8902 3.79999
      vertex 47.1192 43.8885 3.79999
      vertex 47.7151 43.6782 3.79999
    endloop
  endfacet
  facet normal 0 0 1
    outer loop
      vertex 47.7337 44.0923 3.79999
      vertex 47.1192 43.8885 3.79999
      vertex 47.7197 43.8902 3.79999
    endloop
  endfacet
  facet normal 0 0 1
    outer loop
      vertex 47.7568 44.2844 3.79999
      vertex 47.1192 43.8885 3.79999
      vertex 47.7337 44.0923 3.79999
    endloop
  endfacet
  facet normal 0 0 1
    outer loop
      vertex 47.0548 44.8175 3.79999
      vertex 47.7568 44.2844 3.79999
      vertex 47.7893 44.4665 3.79999
    endloop
  endfacet
  facet normal 0 0 1
    outer loop
      vertex 47.0548 44.8175 3.79999
      vertex 47.7893 44.4665 3.79999
      vertex 47.831 44.6387 3.79999
    endloop
  endfacet
  facet normal 0 0 1
    outer loop
      vertex 47.0548 44.8175 3.79999
      vertex 47.831 44.6387 3.79999
      vertex 47.882 44.8009 3.79999
    endloop
  endfacet
  facet normal 0 0 1
    outer loop
      vertex 47.0046 45.0071 3.79999
      vertex 47.882 44.8009 3.79999
      vertex 47.9423 44.9531 3.79999
    endloop
  endfacet
  facet normal -0 0 1
    outer loop
      vertex 47.0046 45.0071 3.79999
      vertex 47.9423 44.9531 3.79999
      vertex 47.9933 45.06 3.79999
    endloop
  endfacet
  facet normal 0 0 1
    outer loop
      vertex 46.9392 45.1846 3.79999
      vertex 47.9933 45.06 3.79999
      vertex 48.0493 45.1638 3.79999
    endloop
  endfacet
  facet normal -0 0 1
    outer loop
      vertex 46.9392 45.1846 3.79999
      vertex 48.0493 45.1638 3.79999
      vertex 48.1103 45.2643 3.79999
    endloop
  endfacet
  facet normal -0 0 1
    outer loop
      vertex 46.8587 45.35 3.79999
      vertex 48.1103 45.2643 3.79999
      vertex 48.1764 45.3617 3.79999
    endloop
  endfacet
  facet normal 0 0 1
    outer loop
      vertex 47.7568 44.2844 3.79999
      vertex 47.0548 44.8175 3.79999
      vertex 47.1192 43.8885 3.79999
    endloop
  endfacet
  facet normal 0 0 1
    outer loop
      vertex 46.763 45.5033 3.79999
      vertex 48.1764 45.3617 3.79999
      vertex 48.2476 45.4558 3.79999
    endloop
  endfacet
  facet normal -0 0 1
    outer loop
      vertex 46.763 45.5033 3.79999
      vertex 48.2476 45.4558 3.79999
      vertex 48.3238 45.5468 3.79999
    endloop
  endfacet
  facet normal 0 0 1
    outer loop
      vertex 46.6522 45.6445 3.79999
      vertex 48.3238 45.5468 3.79999
      vertex 48.4051 45.6346 3.79999
    endloop
  endfacet
  facet normal -0 0 1
    outer loop
      vertex 46.6522 45.6445 3.79999
      vertex 48.4051 45.6346 3.79999
      vertex 48.4901 45.7177 3.79999
    endloop
  endfacet
  facet normal -0 0 1
    outer loop
      vertex 46.5262 45.7736 3.79999
      vertex 48.4901 45.7177 3.79999
      vertex 48.5773 45.7943 3.79999
    endloop
  endfacet
  facet normal 0 0 1
    outer loop
      vertex 46.3851 45.8906 3.79999
      vertex 48.5773 45.7943 3.79999
      vertex 48.6668 45.8646 3.79999
    endloop
  endfacet
  facet normal -0 0 1
    outer loop
      vertex 46.3851 45.8906 3.79999
      vertex 48.6668 45.8646 3.79999
      vertex 48.7586 45.9286 3.79999
    endloop
  endfacet
  facet normal 0 0 1
    outer loop
      vertex 47.882 44.8009 3.79999
      vertex 47.0046 45.0071 3.79999
      vertex 47.0548 44.8175 3.79999
    endloop
  endfacet
  facet normal 0 0 1
    outer loop
      vertex 46.2281 45.9936 3.79999
      vertex 48.7586 45.9286 3.79999
      vertex 48.8527 45.9861 3.79999
    endloop
  endfacet
  facet normal -0 0 1
    outer loop
      vertex 46.2281 45.9936 3.79999
      vertex 48.8527 45.9861 3.79999
      vertex 48.949 46.0373 3.79999
    endloop
  endfacet
  facet normal 0 0 1
    outer loop
      vertex 47.9933 45.06 3.79999
      vertex 46.9392 45.1846 3.79999
      vertex 47.0046 45.0071 3.79999
    endloop
  endfacet
  facet normal -0 0 1
    outer loop
      vertex 46.0546 46.0807 3.79999
      vertex 48.949 46.0373 3.79999
      vertex 49.0477 46.0822 3.79999
    endloop
  endfacet
  facet normal 0 0 1
    outer loop
      vertex 48.1103 45.2643 3.79999
      vertex 46.8587 45.35 3.79999
      vertex 46.9392 45.1846 3.79999
    endloop
  endfacet
  facet normal 0 0 1
    outer loop
      vertex 46.0546 46.0807 3.79999
      vertex 49.0477 46.0822 3.79999
      vertex 49.1833 46.1344 3.79999
    endloop
  endfacet
  facet normal 0 0 1
    outer loop
      vertex 48.1764 45.3617 3.79999
      vertex 46.763 45.5033 3.79999
      vertex 46.8587 45.35 3.79999
    endloop
  endfacet
  facet normal -0 0 1
    outer loop
      vertex 45.8646 46.1521 3.79999
      vertex 49.1833 46.1344 3.79999
      vertex 49.3247 46.1785 3.79999
    endloop
  endfacet
  facet normal 0 0 1
    outer loop
      vertex 48.3238 45.5468 3.79999
      vertex 46.6522 45.6445 3.79999
      vertex 46.763 45.5033 3.79999
    endloop
  endfacet
  facet normal -0 0 1
    outer loop
      vertex 45.658 46.2075 3.79999
      vertex 49.3247 46.1785 3.79999
      vertex 49.472 46.2146 3.79999
    endloop
  endfacet
  facet normal 0 0 1
    outer loop
      vertex 48.4901 45.7177 3.79999
      vertex 46.5262 45.7736 3.79999
      vertex 46.6522 45.6445 3.79999
    endloop
  endfacet
  facet normal 0 0 1
    outer loop
      vertex 45.658 46.2075 3.79999
      vertex 49.472 46.2146 3.79999
      vertex 49.625 46.2427 3.79999
    endloop
  endfacet
  facet normal 0 0 1
    outer loop
      vertex 48.5773 45.7943 3.79999
      vertex 46.3851 45.8906 3.79999
      vertex 46.5262 45.7736 3.79999
    endloop
  endfacet
  facet normal -0 0 1
    outer loop
      vertex 45.4349 46.2471 3.79999
      vertex 49.625 46.2427 3.79999
      vertex 49.7839 46.2628 3.79999
    endloop
  endfacet
  facet normal 0 0 1
    outer loop
      vertex 48.7586 45.9286 3.79999
      vertex 46.2281 45.9936 3.79999
      vertex 46.3851 45.8906 3.79999
    endloop
  endfacet
  facet normal 0 0 1
    outer loop
      vertex 48.949 46.0373 3.79999
      vertex 46.0546 46.0807 3.79999
      vertex 46.2281 45.9936 3.79999
    endloop
  endfacet
  facet normal -0 0 1
    outer loop
      vertex 45.1952 46.2709 3.79999
      vertex 49.7839 46.2628 3.79999
      vertex 49.9486 46.2748 3.79999
    endloop
  endfacet
  facet normal 0 -0 1
    outer loop
      vertex 44.939 46.2788 3.79999
      vertex 50.1191 46.2788 3.79999
      vertex 0 51.55 3.79999
    endloop
  endfacet
  facet normal 0 0 1
    outer loop
      vertex 49.1833 46.1344 3.79999
      vertex 45.8646 46.1521 3.79999
      vertex 46.0546 46.0807 3.79999
    endloop
  endfacet
  facet normal 0 0 1
    outer loop
      vertex 49.3247 46.1785 3.79999
      vertex 45.658 46.2075 3.79999
      vertex 45.8646 46.1521 3.79999
    endloop
  endfacet
  facet normal 0 0 1
    outer loop
      vertex 49.625 46.2427 3.79999
      vertex 45.4349 46.2471 3.79999
      vertex 45.658 46.2075 3.79999
    endloop
  endfacet
  facet normal -0 0 1
    outer loop
      vertex 0 51.55 3.79999
      vertex 100.101 49.8 3.79999
      vertex 126.95 51.55 3.79999
    endloop
  endfacet
  facet normal 0 0 1
    outer loop
      vertex 49.7839 46.2628 3.79999
      vertex 45.1952 46.2709 3.79999
      vertex 45.4349 46.2471 3.79999
    endloop
  endfacet
  facet normal 0 0 1
    outer loop
      vertex 50.1191 46.2788 3.79999
      vertex 44.939 46.2788 3.79999
      vertex 49.9486 46.2748 3.79999
    endloop
  endfacet
  facet normal 0 0 1
    outer loop
      vertex 49.9486 46.2748 3.79999
      vertex 44.939 46.2788 3.79999
      vertex 45.1952 46.2709 3.79999
    endloop
  endfacet
  facet normal 0 0 1
    outer loop
      vertex 42.4773 43.944 3.79999
      vertex 0 51.55 3.79999
      vertex 42.4707 43.7257 3.79999
    endloop
  endfacet
  facet normal 0 0 1
    outer loop
      vertex 42.4972 44.1553 3.79999
      vertex 0 51.55 3.79999
      vertex 42.4773 43.944 3.79999
    endloop
  endfacet
  facet normal 0 0 1
    outer loop
      vertex 42.5304 44.3595 3.79999
      vertex 0 51.55 3.79999
      vertex 42.4972 44.1553 3.79999
    endloop
  endfacet
  facet normal 0 0 1
    outer loop
      vertex 42.5769 44.5566 3.79999
      vertex 0 51.55 3.79999
      vertex 42.5304 44.3595 3.79999
    endloop
  endfacet
  facet normal 0 0 1
    outer loop
      vertex 42.6367 44.7467 3.79999
      vertex 0 51.55 3.79999
      vertex 42.5769 44.5566 3.79999
    endloop
  endfacet
  facet normal 0 0 1
    outer loop
      vertex 42.7098 44.9297 3.79999
      vertex 0 51.55 3.79999
      vertex 42.6367 44.7467 3.79999
    endloop
  endfacet
  facet normal 0 0 1
    outer loop
      vertex 42.7962 45.1057 3.79999
      vertex 0 51.55 3.79999
      vertex 42.7098 44.9297 3.79999
    endloop
  endfacet
  facet normal 0 0 1
    outer loop
      vertex 42.8953 45.2724 3.79999
      vertex 0 51.55 3.79999
      vertex 42.7962 45.1057 3.79999
    endloop
  endfacet
  facet normal 0 0 1
    outer loop
      vertex 43.0068 45.4276 3.79999
      vertex 0 51.55 3.79999
      vertex 42.8953 45.2724 3.79999
    endloop
  endfacet
  facet normal 0 0 1
    outer loop
      vertex 43.1306 45.5713 3.79999
      vertex 0 51.55 3.79999
      vertex 43.0068 45.4276 3.79999
    endloop
  endfacet
  facet normal 0 0 1
    outer loop
      vertex 43.2667 45.7035 3.79999
      vertex 0 51.55 3.79999
      vertex 43.1306 45.5713 3.79999
    endloop
  endfacet
  facet normal 0 0 1
    outer loop
      vertex 43.4151 45.8243 3.79999
      vertex 0 51.55 3.79999
      vertex 43.2667 45.7035 3.79999
    endloop
  endfacet
  facet normal 0 0 1
    outer loop
      vertex 43.5759 45.9336 3.79999
      vertex 0 51.55 3.79999
      vertex 43.4151 45.8243 3.79999
    endloop
  endfacet
  facet normal 0 0 1
    outer loop
      vertex 43.7489 46.0313 3.79999
      vertex 0 51.55 3.79999
      vertex 43.5759 45.9336 3.79999
    endloop
  endfacet
  facet normal 0 0 1
    outer loop
      vertex 43.8903 46.097 3.79999
      vertex 0 51.55 3.79999
      vertex 43.7489 46.0313 3.79999
    endloop
  endfacet
  facet normal 0 0 1
    outer loop
      vertex 44.0412 46.1525 3.79999
      vertex 0 51.55 3.79999
      vertex 43.8903 46.097 3.79999
    endloop
  endfacet
  facet normal 0 0 1
    outer loop
      vertex 44.2017 46.198 3.79999
      vertex 0 51.55 3.79999
      vertex 44.0412 46.1525 3.79999
    endloop
  endfacet
  facet normal 0 0 1
    outer loop
      vertex 44.3717 46.2334 3.79999
      vertex 0 51.55 3.79999
      vertex 44.2017 46.198 3.79999
    endloop
  endfacet
  facet normal 0 0 1
    outer loop
      vertex 44.5512 46.2586 3.79999
      vertex 0 51.55 3.79999
      vertex 44.3717 46.2334 3.79999
    endloop
  endfacet
  facet normal 0 0 1
    outer loop
      vertex 44.7403 46.2738 3.79999
      vertex 0 51.55 3.79999
      vertex 44.5512 46.2586 3.79999
    endloop
  endfacet
  facet normal 0 0 1
    outer loop
      vertex 44.939 46.2788 3.79999
      vertex 0 51.55 3.79999
      vertex 44.7403 46.2738 3.79999
    endloop
  endfacet
  facet normal -0 0 1
    outer loop
      vertex 117.799 37.5 3.79999
      vertex 126.95 35.75 3.79999
      vertex 117.799 49.8 3.79999
    endloop
  endfacet
  facet normal -0 0 1
    outer loop
      vertex 116.101 37.5 3.79999
      vertex 126.95 35.75 3.79999
      vertex 117.799 37.5 3.79999
    endloop
  endfacet
  facet normal 0 0 1
    outer loop
      vertex 113.799 37.5 3.79999
      vertex 116.101 37.5 3.79999
      vertex 113.799 49.8 3.79999
    endloop
  endfacet
  facet normal -0 0 1
    outer loop
      vertex 113.799 37.5 3.79999
      vertex 126.95 35.75 3.79999
      vertex 116.101 37.5 3.79999
    endloop
  endfacet
  facet normal -0 0 1
    outer loop
      vertex 112.101 37.5 3.79999
      vertex 126.95 35.75 3.79999
      vertex 113.799 37.5 3.79999
    endloop
  endfacet
  facet normal 0 0 1
    outer loop
      vertex 109.799 37.5 3.79999
      vertex 112.101 37.5 3.79999
      vertex 109.799 49.8 3.79999
    endloop
  endfacet
  facet normal -0 0 1
    outer loop
      vertex 109.799 37.5 3.79999
      vertex 126.95 35.75 3.79999
      vertex 112.101 37.5 3.79999
    endloop
  endfacet
  facet normal -0 0 1
    outer loop
      vertex 108.101 37.5 3.79999
      vertex 126.95 35.75 3.79999
      vertex 109.799 37.5 3.79999
    endloop
  endfacet
  facet normal 0 0 1
    outer loop
      vertex 105.799 37.5 3.79999
      vertex 108.101 37.5 3.79999
      vertex 105.799 49.8 3.79999
    endloop
  endfacet
  facet normal -0 0 1
    outer loop
      vertex 105.799 37.5 3.79999
      vertex 126.95 35.75 3.79999
      vertex 108.101 37.5 3.79999
    endloop
  endfacet
  facet normal -0 0 1
    outer loop
      vertex 104.101 37.5 3.79999
      vertex 126.95 35.75 3.79999
      vertex 105.799 37.5 3.79999
    endloop
  endfacet
  facet normal 0 0 1
    outer loop
      vertex 101.799 37.5 3.79999
      vertex 104.101 37.5 3.79999
      vertex 101.799 49.8 3.79999
    endloop
  endfacet
  facet normal -0 0 1
    outer loop
      vertex 101.799 37.5 3.79999
      vertex 126.95 35.75 3.79999
      vertex 104.101 37.5 3.79999
    endloop
  endfacet
  facet normal -0 0 1
    outer loop
      vertex 100.101 37.5 3.79999
      vertex 126.95 35.75 3.79999
      vertex 101.799 37.5 3.79999
    endloop
  endfacet
  facet normal 0 0 1
    outer loop
      vertex 100.101 49.8 3.79999
      vertex 76.5503 44.7358 3.79999
      vertex 100.101 37.5 3.79999
    endloop
  endfacet
  facet normal -0 0 1
    outer loop
      vertex 76.5527 41.2234 3.79999
      vertex 100.101 37.5 3.79999
      vertex 76.5527 42.1084 3.79999
    endloop
  endfacet
  facet normal -0 0 1
    outer loop
      vertex 73.2129 41.2234 3.79999
      vertex 100.101 37.5 3.79999
      vertex 76.5527 41.2234 3.79999
    endloop
  endfacet
  facet normal 0 0 1
    outer loop
      vertex 73.2328 41.3657 3.79999
      vertex 72.0012 41.2234 3.79999
      vertex 73.2129 41.2234 3.79999
    endloop
  endfacet
  facet normal -0 0 1
    outer loop
      vertex 72.0012 41.2234 3.79999
      vertex 100.101 37.5 3.79999
      vertex 73.2129 41.2234 3.79999
    endloop
  endfacet
  facet normal -0 0 1
    outer loop
      vertex 71.0485 41.2234 3.79999
      vertex 100.101 37.5 3.79999
      vertex 72.0012 41.2234 3.79999
    endloop
  endfacet
  facet normal -0 0 1
    outer loop
      vertex 70.7349 44.5558 3.79999
      vertex 71.0485 41.2234 3.79999
      vertex 70.8955 44.6798 3.79999
    endloop
  endfacet
  facet normal -0 0 1
    outer loop
      vertex 70.5666 44.4423 3.79999
      vertex 71.0485 41.2234 3.79999
      vertex 70.7349 44.5558 3.79999
    endloop
  endfacet
  facet normal -0 0 1
    outer loop
      vertex 70.3908 44.3391 3.79999
      vertex 71.0485 41.2234 3.79999
      vertex 70.5666 44.4423 3.79999
    endloop
  endfacet
  facet normal -0 0 1
    outer loop
      vertex 70.2074 44.2463 3.79999
      vertex 71.0485 41.2234 3.79999
      vertex 70.3908 44.3391 3.79999
    endloop
  endfacet
  facet normal -0 0 1
    outer loop
      vertex 70.0163 44.1639 3.79999
      vertex 71.0485 41.2234 3.79999
      vertex 70.2074 44.2463 3.79999
    endloop
  endfacet
  facet normal -0 0 1
    outer loop
      vertex 69.8177 44.0919 3.79999
      vertex 71.0485 41.2234 3.79999
      vertex 70.0163 44.1639 3.79999
    endloop
  endfacet
  facet normal 0 0 1
    outer loop
      vertex 67.2191 43.3688 3.79999
      vertex 69.8177 44.0919 3.79999
      vertex 67.2324 43.702 3.79999
    endloop
  endfacet
  facet normal 0 0 1
    outer loop
      vertex 67.179 43.0569 3.79999
      vertex 69.8177 44.0919 3.79999
      vertex 67.2191 43.3688 3.79999
    endloop
  endfacet
  facet normal 0 0 1
    outer loop
      vertex 67.1123 42.7665 3.79999
      vertex 69.8177 44.0919 3.79999
      vertex 67.179 43.0569 3.79999
    endloop
  endfacet
  facet normal 0 0 1
    outer loop
      vertex 69.8177 44.0919 3.79999
      vertex 67.1123 42.7665 3.79999
      vertex 71.0485 41.2234 3.79999
    endloop
  endfacet
  facet normal -0 0 1
    outer loop
      vertex 67.0188 42.4974 3.79999
      vertex 71.0485 41.2234 3.79999
      vertex 67.1123 42.7665 3.79999
    endloop
  endfacet
  facet normal -0 0 1
    outer loop
      vertex 66.8986 42.2497 3.79999
      vertex 71.0485 41.2234 3.79999
      vertex 67.0188 42.4974 3.79999
    endloop
  endfacet
  facet normal -0 0 1
    outer loop
      vertex 66.7517 42.0234 3.79999
      vertex 71.0485 41.2234 3.79999
      vertex 66.8986 42.2497 3.79999
    endloop
  endfacet
  facet normal -0 0 1
    outer loop
      vertex 66.578 41.8185 3.79999
      vertex 71.0485 41.2234 3.79999
      vertex 66.7517 42.0234 3.79999
    endloop
  endfacet
  facet normal -0 0 1
    outer loop
      vertex 66.3821 41.6381 3.79999
      vertex 71.0485 41.2234 3.79999
      vertex 66.578 41.8185 3.79999
    endloop
  endfacet
  facet normal -0 0 1
    outer loop
      vertex 66.1681 41.4855 3.79999
      vertex 71.0485 41.2234 3.79999
      vertex 66.3821 41.6381 3.79999
    endloop
  endfacet
  facet normal -0 0 1
    outer loop
      vertex 65.9362 41.3607 3.79999
      vertex 71.0485 41.2234 3.79999
      vertex 66.1681 41.4855 3.79999
    endloop
  endfacet
  facet normal -0 0 1
    outer loop
      vertex 65.6862 41.2636 3.79999
      vertex 71.0485 41.2234 3.79999
      vertex 65.9362 41.3607 3.79999
    endloop
  endfacet
  facet normal 0 0 1
    outer loop
      vertex 65.4183 41.1942 3.79999
      vertex 71.0485 41.2234 3.79999
      vertex 65.6862 41.2636 3.79999
    endloop
  endfacet
  facet normal 0 0 1
    outer loop
      vertex 65.1324 41.1526 3.79999
      vertex 71.0485 41.2234 3.79999
      vertex 65.4183 41.1942 3.79999
    endloop
  endfacet
  facet normal 0 0 1
    outer loop
      vertex 71.0485 41.2234 3.79999
      vertex 65.1324 41.1526 3.79999
      vertex 100.101 37.5 3.79999
    endloop
  endfacet
  facet normal -0 0 1
    outer loop
      vertex 64.8285 41.1387 3.79999
      vertex 100.101 37.5 3.79999
      vertex 65.1324 41.1526 3.79999
    endloop
  endfacet
  facet normal 0 0 1
    outer loop
      vertex 60.9888 41.2234 3.79999
      vertex 64.8285 41.1387 3.79999
      vertex 64.521 41.1525 3.79999
    endloop
  endfacet
  facet normal 0 0 1
    outer loop
      vertex 62.1891 41.2234 3.79999
      vertex 62.4243 43.3496 3.79999
      vertex 62.4109 43.6782 3.79999
    endloop
  endfacet
  facet normal 0 0 1
    outer loop
      vertex 62.1891 41.2234 3.79999
      vertex 62.4644 43.0418 3.79999
      vertex 62.4243 43.3496 3.79999
    endloop
  endfacet
  facet normal 0 0 1
    outer loop
      vertex 62.1891 41.2234 3.79999
      vertex 62.5311 42.7548 3.79999
      vertex 62.4644 43.0418 3.79999
    endloop
  endfacet
  facet normal 0 0 1
    outer loop
      vertex 62.1891 41.2234 3.79999
      vertex 62.6246 42.4886 3.79999
      vertex 62.5311 42.7548 3.79999
    endloop
  endfacet
  facet normal 0 0 1
    outer loop
      vertex 62.1891 41.2234 3.79999
      vertex 62.7448 42.2433 3.79999
      vertex 62.6246 42.4886 3.79999
    endloop
  endfacet
  facet normal 0 0 1
    outer loop
      vertex 62.1891 41.2234 3.79999
      vertex 62.8917 42.0188 3.79999
      vertex 62.7448 42.2433 3.79999
    endloop
  endfacet
  facet normal 0 0 1
    outer loop
      vertex 62.1891 41.2234 3.79999
      vertex 63.0653 41.8151 3.79999
      vertex 62.8917 42.0188 3.79999
    endloop
  endfacet
  facet normal 0 0 1
    outer loop
      vertex 62.1891 41.2234 3.79999
      vertex 63.2616 41.6356 3.79999
      vertex 63.0653 41.8151 3.79999
    endloop
  endfacet
  facet normal 0 0 1
    outer loop
      vertex 62.1891 41.2234 3.79999
      vertex 63.4764 41.4838 3.79999
      vertex 63.2616 41.6356 3.79999
    endloop
  endfacet
  facet normal 0 0 1
    outer loop
      vertex 62.1891 41.2234 3.79999
      vertex 63.7097 41.3596 3.79999
      vertex 63.4764 41.4838 3.79999
    endloop
  endfacet
  facet normal 0 0 1
    outer loop
      vertex 62.1891 41.2234 3.79999
      vertex 63.9616 41.2629 3.79999
      vertex 63.7097 41.3596 3.79999
    endloop
  endfacet
  facet normal -0 0 1
    outer loop
      vertex 62.1891 41.2234 3.79999
      vertex 64.232 41.1939 3.79999
      vertex 63.9616 41.2629 3.79999
    endloop
  endfacet
  facet normal 0 0 1
    outer loop
      vertex 62.1891 41.2234 3.79999
      vertex 64.521 41.1525 3.79999
      vertex 64.232 41.1939 3.79999
    endloop
  endfacet
  facet normal -0 0 1
    outer loop
      vertex 60.9888 41.2234 3.79999
      vertex 64.521 41.1525 3.79999
      vertex 62.1891 41.2234 3.79999
    endloop
  endfacet
  facet normal 0 0 1
    outer loop
      vertex 64.8285 41.1387 3.79999
      vertex 60.9888 41.2234 3.79999
      vertex 100.101 37.5 3.79999
    endloop
  endfacet
  facet normal 0 0 1
    outer loop
      vertex 58.7239 41.2234 3.79999
      vertex 60.2632 42.305 3.79999
      vertex 60.1578 42.4619 3.79999
    endloop
  endfacet
  facet normal 0 0 1
    outer loop
      vertex 58.7239 41.2234 3.79999
      vertex 60.1578 42.4619 3.79999
      vertex 60.0623 42.6013 3.79999
    endloop
  endfacet
  facet normal 0 0 1
    outer loop
      vertex 58.7239 41.2234 3.79999
      vertex 60.0623 42.6013 3.79999
      vertex 59.9768 42.7232 3.79999
    endloop
  endfacet
  facet normal 0 0 1
    outer loop
      vertex 58.7239 41.2234 3.79999
      vertex 59.9768 42.7232 3.79999
      vertex 59.9012 42.8276 3.79999
    endloop
  endfacet
  facet normal 0 0 1
    outer loop
      vertex 58.7239 41.2234 3.79999
      vertex 59.9012 42.8276 3.79999
      vertex 59.8356 42.9145 3.79999
    endloop
  endfacet
  facet normal 0 0 1
    outer loop
      vertex 59.1097 43.2939 3.79999
      vertex 59.8356 42.9145 3.79999
      vertex 59.78 42.9838 3.79999
    endloop
  endfacet
  facet normal 0 0 1
    outer loop
      vertex 59.1895 43.2882 3.79999
      vertex 59.78 42.9838 3.79999
      vertex 59.7343 43.0357 3.79999
    endloop
  endfacet
  facet normal 0 0 1
    outer loop
      vertex 59.2617 43.2802 3.79999
      vertex 59.7343 43.0357 3.79999
      vertex 59.6933 43.0769 3.79999
    endloop
  endfacet
  facet normal 0 0 1
    outer loop
      vertex 59.2617 43.2802 3.79999
      vertex 59.6933 43.0769 3.79999
      vertex 59.6515 43.1142 3.79999
    endloop
  endfacet
  facet normal 0 0 1
    outer loop
      vertex 59.3263 43.2699 3.79999
      vertex 59.6515 43.1142 3.79999
      vertex 59.6091 43.1476 3.79999
    endloop
  endfacet
  facet normal 0 0 1
    outer loop
      vertex 59.3263 43.2699 3.79999
      vertex 59.6091 43.1476 3.79999
      vertex 59.566 43.1771 3.79999
    endloop
  endfacet
  facet normal 0 0 1
    outer loop
      vertex 59.3263 43.2699 3.79999
      vertex 59.566 43.1771 3.79999
      vertex 59.5222 43.2028 3.79999
    endloop
  endfacet
  facet normal 0 0 1
    outer loop
      vertex 59.3263 43.2699 3.79999
      vertex 59.5222 43.2028 3.79999
      vertex 59.4777 43.2246 3.79999
    endloop
  endfacet
  facet normal 0 0 1
    outer loop
      vertex 59.3832 43.2574 3.79999
      vertex 59.4777 43.2246 3.79999
      vertex 59.4325 43.2425 3.79999
    endloop
  endfacet
  facet normal 0 0 1
    outer loop
      vertex 59.4777 43.2246 3.79999
      vertex 59.3832 43.2574 3.79999
      vertex 59.3263 43.2699 3.79999
    endloop
  endfacet
  facet normal 0 0 1
    outer loop
      vertex 59.6515 43.1142 3.79999
      vertex 59.3263 43.2699 3.79999
      vertex 59.2617 43.2802 3.79999
    endloop
  endfacet
  facet normal 0 0 1
    outer loop
      vertex 59.7343 43.0357 3.79999
      vertex 59.2617 43.2802 3.79999
      vertex 59.1895 43.2882 3.79999
    endloop
  endfacet
  facet normal 0 0 1
    outer loop
      vertex 59.78 42.9838 3.79999
      vertex 59.1895 43.2882 3.79999
      vertex 59.1097 43.2939 3.79999
    endloop
  endfacet
  facet normal 0 0 1
    outer loop
      vertex 59.8356 42.9145 3.79999
      vertex 59.1097 43.2939 3.79999
      vertex 58.7239 41.2234 3.79999
    endloop
  endfacet
  facet normal 0 0 1
    outer loop
      vertex 58.7239 41.2234 3.79999
      vertex 59.1097 43.2939 3.79999
      vertex 59.0224 43.2974 3.79999
    endloop
  endfacet
  facet normal 0 0 1
    outer loop
      vertex 58.7239 41.2234 3.79999
      vertex 59.0224 43.2974 3.79999
      vertex 58.9273 43.2985 3.79999
    endloop
  endfacet
  facet normal 0 0 1
    outer loop
      vertex 58.7239 41.2234 3.79999
      vertex 58.9273 43.2985 3.79999
      vertex 58.7239 43.2985 3.79999
    endloop
  endfacet
  facet normal 0 0 1
    outer loop
      vertex 60.2632 42.305 3.79999
      vertex 58.7239 41.2234 3.79999
      vertex 60.9888 41.2234 3.79999
    endloop
  endfacet
  facet normal -0 0 1
    outer loop
      vertex 58.7239 41.2234 3.79999
      vertex 100.101 37.5 3.79999
      vertex 60.9888 41.2234 3.79999
    endloop
  endfacet
  facet normal -0 0 1
    outer loop
      vertex 57.7203 41.2234 3.79999
      vertex 100.101 37.5 3.79999
      vertex 58.7239 41.2234 3.79999
    endloop
  endfacet
  facet normal 0 0 1
    outer loop
      vertex 56.9877 44.4153 3.79999
      vertex 57.7203 46.1941 3.79999
      vertex 56.9979 44.5371 3.79999
    endloop
  endfacet
  facet normal 0 0 1
    outer loop
      vertex 57.7203 46.1941 3.79999
      vertex 56.9877 44.4153 3.79999
      vertex 57.7203 41.2234 3.79999
    endloop
  endfacet
  facet normal -0 0 1
    outer loop
      vertex 56.9707 44.2994 3.79999
      vertex 57.7203 41.2234 3.79999
      vertex 56.9877 44.4153 3.79999
    endloop
  endfacet
  facet normal -0 0 1
    outer loop
      vertex 56.947 44.1894 3.79999
      vertex 57.7203 41.2234 3.79999
      vertex 56.9707 44.2994 3.79999
    endloop
  endfacet
  facet normal -0 0 1
    outer loop
      vertex 56.9165 44.0854 3.79999
      vertex 57.7203 41.2234 3.79999
      vertex 56.947 44.1894 3.79999
    endloop
  endfacet
  facet normal -0 0 1
    outer loop
      vertex 56.8792 43.9873 3.79999
      vertex 57.7203 41.2234 3.79999
      vertex 56.9165 44.0854 3.79999
    endloop
  endfacet
  facet normal -0 0 1
    outer loop
      vertex 56.8351 43.8952 3.79999
      vertex 57.7203 41.2234 3.79999
      vertex 56.8792 43.9873 3.79999
    endloop
  endfacet
  facet normal -0 0 1
    outer loop
      vertex 56.7858 43.8088 3.79999
      vertex 57.7203 41.2234 3.79999
      vertex 56.8351 43.8952 3.79999
    endloop
  endfacet
  facet normal -0 0 1
    outer loop
      vertex 56.7328 43.7279 3.79999
      vertex 57.7203 41.2234 3.79999
      vertex 56.7858 43.8088 3.79999
    endloop
  endfacet
  facet normal -0 0 1
    outer loop
      vertex 56.6762 43.6525 3.79999
      vertex 57.7203 41.2234 3.79999
      vertex 56.7328 43.7279 3.79999
    endloop
  endfacet
  facet normal -0 0 1
    outer loop
      vertex 56.6159 43.5825 3.79999
      vertex 57.7203 41.2234 3.79999
      vertex 56.6762 43.6525 3.79999
    endloop
  endfacet
  facet normal -0 0 1
    outer loop
      vertex 56.5519 43.518 3.79999
      vertex 57.7203 41.2234 3.79999
      vertex 56.6159 43.5825 3.79999
    endloop
  endfacet
  facet normal -0 0 1
    outer loop
      vertex 56.4843 43.4589 3.79999
      vertex 57.7203 41.2234 3.79999
      vertex 56.5519 43.518 3.79999
    endloop
  endfacet
  facet normal -0 0 1
    outer loop
      vertex 56.413 43.4053 3.79999
      vertex 57.7203 41.2234 3.79999
      vertex 56.4843 43.4589 3.79999
    endloop
  endfacet
  facet normal -0 0 1
    outer loop
      vertex 56.3396 43.3569 3.79999
      vertex 57.7203 41.2234 3.79999
      vertex 56.413 43.4053 3.79999
    endloop
  endfacet
  facet normal -0 0 1
    outer loop
      vertex 56.266 43.3134 3.79999
      vertex 57.7203 41.2234 3.79999
      vertex 56.3396 43.3569 3.79999
    endloop
  endfacet
  facet normal -0 0 1
    outer loop
      vertex 56.192 43.2748 3.79999
      vertex 57.7203 41.2234 3.79999
      vertex 56.266 43.3134 3.79999
    endloop
  endfacet
  facet normal -0 0 1
    outer loop
      vertex 56.1176 43.2412 3.79999
      vertex 57.7203 41.2234 3.79999
      vertex 56.192 43.2748 3.79999
    endloop
  endfacet
  facet normal -0 0 1
    outer loop
      vertex 56.0429 43.2124 3.79999
      vertex 57.7203 41.2234 3.79999
      vertex 56.1176 43.2412 3.79999
    endloop
  endfacet
  facet normal -0 0 1
    outer loop
      vertex 55.9679 43.1886 3.79999
      vertex 57.7203 41.2234 3.79999
      vertex 56.0429 43.2124 3.79999
    endloop
  endfacet
  facet normal -0 0 1
    outer loop
      vertex 55.8925 43.1696 3.79999
      vertex 57.7203 41.2234 3.79999
      vertex 55.9679 43.1886 3.79999
    endloop
  endfacet
  facet normal -0 0 1
    outer loop
      vertex 55.7833 43.1508 3.79999
      vertex 57.7203 41.2234 3.79999
      vertex 55.8925 43.1696 3.79999
    endloop
  endfacet
  facet normal -0 0 1
    outer loop
      vertex 55.6608 43.1348 3.79999
      vertex 57.7203 41.2234 3.79999
      vertex 55.7833 43.1508 3.79999
    endloop
  endfacet
  facet normal 0 0 1
    outer loop
      vertex 54.1972 41.2234 3.79999
      vertex 55.6608 43.1348 3.79999
      vertex 55.5253 43.1217 3.79999
    endloop
  endfacet
  facet normal 0 0 1
    outer loop
      vertex 54.1972 41.2234 3.79999
      vertex 55.5253 43.1217 3.79999
      vertex 55.3766 43.1115 3.79999
    endloop
  endfacet
  facet normal 0 0 1
    outer loop
      vertex 54.1972 41.2234 3.79999
      vertex 55.3766 43.1115 3.79999
      vertex 55.2147 43.1043 3.79999
    endloop
  endfacet
  facet normal 0 0 1
    outer loop
      vertex 54.1972 41.2234 3.79999
      vertex 55.2147 43.1043 3.79999
      vertex 55.0397 43.0999 3.79999
    endloop
  endfacet
  facet normal 0 0 1
    outer loop
      vertex 54.1972 41.2234 3.79999
      vertex 55.0397 43.0999 3.79999
      vertex 54.8516 43.0984 3.79999
    endloop
  endfacet
  facet normal 0 0 1
    outer loop
      vertex 54.1972 41.2234 3.79999
      vertex 54.8516 43.0984 3.79999
      vertex 54.1972 43.0984 3.79999
    endloop
  endfacet
  facet normal 0 0 1
    outer loop
      vertex 55.6608 43.1348 3.79999
      vertex 54.1972 41.2234 3.79999
      vertex 57.7203 41.2234 3.79999
    endloop
  endfacet
  facet normal -0 0 1
    outer loop
      vertex 54.1972 41.2234 3.79999
      vertex 100.101 37.5 3.79999
      vertex 57.7203 41.2234 3.79999
    endloop
  endfacet
  facet normal 0 0 1
    outer loop
      vertex 50.1327 41.1387 3.79999
      vertex 54.1972 41.2234 3.79999
      vertex 53.1936 41.2234 3.79999
    endloop
  endfacet
  facet normal -0 0 1
    outer loop
      vertex 52.5233 43.3688 3.79999
      vertex 53.1936 41.2234 3.79999
      vertex 52.5366 43.702 3.79999
    endloop
  endfacet
  facet normal -0 0 1
    outer loop
      vertex 52.4832 43.0569 3.79999
      vertex 53.1936 41.2234 3.79999
      vertex 52.5233 43.3688 3.79999
    endloop
  endfacet
  facet normal -0 0 1
    outer loop
      vertex 52.4164 42.7665 3.79999
      vertex 53.1936 41.2234 3.79999
      vertex 52.4832 43.0569 3.79999
    endloop
  endfacet
  facet normal -0 0 1
    outer loop
      vertex 52.3229 42.4974 3.79999
      vertex 53.1936 41.2234 3.79999
      vertex 52.4164 42.7665 3.79999
    endloop
  endfacet
  facet normal -0 0 1
    outer loop
      vertex 52.2027 42.2497 3.79999
      vertex 53.1936 41.2234 3.79999
      vertex 52.3229 42.4974 3.79999
    endloop
  endfacet
  facet normal -0 0 1
    outer loop
      vertex 52.0558 42.0234 3.79999
      vertex 53.1936 41.2234 3.79999
      vertex 52.2027 42.2497 3.79999
    endloop
  endfacet
  facet normal -0 0 1
    outer loop
      vertex 51.8822 41.8185 3.79999
      vertex 53.1936 41.2234 3.79999
      vertex 52.0558 42.0234 3.79999
    endloop
  endfacet
  facet normal -0 0 1
    outer loop
      vertex 51.6862 41.6381 3.79999
      vertex 53.1936 41.2234 3.79999
      vertex 51.8822 41.8185 3.79999
    endloop
  endfacet
  facet normal -0 0 1
    outer loop
      vertex 51.4723 41.4855 3.79999
      vertex 53.1936 41.2234 3.79999
      vertex 51.6862 41.6381 3.79999
    endloop
  endfacet
  facet normal -0 0 1
    outer loop
      vertex 51.2403 41.3607 3.79999
      vertex 53.1936 41.2234 3.79999
      vertex 51.4723 41.4855 3.79999
    endloop
  endfacet
  facet normal -0 0 1
    outer loop
      vertex 50.9904 41.2636 3.79999
      vertex 53.1936 41.2234 3.79999
      vertex 51.2403 41.3607 3.79999
    endloop
  endfacet
  facet normal 0 0 1
    outer loop
      vertex 50.7225 41.1942 3.79999
      vertex 53.1936 41.2234 3.79999
      vertex 50.9904 41.2636 3.79999
    endloop
  endfacet
  facet normal 0 0 1
    outer loop
      vertex 50.4366 41.1526 3.79999
      vertex 53.1936 41.2234 3.79999
      vertex 50.7225 41.1942 3.79999
    endloop
  endfacet
  facet normal 0 0 1
    outer loop
      vertex 50.1327 41.1387 3.79999
      vertex 53.1936 41.2234 3.79999
      vertex 50.4366 41.1526 3.79999
    endloop
  endfacet
  facet normal 0 0 1
    outer loop
      vertex 54.1972 41.2234 3.79999
      vertex 50.1327 41.1387 3.79999
      vertex 100.101 37.5 3.79999
    endloop
  endfacet
  facet normal -0 0 1
    outer loop
      vertex 45.1683 41.1434 3.79999
      vertex 50.1327 41.1387 3.79999
      vertex 49.8251 41.1525 3.79999
    endloop
  endfacet
  facet normal 0 0 1
    outer loop
      vertex 47.1192 43.8885 3.79999
      vertex 47.7285 43.3496 3.79999
      vertex 47.7151 43.6782 3.79999
    endloop
  endfacet
  facet normal 0 0 1
    outer loop
      vertex 47.1192 43.8885 3.79999
      vertex 47.7685 43.0418 3.79999
      vertex 47.7285 43.3496 3.79999
    endloop
  endfacet
  facet normal 0 0 1
    outer loop
      vertex 47.1192 41.9083 3.79999
      vertex 47.7685 43.0418 3.79999
      vertex 47.1192 43.8885 3.79999
    endloop
  endfacet
  facet normal 0 0 1
    outer loop
      vertex 47.7685 43.0418 3.79999
      vertex 47.1192 41.9083 3.79999
      vertex 47.8353 42.7548 3.79999
    endloop
  endfacet
  facet normal 0 0 1
    outer loop
      vertex 47.8353 42.7548 3.79999
      vertex 47.1192 41.9083 3.79999
      vertex 47.9288 42.4886 3.79999
    endloop
  endfacet
  facet normal 0 0 1
    outer loop
      vertex 47.9288 42.4886 3.79999
      vertex 47.1192 41.9083 3.79999
      vertex 48.049 42.2433 3.79999
    endloop
  endfacet
  facet normal 0 0 1
    outer loop
      vertex 47.1192 41.9083 3.79999
      vertex 48.1959 42.0188 3.79999
      vertex 48.049 42.2433 3.79999
    endloop
  endfacet
  facet normal -0 0 1
    outer loop
      vertex 47.1192 41.9083 3.79999
      vertex 48.3695 41.8151 3.79999
      vertex 48.1959 42.0188 3.79999
    endloop
  endfacet
  facet normal -0 0 1
    outer loop
      vertex 47.0233 41.8227 3.79999
      vertex 48.3695 41.8151 3.79999
      vertex 47.1192 41.9083 3.79999
    endloop
  endfacet
  facet normal 0 0 1
    outer loop
      vertex 48.3695 41.8151 3.79999
      vertex 47.0233 41.8227 3.79999
      vertex 48.5658 41.6356 3.79999
    endloop
  endfacet
  facet normal -0 0 1
    outer loop
      vertex 46.9159 41.7399 3.79999
      vertex 48.5658 41.6356 3.79999
      vertex 47.0233 41.8227 3.79999
    endloop
  endfacet
  facet normal -0 0 1
    outer loop
      vertex 46.7969 41.6602 3.79999
      vertex 48.5658 41.6356 3.79999
      vertex 46.9159 41.7399 3.79999
    endloop
  endfacet
  facet normal 0 0 1
    outer loop
      vertex 48.5658 41.6356 3.79999
      vertex 46.7969 41.6602 3.79999
      vertex 48.7805 41.4838 3.79999
    endloop
  endfacet
  facet normal -0 0 1
    outer loop
      vertex 46.6664 41.5834 3.79999
      vertex 48.7805 41.4838 3.79999
      vertex 46.7969 41.6602 3.79999
    endloop
  endfacet
  facet normal -0 0 1
    outer loop
      vertex 46.5243 41.5096 3.79999
      vertex 48.7805 41.4838 3.79999
      vertex 46.6664 41.5834 3.79999
    endloop
  endfacet
  facet normal 0 0 1
    outer loop
      vertex 48.7805 41.4838 3.79999
      vertex 46.5243 41.5096 3.79999
      vertex 49.0139 41.3596 3.79999
    endloop
  endfacet
  facet normal -0 0 1
    outer loop
      vertex 46.3706 41.4388 3.79999
      vertex 49.0139 41.3596 3.79999
      vertex 46.5243 41.5096 3.79999
    endloop
  endfacet
  facet normal -0 0 1
    outer loop
      vertex 46.2054 41.3709 3.79999
      vertex 49.0139 41.3596 3.79999
      vertex 46.3706 41.4388 3.79999
    endloop
  endfacet
  facet normal 0 0 1
    outer loop
      vertex 49.0139 41.3596 3.79999
      vertex 46.2054 41.3709 3.79999
      vertex 49.2658 41.2629 3.79999
    endloop
  endfacet
  facet normal -0 0 1
    outer loop
      vertex 46.0341 41.3093 3.79999
      vertex 49.2658 41.2629 3.79999
      vertex 46.2054 41.3709 3.79999
    endloop
  endfacet
  facet normal 0 0 1
    outer loop
      vertex 45.8622 41.2572 3.79999
      vertex 49.2658 41.2629 3.79999
      vertex 46.0341 41.3093 3.79999
    endloop
  endfacet
  facet normal 0 0 1
    outer loop
      vertex 49.2658 41.2629 3.79999
      vertex 45.8622 41.2572 3.79999
      vertex 49.5362 41.1939 3.79999
    endloop
  endfacet
  facet normal -0 0 1
    outer loop
      vertex 45.6897 41.2145 3.79999
      vertex 49.5362 41.1939 3.79999
      vertex 45.8622 41.2572 3.79999
    endloop
  endfacet
  facet normal 0 0 1
    outer loop
      vertex 45.5165 41.1814 3.79999
      vertex 49.5362 41.1939 3.79999
      vertex 45.6897 41.2145 3.79999
    endloop
  endfacet
  facet normal 0 0 1
    outer loop
      vertex 49.5362 41.1939 3.79999
      vertex 45.5165 41.1814 3.79999
      vertex 49.8251 41.1525 3.79999
    endloop
  endfacet
  facet normal -0 0 1
    outer loop
      vertex 45.3427 41.1577 3.79999
      vertex 49.8251 41.1525 3.79999
      vertex 45.5165 41.1814 3.79999
    endloop
  endfacet
  facet normal 0 0 1
    outer loop
      vertex 45.1683 41.1434 3.79999
      vertex 49.8251 41.1525 3.79999
      vertex 45.3427 41.1577 3.79999
    endloop
  endfacet
  facet normal 0 0 1
    outer loop
      vertex 50.1327 41.1387 3.79999
      vertex 45.1683 41.1434 3.79999
      vertex 44.9933 41.1387 3.79999
    endloop
  endfacet
  facet normal 0 0 1
    outer loop
      vertex 50.1327 41.1387 3.79999
      vertex 44.9933 41.1387 3.79999
      vertex 0 35.75 3.79999
    endloop
  endfacet
  facet normal 0 0 1
    outer loop
      vertex 0 35.75 3.79999
      vertex 44.9933 41.1387 3.79999
      vertex 44.7745 41.1454 3.79999
    endloop
  endfacet
  facet normal 0 0 1
    outer loop
      vertex 0 35.75 3.79999
      vertex 42.4707 43.7257 3.79999
      vertex 0 51.55 3.79999
    endloop
  endfacet
  facet normal 0 0 1
    outer loop
      vertex 42.4707 43.7257 3.79999
      vertex 0 35.75 3.79999
      vertex 42.4766 43.5235 3.79999
    endloop
  endfacet
  facet normal 0 0 1
    outer loop
      vertex 42.4766 43.5235 3.79999
      vertex 0 35.75 3.79999
      vertex 42.4945 43.3256 3.79999
    endloop
  endfacet
  facet normal 0 0 1
    outer loop
      vertex 42.4945 43.3256 3.79999
      vertex 0 35.75 3.79999
      vertex 42.5242 43.1321 3.79999
    endloop
  endfacet
  facet normal 0 0 1
    outer loop
      vertex 42.5242 43.1321 3.79999
      vertex 0 35.75 3.79999
      vertex 42.5659 42.943 3.79999
    endloop
  endfacet
  facet normal 0 0 1
    outer loop
      vertex 42.5659 42.943 3.79999
      vertex 0 35.75 3.79999
      vertex 42.6194 42.7582 3.79999
    endloop
  endfacet
  facet normal 0 0 1
    outer loop
      vertex 42.6194 42.7582 3.79999
      vertex 0 35.75 3.79999
      vertex 42.6849 42.5778 3.79999
    endloop
  endfacet
  facet normal 0 0 1
    outer loop
      vertex 42.6849 42.5778 3.79999
      vertex 0 35.75 3.79999
      vertex 42.7622 42.4017 3.79999
    endloop
  endfacet
  facet normal 0 0 1
    outer loop
      vertex 42.7622 42.4017 3.79999
      vertex 0 35.75 3.79999
      vertex 42.8514 42.2336 3.79999
    endloop
  endfacet
  facet normal 0 0 1
    outer loop
      vertex 42.8514 42.2336 3.79999
      vertex 0 35.75 3.79999
      vertex 42.9524 42.0769 3.79999
    endloop
  endfacet
  facet normal 0 0 1
    outer loop
      vertex 42.9524 42.0769 3.79999
      vertex 0 35.75 3.79999
      vertex 43.0651 41.9317 3.79999
    endloop
  endfacet
  facet normal 0 0 1
    outer loop
      vertex 43.0651 41.9317 3.79999
      vertex 0 35.75 3.79999
      vertex 43.1896 41.798 3.79999
    endloop
  endfacet
  facet normal 0 0 1
    outer loop
      vertex 43.1896 41.798 3.79999
      vertex 0 35.75 3.79999
      vertex 43.3258 41.6758 3.79999
    endloop
  endfacet
  facet normal 0 0 1
    outer loop
      vertex 43.3258 41.6758 3.79999
      vertex 0 35.75 3.79999
      vertex 43.4738 41.5651 3.79999
    endloop
  endfacet
  facet normal 0 0 1
    outer loop
      vertex 43.4738 41.5651 3.79999
      vertex 0 35.75 3.79999
      vertex 43.6336 41.4659 3.79999
    endloop
  endfacet
  facet normal 0 0 1
    outer loop
      vertex 43.6336 41.4659 3.79999
      vertex 0 35.75 3.79999
      vertex 43.8034 41.3791 3.79999
    endloop
  endfacet
  facet normal 0 0 1
    outer loop
      vertex 43.8034 41.3791 3.79999
      vertex 0 35.75 3.79999
      vertex 43.9813 41.3056 3.79999
    endloop
  endfacet
  facet normal 0 0 1
    outer loop
      vertex 43.9813 41.3056 3.79999
      vertex 0 35.75 3.79999
      vertex 44.1673 41.2455 3.79999
    endloop
  endfacet
  facet normal 0 0 1
    outer loop
      vertex 100.101 37.5 3.79999
      vertex 0 35.75 3.79999
      vertex 126.95 35.75 3.79999
    endloop
  endfacet
  facet normal 0 0 1
    outer loop
      vertex 50.1327 41.1387 3.79999
      vertex 0 35.75 3.79999
      vertex 100.101 37.5 3.79999
    endloop
  endfacet
  facet normal 0 0 1
    outer loop
      vertex 44.564 41.1654 3.79999
      vertex 0 35.75 3.79999
      vertex 44.7745 41.1454 3.79999
    endloop
  endfacet
  facet normal 0 0 1
    outer loop
      vertex 44.3616 41.1988 3.79999
      vertex 0 35.75 3.79999
      vertex 44.564 41.1654 3.79999
    endloop
  endfacet
  facet normal 0 0 1
    outer loop
      vertex 44.1673 41.2455 3.79999
      vertex 0 35.75 3.79999
      vertex 44.3616 41.1988 3.79999
    endloop
  endfacet
  facet normal 0 0 1
    outer loop
      vertex 74.9523 45.4244 3.79999
      vertex 75.5965 44.7632 3.79999
      vertex 75.5931 44.8513 3.79999
    endloop
  endfacet
  facet normal 0 0 1
    outer loop
      vertex 75.0359 45.4209 3.79999
      vertex 75.5931 44.8513 3.79999
      vertex 75.5826 44.9333 3.79999
    endloop
  endfacet
  facet normal -0 0 1
    outer loop
      vertex 74.3248 44.9619 3.79999
      vertex 75.5965 44.7632 3.79999
      vertex 74.9523 45.4244 3.79999
    endloop
  endfacet
  facet normal 0 0 1
    outer loop
      vertex 75.1141 45.4104 3.79999
      vertex 75.5826 44.9333 3.79999
      vertex 75.5651 45.0093 3.79999
    endloop
  endfacet
  facet normal -0 0 1
    outer loop
      vertex 74.3019 44.8669 3.79999
      vertex 75.5965 44.7632 3.79999
      vertex 74.3248 44.9619 3.79999
    endloop
  endfacet
  facet normal 0 0 1
    outer loop
      vertex 75.187 45.393 3.79999
      vertex 75.5651 45.0093 3.79999
      vertex 75.5406 45.0793 3.79999
    endloop
  endfacet
  facet normal 0 0 1
    outer loop
      vertex 75.5965 44.7632 3.79999
      vertex 74.3019 44.8669 3.79999
      vertex 75.5925 44.6807 3.79999
    endloop
  endfacet
  facet normal 0 0 1
    outer loop
      vertex 75.187 45.393 3.79999
      vertex 75.5406 45.0793 3.79999
      vertex 75.5092 45.1433 3.79999
    endloop
  endfacet
  facet normal 0 0 1
    outer loop
      vertex 75.5931 44.8513 3.79999
      vertex 75.0359 45.4209 3.79999
      vertex 74.9523 45.4244 3.79999
    endloop
  endfacet
  facet normal 0 0 1
    outer loop
      vertex 75.187 45.393 3.79999
      vertex 75.5092 45.1433 3.79999
      vertex 75.4707 45.2013 3.79999
    endloop
  endfacet
  facet normal 0 0 1
    outer loop
      vertex 75.5925 44.6807 3.79999
      vertex 74.3019 44.8669 3.79999
      vertex 75.5805 44.598 3.79999
    endloop
  endfacet
  facet normal 0 0 1
    outer loop
      vertex 75.187 45.393 3.79999
      vertex 75.4707 45.2013 3.79999
      vertex 75.4253 45.2532 3.79999
    endloop
  endfacet
  facet normal 0 0 1
    outer loop
      vertex 75.5323 44.4317 3.79999
      vertex 74.285 44.7623 3.79999
      vertex 75.4962 44.3481 3.79999
    endloop
  endfacet
  facet normal 0 0 1
    outer loop
      vertex 75.187 45.393 3.79999
      vertex 75.4253 45.2532 3.79999
      vertex 75.3737 45.2986 3.79999
    endloop
  endfacet
  facet normal -0 0 1
    outer loop
      vertex 74.2742 44.648 3.79999
      vertex 75.4962 44.3481 3.79999
      vertex 74.285 44.7623 3.79999
    endloop
  endfacet
  facet normal 0 0 1
    outer loop
      vertex 75.187 45.393 3.79999
      vertex 75.3737 45.2986 3.79999
      vertex 75.3168 45.3371 3.79999
    endloop
  endfacet
  facet normal 0 0 1
    outer loop
      vertex 75.4962 44.3481 3.79999
      vertex 74.2742 44.648 3.79999
      vertex 75.4521 44.2642 3.79999
    endloop
  endfacet
  facet normal 0 0 1
    outer loop
      vertex 75.187 45.393 3.79999
      vertex 75.3168 45.3371 3.79999
      vertex 75.2546 45.3685 3.79999
    endloop
  endfacet
  facet normal 0 0 1
    outer loop
      vertex 75.5651 45.0093 3.79999
      vertex 75.187 45.393 3.79999
      vertex 75.1141 45.4104 3.79999
    endloop
  endfacet
  facet normal 0 0 1
    outer loop
      vertex 75.3999 44.1801 3.79999
      vertex 74.2742 44.648 3.79999
      vertex 75.3481 44.1111 3.79999
    endloop
  endfacet
  facet normal 0 0 1
    outer loop
      vertex 75.5826 44.9333 3.79999
      vertex 75.1141 45.4104 3.79999
      vertex 75.0359 45.4209 3.79999
    endloop
  endfacet
  facet normal 0 0 1
    outer loop
      vertex 75.3481 44.1111 3.79999
      vertex 74.2742 44.648 3.79999
      vertex 75.2759 44.0264 3.79999
    endloop
  endfacet
  facet normal 0 0 1
    outer loop
      vertex 75.5604 44.515 3.79999
      vertex 74.285 44.7623 3.79999
      vertex 75.5323 44.4317 3.79999
    endloop
  endfacet
  facet normal -0 0 1
    outer loop
      vertex 74.285 44.7623 3.79999
      vertex 75.5604 44.515 3.79999
      vertex 74.3019 44.8669 3.79999
    endloop
  endfacet
  facet normal 0 0 1
    outer loop
      vertex 75.1834 43.926 3.79999
      vertex 74.2742 44.648 3.79999
      vertex 75.0705 43.8097 3.79999
    endloop
  endfacet
  facet normal 0 0 1
    outer loop
      vertex 74.3248 44.9619 3.79999
      vertex 74.9523 45.4244 3.79999
      vertex 74.8695 45.4208 3.79999
    endloop
  endfacet
  facet normal 0 0 1
    outer loop
      vertex 74.3248 44.9619 3.79999
      vertex 74.8695 45.4208 3.79999
      vertex 74.7918 45.4098 3.79999
    endloop
  endfacet
  facet normal 0 0 1
    outer loop
      vertex 75.0705 43.8097 3.79999
      vertex 74.2742 44.648 3.79999
      vertex 74.9373 43.6777 3.79999
    endloop
  endfacet
  facet normal 0 0 1
    outer loop
      vertex 74.3539 45.0471 3.79999
      vertex 74.7918 45.4098 3.79999
      vertex 74.719 45.3914 3.79999
    endloop
  endfacet
  facet normal 0 0 1
    outer loop
      vertex 74.3539 45.0471 3.79999
      vertex 74.719 45.3914 3.79999
      vertex 74.6512 45.3658 3.79999
    endloop
  endfacet
  facet normal 0 0 1
    outer loop
      vertex 74.9373 43.6777 3.79999
      vertex 74.2742 44.648 3.79999
      vertex 74.7838 43.5299 3.79999
    endloop
  endfacet
  facet normal 0 0 1
    outer loop
      vertex 74.389 45.1227 3.79999
      vertex 74.6512 45.3658 3.79999
      vertex 74.5883 45.3327 3.79999
    endloop
  endfacet
  facet normal 0 0 1
    outer loop
      vertex 74.389 45.1227 3.79999
      vertex 74.5883 45.3327 3.79999
      vertex 74.5305 45.2924 3.79999
    endloop
  endfacet
  facet normal 0 0 1
    outer loop
      vertex 74.389 45.1227 3.79999
      vertex 74.5305 45.2924 3.79999
      vertex 74.4776 45.2447 3.79999
    endloop
  endfacet
  facet normal 0 0 1
    outer loop
      vertex 74.389 45.1227 3.79999
      vertex 74.4776 45.2447 3.79999
      vertex 74.4303 45.1885 3.79999
    endloop
  endfacet
  facet normal 0 0 1
    outer loop
      vertex 74.7838 43.5299 3.79999
      vertex 74.2742 44.648 3.79999
      vertex 74.6099 43.3663 3.79999
    endloop
  endfacet
  facet normal 0 0 1
    outer loop
      vertex 74.6512 45.3658 3.79999
      vertex 74.389 45.1227 3.79999
      vertex 74.3539 45.0471 3.79999
    endloop
  endfacet
  facet normal 0 0 1
    outer loop
      vertex 74.7918 45.4098 3.79999
      vertex 74.3539 45.0471 3.79999
      vertex 74.3248 44.9619 3.79999
    endloop
  endfacet
  facet normal 0 0 1
    outer loop
      vertex 75.5805 44.598 3.79999
      vertex 74.3019 44.8669 3.79999
      vertex 75.5604 44.515 3.79999
    endloop
  endfacet
  facet normal 0 0 1
    outer loop
      vertex 75.4521 44.2642 3.79999
      vertex 74.2742 44.648 3.79999
      vertex 75.3999 44.1801 3.79999
    endloop
  endfacet
  facet normal 0 0 1
    outer loop
      vertex 75.2759 44.0264 3.79999
      vertex 74.2742 44.648 3.79999
      vertex 75.1834 43.926 3.79999
    endloop
  endfacet
  facet normal 0 0 1
    outer loop
      vertex 74.6099 43.3663 3.79999
      vertex 74.2742 44.648 3.79999
      vertex 74.392 43.1602 3.79999
    endloop
  endfacet
  facet normal 0 0 1
    outer loop
      vertex 73.3248 44.7429 3.79999
      vertex 74.392 43.1602 3.79999
      vertex 74.2742 44.648 3.79999
    endloop
  endfacet
  facet normal 0 0 1
    outer loop
      vertex 74.392 43.1602 3.79999
      vertex 73.3248 44.7429 3.79999
      vertex 74.1958 42.966 3.79999
    endloop
  endfacet
  facet normal 0 0 1
    outer loop
      vertex 74.1958 42.966 3.79999
      vertex 73.3248 44.7429 3.79999
      vertex 74.0211 42.7837 3.79999
    endloop
  endfacet
  facet normal 0 0 1
    outer loop
      vertex 74.0211 42.7837 3.79999
      vertex 73.3248 44.7429 3.79999
      vertex 73.8681 42.6135 3.79999
    endloop
  endfacet
  facet normal 0 0 1
    outer loop
      vertex 73.8681 42.6135 3.79999
      vertex 73.3248 44.7429 3.79999
      vertex 73.7366 42.4552 3.79999
    endloop
  endfacet
  facet normal 0 0 1
    outer loop
      vertex 73.7366 42.4552 3.79999
      vertex 73.3248 44.7429 3.79999
      vertex 73.6267 42.3088 3.79999
    endloop
  endfacet
  facet normal 0 0 1
    outer loop
      vertex 73.6267 42.3088 3.79999
      vertex 73.3248 44.7429 3.79999
      vertex 73.5384 42.1745 3.79999
    endloop
  endfacet
  facet normal 0 0 1
    outer loop
      vertex 72.0012 41.2234 3.79999
      vertex 73.5384 42.1745 3.79999
      vertex 73.3248 44.7429 3.79999
    endloop
  endfacet
  facet normal 0 0 1
    outer loop
      vertex 73.5384 42.1745 3.79999
      vertex 72.0012 41.2234 3.79999
      vertex 73.4653 42.0451 3.79999
    endloop
  endfacet
  facet normal 0 0 1
    outer loop
      vertex 73.4653 42.0451 3.79999
      vertex 72.0012 41.2234 3.79999
      vertex 73.4011 41.9135 3.79999
    endloop
  endfacet
  facet normal 0 0 1
    outer loop
      vertex 73.4011 41.9135 3.79999
      vertex 72.0012 41.2234 3.79999
      vertex 73.3458 41.7798 3.79999
    endloop
  endfacet
  facet normal -0 0 1
    outer loop
      vertex 61.7252 44.3568 3.79999
      vertex 62.4527 44.2844 3.79999
      vertex 61.7588 44.4968 3.79999
    endloop
  endfacet
  facet normal 0 0 1
    outer loop
      vertex 62.4527 44.2844 3.79999
      vertex 61.7252 44.3568 3.79999
      vertex 62.4295 44.0923 3.79999
    endloop
  endfacet
  facet normal -0 0 1
    outer loop
      vertex 61.6782 44.2248 3.79999
      vertex 62.4295 44.0923 3.79999
      vertex 61.7252 44.3568 3.79999
    endloop
  endfacet
  facet normal 0 0 1
    outer loop
      vertex 62.4156 43.8902 3.79999
      vertex 61.6782 44.2248 3.79999
      vertex 61.6178 44.1008 3.79999
    endloop
  endfacet
  facet normal 0 0 1
    outer loop
      vertex 62.4156 43.8902 3.79999
      vertex 61.6178 44.1008 3.79999
      vertex 61.544 43.9847 3.79999
    endloop
  endfacet
  facet normal 0 0 1
    outer loop
      vertex 62.4109 43.6782 3.79999
      vertex 61.5822 42.1931 3.79999
      vertex 62.1891 41.2234 3.79999
    endloop
  endfacet
  facet normal 0 0 1
    outer loop
      vertex 62.4109 43.6782 3.79999
      vertex 61.544 43.9847 3.79999
      vertex 61.4567 43.8766 3.79999
    endloop
  endfacet
  facet normal 0 0 1
    outer loop
      vertex 62.4109 43.6782 3.79999
      vertex 61.4825 42.3516 3.79999
      vertex 61.5822 42.1931 3.79999
    endloop
  endfacet
  facet normal 0 0 1
    outer loop
      vertex 62.4109 43.6782 3.79999
      vertex 61.4567 43.8766 3.79999
      vertex 61.3561 43.7779 3.79999
    endloop
  endfacet
  facet normal 0 0 1
    outer loop
      vertex 62.4109 43.6782 3.79999
      vertex 61.3888 42.4957 3.79999
      vertex 61.4825 42.3516 3.79999
    endloop
  endfacet
  facet normal 0 0 1
    outer loop
      vertex 61.2196 42.7406 3.79999
      vertex 62.4109 43.6782 3.79999
      vertex 61.3561 43.7779 3.79999
    endloop
  endfacet
  facet normal 0 0 1
    outer loop
      vertex 62.4109 43.6782 3.79999
      vertex 61.3012 42.6253 3.79999
      vertex 61.3888 42.4957 3.79999
    endloop
  endfacet
  facet normal 0 0 1
    outer loop
      vertex 61.144 42.8415 3.79999
      vertex 61.3561 43.7779 3.79999
      vertex 61.2422 43.6903 3.79999
    endloop
  endfacet
  facet normal 0 0 1
    outer loop
      vertex 62.4109 43.6782 3.79999
      vertex 61.2196 42.7406 3.79999
      vertex 61.3012 42.6253 3.79999
    endloop
  endfacet
  facet normal 0 0 1
    outer loop
      vertex 61.3561 43.7779 3.79999
      vertex 61.144 42.8415 3.79999
      vertex 61.2196 42.7406 3.79999
    endloop
  endfacet
  facet normal 0 0 1
    outer loop
      vertex 61.0744 42.928 3.79999
      vertex 61.2422 43.6903 3.79999
      vertex 61.115 43.6137 3.79999
    endloop
  endfacet
  facet normal 0 0 1
    outer loop
      vertex 61.2422 43.6903 3.79999
      vertex 61.0744 42.928 3.79999
      vertex 61.144 42.8415 3.79999
    endloop
  endfacet
  facet normal 0 0 1
    outer loop
      vertex 61.115 43.6137 3.79999
      vertex 61.0109 43.0001 3.79999
      vertex 61.0744 42.928 3.79999
    endloop
  endfacet
  facet normal 0 0 1
    outer loop
      vertex 60.948 43.0642 3.79999
      vertex 61.115 43.6137 3.79999
      vertex 60.9746 43.5481 3.79999
    endloop
  endfacet
  facet normal 0 0 1
    outer loop
      vertex 61.115 43.6137 3.79999
      vertex 60.948 43.0642 3.79999
      vertex 61.0109 43.0001 3.79999
    endloop
  endfacet
  facet normal 0 0 1
    outer loop
      vertex 60.9746 43.5481 3.79999
      vertex 60.8805 43.1269 3.79999
      vertex 60.948 43.0642 3.79999
    endloop
  endfacet
  facet normal 0 0 1
    outer loop
      vertex 60.8084 43.188 3.79999
      vertex 60.9746 43.5481 3.79999
      vertex 60.8208 43.4934 3.79999
    endloop
  endfacet
  facet normal 0 0 1
    outer loop
      vertex 60.9746 43.5481 3.79999
      vertex 60.8084 43.188 3.79999
      vertex 60.8805 43.1269 3.79999
    endloop
  endfacet
  facet normal 0 0 1
    outer loop
      vertex 60.8208 43.4934 3.79999
      vertex 60.7316 43.2476 3.79999
      vertex 60.8084 43.188 3.79999
    endloop
  endfacet
  facet normal -0 0 1
    outer loop
      vertex 60.6538 43.4498 3.79999
      vertex 60.7316 43.2476 3.79999
      vertex 60.8208 43.4934 3.79999
    endloop
  endfacet
  facet normal 0 0 1
    outer loop
      vertex 60.6538 43.4498 3.79999
      vertex 60.6502 43.3056 3.79999
      vertex 60.7316 43.2476 3.79999
    endloop
  endfacet
  facet normal 0 0 1
    outer loop
      vertex 60.6538 43.4498 3.79999
      vertex 60.5642 43.3622 3.79999
      vertex 60.6502 43.3056 3.79999
    endloop
  endfacet
  facet normal 0 -0 1
    outer loop
      vertex 60.5642 43.3622 3.79999
      vertex 60.6538 43.4498 3.79999
      vertex 60.4735 43.4172 3.79999
    endloop
  endfacet
  facet normal -0 0 1
    outer loop
      vertex 46.0579 44.631 3.79999
      vertex 47.1192 43.8885 3.79999
      vertex 47.0548 44.8175 3.79999
    endloop
  endfacet
  facet normal 0 0 1
    outer loop
      vertex 44.956 43.8885 3.79999
      vertex 46.0241 44.7325 3.79999
      vertex 45.9828 44.8277 3.79999
    endloop
  endfacet
  facet normal 0 0 1
    outer loop
      vertex 44.956 43.8885 3.79999
      vertex 45.9828 44.8277 3.79999
      vertex 45.9339 44.9165 3.79999
    endloop
  endfacet
  facet normal 0 0 1
    outer loop
      vertex 44.956 43.8885 3.79999
      vertex 45.9339 44.9165 3.79999
      vertex 45.8774 44.9991 3.79999
    endloop
  endfacet
  facet normal 0 0 1
    outer loop
      vertex 44.956 43.8885 3.79999
      vertex 45.8774 44.9991 3.79999
      vertex 45.8135 45.0754 3.79999
    endloop
  endfacet
  facet normal 0 0 1
    outer loop
      vertex 44.956 43.8885 3.79999
      vertex 45.8135 45.0754 3.79999
      vertex 45.742 45.1454 3.79999
    endloop
  endfacet
  facet normal 0 0 1
    outer loop
      vertex 44.956 43.8885 3.79999
      vertex 45.742 45.1454 3.79999
      vertex 45.6629 45.2091 3.79999
    endloop
  endfacet
  facet normal 0 0 1
    outer loop
      vertex 44.956 43.8885 3.79999
      vertex 45.6629 45.2091 3.79999
      vertex 45.5771 45.2653 3.79999
    endloop
  endfacet
  facet normal 0 0 1
    outer loop
      vertex 44.956 43.8885 3.79999
      vertex 45.5771 45.2653 3.79999
      vertex 45.4855 45.3129 3.79999
    endloop
  endfacet
  facet normal 0 0 1
    outer loop
      vertex 44.956 43.8885 3.79999
      vertex 45.4855 45.3129 3.79999
      vertex 45.388 45.3518 3.79999
    endloop
  endfacet
  facet normal 0 0 1
    outer loop
      vertex 44.956 43.8885 3.79999
      vertex 45.388 45.3518 3.79999
      vertex 45.2845 45.3821 3.79999
    endloop
  endfacet
  facet normal 0 0 1
    outer loop
      vertex 44.956 43.8885 3.79999
      vertex 45.2845 45.3821 3.79999
      vertex 45.1753 45.4037 3.79999
    endloop
  endfacet
  facet normal 0 0 1
    outer loop
      vertex 44.956 43.8885 3.79999
      vertex 45.1753 45.4037 3.79999
      vertex 45.0601 45.4167 3.79999
    endloop
  endfacet
  facet normal 0 0 1
    outer loop
      vertex 46.0579 44.631 3.79999
      vertex 44.956 43.8885 3.79999
      vertex 47.1192 43.8885 3.79999
    endloop
  endfacet
  facet normal 0 0 1
    outer loop
      vertex 46.0241 44.7325 3.79999
      vertex 44.956 43.8885 3.79999
      vertex 46.0579 44.631 3.79999
    endloop
  endfacet
  facet normal -0 0 1
    outer loop
      vertex 44.7566 45.4125 3.79999
      vertex 44.956 43.8885 3.79999
      vertex 44.939 45.421 3.79999
    endloop
  endfacet
  facet normal 0 0 1
    outer loop
      vertex 44.939 45.421 3.79999
      vertex 44.956 43.8885 3.79999
      vertex 45.0601 45.4167 3.79999
    endloop
  endfacet
  facet normal 0 0 1
    outer loop
      vertex 46.1054 43.051 3.79999
      vertex 46.0387 42.371 3.79999
      vertex 46.1054 42.4203 3.79999
    endloop
  endfacet
  facet normal 0 0 1
    outer loop
      vertex 46.1054 43.051 3.79999
      vertex 45.9683 42.3239 3.79999
      vertex 46.0387 42.371 3.79999
    endloop
  endfacet
  facet normal 0 0 1
    outer loop
      vertex 46.1054 43.051 3.79999
      vertex 45.8942 42.2789 3.79999
      vertex 45.9683 42.3239 3.79999
    endloop
  endfacet
  facet normal 0 0 1
    outer loop
      vertex 46.1054 43.051 3.79999
      vertex 45.8164 42.236 3.79999
      vertex 45.8942 42.2789 3.79999
    endloop
  endfacet
  facet normal -0 0 1
    outer loop
      vertex 44.956 43.051 3.79999
      vertex 45.8164 42.236 3.79999
      vertex 46.1054 43.051 3.79999
    endloop
  endfacet
  facet normal 0 0 1
    outer loop
      vertex 45.8164 42.236 3.79999
      vertex 44.956 43.051 3.79999
      vertex 45.735 42.1953 3.79999
    endloop
  endfacet
  facet normal 0 0 1
    outer loop
      vertex 45.735 42.1953 3.79999
      vertex 44.956 43.051 3.79999
      vertex 45.6499 42.1567 3.79999
    endloop
  endfacet
  facet normal 0 0 1
    outer loop
      vertex 45.6499 42.1567 3.79999
      vertex 44.956 43.051 3.79999
      vertex 45.5612 42.1202 3.79999
    endloop
  endfacet
  facet normal 0 0 1
    outer loop
      vertex 45.5612 42.1202 3.79999
      vertex 44.956 43.051 3.79999
      vertex 45.4706 42.0874 3.79999
    endloop
  endfacet
  facet normal 0 0 1
    outer loop
      vertex 45.4706 42.0874 3.79999
      vertex 44.956 43.051 3.79999
      vertex 45.3801 42.0596 3.79999
    endloop
  endfacet
  facet normal 0 0 1
    outer loop
      vertex 45.3801 42.0596 3.79999
      vertex 44.956 43.051 3.79999
      vertex 45.2898 42.0369 3.79999
    endloop
  endfacet
  facet normal 0 0 1
    outer loop
      vertex 45.2898 42.0369 3.79999
      vertex 44.956 43.051 3.79999
      vertex 45.1994 42.0192 3.79999
    endloop
  endfacet
  facet normal 0 0 1
    outer loop
      vertex 45.1994 42.0192 3.79999
      vertex 44.956 43.051 3.79999
      vertex 45.1092 42.0066 3.79999
    endloop
  endfacet
  facet normal 0 0 1
    outer loop
      vertex 45.1092 42.0066 3.79999
      vertex 44.956 43.051 3.79999
      vertex 45.019 41.999 3.79999
    endloop
  endfacet
  facet normal 0 0 1
    outer loop
      vertex 44.956 43.051 3.79999
      vertex 44.9289 41.9965 3.79999
      vertex 45.019 41.999 3.79999
    endloop
  endfacet
  facet normal -0 0 1
    outer loop
      vertex 44.5852 45.387 3.79999
      vertex 44.956 43.8885 3.79999
      vertex 44.7566 45.4125 3.79999
    endloop
  endfacet
  facet normal -0 0 1
    outer loop
      vertex 44.4247 45.3444 3.79999
      vertex 44.956 43.8885 3.79999
      vertex 44.5852 45.387 3.79999
    endloop
  endfacet
  facet normal 0 -0 1
    outer loop
      vertex 43.5369 43.2968 3.79999
      vertex 44.956 43.8885 3.79999
      vertex 43.5128 43.5226 3.79999
    endloop
  endfacet
  facet normal -0 0 1
    outer loop
      vertex 44.2753 45.2849 3.79999
      vertex 44.956 43.8885 3.79999
      vertex 44.4247 45.3444 3.79999
    endloop
  endfacet
  facet normal 0 0 1
    outer loop
      vertex 44.956 43.8885 3.79999
      vertex 43.5369 43.2968 3.79999
      vertex 44.956 43.051 3.79999
    endloop
  endfacet
  facet normal 0 -0 1
    outer loop
      vertex 43.6332 42.8995 3.79999
      vertex 44.956 43.051 3.79999
      vertex 43.577 43.0891 3.79999
    endloop
  endfacet
  facet normal -0 0 1
    outer loop
      vertex 44.1369 45.2082 3.79999
      vertex 44.956 43.8885 3.79999
      vertex 44.2753 45.2849 3.79999
    endloop
  endfacet
  facet normal 0 -0 1
    outer loop
      vertex 43.7054 42.7279 3.79999
      vertex 44.956 43.051 3.79999
      vertex 43.6332 42.8995 3.79999
    endloop
  endfacet
  facet normal -0 0 1
    outer loop
      vertex 44.0094 45.1146 3.79999
      vertex 44.956 43.8885 3.79999
      vertex 44.1369 45.2082 3.79999
    endloop
  endfacet
  facet normal 0 0 1
    outer loop
      vertex 44.956 43.051 3.79999
      vertex 44.7517 42.0055 3.79999
      vertex 44.9289 41.9965 3.79999
    endloop
  endfacet
  facet normal -0 0 1
    outer loop
      vertex 43.893 45.004 3.79999
      vertex 44.956 43.8885 3.79999
      vertex 44.0094 45.1146 3.79999
    endloop
  endfacet
  facet normal 0 -0 1
    outer loop
      vertex 43.7937 42.5744 3.79999
      vertex 44.956 43.051 3.79999
      vertex 43.7054 42.7279 3.79999
    endloop
  endfacet
  facet normal -0 0 1
    outer loop
      vertex 43.79 44.8766 3.79999
      vertex 44.956 43.8885 3.79999
      vertex 43.893 45.004 3.79999
    endloop
  endfacet
  facet normal 0 0 1
    outer loop
      vertex 44.956 43.051 3.79999
      vertex 44.5845 42.0326 3.79999
      vertex 44.7517 42.0055 3.79999
    endloop
  endfacet
  facet normal -0 0 1
    outer loop
      vertex 43.7028 44.7327 3.79999
      vertex 44.956 43.8885 3.79999
      vertex 43.79 44.8766 3.79999
    endloop
  endfacet
  facet normal 0 0 1
    outer loop
      vertex 44.956 43.051 3.79999
      vertex 44.4273 42.0778 3.79999
      vertex 44.5845 42.0326 3.79999
    endloop
  endfacet
  facet normal -0 0 1
    outer loop
      vertex 43.6315 44.5724 3.79999
      vertex 44.956 43.8885 3.79999
      vertex 43.7028 44.7327 3.79999
    endloop
  endfacet
  facet normal 0 0 1
    outer loop
      vertex 44.956 43.051 3.79999
      vertex 44.2801 42.141 3.79999
      vertex 44.4273 42.0778 3.79999
    endloop
  endfacet
  facet normal -0 0 1
    outer loop
      vertex 43.5761 44.3956 3.79999
      vertex 44.956 43.8885 3.79999
      vertex 43.6315 44.5724 3.79999
    endloop
  endfacet
  facet normal 0 0 1
    outer loop
      vertex 44.956 43.051 3.79999
      vertex 44.1428 42.2222 3.79999
      vertex 44.2801 42.141 3.79999
    endloop
  endfacet
  facet normal -0 0 1
    outer loop
      vertex 43.5365 44.2023 3.79999
      vertex 44.956 43.8885 3.79999
      vertex 43.5761 44.3956 3.79999
    endloop
  endfacet
  facet normal 0 0 1
    outer loop
      vertex 44.956 43.051 3.79999
      vertex 44.0154 42.3216 3.79999
      vertex 44.1428 42.2222 3.79999
    endloop
  endfacet
  facet normal -0 0 1
    outer loop
      vertex 43.5127 43.9926 3.79999
      vertex 44.956 43.8885 3.79999
      vertex 43.5365 44.2023 3.79999
    endloop
  endfacet
  facet normal 0 0 1
    outer loop
      vertex 44.956 43.051 3.79999
      vertex 43.8981 42.4389 3.79999
      vertex 44.0154 42.3216 3.79999
    endloop
  endfacet
  facet normal 0 0 1
    outer loop
      vertex 43.5048 43.7664 3.79999
      vertex 44.956 43.8885 3.79999
      vertex 43.5127 43.9926 3.79999
    endloop
  endfacet
  facet normal 0 0 1
    outer loop
      vertex 44.956 43.051 3.79999
      vertex 43.7937 42.5744 3.79999
      vertex 43.8981 42.4389 3.79999
    endloop
  endfacet
  facet normal 0 -0 1
    outer loop
      vertex 43.5128 43.5226 3.79999
      vertex 44.956 43.8885 3.79999
      vertex 43.5048 43.7664 3.79999
    endloop
  endfacet
  facet normal -0 -0 1
    outer loop
      vertex 43.577 43.0891 3.79999
      vertex 44.956 43.051 3.79999
      vertex 43.5369 43.2968 3.79999
    endloop
  endfacet
  facet normal 0 0 1
    outer loop
      vertex 48.7493 43.7121 3.79999
      vertex 51.4991 43.7257 3.79999
      vertex 51.4914 43.961 3.79999
    endloop
  endfacet
  facet normal 0 0 1
    outer loop
      vertex 48.757 43.9484 3.79999
      vertex 51.4914 43.961 3.79999
      vertex 51.4685 44.1785 3.79999
    endloop
  endfacet
  facet normal 0 0 1
    outer loop
      vertex 51.4991 43.7257 3.79999
      vertex 48.7493 43.7121 3.79999
      vertex 51.4912 43.4875 3.79999
    endloop
  endfacet
  facet normal 0 0 1
    outer loop
      vertex 48.7803 44.167 3.79999
      vertex 51.4685 44.1785 3.79999
      vertex 51.4302 44.3784 3.79999
    endloop
  endfacet
  facet normal 0 -0 1
    outer loop
      vertex 48.7572 43.4793 3.79999
      vertex 51.4912 43.4875 3.79999
      vertex 48.7493 43.7121 3.79999
    endloop
  endfacet
  facet normal 0 0 1
    outer loop
      vertex 48.819 44.368 3.79999
      vertex 51.4302 44.3784 3.79999
      vertex 51.3767 44.5605 3.79999
    endloop
  endfacet
  facet normal 0 0 1
    outer loop
      vertex 51.4912 43.4875 3.79999
      vertex 48.7572 43.4793 3.79999
      vertex 51.4676 43.267 3.79999
    endloop
  endfacet
  facet normal 0 0 1
    outer loop
      vertex 50.3015 45.4124 3.79999
      vertex 51.3767 44.5605 3.79999
      vertex 51.3079 44.7249 3.79999
    endloop
  endfacet
  facet normal 0 -0 1
    outer loop
      vertex 48.7811 43.2631 3.79999
      vertex 51.4676 43.267 3.79999
      vertex 48.7572 43.4793 3.79999
    endloop
  endfacet
  facet normal 0 0 1
    outer loop
      vertex 50.4638 45.3867 3.79999
      vertex 51.3079 44.7249 3.79999
      vertex 51.2238 44.8716 3.79999
    endloop
  endfacet
  facet normal 0 0 1
    outer loop
      vertex 51.4676 43.267 3.79999
      vertex 48.7811 43.2631 3.79999
      vertex 51.4284 43.064 3.79999
    endloop
  endfacet
  facet normal 0 0 1
    outer loop
      vertex 50.4638 45.3867 3.79999
      vertex 51.2238 44.8716 3.79999
      vertex 51.1244 45.0006 3.79999
    endloop
  endfacet
  facet normal 0 -0 1
    outer loop
      vertex 48.8209 43.0635 3.79999
      vertex 51.4284 43.064 3.79999
      vertex 48.7811 43.2631 3.79999
    endloop
  endfacet
  facet normal 0 0 1
    outer loop
      vertex 50.4638 45.3867 3.79999
      vertex 51.1244 45.0006 3.79999
      vertex 51.0124 45.1121 3.79999
    endloop
  endfacet
  facet normal 0 0 1
    outer loop
      vertex 51.4284 43.064 3.79999
      vertex 48.8209 43.0635 3.79999
      vertex 51.3734 42.8787 3.79999
    endloop
  endfacet
  facet normal 0 0 1
    outer loop
      vertex 50.4638 45.3867 3.79999
      vertex 51.0124 45.1121 3.79999
      vertex 50.8903 45.2065 3.79999
    endloop
  endfacet
  facet normal -0 -0 1
    outer loop
      vertex 48.8766 42.8807 3.79999
      vertex 51.3734 42.8787 3.79999
      vertex 48.8209 43.0635 3.79999
    endloop
  endfacet
  facet normal 0 0 1
    outer loop
      vertex 50.4638 45.3867 3.79999
      vertex 50.8903 45.2065 3.79999
      vertex 50.7581 45.2837 3.79999
    endloop
  endfacet
  facet normal 0 -0 1
    outer loop
      vertex 50.1293 41.9965 3.79999
      vertex 51.3734 42.8787 3.79999
      vertex 48.8766 42.8807 3.79999
    endloop
  endfacet
  facet normal 0 0 1
    outer loop
      vertex 50.4638 45.3867 3.79999
      vertex 50.7581 45.2837 3.79999
      vertex 50.616 45.3438 3.79999
    endloop
  endfacet
  facet normal 0 0 1
    outer loop
      vertex 51.3734 42.8787 3.79999
      vertex 50.1293 41.9965 3.79999
      vertex 51.3027 42.7111 3.79999
    endloop
  endfacet
  facet normal 0 0 1
    outer loop
      vertex 51.3079 44.7249 3.79999
      vertex 50.4638 45.3867 3.79999
      vertex 50.3015 45.4124 3.79999
    endloop
  endfacet
  facet normal 0 -0 1
    outer loop
      vertex 50.2963 42.0053 3.79999
      vertex 51.3027 42.7111 3.79999
      vertex 50.1293 41.9965 3.79999
    endloop
  endfacet
  facet normal 0 0 1
    outer loop
      vertex 51.3767 44.5605 3.79999
      vertex 50.3015 45.4124 3.79999
      vertex 50.1293 45.421 3.79999
    endloop
  endfacet
  facet normal 0 0 1
    outer loop
      vertex 51.2163 42.5611 3.79999
      vertex 50.2963 42.0053 3.79999
      vertex 51.1142 42.4288 3.79999
    endloop
  endfacet
  facet normal 0 0 1
    outer loop
      vertex 51.3767 44.5605 3.79999
      vertex 50.1293 45.421 3.79999
      vertex 48.819 44.368 3.79999
    endloop
  endfacet
  facet normal 0 0 1
    outer loop
      vertex 51.1142 42.4288 3.79999
      vertex 50.2963 42.0053 3.79999
      vertex 50.9999 42.3141 3.79999
    endloop
  endfacet
  facet normal 0 0 1
    outer loop
      vertex 50.9999 42.3141 3.79999
      vertex 50.2963 42.0053 3.79999
      vertex 50.8767 42.2171 3.79999
    endloop
  endfacet
  facet normal 0 0 1
    outer loop
      vertex 48.8733 44.5513 3.79999
      vertex 50.1293 45.421 3.79999
      vertex 49.9569 45.4123 3.79999
    endloop
  endfacet
  facet normal 0 0 1
    outer loop
      vertex 50.7448 42.1377 3.79999
      vertex 50.4546 42.0318 3.79999
      vertex 50.6041 42.0759 3.79999
    endloop
  endfacet
  facet normal 0 0 1
    outer loop
      vertex 48.8733 44.5513 3.79999
      vertex 49.9569 45.4123 3.79999
      vertex 49.7943 45.3863 3.79999
    endloop
  endfacet
  facet normal 0 0 1
    outer loop
      vertex 50.7448 42.1377 3.79999
      vertex 50.2963 42.0053 3.79999
      vertex 50.4546 42.0318 3.79999
    endloop
  endfacet
  facet normal 0 0 1
    outer loop
      vertex 48.943 44.717 3.79999
      vertex 49.7943 45.3863 3.79999
      vertex 49.6416 45.3429 3.79999
    endloop
  endfacet
  facet normal 0 0 1
    outer loop
      vertex 50.8767 42.2171 3.79999
      vertex 50.2963 42.0053 3.79999
      vertex 50.7448 42.1377 3.79999
    endloop
  endfacet
  facet normal 0 0 1
    outer loop
      vertex 48.943 44.717 3.79999
      vertex 49.6416 45.3429 3.79999
      vertex 49.4987 45.2821 3.79999
    endloop
  endfacet
  facet normal 0 0 1
    outer loop
      vertex 51.3027 42.7111 3.79999
      vertex 50.2963 42.0053 3.79999
      vertex 51.2163 42.5611 3.79999
    endloop
  endfacet
  facet normal 0 0 1
    outer loop
      vertex 48.943 44.717 3.79999
      vertex 49.4987 45.2821 3.79999
      vertex 49.3657 45.2039 3.79999
    endloop
  endfacet
  facet normal 0 0 1
    outer loop
      vertex 50.1293 41.9965 3.79999
      vertex 48.8766 42.8807 3.79999
      vertex 49.9621 42.0054 3.79999
    endloop
  endfacet
  facet normal 0 0 1
    outer loop
      vertex 48.943 44.717 3.79999
      vertex 49.3657 45.2039 3.79999
      vertex 49.2424 45.1084 3.79999
    endloop
  endfacet
  facet normal 0 0 1
    outer loop
      vertex 49.9621 42.0054 3.79999
      vertex 48.8766 42.8807 3.79999
      vertex 49.8035 42.0321 3.79999
    endloop
  endfacet
  facet normal 0 0 1
    outer loop
      vertex 48.943 44.717 3.79999
      vertex 49.2424 45.1084 3.79999
      vertex 49.129 44.9955 3.79999
    endloop
  endfacet
  facet normal 0 0 1
    outer loop
      vertex 49.8035 42.0321 3.79999
      vertex 48.8766 42.8807 3.79999
      vertex 49.6535 42.0765 3.79999
    endloop
  endfacet
  facet normal 0 0 1
    outer loop
      vertex 48.943 44.717 3.79999
      vertex 49.129 44.9955 3.79999
      vertex 49.0283 44.8651 3.79999
    endloop
  endfacet
  facet normal 0 0 1
    outer loop
      vertex 49.6535 42.0765 3.79999
      vertex 48.8766 42.8807 3.79999
      vertex 49.512 42.1388 3.79999
    endloop
  endfacet
  facet normal 0 0 1
    outer loop
      vertex 49.7943 45.3863 3.79999
      vertex 48.943 44.717 3.79999
      vertex 48.8733 44.5513 3.79999
    endloop
  endfacet
  facet normal 0 0 1
    outer loop
      vertex 49.512 42.1388 3.79999
      vertex 48.8766 42.8807 3.79999
      vertex 49.3791 42.2188 3.79999
    endloop
  endfacet
  facet normal 0 0 1
    outer loop
      vertex 50.1293 45.421 3.79999
      vertex 48.8733 44.5513 3.79999
      vertex 48.819 44.368 3.79999
    endloop
  endfacet
  facet normal 0 0 1
    outer loop
      vertex 49.3791 42.2188 3.79999
      vertex 48.8766 42.8807 3.79999
      vertex 49.2549 42.3166 3.79999
    endloop
  endfacet
  facet normal 0 0 1
    outer loop
      vertex 51.4302 44.3784 3.79999
      vertex 48.819 44.368 3.79999
      vertex 48.7803 44.167 3.79999
    endloop
  endfacet
  facet normal 0 0 1
    outer loop
      vertex 49.2549 42.3166 3.79999
      vertex 48.8766 42.8807 3.79999
      vertex 49.1392 42.4322 3.79999
    endloop
  endfacet
  facet normal 0 0 1
    outer loop
      vertex 51.4685 44.1785 3.79999
      vertex 48.7803 44.167 3.79999
      vertex 48.757 43.9484 3.79999
    endloop
  endfacet
  facet normal 0 0 1
    outer loop
      vertex 49.0357 42.565 3.79999
      vertex 48.8766 42.8807 3.79999
      vertex 48.9482 42.7145 3.79999
    endloop
  endfacet
  facet normal 0 0 1
    outer loop
      vertex 51.4914 43.961 3.79999
      vertex 48.757 43.9484 3.79999
      vertex 48.7493 43.7121 3.79999
    endloop
  endfacet
  facet normal 0 0 1
    outer loop
      vertex 49.1392 42.4322 3.79999
      vertex 48.8766 42.8807 3.79999
      vertex 49.0357 42.565 3.79999
    endloop
  endfacet
  facet normal 0 0 1
    outer loop
      vertex 55.7605 45.1466 3.79999
      vertex 55.9671 44.6513 3.79999
      vertex 55.9639 44.7269 3.79999
    endloop
  endfacet
  facet normal 0 0 1
    outer loop
      vertex 55.9671 44.6513 3.79999
      vertex 55.7605 45.1466 3.79999
      vertex 55.9648 44.5895 3.79999
    endloop
  endfacet
  facet normal 0 0 1
    outer loop
      vertex 55.7605 45.1466 3.79999
      vertex 55.9639 44.7269 3.79999
      vertex 55.9541 44.7986 3.79999
    endloop
  endfacet
  facet normal 0 0 1
    outer loop
      vertex 55.9648 44.5895 3.79999
      vertex 55.7605 45.1466 3.79999
      vertex 55.9578 44.5298 3.79999
    endloop
  endfacet
  facet normal 0 0 1
    outer loop
      vertex 55.7605 45.1466 3.79999
      vertex 55.9541 44.7986 3.79999
      vertex 55.9378 44.8664 3.79999
    endloop
  endfacet
  facet normal 0 0 1
    outer loop
      vertex 55.9578 44.5298 3.79999
      vertex 55.7605 45.1466 3.79999
      vertex 55.9463 44.4724 3.79999
    endloop
  endfacet
  facet normal 0 0 1
    outer loop
      vertex 55.7605 45.1466 3.79999
      vertex 55.9378 44.8664 3.79999
      vertex 55.9151 44.9303 3.79999
    endloop
  endfacet
  facet normal 0 0 1
    outer loop
      vertex 55.9463 44.4724 3.79999
      vertex 55.7605 45.1466 3.79999
      vertex 55.93 44.4172 3.79999
    endloop
  endfacet
  facet normal 0 0 1
    outer loop
      vertex 55.8077 45.0989 3.79999
      vertex 55.9151 44.9303 3.79999
      vertex 55.8858 44.9904 3.79999
    endloop
  endfacet
  facet normal 0 0 1
    outer loop
      vertex 55.7605 45.1466 3.79999
      vertex 55.9151 44.9303 3.79999
      vertex 55.8077 45.0989 3.79999
    endloop
  endfacet
  facet normal 0 0 1
    outer loop
      vertex 55.93 44.4172 3.79999
      vertex 55.7605 45.1466 3.79999
      vertex 55.9092 44.3642 3.79999
    endloop
  endfacet
  facet normal 0 0 1
    outer loop
      vertex 55.8077 45.0989 3.79999
      vertex 55.8858 44.9904 3.79999
      vertex 55.85 45.0466 3.79999
    endloop
  endfacet
  facet normal 0 0 1
    outer loop
      vertex 55.9092 44.3642 3.79999
      vertex 55.7605 45.1466 3.79999
      vertex 55.8836 44.3134 3.79999
    endloop
  endfacet
  facet normal 0 0 1
    outer loop
      vertex 55.8836 44.3134 3.79999
      vertex 55.7605 45.1466 3.79999
      vertex 55.8535 44.2648 3.79999
    endloop
  endfacet
  facet normal 0 0 1
    outer loop
      vertex 55.8535 44.2648 3.79999
      vertex 55.7605 45.1466 3.79999
      vertex 55.8193 44.2192 3.79999
    endloop
  endfacet
  facet normal 0 0 1
    outer loop
      vertex 55.8193 44.2192 3.79999
      vertex 55.7605 45.1466 3.79999
      vertex 55.7815 44.1771 3.79999
    endloop
  endfacet
  facet normal 0 0 1
    outer loop
      vertex 55.7605 45.1466 3.79999
      vertex 55.7403 44.1386 3.79999
      vertex 55.7815 44.1771 3.79999
    endloop
  endfacet
  facet normal 0 0 1
    outer loop
      vertex 55.7097 45.1888 3.79999
      vertex 55.7403 44.1386 3.79999
      vertex 55.7605 45.1466 3.79999
    endloop
  endfacet
  facet normal 0 0 1
    outer loop
      vertex 55.7097 45.1888 3.79999
      vertex 55.6955 44.1037 3.79999
      vertex 55.7403 44.1386 3.79999
    endloop
  endfacet
  facet normal 0 0 1
    outer loop
      vertex 55.6556 45.2257 3.79999
      vertex 55.6955 44.1037 3.79999
      vertex 55.7097 45.1888 3.79999
    endloop
  endfacet
  facet normal 0 0 1
    outer loop
      vertex 55.6556 45.2257 3.79999
      vertex 55.6471 44.0725 3.79999
      vertex 55.6955 44.1037 3.79999
    endloop
  endfacet
  facet normal 0 0 1
    outer loop
      vertex 55.5979 45.2572 3.79999
      vertex 55.6471 44.0725 3.79999
      vertex 55.6556 45.2257 3.79999
    endloop
  endfacet
  facet normal 0 0 1
    outer loop
      vertex 55.5979 45.2572 3.79999
      vertex 55.5953 44.0448 3.79999
      vertex 55.6471 44.0725 3.79999
    endloop
  endfacet
  facet normal 0 0 1
    outer loop
      vertex 55.5979 45.2572 3.79999
      vertex 55.5399 44.0207 3.79999
      vertex 55.5953 44.0448 3.79999
    endloop
  endfacet
  facet normal 0 0 1
    outer loop
      vertex 55.5368 45.2833 3.79999
      vertex 55.5399 44.0207 3.79999
      vertex 55.5979 45.2572 3.79999
    endloop
  endfacet
  facet normal 0 0 1
    outer loop
      vertex 55.5368 45.2833 3.79999
      vertex 55.4747 44 3.79999
      vertex 55.5399 44.0207 3.79999
    endloop
  endfacet
  facet normal 0 0 1
    outer loop
      vertex 55.4723 45.304 3.79999
      vertex 55.4747 44 3.79999
      vertex 55.5368 45.2833 3.79999
    endloop
  endfacet
  facet normal 0 0 1
    outer loop
      vertex 55.4043 45.3193 3.79999
      vertex 55.4747 44 3.79999
      vertex 55.4723 45.304 3.79999
    endloop
  endfacet
  facet normal 0 0 1
    outer loop
      vertex 55.4043 45.3193 3.79999
      vertex 55.3934 43.9825 3.79999
      vertex 55.4747 44 3.79999
    endloop
  endfacet
  facet normal 0 0 1
    outer loop
      vertex 55.3455 45.3283 3.79999
      vertex 55.3934 43.9825 3.79999
      vertex 55.4043 45.3193 3.79999
    endloop
  endfacet
  facet normal 0 0 1
    outer loop
      vertex 55.3455 45.3283 3.79999
      vertex 55.2962 43.9682 3.79999
      vertex 55.3934 43.9825 3.79999
    endloop
  endfacet
  facet normal 0 0 1
    outer loop
      vertex 55.272 45.3359 3.79999
      vertex 55.2962 43.9682 3.79999
      vertex 55.3455 45.3283 3.79999
    endloop
  endfacet
  facet normal 0 0 1
    outer loop
      vertex 55.1836 45.3422 3.79999
      vertex 55.2962 43.9682 3.79999
      vertex 55.272 45.3359 3.79999
    endloop
  endfacet
  facet normal 0 0 1
    outer loop
      vertex 55.1836 45.3422 3.79999
      vertex 55.1828 43.9571 3.79999
      vertex 55.2962 43.9682 3.79999
    endloop
  endfacet
  facet normal 0 0 1
    outer loop
      vertex 55.0804 45.347 3.79999
      vertex 55.1828 43.9571 3.79999
      vertex 55.1836 45.3422 3.79999
    endloop
  endfacet
  facet normal 0 0 1
    outer loop
      vertex 55.0804 45.347 3.79999
      vertex 55.0534 43.9491 3.79999
      vertex 55.1828 43.9571 3.79999
    endloop
  endfacet
  facet normal 0 0 1
    outer loop
      vertex 54.9624 45.3505 3.79999
      vertex 55.0534 43.9491 3.79999
      vertex 55.0804 45.347 3.79999
    endloop
  endfacet
  facet normal 0 0 1
    outer loop
      vertex 54.9624 45.3505 3.79999
      vertex 54.908 43.9443 3.79999
      vertex 55.0534 43.9491 3.79999
    endloop
  endfacet
  facet normal 0 0 1
    outer loop
      vertex 54.8297 45.3525 3.79999
      vertex 54.908 43.9443 3.79999
      vertex 54.9624 45.3505 3.79999
    endloop
  endfacet
  facet normal 0 0 1
    outer loop
      vertex 54.8297 45.3525 3.79999
      vertex 54.7465 43.9427 3.79999
      vertex 54.908 43.9443 3.79999
    endloop
  endfacet
  facet normal 0 0 1
    outer loop
      vertex 54.6821 45.3532 3.79999
      vertex 54.7465 43.9427 3.79999
      vertex 54.8297 45.3525 3.79999
    endloop
  endfacet
  facet normal 0 0 1
    outer loop
      vertex 54.1972 43.9427 3.79999
      vertex 54.6821 45.3532 3.79999
      vertex 54.1972 45.3532 3.79999
    endloop
  endfacet
  facet normal 0 0 1
    outer loop
      vertex 54.6821 45.3532 3.79999
      vertex 54.1972 43.9427 3.79999
      vertex 54.7465 43.9427 3.79999
    endloop
  endfacet
  facet normal 0 0 1
    outer loop
      vertex 60.1947 45.3408 3.79999
      vertex 60.7515 44.7361 3.79999
      vertex 60.7488 44.8058 3.79999
    endloop
  endfacet
  facet normal 0 0 1
    outer loop
      vertex 60.7515 44.7361 3.79999
      vertex 60.1947 45.3408 3.79999
      vertex 60.7494 44.6737 3.79999
    endloop
  endfacet
  facet normal 0 0 1
    outer loop
      vertex 60.307 45.3223 3.79999
      vertex 60.7488 44.8058 3.79999
      vertex 60.7405 44.8716 3.79999
    endloop
  endfacet
  facet normal 0 -0 1
    outer loop
      vertex 60.2214 44.123 3.79999
      vertex 60.7494 44.6737 3.79999
      vertex 60.1947 45.3408 3.79999
    endloop
  endfacet
  facet normal 0 0 1
    outer loop
      vertex 60.37 45.3037 3.79999
      vertex 60.7405 44.8716 3.79999
      vertex 60.7269 44.9334 3.79999
    endloop
  endfacet
  facet normal 0 0 1
    outer loop
      vertex 60.7488 44.8058 3.79999
      vertex 60.307 45.3223 3.79999
      vertex 60.1947 45.3408 3.79999
    endloop
  endfacet
  facet normal 0 0 1
    outer loop
      vertex 60.4285 45.2805 3.79999
      vertex 60.7269 44.9334 3.79999
      vertex 60.7077 44.9913 3.79999
    endloop
  endfacet
  facet normal 0 0 1
    outer loop
      vertex 60.7494 44.6737 3.79999
      vertex 60.2214 44.123 3.79999
      vertex 60.7432 44.6143 3.79999
    endloop
  endfacet
  facet normal 0 0 1
    outer loop
      vertex 60.4285 45.2805 3.79999
      vertex 60.7077 44.9913 3.79999
      vertex 60.6831 45.0452 3.79999
    endloop
  endfacet
  facet normal 0 0 1
    outer loop
      vertex 60.7405 44.8716 3.79999
      vertex 60.37 45.3037 3.79999
      vertex 60.307 45.3223 3.79999
    endloop
  endfacet
  facet normal 0 0 1
    outer loop
      vertex 60.4285 45.2805 3.79999
      vertex 60.6831 45.0452 3.79999
      vertex 60.6531 45.0952 3.79999
    endloop
  endfacet
  facet normal 0 0 1
    outer loop
      vertex 60.7432 44.6143 3.79999
      vertex 60.3059 44.1367 3.79999
      vertex 60.7328 44.558 3.79999
    endloop
  endfacet
  facet normal 0 0 1
    outer loop
      vertex 60.7328 44.558 3.79999
      vertex 60.3059 44.1367 3.79999
      vertex 60.7183 44.5047 3.79999
    endloop
  endfacet
  facet normal 0 0 1
    outer loop
      vertex 60.4285 45.2805 3.79999
      vertex 60.6531 45.0952 3.79999
      vertex 60.6175 45.1413 3.79999
    endloop
  endfacet
  facet normal 0 0 1
    outer loop
      vertex 60.6768 44.4073 3.79999
      vertex 60.3059 44.1367 3.79999
      vertex 60.6498 44.3631 3.79999
    endloop
  endfacet
  facet normal 0 0 1
    outer loop
      vertex 60.4285 45.2805 3.79999
      vertex 60.6175 45.1413 3.79999
      vertex 60.577 45.183 3.79999
    endloop
  endfacet
  facet normal 0 0 1
    outer loop
      vertex 60.7269 44.9334 3.79999
      vertex 60.4285 45.2805 3.79999
      vertex 60.37 45.3037 3.79999
    endloop
  endfacet
  facet normal 0 0 1
    outer loop
      vertex 60.4825 45.2527 3.79999
      vertex 60.577 45.183 3.79999
      vertex 60.532 45.2202 3.79999
    endloop
  endfacet
  facet normal 0 0 1
    outer loop
      vertex 60.4285 45.2805 3.79999
      vertex 60.577 45.183 3.79999
      vertex 60.4825 45.2527 3.79999
    endloop
  endfacet
  facet normal 0 0 1
    outer loop
      vertex 60.6498 44.3631 3.79999
      vertex 60.3059 44.1367 3.79999
      vertex 60.6191 44.3223 3.79999
    endloop
  endfacet
  facet normal 0 0 1
    outer loop
      vertex 60.6191 44.3223 3.79999
      vertex 60.3059 44.1367 3.79999
      vertex 60.5853 44.2851 3.79999
    endloop
  endfacet
  facet normal 0 0 1
    outer loop
      vertex 60.5483 44.2515 3.79999
      vertex 60.4647 44.195 3.79999
      vertex 60.5081 44.2214 3.79999
    endloop
  endfacet
  facet normal 0 0 1
    outer loop
      vertex 60.5483 44.2515 3.79999
      vertex 60.4181 44.1722 3.79999
      vertex 60.4647 44.195 3.79999
    endloop
  endfacet
  facet normal 0 0 1
    outer loop
      vertex 60.5853 44.2851 3.79999
      vertex 60.3059 44.1367 3.79999
      vertex 60.5483 44.2515 3.79999
    endloop
  endfacet
  facet normal 0 0 1
    outer loop
      vertex 60.5483 44.2515 3.79999
      vertex 60.3059 44.1367 3.79999
      vertex 60.4181 44.1722 3.79999
    endloop
  endfacet
  facet normal 0 0 1
    outer loop
      vertex 60.7183 44.5047 3.79999
      vertex 60.3059 44.1367 3.79999
      vertex 60.6996 44.4545 3.79999
    endloop
  endfacet
  facet normal 0 0 1
    outer loop
      vertex 60.4181 44.1722 3.79999
      vertex 60.3059 44.1367 3.79999
      vertex 60.3683 44.1529 3.79999
    endloop
  endfacet
  facet normal 0 0 1
    outer loop
      vertex 60.1947 45.3408 3.79999
      vertex 60.307 45.3223 3.79999
      vertex 60.2395 45.3363 3.79999
    endloop
  endfacet
  facet normal 0 0 1
    outer loop
      vertex 60.6996 44.4545 3.79999
      vertex 60.3059 44.1367 3.79999
      vertex 60.6768 44.4073 3.79999
    endloop
  endfacet
  facet normal 0 -0 1
    outer loop
      vertex 60.3059 44.1367 3.79999
      vertex 60.7432 44.6143 3.79999
      vertex 60.2214 44.123 3.79999
    endloop
  endfacet
  facet normal 0 0 1
    outer loop
      vertex 60.1299 45.3446 3.79999
      vertex 60.2214 44.123 3.79999
      vertex 60.1947 45.3408 3.79999
    endloop
  endfacet
  facet normal 0 0 1
    outer loop
      vertex 60.1299 45.3446 3.79999
      vertex 60.1147 44.1118 3.79999
      vertex 60.2214 44.123 3.79999
    endloop
  endfacet
  facet normal 0 0 1
    outer loop
      vertex 60.0452 45.3477 3.79999
      vertex 60.1147 44.1118 3.79999
      vertex 60.1299 45.3446 3.79999
    endloop
  endfacet
  facet normal 0 0 1
    outer loop
      vertex 60.0452 45.3477 3.79999
      vertex 59.9858 44.1031 3.79999
      vertex 60.1147 44.1118 3.79999
    endloop
  endfacet
  facet normal 0 0 1
    outer loop
      vertex 59.9406 45.3501 3.79999
      vertex 59.9858 44.1031 3.79999
      vertex 60.0452 45.3477 3.79999
    endloop
  endfacet
  facet normal 0 0 1
    outer loop
      vertex 59.9406 45.3501 3.79999
      vertex 59.8348 44.0969 3.79999
      vertex 59.9858 44.1031 3.79999
    endloop
  endfacet
  facet normal 0 0 1
    outer loop
      vertex 59.816 45.3518 3.79999
      vertex 59.8348 44.0969 3.79999
      vertex 59.9406 45.3501 3.79999
    endloop
  endfacet
  facet normal 0 0 1
    outer loop
      vertex 59.6715 45.3529 3.79999
      vertex 59.8348 44.0969 3.79999
      vertex 59.816 45.3518 3.79999
    endloop
  endfacet
  facet normal 0 0 1
    outer loop
      vertex 59.6715 45.3529 3.79999
      vertex 59.6617 44.0931 3.79999
      vertex 59.8348 44.0969 3.79999
    endloop
  endfacet
  facet normal 0 0 1
    outer loop
      vertex 59.5071 45.3532 3.79999
      vertex 59.6617 44.0931 3.79999
      vertex 59.6715 45.3529 3.79999
    endloop
  endfacet
  facet normal 0 0 1
    outer loop
      vertex 59.5071 45.3532 3.79999
      vertex 59.4665 44.0919 3.79999
      vertex 59.6617 44.0931 3.79999
    endloop
  endfacet
  facet normal -0 0 1
    outer loop
      vertex 58.7239 45.3532 3.79999
      vertex 59.4665 44.0919 3.79999
      vertex 59.5071 45.3532 3.79999
    endloop
  endfacet
  facet normal 0 0 1
    outer loop
      vertex 59.4665 44.0919 3.79999
      vertex 58.7239 45.3532 3.79999
      vertex 58.7239 44.0919 3.79999
    endloop
  endfacet
  facet normal 0 0 1
    outer loop
      vertex 63.4451 43.7121 3.79999
      vertex 66.1949 43.7257 3.79999
      vertex 66.1872 43.961 3.79999
    endloop
  endfacet
  facet normal 0 0 1
    outer loop
      vertex 63.4528 43.9484 3.79999
      vertex 66.1872 43.961 3.79999
      vertex 66.1643 44.1785 3.79999
    endloop
  endfacet
  facet normal 0 0 1
    outer loop
      vertex 66.1949 43.7257 3.79999
      vertex 63.4451 43.7121 3.79999
      vertex 66.187 43.4875 3.79999
    endloop
  endfacet
  facet normal 0 0 1
    outer loop
      vertex 63.4761 44.167 3.79999
      vertex 66.1643 44.1785 3.79999
      vertex 66.1261 44.3784 3.79999
    endloop
  endfacet
  facet normal 0 -0 1
    outer loop
      vertex 63.4531 43.4793 3.79999
      vertex 66.187 43.4875 3.79999
      vertex 63.4451 43.7121 3.79999
    endloop
  endfacet
  facet normal 0 0 1
    outer loop
      vertex 63.5148 44.368 3.79999
      vertex 66.1261 44.3784 3.79999
      vertex 66.0726 44.5605 3.79999
    endloop
  endfacet
  facet normal 0 0 1
    outer loop
      vertex 66.187 43.4875 3.79999
      vertex 63.4531 43.4793 3.79999
      vertex 66.1635 43.267 3.79999
    endloop
  endfacet
  facet normal 0 0 1
    outer loop
      vertex 64.9974 45.4124 3.79999
      vertex 66.0726 44.5605 3.79999
      vertex 66.0037 44.7249 3.79999
    endloop
  endfacet
  facet normal 0 -0 1
    outer loop
      vertex 63.4769 43.2631 3.79999
      vertex 66.1635 43.267 3.79999
      vertex 63.4531 43.4793 3.79999
    endloop
  endfacet
  facet normal 0 0 1
    outer loop
      vertex 65.1596 45.3867 3.79999
      vertex 66.0037 44.7249 3.79999
      vertex 65.9196 44.8716 3.79999
    endloop
  endfacet
  facet normal 0 0 1
    outer loop
      vertex 66.1635 43.267 3.79999
      vertex 63.4769 43.2631 3.79999
      vertex 66.1242 43.064 3.79999
    endloop
  endfacet
  facet normal 0 0 1
    outer loop
      vertex 65.1596 45.3867 3.79999
      vertex 65.9196 44.8716 3.79999
      vertex 65.8202 45.0006 3.79999
    endloop
  endfacet
  facet normal 0 -0 1
    outer loop
      vertex 63.5167 43.0635 3.79999
      vertex 66.1242 43.064 3.79999
      vertex 63.4769 43.2631 3.79999
    endloop
  endfacet
  facet normal 0 0 1
    outer loop
      vertex 65.1596 45.3867 3.79999
      vertex 65.8202 45.0006 3.79999
      vertex 65.7082 45.1121 3.79999
    endloop
  endfacet
  facet normal 0 0 1
    outer loop
      vertex 66.1242 43.064 3.79999
      vertex 63.5167 43.0635 3.79999
      vertex 66.0692 42.8787 3.79999
    endloop
  endfacet
  facet normal 0 0 1
    outer loop
      vertex 65.1596 45.3867 3.79999
      vertex 65.7082 45.1121 3.79999
      vertex 65.5861 45.2065 3.79999
    endloop
  endfacet
  facet normal -0 -0 1
    outer loop
      vertex 63.5724 42.8807 3.79999
      vertex 66.0692 42.8787 3.79999
      vertex 63.5167 43.0635 3.79999
    endloop
  endfacet
  facet normal 0 0 1
    outer loop
      vertex 65.1596 45.3867 3.79999
      vertex 65.5861 45.2065 3.79999
      vertex 65.454 45.2837 3.79999
    endloop
  endfacet
  facet normal 0 -0 1
    outer loop
      vertex 64.8251 41.9965 3.79999
      vertex 66.0692 42.8787 3.79999
      vertex 63.5724 42.8807 3.79999
    endloop
  endfacet
  facet normal 0 0 1
    outer loop
      vertex 65.1596 45.3867 3.79999
      vertex 65.454 45.2837 3.79999
      vertex 65.3118 45.3438 3.79999
    endloop
  endfacet
  facet normal 0 0 1
    outer loop
      vertex 66.0692 42.8787 3.79999
      vertex 64.8251 41.9965 3.79999
      vertex 65.9985 42.7111 3.79999
    endloop
  endfacet
  facet normal 0 0 1
    outer loop
      vertex 66.0037 44.7249 3.79999
      vertex 65.1596 45.3867 3.79999
      vertex 64.9974 45.4124 3.79999
    endloop
  endfacet
  facet normal 0 -0 1
    outer loop
      vertex 64.9922 42.0053 3.79999
      vertex 65.9985 42.7111 3.79999
      vertex 64.8251 41.9965 3.79999
    endloop
  endfacet
  facet normal 0 0 1
    outer loop
      vertex 66.0726 44.5605 3.79999
      vertex 64.9974 45.4124 3.79999
      vertex 64.8251 45.421 3.79999
    endloop
  endfacet
  facet normal 0 0 1
    outer loop
      vertex 65.9121 42.5611 3.79999
      vertex 64.9922 42.0053 3.79999
      vertex 65.8101 42.4288 3.79999
    endloop
  endfacet
  facet normal 0 0 1
    outer loop
      vertex 66.0726 44.5605 3.79999
      vertex 64.8251 45.421 3.79999
      vertex 63.5148 44.368 3.79999
    endloop
  endfacet
  facet normal 0 0 1
    outer loop
      vertex 65.8101 42.4288 3.79999
      vertex 64.9922 42.0053 3.79999
      vertex 65.6957 42.3141 3.79999
    endloop
  endfacet
  facet normal 0 0 1
    outer loop
      vertex 65.6957 42.3141 3.79999
      vertex 64.9922 42.0053 3.79999
      vertex 65.5726 42.2171 3.79999
    endloop
  endfacet
  facet normal 0 0 1
    outer loop
      vertex 63.5691 44.5513 3.79999
      vertex 64.8251 45.421 3.79999
      vertex 64.6527 45.4123 3.79999
    endloop
  endfacet
  facet normal 0 0 1
    outer loop
      vertex 65.4407 42.1377 3.79999
      vertex 65.1505 42.0318 3.79999
      vertex 65.2999 42.0759 3.79999
    endloop
  endfacet
  facet normal 0 0 1
    outer loop
      vertex 63.5691 44.5513 3.79999
      vertex 64.6527 45.4123 3.79999
      vertex 64.4902 45.3863 3.79999
    endloop
  endfacet
  facet normal 0 0 1
    outer loop
      vertex 65.4407 42.1377 3.79999
      vertex 64.9922 42.0053 3.79999
      vertex 65.1505 42.0318 3.79999
    endloop
  endfacet
  facet normal 0 0 1
    outer loop
      vertex 63.6388 44.717 3.79999
      vertex 64.4902 45.3863 3.79999
      vertex 64.3375 45.3429 3.79999
    endloop
  endfacet
  facet normal 0 0 1
    outer loop
      vertex 65.5726 42.2171 3.79999
      vertex 64.9922 42.0053 3.79999
      vertex 65.4407 42.1377 3.79999
    endloop
  endfacet
  facet normal 0 0 1
    outer loop
      vertex 63.6388 44.717 3.79999
      vertex 64.3375 45.3429 3.79999
      vertex 64.1946 45.2821 3.79999
    endloop
  endfacet
  facet normal 0 0 1
    outer loop
      vertex 65.9985 42.7111 3.79999
      vertex 64.9922 42.0053 3.79999
      vertex 65.9121 42.5611 3.79999
    endloop
  endfacet
  facet normal 0 0 1
    outer loop
      vertex 63.6388 44.717 3.79999
      vertex 64.1946 45.2821 3.79999
      vertex 64.0615 45.2039 3.79999
    endloop
  endfacet
  facet normal 0 0 1
    outer loop
      vertex 64.8251 41.9965 3.79999
      vertex 63.5724 42.8807 3.79999
      vertex 64.6579 42.0054 3.79999
    endloop
  endfacet
  facet normal 0 0 1
    outer loop
      vertex 63.6388 44.717 3.79999
      vertex 64.0615 45.2039 3.79999
      vertex 63.9383 45.1084 3.79999
    endloop
  endfacet
  facet normal 0 0 1
    outer loop
      vertex 64.6579 42.0054 3.79999
      vertex 63.5724 42.8807 3.79999
      vertex 64.4993 42.0321 3.79999
    endloop
  endfacet
  facet normal 0 0 1
    outer loop
      vertex 63.6388 44.717 3.79999
      vertex 63.9383 45.1084 3.79999
      vertex 63.8249 44.9955 3.79999
    endloop
  endfacet
  facet normal 0 0 1
    outer loop
      vertex 64.4993 42.0321 3.79999
      vertex 63.5724 42.8807 3.79999
      vertex 64.3493 42.0765 3.79999
    endloop
  endfacet
  facet normal 0 0 1
    outer loop
      vertex 63.6388 44.717 3.79999
      vertex 63.8249 44.9955 3.79999
      vertex 63.7241 44.8651 3.79999
    endloop
  endfacet
  facet normal 0 0 1
    outer loop
      vertex 64.3493 42.0765 3.79999
      vertex 63.5724 42.8807 3.79999
      vertex 64.2078 42.1388 3.79999
    endloop
  endfacet
  facet normal 0 0 1
    outer loop
      vertex 64.4902 45.3863 3.79999
      vertex 63.6388 44.717 3.79999
      vertex 63.5691 44.5513 3.79999
    endloop
  endfacet
  facet normal 0 0 1
    outer loop
      vertex 64.2078 42.1388 3.79999
      vertex 63.5724 42.8807 3.79999
      vertex 64.075 42.2188 3.79999
    endloop
  endfacet
  facet normal 0 0 1
    outer loop
      vertex 64.8251 45.421 3.79999
      vertex 63.5691 44.5513 3.79999
      vertex 63.5148 44.368 3.79999
    endloop
  endfacet
  facet normal 0 0 1
    outer loop
      vertex 64.075 42.2188 3.79999
      vertex 63.5724 42.8807 3.79999
      vertex 63.9507 42.3166 3.79999
    endloop
  endfacet
  facet normal 0 0 1
    outer loop
      vertex 66.1261 44.3784 3.79999
      vertex 63.5148 44.368 3.79999
      vertex 63.4761 44.167 3.79999
    endloop
  endfacet
  facet normal 0 0 1
    outer loop
      vertex 63.9507 42.3166 3.79999
      vertex 63.5724 42.8807 3.79999
      vertex 63.835 42.4322 3.79999
    endloop
  endfacet
  facet normal 0 0 1
    outer loop
      vertex 66.1643 44.1785 3.79999
      vertex 63.4761 44.167 3.79999
      vertex 63.4528 43.9484 3.79999
    endloop
  endfacet
  facet normal 0 0 1
    outer loop
      vertex 63.7315 42.565 3.79999
      vertex 63.5724 42.8807 3.79999
      vertex 63.644 42.7145 3.79999
    endloop
  endfacet
  facet normal 0 0 1
    outer loop
      vertex 66.1872 43.961 3.79999
      vertex 63.4528 43.9484 3.79999
      vertex 63.4451 43.7121 3.79999
    endloop
  endfacet
  facet normal 0 0 1
    outer loop
      vertex 63.835 42.4322 3.79999
      vertex 63.5724 42.8807 3.79999
      vertex 63.7315 42.565 3.79999
    endloop
  endfacet
  facet normal 0 -0.707104 -0.707109
    outer loop
      vertex 0 35.75 0
      vertex 126.95 34.35 1.39999
      vertex 0 34.35 1.39999
    endloop
  endfacet
  facet normal 0 -0.707104 -0.707109
    outer loop
      vertex 126.95 34.35 1.39999
      vertex 0 35.75 0
      vertex 126.95 35.75 0
    endloop
  endfacet
  facet normal 0 -0.707107 0.707107
    outer loop
      vertex 0 34.35 2.39999
      vertex 126.95 35.75 3.79999
      vertex 0 35.75 3.79999
    endloop
  endfacet
  facet normal 0 -0.707107 0.707107
    outer loop
      vertex 126.95 35.75 3.79999
      vertex 0 34.35 2.39999
      vertex 126.95 34.35 2.39999
    endloop
  endfacet
  facet normal 1 0 0
    outer loop
      vertex 126.95 51.55 3.79999
      vertex 126.95 52.95 1.39999
      vertex 126.95 52.95 2.39999
    endloop
  endfacet
  facet normal 1 0 0
    outer loop
      vertex 126.95 51.55 3.79999
      vertex 126.95 51.55 0
      vertex 126.95 52.95 1.39999
    endloop
  endfacet
  facet normal 1 -0 0
    outer loop
      vertex 126.95 35.75 3.79999
      vertex 126.95 51.55 0
      vertex 126.95 51.55 3.79999
    endloop
  endfacet
  facet normal 1 0 0
    outer loop
      vertex 126.95 35.75 3.79999
      vertex 126.95 35.75 0
      vertex 126.95 51.55 0
    endloop
  endfacet
  facet normal 1 -0 0
    outer loop
      vertex 126.95 34.35 2.39999
      vertex 126.95 35.75 0
      vertex 126.95 35.75 3.79999
    endloop
  endfacet
  facet normal 1 0 0
    outer loop
      vertex 126.95 35.75 0
      vertex 126.95 34.35 2.39999
      vertex 126.95 34.35 1.39999
    endloop
  endfacet
  facet normal 0 0 -1
    outer loop
      vertex 0 35.75 0
      vertex 126.95 51.55 0
      vertex 126.95 35.75 0
    endloop
  endfacet
  facet normal -0 0 -1
    outer loop
      vertex 126.95 51.55 0
      vertex 0 35.75 0
      vertex 0 51.55 0
    endloop
  endfacet
  facet normal 0 1 0
    outer loop
      vertex 117.799 37.5 3.79999
      vertex 116.95 37.5 2.95147
      vertex 116.101 37.5 3.79999
    endloop
  endfacet
  facet normal 0 -1 0
    outer loop
      vertex 116.95 49.8 2.95147
      vertex 117.799 49.8 3.79999
      vertex 116.101 49.8 3.79999
    endloop
  endfacet
  facet normal 0.706907 -0 0.707307
    outer loop
      vertex 116.101 37.5 3.79999
      vertex 116.95 49.8 2.95147
      vertex 116.101 49.8 3.79999
    endloop
  endfacet
  facet normal 0.706907 0 0.707307
    outer loop
      vertex 116.95 49.8 2.95147
      vertex 116.101 37.5 3.79999
      vertex 116.95 37.5 2.95147
    endloop
  endfacet
  facet normal -0.706907 0 0.707307
    outer loop
      vertex 116.95 49.8 2.95147
      vertex 117.799 37.5 3.79999
      vertex 117.799 49.8 3.79999
    endloop
  endfacet
  facet normal -0.706907 0 0.707307
    outer loop
      vertex 117.799 37.5 3.79999
      vertex 116.95 49.8 2.95147
      vertex 116.95 37.5 2.95147
    endloop
  endfacet
  facet normal 0 1 0
    outer loop
      vertex 113.799 37.5 3.79999
      vertex 112.95 37.5 2.95147
      vertex 112.101 37.5 3.79999
    endloop
  endfacet
  facet normal 0 -1 0
    outer loop
      vertex 112.95 49.8 2.95147
      vertex 113.799 49.8 3.79999
      vertex 112.101 49.8 3.79999
    endloop
  endfacet
  facet normal 0.706907 -0 0.707307
    outer loop
      vertex 112.101 37.5 3.79999
      vertex 112.95 49.8 2.95147
      vertex 112.101 49.8 3.79999
    endloop
  endfacet
  facet normal 0.706907 0 0.707307
    outer loop
      vertex 112.95 49.8 2.95147
      vertex 112.101 37.5 3.79999
      vertex 112.95 37.5 2.95147
    endloop
  endfacet
  facet normal -0.706907 0 0.707307
    outer loop
      vertex 112.95 49.8 2.95147
      vertex 113.799 37.5 3.79999
      vertex 113.799 49.8 3.79999
    endloop
  endfacet
  facet normal -0.706907 0 0.707307
    outer loop
      vertex 113.799 37.5 3.79999
      vertex 112.95 49.8 2.95147
      vertex 112.95 37.5 2.95147
    endloop
  endfacet
  facet normal 0 1 0
    outer loop
      vertex 109.799 37.5 3.79999
      vertex 108.95 37.5 2.95147
      vertex 108.101 37.5 3.79999
    endloop
  endfacet
  facet normal 0 -1 0
    outer loop
      vertex 108.95 49.8 2.95147
      vertex 109.799 49.8 3.79999
      vertex 108.101 49.8 3.79999
    endloop
  endfacet
  facet normal 0.706907 -0 0.707307
    outer loop
      vertex 108.101 37.5 3.79999
      vertex 108.95 49.8 2.95147
      vertex 108.101 49.8 3.79999
    endloop
  endfacet
  facet normal 0.706907 0 0.707307
    outer loop
      vertex 108.95 49.8 2.95147
      vertex 108.101 37.5 3.79999
      vertex 108.95 37.5 2.95147
    endloop
  endfacet
  facet normal -0.706907 0 0.707307
    outer loop
      vertex 108.95 49.8 2.95147
      vertex 109.799 37.5 3.79999
      vertex 109.799 49.8 3.79999
    endloop
  endfacet
  facet normal -0.706907 0 0.707307
    outer loop
      vertex 109.799 37.5 3.79999
      vertex 108.95 49.8 2.95147
      vertex 108.95 37.5 2.95147
    endloop
  endfacet
  facet normal 0 1 0
    outer loop
      vertex 105.799 37.5 3.79999
      vertex 104.95 37.5 2.95147
      vertex 104.101 37.5 3.79999
    endloop
  endfacet
  facet normal 0 -1 0
    outer loop
      vertex 104.95 49.8 2.95147
      vertex 105.799 49.8 3.79999
      vertex 104.101 49.8 3.79999
    endloop
  endfacet
  facet normal 0.706907 -0 0.707307
    outer loop
      vertex 104.101 37.5 3.79999
      vertex 104.95 49.8 2.95147
      vertex 104.101 49.8 3.79999
    endloop
  endfacet
  facet normal 0.706907 0 0.707307
    outer loop
      vertex 104.95 49.8 2.95147
      vertex 104.101 37.5 3.79999
      vertex 104.95 37.5 2.95147
    endloop
  endfacet
  facet normal -0.706907 0 0.707307
    outer loop
      vertex 104.95 49.8 2.95147
      vertex 105.799 37.5 3.79999
      vertex 105.799 49.8 3.79999
    endloop
  endfacet
  facet normal -0.706907 0 0.707307
    outer loop
      vertex 105.799 37.5 3.79999
      vertex 104.95 49.8 2.95147
      vertex 104.95 37.5 2.95147
    endloop
  endfacet
  facet normal 0 1 0
    outer loop
      vertex 101.799 37.5 3.79999
      vertex 100.95 37.5 2.95147
      vertex 100.101 37.5 3.79999
    endloop
  endfacet
  facet normal 0 -1 0
    outer loop
      vertex 100.95 49.8 2.95147
      vertex 101.799 49.8 3.79999
      vertex 100.101 49.8 3.79999
    endloop
  endfacet
  facet normal 0.706907 -0 0.707307
    outer loop
      vertex 100.101 37.5 3.79999
      vertex 100.95 49.8 2.95147
      vertex 100.101 49.8 3.79999
    endloop
  endfacet
  facet normal 0.706907 0 0.707307
    outer loop
      vertex 100.95 49.8 2.95147
      vertex 100.101 37.5 3.79999
      vertex 100.95 37.5 2.95147
    endloop
  endfacet
  facet normal -0.706907 0 0.707307
    outer loop
      vertex 100.95 49.8 2.95147
      vertex 101.799 37.5 3.79999
      vertex 101.799 49.8 3.79999
    endloop
  endfacet
  facet normal -0.706907 0 0.707307
    outer loop
      vertex 101.799 37.5 3.79999
      vertex 100.95 49.8 2.95147
      vertex 100.95 37.5 2.95147
    endloop
  endfacet
  facet normal 0 0 1
    outer loop
      vertex 46.0241 44.7325 3.4
      vertex 47.0046 45.0071 3.4
      vertex 46.9392 45.1846 3.4
    endloop
  endfacet
  facet normal 0 0 1
    outer loop
      vertex 45.9828 44.8277 3.4
      vertex 46.9392 45.1846 3.4
      vertex 46.8587 45.35 3.4
    endloop
  endfacet
  facet normal 0 0 1
    outer loop
      vertex 45.9339 44.9165 3.4
      vertex 46.8587 45.35 3.4
      vertex 46.763 45.5033 3.4
    endloop
  endfacet
  facet normal 0 0 1
    outer loop
      vertex 45.8774 44.9991 3.4
      vertex 46.763 45.5033 3.4
      vertex 46.6522 45.6445 3.4
    endloop
  endfacet
  facet normal 0 0 1
    outer loop
      vertex 45.8774 44.9991 3.4
      vertex 46.6522 45.6445 3.4
      vertex 46.5262 45.7736 3.4
    endloop
  endfacet
  facet normal 0 0 1
    outer loop
      vertex 45.8135 45.0754 3.4
      vertex 46.5262 45.7736 3.4
      vertex 46.3851 45.8906 3.4
    endloop
  endfacet
  facet normal 0 0 1
    outer loop
      vertex 45.742 45.1454 3.4
      vertex 46.3851 45.8906 3.4
      vertex 46.2281 45.9936 3.4
    endloop
  endfacet
  facet normal 0 0 1
    outer loop
      vertex 46.8587 45.35 3.4
      vertex 45.9339 44.9165 3.4
      vertex 45.9828 44.8277 3.4
    endloop
  endfacet
  facet normal 0 0 1
    outer loop
      vertex 45.6629 45.2091 3.4
      vertex 46.2281 45.9936 3.4
      vertex 46.0546 46.0807 3.4
    endloop
  endfacet
  facet normal 0 0 1
    outer loop
      vertex 47.0046 45.0071 3.4
      vertex 46.0579 44.631 3.4
      vertex 47.0548 44.8175 3.4
    endloop
  endfacet
  facet normal 0 -0 1
    outer loop
      vertex 46.0579 44.631 3.4
      vertex 47.0046 45.0071 3.4
      vertex 46.0241 44.7325 3.4
    endloop
  endfacet
  facet normal 0 0 1
    outer loop
      vertex 46.9392 45.1846 3.4
      vertex 45.9828 44.8277 3.4
      vertex 46.0241 44.7325 3.4
    endloop
  endfacet
  facet normal 0 0 1
    outer loop
      vertex 46.763 45.5033 3.4
      vertex 45.8774 44.9991 3.4
      vertex 45.9339 44.9165 3.4
    endloop
  endfacet
  facet normal 0 0 1
    outer loop
      vertex 45.5771 45.2653 3.4
      vertex 46.0546 46.0807 3.4
      vertex 45.8646 46.1521 3.4
    endloop
  endfacet
  facet normal 0 0 1
    outer loop
      vertex 46.5262 45.7736 3.4
      vertex 45.8135 45.0754 3.4
      vertex 45.8774 44.9991 3.4
    endloop
  endfacet
  facet normal 0 0 1
    outer loop
      vertex 46.3851 45.8906 3.4
      vertex 45.742 45.1454 3.4
      vertex 45.8135 45.0754 3.4
    endloop
  endfacet
  facet normal 0 0 1
    outer loop
      vertex 46.2281 45.9936 3.4
      vertex 45.6629 45.2091 3.4
      vertex 45.742 45.1454 3.4
    endloop
  endfacet
  facet normal 0 0 1
    outer loop
      vertex 45.4855 45.3129 3.4
      vertex 45.8646 46.1521 3.4
      vertex 45.658 46.2075 3.4
    endloop
  endfacet
  facet normal 0 0 1
    outer loop
      vertex 46.0546 46.0807 3.4
      vertex 45.5771 45.2653 3.4
      vertex 45.6629 45.2091 3.4
    endloop
  endfacet
  facet normal 0 0 1
    outer loop
      vertex 45.8646 46.1521 3.4
      vertex 45.4855 45.3129 3.4
      vertex 45.5771 45.2653 3.4
    endloop
  endfacet
  facet normal 0 0 1
    outer loop
      vertex 45.388 45.3518 3.4
      vertex 45.658 46.2075 3.4
      vertex 45.4349 46.2471 3.4
    endloop
  endfacet
  facet normal 0 0 1
    outer loop
      vertex 45.658 46.2075 3.4
      vertex 45.388 45.3518 3.4
      vertex 45.4855 45.3129 3.4
    endloop
  endfacet
  facet normal 0 0 1
    outer loop
      vertex 45.4349 46.2471 3.4
      vertex 45.2845 45.3821 3.4
      vertex 45.388 45.3518 3.4
    endloop
  endfacet
  facet normal 0 0 1
    outer loop
      vertex 45.1753 45.4037 3.4
      vertex 45.4349 46.2471 3.4
      vertex 45.1952 46.2709 3.4
    endloop
  endfacet
  facet normal 0 0 1
    outer loop
      vertex 45.4349 46.2471 3.4
      vertex 45.1753 45.4037 3.4
      vertex 45.2845 45.3821 3.4
    endloop
  endfacet
  facet normal 0 0 1
    outer loop
      vertex 45.1952 46.2709 3.4
      vertex 45.0601 45.4167 3.4
      vertex 45.1753 45.4037 3.4
    endloop
  endfacet
  facet normal 0 0 1
    outer loop
      vertex 44.939 46.2788 3.4
      vertex 45.0601 45.4167 3.4
      vertex 45.1952 46.2709 3.4
    endloop
  endfacet
  facet normal 0 0 1
    outer loop
      vertex 44.939 46.2788 3.4
      vertex 44.939 45.421 3.4
      vertex 45.0601 45.4167 3.4
    endloop
  endfacet
  facet normal -0 0 1
    outer loop
      vertex 44.7403 46.2738 3.4
      vertex 44.939 45.421 3.4
      vertex 44.939 46.2788 3.4
    endloop
  endfacet
  facet normal 0 0 1
    outer loop
      vertex 44.939 45.421 3.4
      vertex 44.7403 46.2738 3.4
      vertex 44.7566 45.4125 3.4
    endloop
  endfacet
  facet normal -0 0 1
    outer loop
      vertex 44.5512 46.2586 3.4
      vertex 44.7566 45.4125 3.4
      vertex 44.7403 46.2738 3.4
    endloop
  endfacet
  facet normal 0 0 1
    outer loop
      vertex 44.7566 45.4125 3.4
      vertex 44.5512 46.2586 3.4
      vertex 44.5852 45.387 3.4
    endloop
  endfacet
  facet normal -0 0 1
    outer loop
      vertex 44.3717 46.2334 3.4
      vertex 44.5852 45.387 3.4
      vertex 44.5512 46.2586 3.4
    endloop
  endfacet
  facet normal 0 0 1
    outer loop
      vertex 44.5852 45.387 3.4
      vertex 44.3717 46.2334 3.4
      vertex 44.4247 45.3444 3.4
    endloop
  endfacet
  facet normal -0 0 1
    outer loop
      vertex 44.2017 46.198 3.4
      vertex 44.4247 45.3444 3.4
      vertex 44.3717 46.2334 3.4
    endloop
  endfacet
  facet normal -0 0 1
    outer loop
      vertex 44.0412 46.1525 3.4
      vertex 44.4247 45.3444 3.4
      vertex 44.2017 46.198 3.4
    endloop
  endfacet
  facet normal 0 0 1
    outer loop
      vertex 44.4247 45.3444 3.4
      vertex 44.0412 46.1525 3.4
      vertex 44.2753 45.2849 3.4
    endloop
  endfacet
  facet normal -0 0 1
    outer loop
      vertex 43.8903 46.097 3.4
      vertex 44.2753 45.2849 3.4
      vertex 44.0412 46.1525 3.4
    endloop
  endfacet
  facet normal -0 0 1
    outer loop
      vertex 43.7489 46.0313 3.4
      vertex 44.2753 45.2849 3.4
      vertex 43.8903 46.097 3.4
    endloop
  endfacet
  facet normal 0 0 1
    outer loop
      vertex 44.2753 45.2849 3.4
      vertex 43.7489 46.0313 3.4
      vertex 44.1369 45.2082 3.4
    endloop
  endfacet
  facet normal -0 0 1
    outer loop
      vertex 43.5759 45.9336 3.4
      vertex 44.1369 45.2082 3.4
      vertex 43.7489 46.0313 3.4
    endloop
  endfacet
  facet normal 0 0 1
    outer loop
      vertex 44.1369 45.2082 3.4
      vertex 43.5759 45.9336 3.4
      vertex 44.0094 45.1146 3.4
    endloop
  endfacet
  facet normal -0 0 1
    outer loop
      vertex 43.4151 45.8243 3.4
      vertex 44.0094 45.1146 3.4
      vertex 43.5759 45.9336 3.4
    endloop
  endfacet
  facet normal -0 0 1
    outer loop
      vertex 43.2667 45.7035 3.4
      vertex 44.0094 45.1146 3.4
      vertex 43.4151 45.8243 3.4
    endloop
  endfacet
  facet normal 0 0 1
    outer loop
      vertex 44.0094 45.1146 3.4
      vertex 43.2667 45.7035 3.4
      vertex 43.893 45.004 3.4
    endloop
  endfacet
  facet normal -0 0 1
    outer loop
      vertex 43.1306 45.5713 3.4
      vertex 43.893 45.004 3.4
      vertex 43.2667 45.7035 3.4
    endloop
  endfacet
  facet normal 0 0 1
    outer loop
      vertex 43.893 45.004 3.4
      vertex 43.1306 45.5713 3.4
      vertex 43.79 44.8766 3.4
    endloop
  endfacet
  facet normal -0 0 1
    outer loop
      vertex 43.0068 45.4276 3.4
      vertex 43.79 44.8766 3.4
      vertex 43.1306 45.5713 3.4
    endloop
  endfacet
  facet normal -0 0 1
    outer loop
      vertex 42.8953 45.2724 3.4
      vertex 43.79 44.8766 3.4
      vertex 43.0068 45.4276 3.4
    endloop
  endfacet
  facet normal 0 0 1
    outer loop
      vertex 43.79 44.8766 3.4
      vertex 42.8953 45.2724 3.4
      vertex 43.7028 44.7327 3.4
    endloop
  endfacet
  facet normal -0 0 1
    outer loop
      vertex 42.7962 45.1057 3.4
      vertex 43.7028 44.7327 3.4
      vertex 42.8953 45.2724 3.4
    endloop
  endfacet
  facet normal 0 0 1
    outer loop
      vertex 43.7028 44.7327 3.4
      vertex 42.7962 45.1057 3.4
      vertex 43.6315 44.5724 3.4
    endloop
  endfacet
  facet normal 0 -0 1
    outer loop
      vertex 42.4945 43.3256 3.4
      vertex 43.5048 43.7664 3.4
      vertex 42.4766 43.5235 3.4
    endloop
  endfacet
  facet normal -0 0 1
    outer loop
      vertex 42.7098 44.9297 3.4
      vertex 43.6315 44.5724 3.4
      vertex 42.7962 45.1057 3.4
    endloop
  endfacet
  facet normal 0 -0 1
    outer loop
      vertex 42.5242 43.1321 3.4
      vertex 43.5048 43.7664 3.4
      vertex 42.4945 43.3256 3.4
    endloop
  endfacet
  facet normal -0 0 1
    outer loop
      vertex 42.6367 44.7467 3.4
      vertex 43.6315 44.5724 3.4
      vertex 42.7098 44.9297 3.4
    endloop
  endfacet
  facet normal 0 -0 1
    outer loop
      vertex 42.5659 42.943 3.4
      vertex 43.5048 43.7664 3.4
      vertex 42.5242 43.1321 3.4
    endloop
  endfacet
  facet normal 0 0 1
    outer loop
      vertex 43.6315 44.5724 3.4
      vertex 42.6367 44.7467 3.4
      vertex 43.5761 44.3956 3.4
    endloop
  endfacet
  facet normal 0 -0 1
    outer loop
      vertex 42.6194 42.7582 3.4
      vertex 43.5048 43.7664 3.4
      vertex 42.5659 42.943 3.4
    endloop
  endfacet
  facet normal -0 0 1
    outer loop
      vertex 42.5769 44.5566 3.4
      vertex 43.5761 44.3956 3.4
      vertex 42.6367 44.7467 3.4
    endloop
  endfacet
  facet normal 0 -0 1
    outer loop
      vertex 42.7622 42.4017 3.4
      vertex 43.5048 43.7664 3.4
      vertex 42.6849 42.5778 3.4
    endloop
  endfacet
  facet normal 0 0 1
    outer loop
      vertex 43.5761 44.3956 3.4
      vertex 42.5769 44.5566 3.4
      vertex 43.5365 44.2023 3.4
    endloop
  endfacet
  facet normal 0 0 1
    outer loop
      vertex 43.5048 43.7664 3.4
      vertex 42.8514 42.2336 3.4
      vertex 42.9524 42.0769 3.4
    endloop
  endfacet
  facet normal -0 0 1
    outer loop
      vertex 42.5304 44.3595 3.4
      vertex 43.5365 44.2023 3.4
      vertex 42.5769 44.5566 3.4
    endloop
  endfacet
  facet normal 0 0 1
    outer loop
      vertex 43.5048 43.7664 3.4
      vertex 42.7622 42.4017 3.4
      vertex 42.8514 42.2336 3.4
    endloop
  endfacet
  facet normal 0 0 1
    outer loop
      vertex 42.4972 44.1553 3.4
      vertex 43.5365 44.2023 3.4
      vertex 42.5304 44.3595 3.4
    endloop
  endfacet
  facet normal 0 0 1
    outer loop
      vertex 43.5048 43.7664 3.4
      vertex 42.9524 42.0769 3.4
      vertex 43.0651 41.9317 3.4
    endloop
  endfacet
  facet normal 0 0 1
    outer loop
      vertex 43.5365 44.2023 3.4
      vertex 42.4972 44.1553 3.4
      vertex 43.5127 43.9926 3.4
    endloop
  endfacet
  facet normal 0 0 1
    outer loop
      vertex 43.5048 43.7664 3.4
      vertex 43.0651 41.9317 3.4
      vertex 43.1896 41.798 3.4
    endloop
  endfacet
  facet normal 0 0 1
    outer loop
      vertex 42.4773 43.944 3.4
      vertex 43.5127 43.9926 3.4
      vertex 42.4972 44.1553 3.4
    endloop
  endfacet
  facet normal 0 0 1
    outer loop
      vertex 43.5048 43.7664 3.4
      vertex 43.1896 41.798 3.4
      vertex 43.3258 41.6758 3.4
    endloop
  endfacet
  facet normal 0 0 1
    outer loop
      vertex 43.5127 43.9926 3.4
      vertex 42.4773 43.944 3.4
      vertex 43.5048 43.7664 3.4
    endloop
  endfacet
  facet normal 0 0 1
    outer loop
      vertex 43.5048 43.7664 3.4
      vertex 43.3258 41.6758 3.4
      vertex 43.4738 41.5651 3.4
    endloop
  endfacet
  facet normal 0 0 1
    outer loop
      vertex 43.5048 43.7664 3.4
      vertex 42.4773 43.944 3.4
      vertex 42.4707 43.7257 3.4
    endloop
  endfacet
  facet normal 0 -0 1
    outer loop
      vertex 42.6849 42.5778 3.4
      vertex 43.5048 43.7664 3.4
      vertex 42.6194 42.7582 3.4
    endloop
  endfacet
  facet normal 0 0 1
    outer loop
      vertex 43.5048 43.7664 3.4
      vertex 42.4707 43.7257 3.4
      vertex 42.4766 43.5235 3.4
    endloop
  endfacet
  facet normal -0 0 1
    outer loop
      vertex 46.1054 43.051 3.4
      vertex 47.1192 41.9083 3.4
      vertex 47.1192 43.8885 3.4
    endloop
  endfacet
  facet normal -0 0 1
    outer loop
      vertex 46.1054 42.4203 3.4
      vertex 47.1192 41.9083 3.4
      vertex 46.1054 43.051 3.4
    endloop
  endfacet
  facet normal 0 0 1
    outer loop
      vertex 47.1192 41.9083 3.4
      vertex 46.1054 42.4203 3.4
      vertex 47.0233 41.8227 3.4
    endloop
  endfacet
  facet normal 0 0 1
    outer loop
      vertex 46.9159 41.7399 3.4
      vertex 46.1054 42.4203 3.4
      vertex 46.7969 41.6602 3.4
    endloop
  endfacet
  facet normal 0 0 1
    outer loop
      vertex 46.7969 41.6602 3.4
      vertex 46.1054 42.4203 3.4
      vertex 46.6664 41.5834 3.4
    endloop
  endfacet
  facet normal -0 0 1
    outer loop
      vertex 46.0387 42.371 3.4
      vertex 46.6664 41.5834 3.4
      vertex 46.1054 42.4203 3.4
    endloop
  endfacet
  facet normal 0 0 1
    outer loop
      vertex 46.6664 41.5834 3.4
      vertex 46.0387 42.371 3.4
      vertex 46.5243 41.5096 3.4
    endloop
  endfacet
  facet normal 0 0 1
    outer loop
      vertex 47.0233 41.8227 3.4
      vertex 46.1054 42.4203 3.4
      vertex 46.9159 41.7399 3.4
    endloop
  endfacet
  facet normal -0 0 1
    outer loop
      vertex 44.956 43.8885 3.4
      vertex 46.1054 43.051 3.4
      vertex 47.1192 43.8885 3.4
    endloop
  endfacet
  facet normal 0 0 1
    outer loop
      vertex 46.1054 43.051 3.4
      vertex 44.956 43.8885 3.4
      vertex 44.956 43.051 3.4
    endloop
  endfacet
  facet normal -0 0 1
    outer loop
      vertex 45.9683 42.3239 3.4
      vertex 46.5243 41.5096 3.4
      vertex 46.0387 42.371 3.4
    endloop
  endfacet
  facet normal 0 0 1
    outer loop
      vertex 46.5243 41.5096 3.4
      vertex 45.9683 42.3239 3.4
      vertex 46.3706 41.4388 3.4
    endloop
  endfacet
  facet normal -0 0 1
    outer loop
      vertex 45.8942 42.2789 3.4
      vertex 46.3706 41.4388 3.4
      vertex 45.9683 42.3239 3.4
    endloop
  endfacet
  facet normal 0 0 1
    outer loop
      vertex 46.3706 41.4388 3.4
      vertex 45.8942 42.2789 3.4
      vertex 46.2054 41.3709 3.4
    endloop
  endfacet
  facet normal -0 0 1
    outer loop
      vertex 45.8164 42.236 3.4
      vertex 46.2054 41.3709 3.4
      vertex 45.8942 42.2789 3.4
    endloop
  endfacet
  facet normal -0 0 1
    outer loop
      vertex 45.735 42.1953 3.4
      vertex 46.2054 41.3709 3.4
      vertex 45.8164 42.236 3.4
    endloop
  endfacet
  facet normal 0 0 1
    outer loop
      vertex 46.2054 41.3709 3.4
      vertex 45.735 42.1953 3.4
      vertex 46.0341 41.3093 3.4
    endloop
  endfacet
  facet normal -0 0 1
    outer loop
      vertex 45.6499 42.1567 3.4
      vertex 46.0341 41.3093 3.4
      vertex 45.735 42.1953 3.4
    endloop
  endfacet
  facet normal 0 0 1
    outer loop
      vertex 46.0341 41.3093 3.4
      vertex 45.6499 42.1567 3.4
      vertex 45.8622 41.2572 3.4
    endloop
  endfacet
  facet normal -0 0 1
    outer loop
      vertex 45.5612 42.1202 3.4
      vertex 45.8622 41.2572 3.4
      vertex 45.6499 42.1567 3.4
    endloop
  endfacet
  facet normal 0 0 1
    outer loop
      vertex 45.8622 41.2572 3.4
      vertex 45.5612 42.1202 3.4
      vertex 45.6897 41.2145 3.4
    endloop
  endfacet
  facet normal -0 0 1
    outer loop
      vertex 45.4706 42.0874 3.4
      vertex 45.6897 41.2145 3.4
      vertex 45.5612 42.1202 3.4
    endloop
  endfacet
  facet normal -0 0 1
    outer loop
      vertex 45.3801 42.0596 3.4
      vertex 45.6897 41.2145 3.4
      vertex 45.4706 42.0874 3.4
    endloop
  endfacet
  facet normal 0 0 1
    outer loop
      vertex 45.6897 41.2145 3.4
      vertex 45.3801 42.0596 3.4
      vertex 45.5165 41.1814 3.4
    endloop
  endfacet
  facet normal -0 0 1
    outer loop
      vertex 45.2898 42.0369 3.4
      vertex 45.5165 41.1814 3.4
      vertex 45.3801 42.0596 3.4
    endloop
  endfacet
  facet normal 0 0 1
    outer loop
      vertex 45.5165 41.1814 3.4
      vertex 45.2898 42.0369 3.4
      vertex 45.3427 41.1577 3.4
    endloop
  endfacet
  facet normal -0 0 1
    outer loop
      vertex 45.1994 42.0192 3.4
      vertex 45.3427 41.1577 3.4
      vertex 45.2898 42.0369 3.4
    endloop
  endfacet
  facet normal 0 0 1
    outer loop
      vertex 45.1994 42.0192 3.4
      vertex 45.1683 41.1434 3.4
      vertex 45.3427 41.1577 3.4
    endloop
  endfacet
  facet normal -0 0 1
    outer loop
      vertex 45.1092 42.0066 3.4
      vertex 45.1683 41.1434 3.4
      vertex 45.1994 42.0192 3.4
    endloop
  endfacet
  facet normal -0 0 1
    outer loop
      vertex 45.019 41.999 3.4
      vertex 45.1683 41.1434 3.4
      vertex 45.1092 42.0066 3.4
    endloop
  endfacet
  facet normal 0 0 1
    outer loop
      vertex 45.019 41.999 3.4
      vertex 44.9933 41.1387 3.4
      vertex 45.1683 41.1434 3.4
    endloop
  endfacet
  facet normal -0 0 1
    outer loop
      vertex 44.9289 41.9965 3.4
      vertex 44.9933 41.1387 3.4
      vertex 45.019 41.999 3.4
    endloop
  endfacet
  facet normal 0 0 1
    outer loop
      vertex 44.9289 41.9965 3.4
      vertex 44.7745 41.1454 3.4
      vertex 44.9933 41.1387 3.4
    endloop
  endfacet
  facet normal 0 0 1
    outer loop
      vertex 44.7517 42.0055 3.4
      vertex 44.7745 41.1454 3.4
      vertex 44.9289 41.9965 3.4
    endloop
  endfacet
  facet normal 0 0 1
    outer loop
      vertex 44.564 41.1654 3.4
      vertex 44.7517 42.0055 3.4
      vertex 44.5845 42.0326 3.4
    endloop
  endfacet
  facet normal 0 0 1
    outer loop
      vertex 44.7517 42.0055 3.4
      vertex 44.564 41.1654 3.4
      vertex 44.7745 41.1454 3.4
    endloop
  endfacet
  facet normal 0 0 1
    outer loop
      vertex 44.3616 41.1988 3.4
      vertex 44.5845 42.0326 3.4
      vertex 44.4273 42.0778 3.4
    endloop
  endfacet
  facet normal 0 0 1
    outer loop
      vertex 44.5845 42.0326 3.4
      vertex 44.3616 41.1988 3.4
      vertex 44.564 41.1654 3.4
    endloop
  endfacet
  facet normal 0 0 1
    outer loop
      vertex 43.9813 41.3056 3.4
      vertex 44.4273 42.0778 3.4
      vertex 44.2801 42.141 3.4
    endloop
  endfacet
  facet normal 0 0 1
    outer loop
      vertex 44.4273 42.0778 3.4
      vertex 44.1673 41.2455 3.4
      vertex 44.3616 41.1988 3.4
    endloop
  endfacet
  facet normal 0 0 1
    outer loop
      vertex 43.8034 41.3791 3.4
      vertex 44.2801 42.141 3.4
      vertex 44.1428 42.2222 3.4
    endloop
  endfacet
  facet normal 0 0 1
    outer loop
      vertex 43.6336 41.4659 3.4
      vertex 44.1428 42.2222 3.4
      vertex 44.0154 42.3216 3.4
    endloop
  endfacet
  facet normal 0 0 1
    outer loop
      vertex 44.4273 42.0778 3.4
      vertex 43.9813 41.3056 3.4
      vertex 44.1673 41.2455 3.4
    endloop
  endfacet
  facet normal 0 0 1
    outer loop
      vertex 43.4738 41.5651 3.4
      vertex 44.0154 42.3216 3.4
      vertex 43.8981 42.4389 3.4
    endloop
  endfacet
  facet normal 0 0 1
    outer loop
      vertex 44.2801 42.141 3.4
      vertex 43.8034 41.3791 3.4
      vertex 43.9813 41.3056 3.4
    endloop
  endfacet
  facet normal 0 0 1
    outer loop
      vertex 43.4738 41.5651 3.4
      vertex 43.8981 42.4389 3.4
      vertex 43.7937 42.5744 3.4
    endloop
  endfacet
  facet normal 0 0 1
    outer loop
      vertex 43.4738 41.5651 3.4
      vertex 43.7937 42.5744 3.4
      vertex 43.7054 42.7279 3.4
    endloop
  endfacet
  facet normal 0 0 1
    outer loop
      vertex 44.1428 42.2222 3.4
      vertex 43.6336 41.4659 3.4
      vertex 43.8034 41.3791 3.4
    endloop
  endfacet
  facet normal 0 0 1
    outer loop
      vertex 43.4738 41.5651 3.4
      vertex 43.7054 42.7279 3.4
      vertex 43.6332 42.8995 3.4
    endloop
  endfacet
  facet normal 0 0 1
    outer loop
      vertex 43.4738 41.5651 3.4
      vertex 43.6332 42.8995 3.4
      vertex 43.577 43.0891 3.4
    endloop
  endfacet
  facet normal 0 0 1
    outer loop
      vertex 43.4738 41.5651 3.4
      vertex 43.577 43.0891 3.4
      vertex 43.5369 43.2968 3.4
    endloop
  endfacet
  facet normal 0 0 1
    outer loop
      vertex 43.4738 41.5651 3.4
      vertex 43.5369 43.2968 3.4
      vertex 43.5128 43.5226 3.4
    endloop
  endfacet
  facet normal 0 0 1
    outer loop
      vertex 44.0154 42.3216 3.4
      vertex 43.4738 41.5651 3.4
      vertex 43.6336 41.4659 3.4
    endloop
  endfacet
  facet normal 0 0 1
    outer loop
      vertex 43.4738 41.5651 3.4
      vertex 43.5128 43.5226 3.4
      vertex 43.5048 43.7664 3.4
    endloop
  endfacet
  facet normal 0 0 1
    outer loop
      vertex 52.5232 44.0379 3.4
      vertex 51.4914 43.961 3.4
      vertex 51.4991 43.7257 3.4
    endloop
  endfacet
  facet normal 0 0 1
    outer loop
      vertex 51.8771 45.5973 3.4
      vertex 51.4685 44.1785 3.4
      vertex 51.4914 43.961 3.4
    endloop
  endfacet
  facet normal 0 0 1
    outer loop
      vertex 51.0124 45.1121 3.4
      vertex 51.6797 45.7781 3.4
      vertex 51.4644 45.9311 3.4
    endloop
  endfacet
  facet normal 0 0 1
    outer loop
      vertex 51.8771 45.5973 3.4
      vertex 51.4302 44.3784 3.4
      vertex 51.4685 44.1785 3.4
    endloop
  endfacet
  facet normal 0 0 1
    outer loop
      vertex 51.8771 45.5973 3.4
      vertex 51.3767 44.5605 3.4
      vertex 51.4302 44.3784 3.4
    endloop
  endfacet
  facet normal 0 0 1
    outer loop
      vertex 51.8771 45.5973 3.4
      vertex 51.3079 44.7249 3.4
      vertex 51.3767 44.5605 3.4
    endloop
  endfacet
  facet normal 0 0 1
    outer loop
      vertex 50.8903 45.2065 3.4
      vertex 51.4644 45.9311 3.4
      vertex 51.2312 46.0563 3.4
    endloop
  endfacet
  facet normal 0 0 1
    outer loop
      vertex 51.8771 45.5973 3.4
      vertex 51.2238 44.8716 3.4
      vertex 51.3079 44.7249 3.4
    endloop
  endfacet
  facet normal 0 0 1
    outer loop
      vertex 51.8771 45.5973 3.4
      vertex 51.1244 45.0006 3.4
      vertex 51.2238 44.8716 3.4
    endloop
  endfacet
  facet normal 0 0 1
    outer loop
      vertex 51.6797 45.7781 3.4
      vertex 51.0124 45.1121 3.4
      vertex 51.1244 45.0006 3.4
    endloop
  endfacet
  facet normal 0 0 1
    outer loop
      vertex 50.7581 45.2837 3.4
      vertex 51.2312 46.0563 3.4
      vertex 50.9801 46.1537 3.4
    endloop
  endfacet
  facet normal 0 0 1
    outer loop
      vertex 51.4644 45.9311 3.4
      vertex 50.8903 45.2065 3.4
      vertex 51.0124 45.1121 3.4
    endloop
  endfacet
  facet normal 0 0 1
    outer loop
      vertex 51.2312 46.0563 3.4
      vertex 50.7581 45.2837 3.4
      vertex 50.8903 45.2065 3.4
    endloop
  endfacet
  facet normal 0 0 1
    outer loop
      vertex 50.616 45.3438 3.4
      vertex 50.9801 46.1537 3.4
      vertex 50.711 46.2232 3.4
    endloop
  endfacet
  facet normal 0 0 1
    outer loop
      vertex 50.9801 46.1537 3.4
      vertex 50.616 45.3438 3.4
      vertex 50.7581 45.2837 3.4
    endloop
  endfacet
  facet normal 0 0 1
    outer loop
      vertex 50.711 46.2232 3.4
      vertex 50.4638 45.3867 3.4
      vertex 50.616 45.3438 3.4
    endloop
  endfacet
  facet normal 0 0 1
    outer loop
      vertex 50.424 46.2649 3.4
      vertex 50.4638 45.3867 3.4
      vertex 50.711 46.2232 3.4
    endloop
  endfacet
  facet normal 0 0 1
    outer loop
      vertex 50.424 46.2649 3.4
      vertex 50.3015 45.4124 3.4
      vertex 50.4638 45.3867 3.4
    endloop
  endfacet
  facet normal 0 0 1
    outer loop
      vertex 50.1191 46.2788 3.4
      vertex 50.3015 45.4124 3.4
      vertex 50.424 46.2649 3.4
    endloop
  endfacet
  facet normal 0 0 1
    outer loop
      vertex 50.3015 45.4124 3.4
      vertex 50.1191 46.2788 3.4
      vertex 50.1293 45.421 3.4
    endloop
  endfacet
  facet normal -0 0 1
    outer loop
      vertex 49.9486 46.2748 3.4
      vertex 50.1293 45.421 3.4
      vertex 50.1191 46.2788 3.4
    endloop
  endfacet
  facet normal 0 0 1
    outer loop
      vertex 50.1293 45.421 3.4
      vertex 49.9486 46.2748 3.4
      vertex 49.9569 45.4123 3.4
    endloop
  endfacet
  facet normal -0 0 1
    outer loop
      vertex 49.7839 46.2628 3.4
      vertex 49.9569 45.4123 3.4
      vertex 49.9486 46.2748 3.4
    endloop
  endfacet
  facet normal 0 0 1
    outer loop
      vertex 49.9569 45.4123 3.4
      vertex 49.7839 46.2628 3.4
      vertex 49.7943 45.3863 3.4
    endloop
  endfacet
  facet normal -0 0 1
    outer loop
      vertex 49.625 46.2427 3.4
      vertex 49.7943 45.3863 3.4
      vertex 49.7839 46.2628 3.4
    endloop
  endfacet
  facet normal -0 0 1
    outer loop
      vertex 49.472 46.2146 3.4
      vertex 49.7943 45.3863 3.4
      vertex 49.625 46.2427 3.4
    endloop
  endfacet
  facet normal 0 0 1
    outer loop
      vertex 49.7943 45.3863 3.4
      vertex 49.472 46.2146 3.4
      vertex 49.6416 45.3429 3.4
    endloop
  endfacet
  facet normal -0 0 1
    outer loop
      vertex 49.3247 46.1785 3.4
      vertex 49.6416 45.3429 3.4
      vertex 49.472 46.2146 3.4
    endloop
  endfacet
  facet normal 0 0 1
    outer loop
      vertex 49.6416 45.3429 3.4
      vertex 49.3247 46.1785 3.4
      vertex 49.4987 45.2821 3.4
    endloop
  endfacet
  facet normal -0 0 1
    outer loop
      vertex 49.1833 46.1344 3.4
      vertex 49.4987 45.2821 3.4
      vertex 49.3247 46.1785 3.4
    endloop
  endfacet
  facet normal -0 0 1
    outer loop
      vertex 49.0477 46.0822 3.4
      vertex 49.4987 45.2821 3.4
      vertex 49.1833 46.1344 3.4
    endloop
  endfacet
  facet normal 0 0 1
    outer loop
      vertex 49.4987 45.2821 3.4
      vertex 49.0477 46.0822 3.4
      vertex 49.3657 45.2039 3.4
    endloop
  endfacet
  facet normal -0 0 1
    outer loop
      vertex 48.949 46.0373 3.4
      vertex 49.3657 45.2039 3.4
      vertex 49.0477 46.0822 3.4
    endloop
  endfacet
  facet normal -0 0 1
    outer loop
      vertex 48.8527 45.9861 3.4
      vertex 49.3657 45.2039 3.4
      vertex 48.949 46.0373 3.4
    endloop
  endfacet
  facet normal -0 0 1
    outer loop
      vertex 48.7586 45.9286 3.4
      vertex 49.3657 45.2039 3.4
      vertex 48.8527 45.9861 3.4
    endloop
  endfacet
  facet normal 0 0 1
    outer loop
      vertex 49.3657 45.2039 3.4
      vertex 48.7586 45.9286 3.4
      vertex 49.2424 45.1084 3.4
    endloop
  endfacet
  facet normal -0 0 1
    outer loop
      vertex 48.6668 45.8646 3.4
      vertex 49.2424 45.1084 3.4
      vertex 48.7586 45.9286 3.4
    endloop
  endfacet
  facet normal -0 0 1
    outer loop
      vertex 48.5773 45.7943 3.4
      vertex 49.2424 45.1084 3.4
      vertex 48.6668 45.8646 3.4
    endloop
  endfacet
  facet normal 0 0 1
    outer loop
      vertex 49.2424 45.1084 3.4
      vertex 48.5773 45.7943 3.4
      vertex 49.129 44.9955 3.4
    endloop
  endfacet
  facet normal -0 0 1
    outer loop
      vertex 48.4901 45.7177 3.4
      vertex 49.129 44.9955 3.4
      vertex 48.5773 45.7943 3.4
    endloop
  endfacet
  facet normal -0 0 1
    outer loop
      vertex 48.4051 45.6346 3.4
      vertex 49.129 44.9955 3.4
      vertex 48.4901 45.7177 3.4
    endloop
  endfacet
  facet normal -0 0 1
    outer loop
      vertex 48.3238 45.5468 3.4
      vertex 49.129 44.9955 3.4
      vertex 48.4051 45.6346 3.4
    endloop
  endfacet
  facet normal 0 0 1
    outer loop
      vertex 49.129 44.9955 3.4
      vertex 48.3238 45.5468 3.4
      vertex 49.0283 44.8651 3.4
    endloop
  endfacet
  facet normal -0 0 1
    outer loop
      vertex 48.2476 45.4558 3.4
      vertex 49.0283 44.8651 3.4
      vertex 48.3238 45.5468 3.4
    endloop
  endfacet
  facet normal -0 0 1
    outer loop
      vertex 48.1764 45.3617 3.4
      vertex 49.0283 44.8651 3.4
      vertex 48.2476 45.4558 3.4
    endloop
  endfacet
  facet normal -0 0 1
    outer loop
      vertex 51.4991 43.7257 3.4
      vertex 52.5366 43.702 3.4
      vertex 52.5232 44.0379 3.4
    endloop
  endfacet
  facet normal 0 0 1
    outer loop
      vertex 51.4912 43.4875 3.4
      vertex 52.5366 43.702 3.4
      vertex 51.4991 43.7257 3.4
    endloop
  endfacet
  facet normal 0 0 1
    outer loop
      vertex 51.4914 43.961 3.4
      vertex 52.5232 44.0379 3.4
      vertex 52.4828 44.3521 3.4
    endloop
  endfacet
  facet normal 0 0 1
    outer loop
      vertex 52.5366 43.702 3.4
      vertex 51.4912 43.4875 3.4
      vertex 52.5233 43.3688 3.4
    endloop
  endfacet
  facet normal 0 0 1
    outer loop
      vertex 51.4914 43.961 3.4
      vertex 52.4828 44.3521 3.4
      vertex 52.4155 44.6446 3.4
    endloop
  endfacet
  facet normal 0 0 1
    outer loop
      vertex 51.4676 43.267 3.4
      vertex 52.5233 43.3688 3.4
      vertex 51.4912 43.4875 3.4
    endloop
  endfacet
  facet normal 0 0 1
    outer loop
      vertex 51.4914 43.961 3.4
      vertex 52.4155 44.6446 3.4
      vertex 52.3213 44.9154 3.4
    endloop
  endfacet
  facet normal 0 0 1
    outer loop
      vertex 52.5233 43.3688 3.4
      vertex 51.4676 43.267 3.4
      vertex 52.4832 43.0569 3.4
    endloop
  endfacet
  facet normal 0 0 1
    outer loop
      vertex 51.4914 43.961 3.4
      vertex 52.3213 44.9154 3.4
      vertex 52.2001 45.1644 3.4
    endloop
  endfacet
  facet normal -0 0 1
    outer loop
      vertex 51.4284 43.064 3.4
      vertex 52.4832 43.0569 3.4
      vertex 51.4676 43.267 3.4
    endloop
  endfacet
  facet normal 0 0 1
    outer loop
      vertex 51.4914 43.961 3.4
      vertex 52.2001 45.1644 3.4
      vertex 52.0521 45.3917 3.4
    endloop
  endfacet
  facet normal 0 0 1
    outer loop
      vertex 52.4832 43.0569 3.4
      vertex 51.4284 43.064 3.4
      vertex 52.4164 42.7665 3.4
    endloop
  endfacet
  facet normal 0 0 1
    outer loop
      vertex 51.4914 43.961 3.4
      vertex 52.0521 45.3917 3.4
      vertex 51.8771 45.5973 3.4
    endloop
  endfacet
  facet normal -0 0 1
    outer loop
      vertex 51.3734 42.8787 3.4
      vertex 52.4164 42.7665 3.4
      vertex 51.4284 43.064 3.4
    endloop
  endfacet
  facet normal 0 0 1
    outer loop
      vertex 51.1244 45.0006 3.4
      vertex 51.8771 45.5973 3.4
      vertex 51.6797 45.7781 3.4
    endloop
  endfacet
  facet normal 0 0 1
    outer loop
      vertex 52.4164 42.7665 3.4
      vertex 51.3734 42.8787 3.4
      vertex 52.3229 42.4974 3.4
    endloop
  endfacet
  facet normal 0 0 1
    outer loop
      vertex 52.3229 42.4974 3.4
      vertex 51.3734 42.8787 3.4
      vertex 52.2027 42.2497 3.4
    endloop
  endfacet
  facet normal -0 0 1
    outer loop
      vertex 51.3027 42.7111 3.4
      vertex 52.2027 42.2497 3.4
      vertex 51.3734 42.8787 3.4
    endloop
  endfacet
  facet normal 0 0 1
    outer loop
      vertex 52.2027 42.2497 3.4
      vertex 51.3027 42.7111 3.4
      vertex 52.0558 42.0234 3.4
    endloop
  endfacet
  facet normal -0 0 1
    outer loop
      vertex 51.2163 42.5611 3.4
      vertex 52.0558 42.0234 3.4
      vertex 51.3027 42.7111 3.4
    endloop
  endfacet
  facet normal 0 0 1
    outer loop
      vertex 52.0558 42.0234 3.4
      vertex 51.2163 42.5611 3.4
      vertex 51.8822 41.8185 3.4
    endloop
  endfacet
  facet normal -0 0 1
    outer loop
      vertex 51.1142 42.4288 3.4
      vertex 51.8822 41.8185 3.4
      vertex 51.2163 42.5611 3.4
    endloop
  endfacet
  facet normal 0 0 1
    outer loop
      vertex 51.8822 41.8185 3.4
      vertex 51.1142 42.4288 3.4
      vertex 51.6862 41.6381 3.4
    endloop
  endfacet
  facet normal -0 0 1
    outer loop
      vertex 50.9999 42.3141 3.4
      vertex 51.6862 41.6381 3.4
      vertex 51.1142 42.4288 3.4
    endloop
  endfacet
  facet normal 0 0 1
    outer loop
      vertex 51.6862 41.6381 3.4
      vertex 50.9999 42.3141 3.4
      vertex 51.4723 41.4855 3.4
    endloop
  endfacet
  facet normal -0 0 1
    outer loop
      vertex 50.8767 42.2171 3.4
      vertex 51.4723 41.4855 3.4
      vertex 50.9999 42.3141 3.4
    endloop
  endfacet
  facet normal 0 0 1
    outer loop
      vertex 51.4723 41.4855 3.4
      vertex 50.8767 42.2171 3.4
      vertex 51.2403 41.3607 3.4
    endloop
  endfacet
  facet normal -0 0 1
    outer loop
      vertex 50.7448 42.1377 3.4
      vertex 51.2403 41.3607 3.4
      vertex 50.8767 42.2171 3.4
    endloop
  endfacet
  facet normal 0 0 1
    outer loop
      vertex 51.2403 41.3607 3.4
      vertex 50.7448 42.1377 3.4
      vertex 50.9904 41.2636 3.4
    endloop
  endfacet
  facet normal -0 0 1
    outer loop
      vertex 50.6041 42.0759 3.4
      vertex 50.9904 41.2636 3.4
      vertex 50.7448 42.1377 3.4
    endloop
  endfacet
  facet normal 0 0 1
    outer loop
      vertex 50.9904 41.2636 3.4
      vertex 50.6041 42.0759 3.4
      vertex 50.7225 41.1942 3.4
    endloop
  endfacet
  facet normal -0 0 1
    outer loop
      vertex 50.4546 42.0318 3.4
      vertex 50.7225 41.1942 3.4
      vertex 50.6041 42.0759 3.4
    endloop
  endfacet
  facet normal 0 0 1
    outer loop
      vertex 50.4546 42.0318 3.4
      vertex 50.4366 41.1526 3.4
      vertex 50.7225 41.1942 3.4
    endloop
  endfacet
  facet normal -0 0 1
    outer loop
      vertex 50.2963 42.0053 3.4
      vertex 50.4366 41.1526 3.4
      vertex 50.4546 42.0318 3.4
    endloop
  endfacet
  facet normal 0 0 1
    outer loop
      vertex 50.2963 42.0053 3.4
      vertex 50.1327 41.1387 3.4
      vertex 50.4366 41.1526 3.4
    endloop
  endfacet
  facet normal -0 0 1
    outer loop
      vertex 50.1293 41.9965 3.4
      vertex 50.1327 41.1387 3.4
      vertex 50.2963 42.0053 3.4
    endloop
  endfacet
  facet normal 0 0 1
    outer loop
      vertex 49.9621 42.0054 3.4
      vertex 50.1327 41.1387 3.4
      vertex 50.1293 41.9965 3.4
    endloop
  endfacet
  facet normal 0 0 1
    outer loop
      vertex 49.9621 42.0054 3.4
      vertex 49.8251 41.1525 3.4
      vertex 50.1327 41.1387 3.4
    endloop
  endfacet
  facet normal 0 0 1
    outer loop
      vertex 49.8035 42.0321 3.4
      vertex 49.8251 41.1525 3.4
      vertex 49.9621 42.0054 3.4
    endloop
  endfacet
  facet normal 0 0 1
    outer loop
      vertex 49.5362 41.1939 3.4
      vertex 49.8035 42.0321 3.4
      vertex 49.6535 42.0765 3.4
    endloop
  endfacet
  facet normal 0 0 1
    outer loop
      vertex 49.8035 42.0321 3.4
      vertex 49.5362 41.1939 3.4
      vertex 49.8251 41.1525 3.4
    endloop
  endfacet
  facet normal 0 0 1
    outer loop
      vertex 49.2658 41.2629 3.4
      vertex 49.6535 42.0765 3.4
      vertex 49.512 42.1388 3.4
    endloop
  endfacet
  facet normal 0 0 1
    outer loop
      vertex 49.0139 41.3596 3.4
      vertex 49.512 42.1388 3.4
      vertex 49.3791 42.2188 3.4
    endloop
  endfacet
  facet normal 0 0 1
    outer loop
      vertex 49.6535 42.0765 3.4
      vertex 49.2658 41.2629 3.4
      vertex 49.5362 41.1939 3.4
    endloop
  endfacet
  facet normal 0 0 1
    outer loop
      vertex 48.7805 41.4838 3.4
      vertex 49.3791 42.2188 3.4
      vertex 49.2549 42.3166 3.4
    endloop
  endfacet
  facet normal 0 0 1
    outer loop
      vertex 48.5658 41.6356 3.4
      vertex 49.2549 42.3166 3.4
      vertex 49.1392 42.4322 3.4
    endloop
  endfacet
  facet normal 0 0 1
    outer loop
      vertex 48.3695 41.8151 3.4
      vertex 49.1392 42.4322 3.4
      vertex 49.0357 42.565 3.4
    endloop
  endfacet
  facet normal 0 0 1
    outer loop
      vertex 49.512 42.1388 3.4
      vertex 49.0139 41.3596 3.4
      vertex 49.2658 41.2629 3.4
    endloop
  endfacet
  facet normal 0 0 1
    outer loop
      vertex 48.1959 42.0188 3.4
      vertex 49.0357 42.565 3.4
      vertex 48.9482 42.7145 3.4
    endloop
  endfacet
  facet normal 0 0 1
    outer loop
      vertex 47.9288 42.4886 3.4
      vertex 48.9482 42.7145 3.4
      vertex 48.8766 42.8807 3.4
    endloop
  endfacet
  facet normal 0 0 1
    outer loop
      vertex 47.8353 42.7548 3.4
      vertex 48.8766 42.8807 3.4
      vertex 48.8209 43.0635 3.4
    endloop
  endfacet
  facet normal 0 0 1
    outer loop
      vertex 47.7685 43.0418 3.4
      vertex 48.8209 43.0635 3.4
      vertex 48.7811 43.2631 3.4
    endloop
  endfacet
  facet normal 0 0 1
    outer loop
      vertex 49.3791 42.2188 3.4
      vertex 48.7805 41.4838 3.4
      vertex 49.0139 41.3596 3.4
    endloop
  endfacet
  facet normal -0 0 1
    outer loop
      vertex 47.7285 43.3496 3.4
      vertex 48.7811 43.2631 3.4
      vertex 48.7572 43.4793 3.4
    endloop
  endfacet
  facet normal -0 0 1
    outer loop
      vertex 47.7151 43.6782 3.4
      vertex 48.7572 43.4793 3.4
      vertex 48.7493 43.7121 3.4
    endloop
  endfacet
  facet normal 0 0 1
    outer loop
      vertex 49.0283 44.8651 3.4
      vertex 48.1764 45.3617 3.4
      vertex 48.943 44.717 3.4
    endloop
  endfacet
  facet normal -0 0 1
    outer loop
      vertex 48.1103 45.2643 3.4
      vertex 48.943 44.717 3.4
      vertex 48.1764 45.3617 3.4
    endloop
  endfacet
  facet normal 0 0 1
    outer loop
      vertex 47.7151 43.6782 3.4
      vertex 48.7493 43.7121 3.4
      vertex 47.7197 43.8902 3.4
    endloop
  endfacet
  facet normal -0 0 1
    outer loop
      vertex 48.0493 45.1638 3.4
      vertex 48.943 44.717 3.4
      vertex 48.1103 45.2643 3.4
    endloop
  endfacet
  facet normal -0 0 1
    outer loop
      vertex 47.9933 45.06 3.4
      vertex 48.943 44.717 3.4
      vertex 48.0493 45.1638 3.4
    endloop
  endfacet
  facet normal 0 0 1
    outer loop
      vertex 48.7572 43.4793 3.4
      vertex 47.7151 43.6782 3.4
      vertex 47.7285 43.3496 3.4
    endloop
  endfacet
  facet normal 0 0 1
    outer loop
      vertex 48.943 44.717 3.4
      vertex 47.9933 45.06 3.4
      vertex 48.8733 44.5513 3.4
    endloop
  endfacet
  facet normal -0 0 1
    outer loop
      vertex 47.9423 44.9531 3.4
      vertex 48.8733 44.5513 3.4
      vertex 47.9933 45.06 3.4
    endloop
  endfacet
  facet normal 0 0 1
    outer loop
      vertex 48.7811 43.2631 3.4
      vertex 47.7285 43.3496 3.4
      vertex 47.7685 43.0418 3.4
    endloop
  endfacet
  facet normal -0 0 1
    outer loop
      vertex 47.882 44.8009 3.4
      vertex 48.8733 44.5513 3.4
      vertex 47.9423 44.9531 3.4
    endloop
  endfacet
  facet normal 0 0 1
    outer loop
      vertex 48.8733 44.5513 3.4
      vertex 47.882 44.8009 3.4
      vertex 48.819 44.368 3.4
    endloop
  endfacet
  facet normal -0 0 1
    outer loop
      vertex 47.831 44.6387 3.4
      vertex 48.819 44.368 3.4
      vertex 47.882 44.8009 3.4
    endloop
  endfacet
  facet normal 0 0 1
    outer loop
      vertex 48.8209 43.0635 3.4
      vertex 47.7685 43.0418 3.4
      vertex 47.8353 42.7548 3.4
    endloop
  endfacet
  facet normal -0 0 1
    outer loop
      vertex 47.7893 44.4665 3.4
      vertex 48.819 44.368 3.4
      vertex 47.831 44.6387 3.4
    endloop
  endfacet
  facet normal 0 0 1
    outer loop
      vertex 48.819 44.368 3.4
      vertex 47.7893 44.4665 3.4
      vertex 48.7803 44.167 3.4
    endloop
  endfacet
  facet normal 0 0 1
    outer loop
      vertex 48.8766 42.8807 3.4
      vertex 47.8353 42.7548 3.4
      vertex 47.9288 42.4886 3.4
    endloop
  endfacet
  facet normal -0 0 1
    outer loop
      vertex 47.7568 44.2844 3.4
      vertex 48.7803 44.167 3.4
      vertex 47.7893 44.4665 3.4
    endloop
  endfacet
  facet normal 0 0 1
    outer loop
      vertex 49.2549 42.3166 3.4
      vertex 48.5658 41.6356 3.4
      vertex 48.7805 41.4838 3.4
    endloop
  endfacet
  facet normal 0 0 1
    outer loop
      vertex 47.7337 44.0923 3.4
      vertex 48.7803 44.167 3.4
      vertex 47.7568 44.2844 3.4
    endloop
  endfacet
  facet normal 0 0 1
    outer loop
      vertex 48.7803 44.167 3.4
      vertex 47.7337 44.0923 3.4
      vertex 48.757 43.9484 3.4
    endloop
  endfacet
  facet normal 0 0 1
    outer loop
      vertex 47.7197 43.8902 3.4
      vertex 48.757 43.9484 3.4
      vertex 47.7337 44.0923 3.4
    endloop
  endfacet
  facet normal 0 0 1
    outer loop
      vertex 48.757 43.9484 3.4
      vertex 47.7197 43.8902 3.4
      vertex 48.7493 43.7121 3.4
    endloop
  endfacet
  facet normal 0 0 1
    outer loop
      vertex 49.1392 42.4322 3.4
      vertex 48.3695 41.8151 3.4
      vertex 48.5658 41.6356 3.4
    endloop
  endfacet
  facet normal 0 0 1
    outer loop
      vertex 49.0357 42.565 3.4
      vertex 48.1959 42.0188 3.4
      vertex 48.3695 41.8151 3.4
    endloop
  endfacet
  facet normal 0 0 1
    outer loop
      vertex 48.9482 42.7145 3.4
      vertex 47.9288 42.4886 3.4
      vertex 48.049 42.2433 3.4
    endloop
  endfacet
  facet normal 0 0 1
    outer loop
      vertex 48.9482 42.7145 3.4
      vertex 48.049 42.2433 3.4
      vertex 48.1959 42.0188 3.4
    endloop
  endfacet
  facet normal -0 0 1
    outer loop
      vertex 55.9639 44.7269 3.4
      vertex 57.0013 44.6649 3.4
      vertex 56.9954 44.83 3.4
    endloop
  endfacet
  facet normal 0 0 1
    outer loop
      vertex 57.0013 44.6649 3.4
      vertex 55.9671 44.6513 3.4
      vertex 56.9979 44.5371 3.4
    endloop
  endfacet
  facet normal 0 0 1
    outer loop
      vertex 55.9541 44.7986 3.4
      vertex 56.9954 44.83 3.4
      vertex 56.9777 44.9861 3.4
    endloop
  endfacet
  facet normal -0 0 1
    outer loop
      vertex 55.9648 44.5895 3.4
      vertex 56.9979 44.5371 3.4
      vertex 55.9671 44.6513 3.4
    endloop
  endfacet
  facet normal 0 0 1
    outer loop
      vertex 55.9541 44.7986 3.4
      vertex 56.9777 44.9861 3.4
      vertex 56.9483 45.1334 3.4
    endloop
  endfacet
  facet normal 0 0 1
    outer loop
      vertex 56.9979 44.5371 3.4
      vertex 55.9648 44.5895 3.4
      vertex 56.9877 44.4153 3.4
    endloop
  endfacet
  facet normal -0 0 1
    outer loop
      vertex 55.9578 44.5298 3.4
      vertex 56.9877 44.4153 3.4
      vertex 55.9648 44.5895 3.4
    endloop
  endfacet
  facet normal 0 0 1
    outer loop
      vertex 55.9378 44.8664 3.4
      vertex 56.9483 45.1334 3.4
      vertex 56.9071 45.2716 3.4
    endloop
  endfacet
  facet normal 0 0 1
    outer loop
      vertex 56.9877 44.4153 3.4
      vertex 55.9578 44.5298 3.4
      vertex 56.9707 44.2994 3.4
    endloop
  endfacet
  facet normal 0 0 1
    outer loop
      vertex 55.9151 44.9303 3.4
      vertex 56.9071 45.2716 3.4
      vertex 56.8542 45.401 3.4
    endloop
  endfacet
  facet normal -0 0 1
    outer loop
      vertex 55.9463 44.4724 3.4
      vertex 56.9707 44.2994 3.4
      vertex 55.9578 44.5298 3.4
    endloop
  endfacet
  facet normal 0 0 1
    outer loop
      vertex 55.8858 44.9904 3.4
      vertex 56.8542 45.401 3.4
      vertex 56.7895 45.5214 3.4
    endloop
  endfacet
  facet normal 0 0 1
    outer loop
      vertex 56.9707 44.2994 3.4
      vertex 55.9463 44.4724 3.4
      vertex 56.947 44.1894 3.4
    endloop
  endfacet
  facet normal -0 0 1
    outer loop
      vertex 55.93 44.4172 3.4
      vertex 56.947 44.1894 3.4
      vertex 55.9463 44.4724 3.4
    endloop
  endfacet
  facet normal 0 0 1
    outer loop
      vertex 55.8858 44.9904 3.4
      vertex 56.7895 45.5214 3.4
      vertex 56.713 45.6329 3.4
    endloop
  endfacet
  facet normal 0 0 1
    outer loop
      vertex 56.947 44.1894 3.4
      vertex 55.93 44.4172 3.4
      vertex 56.9165 44.0854 3.4
    endloop
  endfacet
  facet normal 0 0 1
    outer loop
      vertex 55.85 45.0466 3.4
      vertex 56.713 45.6329 3.4
      vertex 56.6278 45.7346 3.4
    endloop
  endfacet
  facet normal 0 0 1
    outer loop
      vertex 56.9165 44.0854 3.4
      vertex 55.93 44.4172 3.4
      vertex 56.8792 43.9873 3.4
    endloop
  endfacet
  facet normal -0 0 1
    outer loop
      vertex 55.9092 44.3642 3.4
      vertex 56.8792 43.9873 3.4
      vertex 55.93 44.4172 3.4
    endloop
  endfacet
  facet normal 0 0 1
    outer loop
      vertex 55.8077 45.0989 3.4
      vertex 56.6278 45.7346 3.4
      vertex 56.537 45.8256 3.4
    endloop
  endfacet
  facet normal 0 0 1
    outer loop
      vertex 56.8792 43.9873 3.4
      vertex 55.9092 44.3642 3.4
      vertex 56.8351 43.8952 3.4
    endloop
  endfacet
  facet normal 0 0 1
    outer loop
      vertex 55.8077 45.0989 3.4
      vertex 56.537 45.8256 3.4
      vertex 56.4405 45.9058 3.4
    endloop
  endfacet
  facet normal 0 0 1
    outer loop
      vertex 56.8351 43.8952 3.4
      vertex 55.9092 44.3642 3.4
      vertex 56.7858 43.8088 3.4
    endloop
  endfacet
  facet normal -0 0 1
    outer loop
      vertex 55.8836 44.3134 3.4
      vertex 56.7858 43.8088 3.4
      vertex 55.9092 44.3642 3.4
    endloop
  endfacet
  facet normal 0 0 1
    outer loop
      vertex 55.7605 45.1466 3.4
      vertex 56.4405 45.9058 3.4
      vertex 56.3382 45.9753 3.4
    endloop
  endfacet
  facet normal 0 0 1
    outer loop
      vertex 56.7858 43.8088 3.4
      vertex 55.8836 44.3134 3.4
      vertex 56.7328 43.7279 3.4
    endloop
  endfacet
  facet normal 0 0 1
    outer loop
      vertex 55.7097 45.1888 3.4
      vertex 56.3382 45.9753 3.4
      vertex 56.2304 46.0341 3.4
    endloop
  endfacet
  facet normal -0 0 1
    outer loop
      vertex 55.8535 44.2648 3.4
      vertex 56.7328 43.7279 3.4
      vertex 55.8836 44.3134 3.4
    endloop
  endfacet
  facet normal 0 0 1
    outer loop
      vertex 56.7328 43.7279 3.4
      vertex 55.8535 44.2648 3.4
      vertex 56.6762 43.6525 3.4
    endloop
  endfacet
  facet normal 0 0 1
    outer loop
      vertex 55.7097 45.1888 3.4
      vertex 56.2304 46.0341 3.4
      vertex 56.1168 46.0821 3.4
    endloop
  endfacet
  facet normal 0 0 1
    outer loop
      vertex 56.6762 43.6525 3.4
      vertex 55.8535 44.2648 3.4
      vertex 56.6159 43.5825 3.4
    endloop
  endfacet
  facet normal 0 0 1
    outer loop
      vertex 55.6556 45.2257 3.4
      vertex 56.1168 46.0821 3.4
      vertex 55.9976 46.1195 3.4
    endloop
  endfacet
  facet normal -0 0 1
    outer loop
      vertex 55.8193 44.2192 3.4
      vertex 56.6159 43.5825 3.4
      vertex 55.8535 44.2648 3.4
    endloop
  endfacet
  facet normal 0 0 1
    outer loop
      vertex 56.6159 43.5825 3.4
      vertex 55.8193 44.2192 3.4
      vertex 56.5519 43.518 3.4
    endloop
  endfacet
  facet normal 0 0 1
    outer loop
      vertex 57.0013 44.6649 3.4
      vertex 55.9639 44.7269 3.4
      vertex 55.9671 44.6513 3.4
    endloop
  endfacet
  facet normal 0 0 1
    outer loop
      vertex 56.9954 44.83 3.4
      vertex 55.9541 44.7986 3.4
      vertex 55.9639 44.7269 3.4
    endloop
  endfacet
  facet normal 0 0 1
    outer loop
      vertex 56.9483 45.1334 3.4
      vertex 55.9378 44.8664 3.4
      vertex 55.9541 44.7986 3.4
    endloop
  endfacet
  facet normal 0 0 1
    outer loop
      vertex 56.9071 45.2716 3.4
      vertex 55.9151 44.9303 3.4
      vertex 55.9378 44.8664 3.4
    endloop
  endfacet
  facet normal 0 0 1
    outer loop
      vertex 55.5979 45.2572 3.4
      vertex 55.9976 46.1195 3.4
      vertex 55.9052 46.1393 3.4
    endloop
  endfacet
  facet normal 0 0 1
    outer loop
      vertex 56.8542 45.401 3.4
      vertex 55.8858 44.9904 3.4
      vertex 55.9151 44.9303 3.4
    endloop
  endfacet
  facet normal 0 0 1
    outer loop
      vertex 56.713 45.6329 3.4
      vertex 55.85 45.0466 3.4
      vertex 55.8858 44.9904 3.4
    endloop
  endfacet
  facet normal 0 0 1
    outer loop
      vertex 56.6278 45.7346 3.4
      vertex 55.8077 45.0989 3.4
      vertex 55.85 45.0466 3.4
    endloop
  endfacet
  facet normal 0 0 1
    outer loop
      vertex 55.5979 45.2572 3.4
      vertex 55.9052 46.1393 3.4
      vertex 55.7867 46.156 3.4
    endloop
  endfacet
  facet normal 0 0 1
    outer loop
      vertex 56.4405 45.9058 3.4
      vertex 55.7605 45.1466 3.4
      vertex 55.8077 45.0989 3.4
    endloop
  endfacet
  facet normal 0 0 1
    outer loop
      vertex 56.3382 45.9753 3.4
      vertex 55.7097 45.1888 3.4
      vertex 55.7605 45.1466 3.4
    endloop
  endfacet
  facet normal 0 0 1
    outer loop
      vertex 56.1168 46.0821 3.4
      vertex 55.6556 45.2257 3.4
      vertex 55.7097 45.1888 3.4
    endloop
  endfacet
  facet normal 0 0 1
    outer loop
      vertex 55.5368 45.2833 3.4
      vertex 55.7867 46.156 3.4
      vertex 55.6422 46.1697 3.4
    endloop
  endfacet
  facet normal 0 0 1
    outer loop
      vertex 55.9976 46.1195 3.4
      vertex 55.5979 45.2572 3.4
      vertex 55.6556 45.2257 3.4
    endloop
  endfacet
  facet normal 0 0 1
    outer loop
      vertex 55.7867 46.156 3.4
      vertex 55.5368 45.2833 3.4
      vertex 55.5979 45.2572 3.4
    endloop
  endfacet
  facet normal 0 0 1
    outer loop
      vertex 55.6422 46.1697 3.4
      vertex 55.4723 45.304 3.4
      vertex 55.5368 45.2833 3.4
    endloop
  endfacet
  facet normal 0 0 1
    outer loop
      vertex 55.4043 45.3193 3.4
      vertex 55.6422 46.1697 3.4
      vertex 55.4717 46.1804 3.4
    endloop
  endfacet
  facet normal 0 0 1
    outer loop
      vertex 55.6422 46.1697 3.4
      vertex 55.4043 45.3193 3.4
      vertex 55.4723 45.304 3.4
    endloop
  endfacet
  facet normal 0 0 1
    outer loop
      vertex 55.4717 46.1804 3.4
      vertex 55.3455 45.3283 3.4
      vertex 55.4043 45.3193 3.4
    endloop
  endfacet
  facet normal 0 0 1
    outer loop
      vertex 55.2752 46.188 3.4
      vertex 55.3455 45.3283 3.4
      vertex 55.4717 46.1804 3.4
    endloop
  endfacet
  facet normal 0 0 1
    outer loop
      vertex 55.2752 46.188 3.4
      vertex 55.272 45.3359 3.4
      vertex 55.3455 45.3283 3.4
    endloop
  endfacet
  facet normal 0 0 1
    outer loop
      vertex 55.2752 46.188 3.4
      vertex 55.1836 45.3422 3.4
      vertex 55.272 45.3359 3.4
    endloop
  endfacet
  facet normal 0 0 1
    outer loop
      vertex 55.2752 46.188 3.4
      vertex 55.0804 45.347 3.4
      vertex 55.1836 45.3422 3.4
    endloop
  endfacet
  facet normal 0 0 1
    outer loop
      vertex 55.0527 46.1926 3.4
      vertex 55.0804 45.347 3.4
      vertex 55.2752 46.188 3.4
    endloop
  endfacet
  facet normal 0 0 1
    outer loop
      vertex 55.0527 46.1926 3.4
      vertex 54.9624 45.3505 3.4
      vertex 55.0804 45.347 3.4
    endloop
  endfacet
  facet normal 0 0 1
    outer loop
      vertex 54.8041 46.1941 3.4
      vertex 54.9624 45.3505 3.4
      vertex 55.0527 46.1926 3.4
    endloop
  endfacet
  facet normal 0 0 1
    outer loop
      vertex 54.9624 45.3505 3.4
      vertex 54.8041 46.1941 3.4
      vertex 54.8297 45.3525 3.4
    endloop
  endfacet
  facet normal 0 0 1
    outer loop
      vertex 54.8041 46.1941 3.4
      vertex 54.6821 45.3532 3.4
      vertex 54.8297 45.3525 3.4
    endloop
  endfacet
  facet normal 0 0 1
    outer loop
      vertex 54.8041 46.1941 3.4
      vertex 54.1972 45.3532 3.4
      vertex 54.6821 45.3532 3.4
    endloop
  endfacet
  facet normal 0 0 1
    outer loop
      vertex 53.1936 46.1941 3.4
      vertex 54.1972 43.9427 3.4
      vertex 54.1972 45.3532 3.4
    endloop
  endfacet
  facet normal 0 0 1
    outer loop
      vertex 53.1936 41.2234 3.4
      vertex 54.1972 43.9427 3.4
      vertex 53.1936 46.1941 3.4
    endloop
  endfacet
  facet normal -0 0 1
    outer loop
      vertex 53.1936 46.1941 3.4
      vertex 54.1972 45.3532 3.4
      vertex 54.8041 46.1941 3.4
    endloop
  endfacet
  facet normal 0 0 1
    outer loop
      vertex 54.1972 43.9427 3.4
      vertex 53.1936 41.2234 3.4
      vertex 54.1972 43.0984 3.4
    endloop
  endfacet
  facet normal 0 0 1
    outer loop
      vertex 54.1972 43.0984 3.4
      vertex 53.1936 41.2234 3.4
      vertex 54.1972 41.2234 3.4
    endloop
  endfacet
  facet normal 0 0 1
    outer loop
      vertex 56.5519 43.518 3.4
      vertex 55.8193 44.2192 3.4
      vertex 56.4843 43.4589 3.4
    endloop
  endfacet
  facet normal -0 0 1
    outer loop
      vertex 55.7815 44.1771 3.4
      vertex 56.4843 43.4589 3.4
      vertex 55.8193 44.2192 3.4
    endloop
  endfacet
  facet normal 0 0 1
    outer loop
      vertex 56.4843 43.4589 3.4
      vertex 55.7815 44.1771 3.4
      vertex 56.413 43.4053 3.4
    endloop
  endfacet
  facet normal 0 0 1
    outer loop
      vertex 56.413 43.4053 3.4
      vertex 55.7815 44.1771 3.4
      vertex 56.3396 43.3569 3.4
    endloop
  endfacet
  facet normal -0 0 1
    outer loop
      vertex 55.7403 44.1386 3.4
      vertex 56.3396 43.3569 3.4
      vertex 55.7815 44.1771 3.4
    endloop
  endfacet
  facet normal 0 0 1
    outer loop
      vertex 56.3396 43.3569 3.4
      vertex 55.7403 44.1386 3.4
      vertex 56.266 43.3134 3.4
    endloop
  endfacet
  facet normal -0 0 1
    outer loop
      vertex 55.6955 44.1037 3.4
      vertex 56.266 43.3134 3.4
      vertex 55.7403 44.1386 3.4
    endloop
  endfacet
  facet normal 0 0 1
    outer loop
      vertex 56.266 43.3134 3.4
      vertex 55.6955 44.1037 3.4
      vertex 56.192 43.2748 3.4
    endloop
  endfacet
  facet normal 0 0 1
    outer loop
      vertex 56.192 43.2748 3.4
      vertex 55.6955 44.1037 3.4
      vertex 56.1176 43.2412 3.4
    endloop
  endfacet
  facet normal -0 0 1
    outer loop
      vertex 55.6471 44.0725 3.4
      vertex 56.1176 43.2412 3.4
      vertex 55.6955 44.1037 3.4
    endloop
  endfacet
  facet normal 0 0 1
    outer loop
      vertex 56.1176 43.2412 3.4
      vertex 55.6471 44.0725 3.4
      vertex 56.0429 43.2124 3.4
    endloop
  endfacet
  facet normal 0 0 1
    outer loop
      vertex 56.0429 43.2124 3.4
      vertex 55.6471 44.0725 3.4
      vertex 55.9679 43.1886 3.4
    endloop
  endfacet
  facet normal -0 0 1
    outer loop
      vertex 55.5953 44.0448 3.4
      vertex 55.9679 43.1886 3.4
      vertex 55.6471 44.0725 3.4
    endloop
  endfacet
  facet normal 0 0 1
    outer loop
      vertex 55.9679 43.1886 3.4
      vertex 55.5953 44.0448 3.4
      vertex 55.8925 43.1696 3.4
    endloop
  endfacet
  facet normal 0 0 1
    outer loop
      vertex 55.8925 43.1696 3.4
      vertex 55.5953 44.0448 3.4
      vertex 55.7833 43.1508 3.4
    endloop
  endfacet
  facet normal -0 0 1
    outer loop
      vertex 55.5399 44.0207 3.4
      vertex 55.7833 43.1508 3.4
      vertex 55.5953 44.0448 3.4
    endloop
  endfacet
  facet normal 0 0 1
    outer loop
      vertex 55.7833 43.1508 3.4
      vertex 55.5399 44.0207 3.4
      vertex 55.6608 43.1348 3.4
    endloop
  endfacet
  facet normal -0 0 1
    outer loop
      vertex 55.4747 44 3.4
      vertex 55.6608 43.1348 3.4
      vertex 55.5399 44.0207 3.4
    endloop
  endfacet
  facet normal 0 0 1
    outer loop
      vertex 55.6608 43.1348 3.4
      vertex 55.4747 44 3.4
      vertex 55.5253 43.1217 3.4
    endloop
  endfacet
  facet normal -0 0 1
    outer loop
      vertex 55.3934 43.9825 3.4
      vertex 55.5253 43.1217 3.4
      vertex 55.4747 44 3.4
    endloop
  endfacet
  facet normal 0 0 1
    outer loop
      vertex 55.3934 43.9825 3.4
      vertex 55.3766 43.1115 3.4
      vertex 55.5253 43.1217 3.4
    endloop
  endfacet
  facet normal -0 0 1
    outer loop
      vertex 55.2962 43.9682 3.4
      vertex 55.3766 43.1115 3.4
      vertex 55.3934 43.9825 3.4
    endloop
  endfacet
  facet normal -0 0 1
    outer loop
      vertex 55.1828 43.9571 3.4
      vertex 55.3766 43.1115 3.4
      vertex 55.2962 43.9682 3.4
    endloop
  endfacet
  facet normal 0 0 1
    outer loop
      vertex 55.3766 43.1115 3.4
      vertex 55.1828 43.9571 3.4
      vertex 55.2147 43.1043 3.4
    endloop
  endfacet
  facet normal -0 0 1
    outer loop
      vertex 55.0534 43.9491 3.4
      vertex 55.2147 43.1043 3.4
      vertex 55.1828 43.9571 3.4
    endloop
  endfacet
  facet normal 0 0 1
    outer loop
      vertex 55.0534 43.9491 3.4
      vertex 55.0397 43.0999 3.4
      vertex 55.2147 43.1043 3.4
    endloop
  endfacet
  facet normal -0 0 1
    outer loop
      vertex 54.908 43.9443 3.4
      vertex 55.0397 43.0999 3.4
      vertex 55.0534 43.9491 3.4
    endloop
  endfacet
  facet normal 0 0 1
    outer loop
      vertex 54.908 43.9443 3.4
      vertex 54.8516 43.0984 3.4
      vertex 55.0397 43.0999 3.4
    endloop
  endfacet
  facet normal -0 0 1
    outer loop
      vertex 54.7465 43.9427 3.4
      vertex 54.8516 43.0984 3.4
      vertex 54.908 43.9443 3.4
    endloop
  endfacet
  facet normal 0 0 1
    outer loop
      vertex 54.1972 43.0984 3.4
      vertex 54.7465 43.9427 3.4
      vertex 54.1972 43.9427 3.4
    endloop
  endfacet
  facet normal 0 0 1
    outer loop
      vertex 54.7465 43.9427 3.4
      vertex 54.1972 43.0984 3.4
      vertex 54.8516 43.0984 3.4
    endloop
  endfacet
  facet normal 0 0 1
    outer loop
      vertex 67.219 44.0379 3.4
      vertex 66.1872 43.961 3.4
      vertex 66.1949 43.7257 3.4
    endloop
  endfacet
  facet normal 0 0 1
    outer loop
      vertex 66.5729 45.5973 3.4
      vertex 66.1643 44.1785 3.4
      vertex 66.1872 43.961 3.4
    endloop
  endfacet
  facet normal 0 0 1
    outer loop
      vertex 65.7082 45.1121 3.4
      vertex 66.3756 45.7781 3.4
      vertex 66.1603 45.9311 3.4
    endloop
  endfacet
  facet normal 0 0 1
    outer loop
      vertex 66.5729 45.5973 3.4
      vertex 66.1261 44.3784 3.4
      vertex 66.1643 44.1785 3.4
    endloop
  endfacet
  facet normal 0 0 1
    outer loop
      vertex 66.5729 45.5973 3.4
      vertex 66.0726 44.5605 3.4
      vertex 66.1261 44.3784 3.4
    endloop
  endfacet
  facet normal 0 0 1
    outer loop
      vertex 66.5729 45.5973 3.4
      vertex 66.0037 44.7249 3.4
      vertex 66.0726 44.5605 3.4
    endloop
  endfacet
  facet normal 0 0 1
    outer loop
      vertex 65.5861 45.2065 3.4
      vertex 66.1603 45.9311 3.4
      vertex 65.927 46.0563 3.4
    endloop
  endfacet
  facet normal 0 0 1
    outer loop
      vertex 66.5729 45.5973 3.4
      vertex 65.9196 44.8716 3.4
      vertex 66.0037 44.7249 3.4
    endloop
  endfacet
  facet normal 0 0 1
    outer loop
      vertex 66.5729 45.5973 3.4
      vertex 65.8202 45.0006 3.4
      vertex 65.9196 44.8716 3.4
    endloop
  endfacet
  facet normal 0 0 1
    outer loop
      vertex 66.3756 45.7781 3.4
      vertex 65.7082 45.1121 3.4
      vertex 65.8202 45.0006 3.4
    endloop
  endfacet
  facet normal 0 0 1
    outer loop
      vertex 65.454 45.2837 3.4
      vertex 65.927 46.0563 3.4
      vertex 65.6759 46.1537 3.4
    endloop
  endfacet
  facet normal 0 0 1
    outer loop
      vertex 66.1603 45.9311 3.4
      vertex 65.5861 45.2065 3.4
      vertex 65.7082 45.1121 3.4
    endloop
  endfacet
  facet normal 0 0 1
    outer loop
      vertex 65.927 46.0563 3.4
      vertex 65.454 45.2837 3.4
      vertex 65.5861 45.2065 3.4
    endloop
  endfacet
  facet normal 0 0 1
    outer loop
      vertex 65.3118 45.3438 3.4
      vertex 65.6759 46.1537 3.4
      vertex 65.4068 46.2232 3.4
    endloop
  endfacet
  facet normal 0 0 1
    outer loop
      vertex 65.6759 46.1537 3.4
      vertex 65.3118 45.3438 3.4
      vertex 65.454 45.2837 3.4
    endloop
  endfacet
  facet normal 0 0 1
    outer loop
      vertex 65.4068 46.2232 3.4
      vertex 65.1596 45.3867 3.4
      vertex 65.3118 45.3438 3.4
    endloop
  endfacet
  facet normal 0 0 1
    outer loop
      vertex 65.1198 46.2649 3.4
      vertex 65.1596 45.3867 3.4
      vertex 65.4068 46.2232 3.4
    endloop
  endfacet
  facet normal 0 0 1
    outer loop
      vertex 65.1198 46.2649 3.4
      vertex 64.9974 45.4124 3.4
      vertex 65.1596 45.3867 3.4
    endloop
  endfacet
  facet normal 0 0 1
    outer loop
      vertex 64.8149 46.2788 3.4
      vertex 64.9974 45.4124 3.4
      vertex 65.1198 46.2649 3.4
    endloop
  endfacet
  facet normal 0 0 1
    outer loop
      vertex 64.9974 45.4124 3.4
      vertex 64.8149 46.2788 3.4
      vertex 64.8251 45.421 3.4
    endloop
  endfacet
  facet normal -0 0 1
    outer loop
      vertex 64.6444 46.2748 3.4
      vertex 64.8251 45.421 3.4
      vertex 64.8149 46.2788 3.4
    endloop
  endfacet
  facet normal 0 0 1
    outer loop
      vertex 64.8251 45.421 3.4
      vertex 64.6444 46.2748 3.4
      vertex 64.6527 45.4123 3.4
    endloop
  endfacet
  facet normal -0 0 1
    outer loop
      vertex 64.4797 46.2628 3.4
      vertex 64.6527 45.4123 3.4
      vertex 64.6444 46.2748 3.4
    endloop
  endfacet
  facet normal 0 0 1
    outer loop
      vertex 64.6527 45.4123 3.4
      vertex 64.4797 46.2628 3.4
      vertex 64.4902 45.3863 3.4
    endloop
  endfacet
  facet normal -0 0 1
    outer loop
      vertex 64.3209 46.2427 3.4
      vertex 64.4902 45.3863 3.4
      vertex 64.4797 46.2628 3.4
    endloop
  endfacet
  facet normal -0 0 1
    outer loop
      vertex 64.1678 46.2146 3.4
      vertex 64.4902 45.3863 3.4
      vertex 64.3209 46.2427 3.4
    endloop
  endfacet
  facet normal 0 0 1
    outer loop
      vertex 64.4902 45.3863 3.4
      vertex 64.1678 46.2146 3.4
      vertex 64.3375 45.3429 3.4
    endloop
  endfacet
  facet normal -0 0 1
    outer loop
      vertex 64.0205 46.1785 3.4
      vertex 64.3375 45.3429 3.4
      vertex 64.1678 46.2146 3.4
    endloop
  endfacet
  facet normal 0 0 1
    outer loop
      vertex 64.3375 45.3429 3.4
      vertex 64.0205 46.1785 3.4
      vertex 64.1946 45.2821 3.4
    endloop
  endfacet
  facet normal -0 0 1
    outer loop
      vertex 63.8791 46.1344 3.4
      vertex 64.1946 45.2821 3.4
      vertex 64.0205 46.1785 3.4
    endloop
  endfacet
  facet normal -0 0 1
    outer loop
      vertex 63.7435 46.0822 3.4
      vertex 64.1946 45.2821 3.4
      vertex 63.8791 46.1344 3.4
    endloop
  endfacet
  facet normal 0 0 1
    outer loop
      vertex 64.1946 45.2821 3.4
      vertex 63.7435 46.0822 3.4
      vertex 64.0615 45.2039 3.4
    endloop
  endfacet
  facet normal -0 0 1
    outer loop
      vertex 63.6448 46.0373 3.4
      vertex 64.0615 45.2039 3.4
      vertex 63.7435 46.0822 3.4
    endloop
  endfacet
  facet normal -0 0 1
    outer loop
      vertex 63.5485 45.9861 3.4
      vertex 64.0615 45.2039 3.4
      vertex 63.6448 46.0373 3.4
    endloop
  endfacet
  facet normal -0 0 1
    outer loop
      vertex 63.4544 45.9286 3.4
      vertex 64.0615 45.2039 3.4
      vertex 63.5485 45.9861 3.4
    endloop
  endfacet
  facet normal 0 0 1
    outer loop
      vertex 64.0615 45.2039 3.4
      vertex 63.4544 45.9286 3.4
      vertex 63.9383 45.1084 3.4
    endloop
  endfacet
  facet normal -0 0 1
    outer loop
      vertex 63.3626 45.8646 3.4
      vertex 63.9383 45.1084 3.4
      vertex 63.4544 45.9286 3.4
    endloop
  endfacet
  facet normal -0 0 1
    outer loop
      vertex 63.2731 45.7943 3.4
      vertex 63.9383 45.1084 3.4
      vertex 63.3626 45.8646 3.4
    endloop
  endfacet
  facet normal 0 0 1
    outer loop
      vertex 63.9383 45.1084 3.4
      vertex 63.2731 45.7943 3.4
      vertex 63.8249 44.9955 3.4
    endloop
  endfacet
  facet normal -0 0 1
    outer loop
      vertex 63.1859 45.7177 3.4
      vertex 63.8249 44.9955 3.4
      vertex 63.2731 45.7943 3.4
    endloop
  endfacet
  facet normal -0 0 1
    outer loop
      vertex 63.1009 45.6346 3.4
      vertex 63.8249 44.9955 3.4
      vertex 63.1859 45.7177 3.4
    endloop
  endfacet
  facet normal -0 0 1
    outer loop
      vertex 63.0197 45.5468 3.4
      vertex 63.8249 44.9955 3.4
      vertex 63.1009 45.6346 3.4
    endloop
  endfacet
  facet normal 0 0 1
    outer loop
      vertex 63.8249 44.9955 3.4
      vertex 63.0197 45.5468 3.4
      vertex 63.7241 44.8651 3.4
    endloop
  endfacet
  facet normal -0 0 1
    outer loop
      vertex 62.9435 45.4558 3.4
      vertex 63.7241 44.8651 3.4
      vertex 63.0197 45.5468 3.4
    endloop
  endfacet
  facet normal -0 0 1
    outer loop
      vertex 62.8723 45.3617 3.4
      vertex 63.7241 44.8651 3.4
      vertex 62.9435 45.4558 3.4
    endloop
  endfacet
  facet normal -0 0 1
    outer loop
      vertex 66.1949 43.7257 3.4
      vertex 67.2324 43.702 3.4
      vertex 67.219 44.0379 3.4
    endloop
  endfacet
  facet normal 0 0 1
    outer loop
      vertex 66.187 43.4875 3.4
      vertex 67.2324 43.702 3.4
      vertex 66.1949 43.7257 3.4
    endloop
  endfacet
  facet normal 0 0 1
    outer loop
      vertex 66.1872 43.961 3.4
      vertex 67.219 44.0379 3.4
      vertex 67.1786 44.3521 3.4
    endloop
  endfacet
  facet normal 0 0 1
    outer loop
      vertex 67.2324 43.702 3.4
      vertex 66.187 43.4875 3.4
      vertex 67.2191 43.3688 3.4
    endloop
  endfacet
  facet normal 0 0 1
    outer loop
      vertex 66.1872 43.961 3.4
      vertex 67.1786 44.3521 3.4
      vertex 67.1113 44.6446 3.4
    endloop
  endfacet
  facet normal 0 0 1
    outer loop
      vertex 66.1635 43.267 3.4
      vertex 67.2191 43.3688 3.4
      vertex 66.187 43.4875 3.4
    endloop
  endfacet
  facet normal 0 0 1
    outer loop
      vertex 66.1872 43.961 3.4
      vertex 67.1113 44.6446 3.4
      vertex 67.0171 44.9154 3.4
    endloop
  endfacet
  facet normal 0 0 1
    outer loop
      vertex 67.2191 43.3688 3.4
      vertex 66.1635 43.267 3.4
      vertex 67.179 43.0569 3.4
    endloop
  endfacet
  facet normal 0 0 1
    outer loop
      vertex 66.1872 43.961 3.4
      vertex 67.0171 44.9154 3.4
      vertex 66.896 45.1644 3.4
    endloop
  endfacet
  facet normal -0 0 1
    outer loop
      vertex 66.1242 43.064 3.4
      vertex 67.179 43.0569 3.4
      vertex 66.1635 43.267 3.4
    endloop
  endfacet
  facet normal 0 0 1
    outer loop
      vertex 66.1872 43.961 3.4
      vertex 66.896 45.1644 3.4
      vertex 66.7479 45.3917 3.4
    endloop
  endfacet
  facet normal 0 0 1
    outer loop
      vertex 67.179 43.0569 3.4
      vertex 66.1242 43.064 3.4
      vertex 67.1123 42.7665 3.4
    endloop
  endfacet
  facet normal 0 0 1
    outer loop
      vertex 66.1872 43.961 3.4
      vertex 66.7479 45.3917 3.4
      vertex 66.5729 45.5973 3.4
    endloop
  endfacet
  facet normal -0 0 1
    outer loop
      vertex 66.0692 42.8787 3.4
      vertex 67.1123 42.7665 3.4
      vertex 66.1242 43.064 3.4
    endloop
  endfacet
  facet normal 0 0 1
    outer loop
      vertex 65.8202 45.0006 3.4
      vertex 66.5729 45.5973 3.4
      vertex 66.3756 45.7781 3.4
    endloop
  endfacet
  facet normal 0 0 1
    outer loop
      vertex 67.1123 42.7665 3.4
      vertex 66.0692 42.8787 3.4
      vertex 67.0188 42.4974 3.4
    endloop
  endfacet
  facet normal 0 0 1
    outer loop
      vertex 67.0188 42.4974 3.4
      vertex 66.0692 42.8787 3.4
      vertex 66.8986 42.2497 3.4
    endloop
  endfacet
  facet normal -0 0 1
    outer loop
      vertex 65.9985 42.7111 3.4
      vertex 66.8986 42.2497 3.4
      vertex 66.0692 42.8787 3.4
    endloop
  endfacet
  facet normal 0 0 1
    outer loop
      vertex 66.8986 42.2497 3.4
      vertex 65.9985 42.7111 3.4
      vertex 66.7517 42.0234 3.4
    endloop
  endfacet
  facet normal -0 0 1
    outer loop
      vertex 65.9121 42.5611 3.4
      vertex 66.7517 42.0234 3.4
      vertex 65.9985 42.7111 3.4
    endloop
  endfacet
  facet normal 0 0 1
    outer loop
      vertex 66.7517 42.0234 3.4
      vertex 65.9121 42.5611 3.4
      vertex 66.578 41.8185 3.4
    endloop
  endfacet
  facet normal -0 0 1
    outer loop
      vertex 65.8101 42.4288 3.4
      vertex 66.578 41.8185 3.4
      vertex 65.9121 42.5611 3.4
    endloop
  endfacet
  facet normal 0 0 1
    outer loop
      vertex 66.578 41.8185 3.4
      vertex 65.8101 42.4288 3.4
      vertex 66.3821 41.6381 3.4
    endloop
  endfacet
  facet normal -0 0 1
    outer loop
      vertex 65.6957 42.3141 3.4
      vertex 66.3821 41.6381 3.4
      vertex 65.8101 42.4288 3.4
    endloop
  endfacet
  facet normal 0 0 1
    outer loop
      vertex 66.3821 41.6381 3.4
      vertex 65.6957 42.3141 3.4
      vertex 66.1681 41.4855 3.4
    endloop
  endfacet
  facet normal -0 0 1
    outer loop
      vertex 65.5726 42.2171 3.4
      vertex 66.1681 41.4855 3.4
      vertex 65.6957 42.3141 3.4
    endloop
  endfacet
  facet normal 0 0 1
    outer loop
      vertex 66.1681 41.4855 3.4
      vertex 65.5726 42.2171 3.4
      vertex 65.9362 41.3607 3.4
    endloop
  endfacet
  facet normal -0 0 1
    outer loop
      vertex 65.4407 42.1377 3.4
      vertex 65.9362 41.3607 3.4
      vertex 65.5726 42.2171 3.4
    endloop
  endfacet
  facet normal 0 0 1
    outer loop
      vertex 65.9362 41.3607 3.4
      vertex 65.4407 42.1377 3.4
      vertex 65.6862 41.2636 3.4
    endloop
  endfacet
  facet normal -0 0 1
    outer loop
      vertex 65.2999 42.0759 3.4
      vertex 65.6862 41.2636 3.4
      vertex 65.4407 42.1377 3.4
    endloop
  endfacet
  facet normal 0 0 1
    outer loop
      vertex 65.6862 41.2636 3.4
      vertex 65.2999 42.0759 3.4
      vertex 65.4183 41.1942 3.4
    endloop
  endfacet
  facet normal -0 0 1
    outer loop
      vertex 65.1505 42.0318 3.4
      vertex 65.4183 41.1942 3.4
      vertex 65.2999 42.0759 3.4
    endloop
  endfacet
  facet normal 0 0 1
    outer loop
      vertex 65.1505 42.0318 3.4
      vertex 65.1324 41.1526 3.4
      vertex 65.4183 41.1942 3.4
    endloop
  endfacet
  facet normal -0 0 1
    outer loop
      vertex 64.9922 42.0053 3.4
      vertex 65.1324 41.1526 3.4
      vertex 65.1505 42.0318 3.4
    endloop
  endfacet
  facet normal 0 0 1
    outer loop
      vertex 64.9922 42.0053 3.4
      vertex 64.8285 41.1387 3.4
      vertex 65.1324 41.1526 3.4
    endloop
  endfacet
  facet normal -0 0 1
    outer loop
      vertex 64.8251 41.9965 3.4
      vertex 64.8285 41.1387 3.4
      vertex 64.9922 42.0053 3.4
    endloop
  endfacet
  facet normal 0 0 1
    outer loop
      vertex 64.6579 42.0054 3.4
      vertex 64.8285 41.1387 3.4
      vertex 64.8251 41.9965 3.4
    endloop
  endfacet
  facet normal 0 0 1
    outer loop
      vertex 64.6579 42.0054 3.4
      vertex 64.521 41.1525 3.4
      vertex 64.8285 41.1387 3.4
    endloop
  endfacet
  facet normal 0 0 1
    outer loop
      vertex 64.4993 42.0321 3.4
      vertex 64.521 41.1525 3.4
      vertex 64.6579 42.0054 3.4
    endloop
  endfacet
  facet normal 0 0 1
    outer loop
      vertex 64.232 41.1939 3.4
      vertex 64.4993 42.0321 3.4
      vertex 64.3493 42.0765 3.4
    endloop
  endfacet
  facet normal 0 0 1
    outer loop
      vertex 64.4993 42.0321 3.4
      vertex 64.232 41.1939 3.4
      vertex 64.521 41.1525 3.4
    endloop
  endfacet
  facet normal 0 0 1
    outer loop
      vertex 63.9616 41.2629 3.4
      vertex 64.3493 42.0765 3.4
      vertex 64.2078 42.1388 3.4
    endloop
  endfacet
  facet normal 0 0 1
    outer loop
      vertex 63.7097 41.3596 3.4
      vertex 64.2078 42.1388 3.4
      vertex 64.075 42.2188 3.4
    endloop
  endfacet
  facet normal 0 0 1
    outer loop
      vertex 64.3493 42.0765 3.4
      vertex 63.9616 41.2629 3.4
      vertex 64.232 41.1939 3.4
    endloop
  endfacet
  facet normal 0 0 1
    outer loop
      vertex 63.4764 41.4838 3.4
      vertex 64.075 42.2188 3.4
      vertex 63.9507 42.3166 3.4
    endloop
  endfacet
  facet normal 0 0 1
    outer loop
      vertex 63.2616 41.6356 3.4
      vertex 63.9507 42.3166 3.4
      vertex 63.835 42.4322 3.4
    endloop
  endfacet
  facet normal 0 0 1
    outer loop
      vertex 63.0653 41.8151 3.4
      vertex 63.835 42.4322 3.4
      vertex 63.7315 42.565 3.4
    endloop
  endfacet
  facet normal 0 0 1
    outer loop
      vertex 64.2078 42.1388 3.4
      vertex 63.7097 41.3596 3.4
      vertex 63.9616 41.2629 3.4
    endloop
  endfacet
  facet normal 0 0 1
    outer loop
      vertex 62.8917 42.0188 3.4
      vertex 63.7315 42.565 3.4
      vertex 63.644 42.7145 3.4
    endloop
  endfacet
  facet normal 0 0 1
    outer loop
      vertex 62.6246 42.4886 3.4
      vertex 63.644 42.7145 3.4
      vertex 63.5724 42.8807 3.4
    endloop
  endfacet
  facet normal 0 0 1
    outer loop
      vertex 62.5311 42.7548 3.4
      vertex 63.5724 42.8807 3.4
      vertex 63.5167 43.0635 3.4
    endloop
  endfacet
  facet normal 0 0 1
    outer loop
      vertex 62.4644 43.0418 3.4
      vertex 63.5167 43.0635 3.4
      vertex 63.4769 43.2631 3.4
    endloop
  endfacet
  facet normal 0 0 1
    outer loop
      vertex 64.075 42.2188 3.4
      vertex 63.4764 41.4838 3.4
      vertex 63.7097 41.3596 3.4
    endloop
  endfacet
  facet normal -0 0 1
    outer loop
      vertex 62.4243 43.3496 3.4
      vertex 63.4769 43.2631 3.4
      vertex 63.4531 43.4793 3.4
    endloop
  endfacet
  facet normal -0 0 1
    outer loop
      vertex 62.4109 43.6782 3.4
      vertex 63.4531 43.4793 3.4
      vertex 63.4451 43.7121 3.4
    endloop
  endfacet
  facet normal 0 0 1
    outer loop
      vertex 63.7241 44.8651 3.4
      vertex 62.8723 45.3617 3.4
      vertex 63.6388 44.717 3.4
    endloop
  endfacet
  facet normal -0 0 1
    outer loop
      vertex 62.8062 45.2643 3.4
      vertex 63.6388 44.717 3.4
      vertex 62.8723 45.3617 3.4
    endloop
  endfacet
  facet normal 0 0 1
    outer loop
      vertex 62.4109 43.6782 3.4
      vertex 63.4451 43.7121 3.4
      vertex 62.4156 43.8902 3.4
    endloop
  endfacet
  facet normal -0 0 1
    outer loop
      vertex 62.7451 45.1638 3.4
      vertex 63.6388 44.717 3.4
      vertex 62.8062 45.2643 3.4
    endloop
  endfacet
  facet normal -0 0 1
    outer loop
      vertex 62.6891 45.06 3.4
      vertex 63.6388 44.717 3.4
      vertex 62.7451 45.1638 3.4
    endloop
  endfacet
  facet normal 0 0 1
    outer loop
      vertex 63.4531 43.4793 3.4
      vertex 62.4109 43.6782 3.4
      vertex 62.4243 43.3496 3.4
    endloop
  endfacet
  facet normal 0 0 1
    outer loop
      vertex 63.6388 44.717 3.4
      vertex 62.6891 45.06 3.4
      vertex 63.5691 44.5513 3.4
    endloop
  endfacet
  facet normal -0 0 1
    outer loop
      vertex 62.6381 44.9531 3.4
      vertex 63.5691 44.5513 3.4
      vertex 62.6891 45.06 3.4
    endloop
  endfacet
  facet normal 0 0 1
    outer loop
      vertex 63.4769 43.2631 3.4
      vertex 62.4243 43.3496 3.4
      vertex 62.4644 43.0418 3.4
    endloop
  endfacet
  facet normal -0 0 1
    outer loop
      vertex 62.5779 44.8009 3.4
      vertex 63.5691 44.5513 3.4
      vertex 62.6381 44.9531 3.4
    endloop
  endfacet
  facet normal 0 0 1
    outer loop
      vertex 63.5691 44.5513 3.4
      vertex 62.5779 44.8009 3.4
      vertex 63.5148 44.368 3.4
    endloop
  endfacet
  facet normal -0 0 1
    outer loop
      vertex 62.5269 44.6387 3.4
      vertex 63.5148 44.368 3.4
      vertex 62.5779 44.8009 3.4
    endloop
  endfacet
  facet normal 0 0 1
    outer loop
      vertex 63.5167 43.0635 3.4
      vertex 62.4644 43.0418 3.4
      vertex 62.5311 42.7548 3.4
    endloop
  endfacet
  facet normal -0 0 1
    outer loop
      vertex 62.4851 44.4665 3.4
      vertex 63.5148 44.368 3.4
      vertex 62.5269 44.6387 3.4
    endloop
  endfacet
  facet normal 0 0 1
    outer loop
      vertex 63.5148 44.368 3.4
      vertex 62.4851 44.4665 3.4
      vertex 63.4761 44.167 3.4
    endloop
  endfacet
  facet normal 0 0 1
    outer loop
      vertex 63.5724 42.8807 3.4
      vertex 62.5311 42.7548 3.4
      vertex 62.6246 42.4886 3.4
    endloop
  endfacet
  facet normal -0 0 1
    outer loop
      vertex 62.4527 44.2844 3.4
      vertex 63.4761 44.167 3.4
      vertex 62.4851 44.4665 3.4
    endloop
  endfacet
  facet normal 0 0 1
    outer loop
      vertex 63.9507 42.3166 3.4
      vertex 63.2616 41.6356 3.4
      vertex 63.4764 41.4838 3.4
    endloop
  endfacet
  facet normal 0 0 1
    outer loop
      vertex 62.4295 44.0923 3.4
      vertex 63.4761 44.167 3.4
      vertex 62.4527 44.2844 3.4
    endloop
  endfacet
  facet normal 0 0 1
    outer loop
      vertex 63.4761 44.167 3.4
      vertex 62.4295 44.0923 3.4
      vertex 63.4528 43.9484 3.4
    endloop
  endfacet
  facet normal 0 0 1
    outer loop
      vertex 62.4156 43.8902 3.4
      vertex 63.4528 43.9484 3.4
      vertex 62.4295 44.0923 3.4
    endloop
  endfacet
  facet normal 0 0 1
    outer loop
      vertex 63.4528 43.9484 3.4
      vertex 62.4156 43.8902 3.4
      vertex 63.4451 43.7121 3.4
    endloop
  endfacet
  facet normal 0 0 1
    outer loop
      vertex 63.835 42.4322 3.4
      vertex 63.0653 41.8151 3.4
      vertex 63.2616 41.6356 3.4
    endloop
  endfacet
  facet normal 0 0 1
    outer loop
      vertex 63.7315 42.565 3.4
      vertex 62.8917 42.0188 3.4
      vertex 63.0653 41.8151 3.4
    endloop
  endfacet
  facet normal 0 0 1
    outer loop
      vertex 63.644 42.7145 3.4
      vertex 62.6246 42.4886 3.4
      vertex 62.7448 42.2433 3.4
    endloop
  endfacet
  facet normal 0 0 1
    outer loop
      vertex 63.644 42.7145 3.4
      vertex 62.7448 42.2433 3.4
      vertex 62.8917 42.0188 3.4
    endloop
  endfacet
  facet normal 0 0 1
    outer loop
      vertex 72.0012 46.2144 3.4
      vertex 71.0382 45.8458 3.4
      vertex 71.0485 44.8141 3.4
    endloop
  endfacet
  facet normal -0 0 1
    outer loop
      vertex 70.9525 45.7323 3.4
      vertex 71.0485 44.8141 3.4
      vertex 71.0382 45.8458 3.4
    endloop
  endfacet
  facet normal -0 0 1
    outer loop
      vertex 70.8556 45.6233 3.4
      vertex 71.0485 44.8141 3.4
      vertex 70.9525 45.7323 3.4
    endloop
  endfacet
  facet normal -0 0 1
    outer loop
      vertex 70.7474 45.519 3.4
      vertex 71.0485 44.8141 3.4
      vertex 70.8556 45.6233 3.4
    endloop
  endfacet
  facet normal -0 0 1
    outer loop
      vertex 70.628 45.4193 3.4
      vertex 71.0485 44.8141 3.4
      vertex 70.7474 45.519 3.4
    endloop
  endfacet
  facet normal -0 0 1
    outer loop
      vertex 70.5044 45.3264 3.4
      vertex 71.0485 44.8141 3.4
      vertex 70.628 45.4193 3.4
    endloop
  endfacet
  facet normal 0 0 1
    outer loop
      vertex 71.0485 44.8141 3.4
      vertex 70.5044 45.3264 3.4
      vertex 70.8955 44.6798 3.4
    endloop
  endfacet
  facet normal -0 0 1
    outer loop
      vertex 70.3833 45.2425 3.4
      vertex 70.8955 44.6798 3.4
      vertex 70.5044 45.3264 3.4
    endloop
  endfacet
  facet normal 0 0 1
    outer loop
      vertex 70.8955 44.6798 3.4
      vertex 70.3833 45.2425 3.4
      vertex 70.7349 44.5558 3.4
    endloop
  endfacet
  facet normal -0 0 1
    outer loop
      vertex 70.2649 45.1674 3.4
      vertex 70.7349 44.5558 3.4
      vertex 70.3833 45.2425 3.4
    endloop
  endfacet
  facet normal 0 0 1
    outer loop
      vertex 70.7349 44.5558 3.4
      vertex 70.2649 45.1674 3.4
      vertex 70.5666 44.4423 3.4
    endloop
  endfacet
  facet normal -0 0 1
    outer loop
      vertex 70.1492 45.1013 3.4
      vertex 70.5666 44.4423 3.4
      vertex 70.2649 45.1674 3.4
    endloop
  endfacet
  facet normal 0 0 1
    outer loop
      vertex 70.5666 44.4423 3.4
      vertex 70.1492 45.1013 3.4
      vertex 70.3908 44.3391 3.4
    endloop
  endfacet
  facet normal -0 0 1
    outer loop
      vertex 70.036 45.0441 3.4
      vertex 70.3908 44.3391 3.4
      vertex 70.1492 45.1013 3.4
    endloop
  endfacet
  facet normal -0 0 1
    outer loop
      vertex 69.9255 44.9959 3.4
      vertex 70.3908 44.3391 3.4
      vertex 70.036 45.0441 3.4
    endloop
  endfacet
  facet normal 0 0 1
    outer loop
      vertex 70.3908 44.3391 3.4
      vertex 69.9255 44.9959 3.4
      vertex 70.2074 44.2463 3.4
    endloop
  endfacet
  facet normal -0 0 1
    outer loop
      vertex 69.8177 44.9565 3.4
      vertex 70.2074 44.2463 3.4
      vertex 69.9255 44.9959 3.4
    endloop
  endfacet
  facet normal 0 0 1
    outer loop
      vertex 70.2074 44.2463 3.4
      vertex 69.8177 44.9565 3.4
      vertex 70.0163 44.1639 3.4
    endloop
  endfacet
  facet normal 0 0 1
    outer loop
      vertex 70.0163 44.1639 3.4
      vertex 69.8177 44.9565 3.4
      vertex 69.8177 44.0919 3.4
    endloop
  endfacet
  facet normal 0 0 1
    outer loop
      vertex 71.1761 46.0869 3.4
      vertex 72.0012 46.2144 3.4
      vertex 71.2282 46.2144 3.4
    endloop
  endfacet
  facet normal 0 0 1
    outer loop
      vertex 71.1128 45.9641 3.4
      vertex 72.0012 46.2144 3.4
      vertex 71.1761 46.0869 3.4
    endloop
  endfacet
  facet normal 0 0 1
    outer loop
      vertex 71.0382 45.8458 3.4
      vertex 72.0012 46.2144 3.4
      vertex 71.1128 45.9641 3.4
    endloop
  endfacet
  facet normal 0 0 1
    outer loop
      vertex 72.0012 46.2144 3.4
      vertex 71.0485 44.8141 3.4
      vertex 72.0012 41.2234 3.4
    endloop
  endfacet
  facet normal 0 0 1
    outer loop
      vertex 72.0012 41.2234 3.4
      vertex 71.0485 44.8141 3.4
      vertex 71.0485 41.2234 3.4
    endloop
  endfacet
  facet normal -0 0 1
    outer loop
      vertex 75.5931 44.8513 3.4
      vertex 76.5527 44.8311 3.4
      vertex 76.5441 44.9957 3.4
    endloop
  endfacet
  facet normal 0 -0 1
    outer loop
      vertex 75.5965 44.7632 3.4
      vertex 76.5527 44.8311 3.4
      vertex 75.5931 44.8513 3.4
    endloop
  endfacet
  facet normal 0 0 1
    outer loop
      vertex 76.5503 44.7358 3.4
      vertex 75.5965 44.7632 3.4
      vertex 76.5429 44.6419 3.4
    endloop
  endfacet
  facet normal 0 0 1
    outer loop
      vertex 75.5826 44.9333 3.4
      vertex 76.5441 44.9957 3.4
      vertex 76.5184 45.1524 3.4
    endloop
  endfacet
  facet normal 0 0 1
    outer loop
      vertex 76.5527 44.8311 3.4
      vertex 75.5965 44.7632 3.4
      vertex 76.5503 44.7358 3.4
    endloop
  endfacet
  facet normal 0 0 1
    outer loop
      vertex 76.5429 44.6419 3.4
      vertex 75.5925 44.6807 3.4
      vertex 76.5306 44.5493 3.4
    endloop
  endfacet
  facet normal 0 0 1
    outer loop
      vertex 75.5651 45.0093 3.4
      vertex 76.5184 45.1524 3.4
      vertex 76.4755 45.3013 3.4
    endloop
  endfacet
  facet normal 0 0 1
    outer loop
      vertex 76.5306 44.5493 3.4
      vertex 75.5925 44.6807 3.4
      vertex 76.5134 44.458 3.4
    endloop
  endfacet
  facet normal -0 0 1
    outer loop
      vertex 75.5805 44.598 3.4
      vertex 76.5134 44.458 3.4
      vertex 75.5925 44.6807 3.4
    endloop
  endfacet
  facet normal 0 0 1
    outer loop
      vertex 75.5651 45.0093 3.4
      vertex 76.4755 45.3013 3.4
      vertex 76.4154 45.4422 3.4
    endloop
  endfacet
  facet normal 0 0 1
    outer loop
      vertex 76.5134 44.458 3.4
      vertex 75.5805 44.598 3.4
      vertex 76.4913 44.368 3.4
    endloop
  endfacet
  facet normal 0 0 1
    outer loop
      vertex 76.4913 44.368 3.4
      vertex 75.5805 44.598 3.4
      vertex 76.4642 44.2793 3.4
    endloop
  endfacet
  facet normal 0 0 1
    outer loop
      vertex 75.5406 45.0793 3.4
      vertex 76.4154 45.4422 3.4
      vertex 76.3382 45.5753 3.4
    endloop
  endfacet
  facet normal -0 0 1
    outer loop
      vertex 75.5604 44.515 3.4
      vertex 76.4642 44.2793 3.4
      vertex 75.5805 44.598 3.4
    endloop
  endfacet
  facet normal 0 0 1
    outer loop
      vertex 76.4642 44.2793 3.4
      vertex 75.5604 44.515 3.4
      vertex 76.4323 44.1919 3.4
    endloop
  endfacet
  facet normal 0 0 1
    outer loop
      vertex 75.5092 45.1433 3.4
      vertex 76.3382 45.5753 3.4
      vertex 76.2438 45.7004 3.4
    endloop
  endfacet
  facet normal 0 0 1
    outer loop
      vertex 76.4323 44.1919 3.4
      vertex 75.5604 44.515 3.4
      vertex 76.395 44.1046 3.4
    endloop
  endfacet
  facet normal 0 0 1
    outer loop
      vertex 75.4707 45.2013 3.4
      vertex 76.2438 45.7004 3.4
      vertex 76.1323 45.8177 3.4
    endloop
  endfacet
  facet normal -0 0 1
    outer loop
      vertex 75.5323 44.4317 3.4
      vertex 76.395 44.1046 3.4
      vertex 75.5604 44.515 3.4
    endloop
  endfacet
  facet normal 0 0 1
    outer loop
      vertex 76.395 44.1046 3.4
      vertex 75.5323 44.4317 3.4
      vertex 76.352 44.0162 3.4
    endloop
  endfacet
  facet normal 0 0 1
    outer loop
      vertex 75.4253 45.2532 3.4
      vertex 76.1323 45.8177 3.4
      vertex 76.0057 45.923 3.4
    endloop
  endfacet
  facet normal -0 0 1
    outer loop
      vertex 75.4962 44.3481 3.4
      vertex 76.352 44.0162 3.4
      vertex 75.5323 44.4317 3.4
    endloop
  endfacet
  facet normal 0 0 1
    outer loop
      vertex 76.352 44.0162 3.4
      vertex 75.4962 44.3481 3.4
      vertex 76.3033 43.9265 3.4
    endloop
  endfacet
  facet normal 0 0 1
    outer loop
      vertex 75.4253 45.2532 3.4
      vertex 76.0057 45.923 3.4
      vertex 75.8663 46.012 3.4
    endloop
  endfacet
  facet normal 0 0 1
    outer loop
      vertex 76.3033 43.9265 3.4
      vertex 75.4962 44.3481 3.4
      vertex 76.2488 43.8357 3.4
    endloop
  endfacet
  facet normal -0 0 1
    outer loop
      vertex 75.4521 44.2642 3.4
      vertex 76.2488 43.8357 3.4
      vertex 75.4962 44.3481 3.4
    endloop
  endfacet
  facet normal 0 0 1
    outer loop
      vertex 75.3737 45.2986 3.4
      vertex 75.8663 46.012 3.4
      vertex 75.714 46.0849 3.4
    endloop
  endfacet
  facet normal 0 0 1
    outer loop
      vertex 76.2488 43.8357 3.4
      vertex 75.4521 44.2642 3.4
      vertex 76.1886 43.7437 3.4
    endloop
  endfacet
  facet normal -0 0 1
    outer loop
      vertex 75.3999 44.1801 3.4
      vertex 76.1886 43.7437 3.4
      vertex 75.4521 44.2642 3.4
    endloop
  endfacet
  facet normal -0 0 1
    outer loop
      vertex 75.5925 44.6807 3.4
      vertex 76.5429 44.6419 3.4
      vertex 75.5965 44.7632 3.4
    endloop
  endfacet
  facet normal 0 0 1
    outer loop
      vertex 76.5441 44.9957 3.4
      vertex 75.5826 44.9333 3.4
      vertex 75.5931 44.8513 3.4
    endloop
  endfacet
  facet normal 0 0 1
    outer loop
      vertex 76.5184 45.1524 3.4
      vertex 75.5651 45.0093 3.4
      vertex 75.5826 44.9333 3.4
    endloop
  endfacet
  facet normal 0 0 1
    outer loop
      vertex 75.3168 45.3371 3.4
      vertex 75.714 46.0849 3.4
      vertex 75.5488 46.1416 3.4
    endloop
  endfacet
  facet normal 0 0 1
    outer loop
      vertex 76.4154 45.4422 3.4
      vertex 75.5406 45.0793 3.4
      vertex 75.5651 45.0093 3.4
    endloop
  endfacet
  facet normal 0 0 1
    outer loop
      vertex 76.3382 45.5753 3.4
      vertex 75.5092 45.1433 3.4
      vertex 75.5406 45.0793 3.4
    endloop
  endfacet
  facet normal 0 0 1
    outer loop
      vertex 76.2438 45.7004 3.4
      vertex 75.4707 45.2013 3.4
      vertex 75.5092 45.1433 3.4
    endloop
  endfacet
  facet normal 0 0 1
    outer loop
      vertex 76.1323 45.8177 3.4
      vertex 75.4253 45.2532 3.4
      vertex 75.4707 45.2013 3.4
    endloop
  endfacet
  facet normal 0 0 1
    outer loop
      vertex 75.8663 46.012 3.4
      vertex 75.3737 45.2986 3.4
      vertex 75.4253 45.2532 3.4
    endloop
  endfacet
  facet normal 0 0 1
    outer loop
      vertex 75.2546 45.3685 3.4
      vertex 75.5488 46.1416 3.4
      vertex 75.3708 46.182 3.4
    endloop
  endfacet
  facet normal 0 0 1
    outer loop
      vertex 75.714 46.0849 3.4
      vertex 75.3168 45.3371 3.4
      vertex 75.3737 45.2986 3.4
    endloop
  endfacet
  facet normal 0 0 1
    outer loop
      vertex 75.5488 46.1416 3.4
      vertex 75.2546 45.3685 3.4
      vertex 75.3168 45.3371 3.4
    endloop
  endfacet
  facet normal 0 0 1
    outer loop
      vertex 75.3708 46.182 3.4
      vertex 75.187 45.393 3.4
      vertex 75.2546 45.3685 3.4
    endloop
  endfacet
  facet normal 0 0 1
    outer loop
      vertex 75.1141 45.4104 3.4
      vertex 75.3708 46.182 3.4
      vertex 75.1798 46.2063 3.4
    endloop
  endfacet
  facet normal 0 0 1
    outer loop
      vertex 75.3708 46.182 3.4
      vertex 75.1141 45.4104 3.4
      vertex 75.187 45.393 3.4
    endloop
  endfacet
  facet normal 0 0 1
    outer loop
      vertex 75.1798 46.2063 3.4
      vertex 75.0359 45.4209 3.4
      vertex 75.1141 45.4104 3.4
    endloop
  endfacet
  facet normal 0 0 1
    outer loop
      vertex 74.9761 46.2144 3.4
      vertex 75.0359 45.4209 3.4
      vertex 75.1798 46.2063 3.4
    endloop
  endfacet
  facet normal 0 0 1
    outer loop
      vertex 74.9761 46.2144 3.4
      vertex 74.9523 45.4244 3.4
      vertex 75.0359 45.4209 3.4
    endloop
  endfacet
  facet normal 0 0 1
    outer loop
      vertex 74.9761 46.2144 3.4
      vertex 74.8695 45.4208 3.4
      vertex 74.9523 45.4244 3.4
    endloop
  endfacet
  facet normal -0 0 1
    outer loop
      vertex 74.7888 46.2074 3.4
      vertex 74.8695 45.4208 3.4
      vertex 74.9761 46.2144 3.4
    endloop
  endfacet
  facet normal 0 0 1
    outer loop
      vertex 74.8695 45.4208 3.4
      vertex 74.7888 46.2074 3.4
      vertex 74.7918 45.4098 3.4
    endloop
  endfacet
  facet normal -0 0 1
    outer loop
      vertex 74.6107 46.1865 3.4
      vertex 74.7918 45.4098 3.4
      vertex 74.7888 46.2074 3.4
    endloop
  endfacet
  facet normal 0 0 1
    outer loop
      vertex 74.7918 45.4098 3.4
      vertex 74.6107 46.1865 3.4
      vertex 74.719 45.3914 3.4
    endloop
  endfacet
  facet normal -0 0 1
    outer loop
      vertex 74.4417 46.1515 3.4
      vertex 74.719 45.3914 3.4
      vertex 74.6107 46.1865 3.4
    endloop
  endfacet
  facet normal 0 0 1
    outer loop
      vertex 74.719 45.3914 3.4
      vertex 74.4417 46.1515 3.4
      vertex 74.6512 45.3658 3.4
    endloop
  endfacet
  facet normal -0 0 1
    outer loop
      vertex 74.2819 46.1026 3.4
      vertex 74.6512 45.3658 3.4
      vertex 74.4417 46.1515 3.4
    endloop
  endfacet
  facet normal 0 0 1
    outer loop
      vertex 74.6512 45.3658 3.4
      vertex 74.2819 46.1026 3.4
      vertex 74.5883 45.3327 3.4
    endloop
  endfacet
  facet normal -0 0 1
    outer loop
      vertex 74.1312 46.0397 3.4
      vertex 74.5883 45.3327 3.4
      vertex 74.2819 46.1026 3.4
    endloop
  endfacet
  facet normal 0 0 1
    outer loop
      vertex 74.5883 45.3327 3.4
      vertex 74.1312 46.0397 3.4
      vertex 74.5305 45.2924 3.4
    endloop
  endfacet
  facet normal -0 0 1
    outer loop
      vertex 73.9896 45.9628 3.4
      vertex 74.5305 45.2924 3.4
      vertex 74.1312 46.0397 3.4
    endloop
  endfacet
  facet normal 0 0 1
    outer loop
      vertex 74.5305 45.2924 3.4
      vertex 73.9896 45.9628 3.4
      vertex 74.4776 45.2447 3.4
    endloop
  endfacet
  facet normal -0 0 1
    outer loop
      vertex 73.8572 45.872 3.4
      vertex 74.4776 45.2447 3.4
      vertex 73.9896 45.9628 3.4
    endloop
  endfacet
  facet normal 0 0 1
    outer loop
      vertex 74.4776 45.2447 3.4
      vertex 73.8572 45.872 3.4
      vertex 74.4303 45.1885 3.4
    endloop
  endfacet
  facet normal -0 0 1
    outer loop
      vertex 73.7367 45.7651 3.4
      vertex 74.4303 45.1885 3.4
      vertex 73.8572 45.872 3.4
    endloop
  endfacet
  facet normal -0 0 1
    outer loop
      vertex 73.631 45.64 3.4
      vertex 74.4303 45.1885 3.4
      vertex 73.7367 45.7651 3.4
    endloop
  endfacet
  facet normal 0 0 1
    outer loop
      vertex 74.4303 45.1885 3.4
      vertex 73.631 45.64 3.4
      vertex 74.389 45.1227 3.4
    endloop
  endfacet
  facet normal -0 0 1
    outer loop
      vertex 73.5402 45.4969 3.4
      vertex 74.389 45.1227 3.4
      vertex 73.631 45.64 3.4
    endloop
  endfacet
  facet normal 0 0 1
    outer loop
      vertex 74.389 45.1227 3.4
      vertex 73.5402 45.4969 3.4
      vertex 74.3539 45.0471 3.4
    endloop
  endfacet
  facet normal -0 0 1
    outer loop
      vertex 73.4641 45.3356 3.4
      vertex 74.3539 45.0471 3.4
      vertex 73.5402 45.4969 3.4
    endloop
  endfacet
  facet normal 0 0 1
    outer loop
      vertex 74.3539 45.0471 3.4
      vertex 73.4641 45.3356 3.4
      vertex 74.3248 44.9619 3.4
    endloop
  endfacet
  facet normal -0 0 1
    outer loop
      vertex 73.4029 45.1561 3.4
      vertex 74.3248 44.9619 3.4
      vertex 73.4641 45.3356 3.4
    endloop
  endfacet
  facet normal 0 0 1
    outer loop
      vertex 74.3248 44.9619 3.4
      vertex 73.4029 45.1561 3.4
      vertex 74.3019 44.8669 3.4
    endloop
  endfacet
  facet normal -0 0 1
    outer loop
      vertex 73.3564 44.9586 3.4
      vertex 74.3019 44.8669 3.4
      vertex 73.4029 45.1561 3.4
    endloop
  endfacet
  facet normal 0 0 1
    outer loop
      vertex 74.3019 44.8669 3.4
      vertex 73.3564 44.9586 3.4
      vertex 74.285 44.7623 3.4
    endloop
  endfacet
  facet normal 0 0 1
    outer loop
      vertex 73.3248 44.7429 3.4
      vertex 74.285 44.7623 3.4
      vertex 73.3564 44.9586 3.4
    endloop
  endfacet
  facet normal 0 0 1
    outer loop
      vertex 74.285 44.7623 3.4
      vertex 73.3248 44.7429 3.4
      vertex 74.2742 44.648 3.4
    endloop
  endfacet
  facet normal 0 0 1
    outer loop
      vertex 76.1886 43.7437 3.4
      vertex 75.3999 44.1801 3.4
      vertex 76.1226 43.6505 3.4
    endloop
  endfacet
  facet normal 0 0 1
    outer loop
      vertex 76.1226 43.6505 3.4
      vertex 75.3999 44.1801 3.4
      vertex 76.0509 43.5562 3.4
    endloop
  endfacet
  facet normal -0 0 1
    outer loop
      vertex 75.3481 44.1111 3.4
      vertex 76.0509 43.5562 3.4
      vertex 75.3999 44.1801 3.4
    endloop
  endfacet
  facet normal 0 0 1
    outer loop
      vertex 76.0509 43.5562 3.4
      vertex 75.3481 44.1111 3.4
      vertex 75.9958 43.4893 3.4
    endloop
  endfacet
  facet normal -0 0 1
    outer loop
      vertex 75.2759 44.0264 3.4
      vertex 75.9958 43.4893 3.4
      vertex 75.3481 44.1111 3.4
    endloop
  endfacet
  facet normal 0 0 1
    outer loop
      vertex 75.9958 43.4893 3.4
      vertex 75.2759 44.0264 3.4
      vertex 75.9294 43.4145 3.4
    endloop
  endfacet
  facet normal 0 0 1
    outer loop
      vertex 75.9294 43.4145 3.4
      vertex 75.2759 44.0264 3.4
      vertex 75.8516 43.3318 3.4
    endloop
  endfacet
  facet normal -0 0 1
    outer loop
      vertex 75.1834 43.926 3.4
      vertex 75.8516 43.3318 3.4
      vertex 75.2759 44.0264 3.4
    endloop
  endfacet
  facet normal 0 0 1
    outer loop
      vertex 75.8516 43.3318 3.4
      vertex 75.1834 43.926 3.4
      vertex 75.7625 43.2412 3.4
    endloop
  endfacet
  facet normal -0 0 1
    outer loop
      vertex 75.0705 43.8097 3.4
      vertex 75.7625 43.2412 3.4
      vertex 75.1834 43.926 3.4
    endloop
  endfacet
  facet normal 0 0 1
    outer loop
      vertex 75.7625 43.2412 3.4
      vertex 75.0705 43.8097 3.4
      vertex 75.662 43.1427 3.4
    endloop
  endfacet
  facet normal -0 0 1
    outer loop
      vertex 74.9373 43.6777 3.4
      vertex 75.662 43.1427 3.4
      vertex 75.0705 43.8097 3.4
    endloop
  endfacet
  facet normal 0 0 1
    outer loop
      vertex 75.662 43.1427 3.4
      vertex 74.9373 43.6777 3.4
      vertex 75.5502 43.0364 3.4
    endloop
  endfacet
  facet normal 0 0 1
    outer loop
      vertex 75.5502 43.0364 3.4
      vertex 74.9373 43.6777 3.4
      vertex 75.427 42.9221 3.4
    endloop
  endfacet
  facet normal -0 0 1
    outer loop
      vertex 74.7838 43.5299 3.4
      vertex 75.427 42.9221 3.4
      vertex 74.9373 43.6777 3.4
    endloop
  endfacet
  facet normal 0 0 1
    outer loop
      vertex 75.427 42.9221 3.4
      vertex 74.7838 43.5299 3.4
      vertex 75.3049 42.8096 3.4
    endloop
  endfacet
  facet normal -0 0 1
    outer loop
      vertex 74.6099 43.3663 3.4
      vertex 75.3049 42.8096 3.4
      vertex 74.7838 43.5299 3.4
    endloop
  endfacet
  facet normal 0 0 1
    outer loop
      vertex 75.3049 42.8096 3.4
      vertex 74.6099 43.3663 3.4
      vertex 75.1963 42.7085 3.4
    endloop
  endfacet
  facet normal 0 0 1
    outer loop
      vertex 75.1963 42.7085 3.4
      vertex 74.6099 43.3663 3.4
      vertex 75.1012 42.6186 3.4
    endloop
  endfacet
  facet normal -0 0 1
    outer loop
      vertex 74.392 43.1602 3.4
      vertex 75.1012 42.6186 3.4
      vertex 74.6099 43.3663 3.4
    endloop
  endfacet
  facet normal 0 0 1
    outer loop
      vertex 75.1012 42.6186 3.4
      vertex 74.392 43.1602 3.4
      vertex 75.0196 42.5402 3.4
    endloop
  endfacet
  facet normal 0 0 1
    outer loop
      vertex 75.0196 42.5402 3.4
      vertex 74.392 43.1602 3.4
      vertex 74.9514 42.4731 3.4
    endloop
  endfacet
  facet normal 0 0 1
    outer loop
      vertex 74.9514 42.4731 3.4
      vertex 74.392 43.1602 3.4
      vertex 74.8968 42.4173 3.4
    endloop
  endfacet
  facet normal -0 0 1
    outer loop
      vertex 74.1958 42.966 3.4
      vertex 74.8968 42.4173 3.4
      vertex 74.392 43.1602 3.4
    endloop
  endfacet
  facet normal 0 0 1
    outer loop
      vertex 74.8968 42.4173 3.4
      vertex 74.1958 42.966 3.4
      vertex 74.8557 42.3728 3.4
    endloop
  endfacet
  facet normal 0 0 1
    outer loop
      vertex 74.8557 42.3728 3.4
      vertex 74.1958 42.966 3.4
      vertex 74.8222 42.3342 3.4
    endloop
  endfacet
  facet normal 0 0 1
    outer loop
      vertex 74.8222 42.3342 3.4
      vertex 74.1958 42.966 3.4
      vertex 74.7906 42.2959 3.4
    endloop
  endfacet
  facet normal -0 0 1
    outer loop
      vertex 74.0211 42.7837 3.4
      vertex 74.7906 42.2959 3.4
      vertex 74.1958 42.966 3.4
    endloop
  endfacet
  facet normal 0 0 1
    outer loop
      vertex 74.7906 42.2959 3.4
      vertex 74.0211 42.7837 3.4
      vertex 74.7609 42.2578 3.4
    endloop
  endfacet
  facet normal 0 0 1
    outer loop
      vertex 74.7609 42.2578 3.4
      vertex 74.0211 42.7837 3.4
      vertex 74.7331 42.2201 3.4
    endloop
  endfacet
  facet normal -0 0 1
    outer loop
      vertex 74.6607 42.1084 3.4
      vertex 76.5527 41.2234 3.4
      vertex 76.5527 42.1084 3.4
    endloop
  endfacet
  facet normal 0 0 1
    outer loop
      vertex 74.7331 42.2201 3.4
      vertex 74.0211 42.7837 3.4
      vertex 74.7071 42.1826 3.4
    endloop
  endfacet
  facet normal 0 0 1
    outer loop
      vertex 74.7071 42.1826 3.4
      vertex 74.0211 42.7837 3.4
      vertex 74.683 42.1453 3.4
    endloop
  endfacet
  facet normal -0 0 1
    outer loop
      vertex 73.8681 42.6135 3.4
      vertex 74.683 42.1453 3.4
      vertex 74.0211 42.7837 3.4
    endloop
  endfacet
  facet normal 0 0 1
    outer loop
      vertex 74.683 42.1453 3.4
      vertex 73.8681 42.6135 3.4
      vertex 74.6607 42.1084 3.4
    endloop
  endfacet
  facet normal -0 0 1
    outer loop
      vertex 73.7366 42.4552 3.4
      vertex 74.6607 42.1084 3.4
      vertex 73.8681 42.6135 3.4
    endloop
  endfacet
  facet normal -0 0 1
    outer loop
      vertex 73.6267 42.3088 3.4
      vertex 74.6607 42.1084 3.4
      vertex 73.7366 42.4552 3.4
    endloop
  endfacet
  facet normal -0 0 1
    outer loop
      vertex 73.5384 42.1745 3.4
      vertex 74.6607 42.1084 3.4
      vertex 73.6267 42.3088 3.4
    endloop
  endfacet
  facet normal 0 0 1
    outer loop
      vertex 73.4653 42.0451 3.4
      vertex 74.6607 42.1084 3.4
      vertex 73.5384 42.1745 3.4
    endloop
  endfacet
  facet normal 0 0 1
    outer loop
      vertex 73.4011 41.9135 3.4
      vertex 74.6607 42.1084 3.4
      vertex 73.4653 42.0451 3.4
    endloop
  endfacet
  facet normal 0 0 1
    outer loop
      vertex 73.3458 41.7798 3.4
      vertex 74.6607 42.1084 3.4
      vertex 73.4011 41.9135 3.4
    endloop
  endfacet
  facet normal 0 0 1
    outer loop
      vertex 73.2993 41.6439 3.4
      vertex 74.6607 42.1084 3.4
      vertex 73.3458 41.7798 3.4
    endloop
  endfacet
  facet normal 0 0 1
    outer loop
      vertex 73.2616 41.5059 3.4
      vertex 74.6607 42.1084 3.4
      vertex 73.2993 41.6439 3.4
    endloop
  endfacet
  facet normal 0 0 1
    outer loop
      vertex 73.2328 41.3657 3.4
      vertex 74.6607 42.1084 3.4
      vertex 73.2616 41.5059 3.4
    endloop
  endfacet
  facet normal 0 0 1
    outer loop
      vertex 73.2129 41.2234 3.4
      vertex 74.6607 42.1084 3.4
      vertex 73.2328 41.3657 3.4
    endloop
  endfacet
  facet normal 0 0 1
    outer loop
      vertex 74.6607 42.1084 3.4
      vertex 73.2129 41.2234 3.4
      vertex 76.5527 41.2234 3.4
    endloop
  endfacet
  facet normal -0 0 1
    outer loop
      vertex 60.7488 44.8058 3.4
      vertex 61.7856 44.8005 3.4
      vertex 61.7812 44.9245 3.4
    endloop
  endfacet
  facet normal 0 0 1
    outer loop
      vertex 60.7405 44.8716 3.4
      vertex 61.7812 44.9245 3.4
      vertex 61.7679 45.0444 3.4
    endloop
  endfacet
  facet normal 0 -0 1
    outer loop
      vertex 60.7515 44.7361 3.4
      vertex 61.7856 44.8005 3.4
      vertex 60.7488 44.8058 3.4
    endloop
  endfacet
  facet normal 0 0 1
    outer loop
      vertex 60.7405 44.8716 3.4
      vertex 61.7679 45.0444 3.4
      vertex 61.7458 45.1603 3.4
    endloop
  endfacet
  facet normal 0 0 1
    outer loop
      vertex 61.7856 44.8005 3.4
      vertex 60.7515 44.7361 3.4
      vertex 61.7789 44.6447 3.4
    endloop
  endfacet
  facet normal 0 0 1
    outer loop
      vertex 60.7269 44.9334 3.4
      vertex 61.7458 45.1603 3.4
      vertex 61.7148 45.2722 3.4
    endloop
  endfacet
  facet normal -0 0 1
    outer loop
      vertex 60.7494 44.6737 3.4
      vertex 61.7789 44.6447 3.4
      vertex 60.7515 44.7361 3.4
    endloop
  endfacet
  facet normal 0 0 1
    outer loop
      vertex 60.7077 44.9913 3.4
      vertex 61.7148 45.2722 3.4
      vertex 61.6749 45.3801 3.4
    endloop
  endfacet
  facet normal 0 0 1
    outer loop
      vertex 60.7077 44.9913 3.4
      vertex 61.6749 45.3801 3.4
      vertex 61.6262 45.4839 3.4
    endloop
  endfacet
  facet normal 0 0 1
    outer loop
      vertex 61.7789 44.6447 3.4
      vertex 60.7494 44.6737 3.4
      vertex 61.7588 44.4968 3.4
    endloop
  endfacet
  facet normal 0 0 1
    outer loop
      vertex 60.6831 45.0452 3.4
      vertex 61.6262 45.4839 3.4
      vertex 61.5686 45.5838 3.4
    endloop
  endfacet
  facet normal -0 0 1
    outer loop
      vertex 60.7432 44.6143 3.4
      vertex 61.7588 44.4968 3.4
      vertex 60.7494 44.6737 3.4
    endloop
  endfacet
  facet normal 0 0 1
    outer loop
      vertex 60.6831 45.0452 3.4
      vertex 61.5686 45.5838 3.4
      vertex 61.5037 45.6774 3.4
    endloop
  endfacet
  facet normal 0 0 1
    outer loop
      vertex 61.7588 44.4968 3.4
      vertex 60.7432 44.6143 3.4
      vertex 61.7252 44.3568 3.4
    endloop
  endfacet
  facet normal 0 0 1
    outer loop
      vertex 60.6531 45.0952 3.4
      vertex 61.5037 45.6774 3.4
      vertex 61.4329 45.7624 3.4
    endloop
  endfacet
  facet normal 0 0 1
    outer loop
      vertex 60.6175 45.1413 3.4
      vertex 61.4329 45.7624 3.4
      vertex 61.3562 45.839 3.4
    endloop
  endfacet
  facet normal -0 0 1
    outer loop
      vertex 60.7328 44.558 3.4
      vertex 61.7252 44.3568 3.4
      vertex 60.7432 44.6143 3.4
    endloop
  endfacet
  facet normal 0 0 1
    outer loop
      vertex 60.6175 45.1413 3.4
      vertex 61.3562 45.839 3.4
      vertex 61.2736 45.907 3.4
    endloop
  endfacet
  facet normal 0 0 1
    outer loop
      vertex 61.7252 44.3568 3.4
      vertex 60.7328 44.558 3.4
      vertex 61.6782 44.2248 3.4
    endloop
  endfacet
  facet normal 0 0 1
    outer loop
      vertex 60.577 45.183 3.4
      vertex 61.2736 45.907 3.4
      vertex 61.1851 45.9666 3.4
    endloop
  endfacet
  facet normal -0 0 1
    outer loop
      vertex 60.7183 44.5047 3.4
      vertex 61.6782 44.2248 3.4
      vertex 60.7328 44.558 3.4
    endloop
  endfacet
  facet normal 0 0 1
    outer loop
      vertex 60.577 45.183 3.4
      vertex 61.1851 45.9666 3.4
      vertex 61.0908 46.0176 3.4
    endloop
  endfacet
  facet normal 0 0 1
    outer loop
      vertex 60.532 45.2202 3.4
      vertex 61.0908 46.0176 3.4
      vertex 60.9905 46.0601 3.4
    endloop
  endfacet
  facet normal 0 0 1
    outer loop
      vertex 61.6782 44.2248 3.4
      vertex 60.7183 44.5047 3.4
      vertex 61.6178 44.1008 3.4
    endloop
  endfacet
  facet normal 0 0 1
    outer loop
      vertex 60.532 45.2202 3.4
      vertex 60.9905 46.0601 3.4
      vertex 60.8785 46.0957 3.4
    endloop
  endfacet
  facet normal -0 0 1
    outer loop
      vertex 60.6996 44.4545 3.4
      vertex 61.544 43.9847 3.4
      vertex 60.7183 44.5047 3.4
    endloop
  endfacet
  facet normal 0 0 1
    outer loop
      vertex 61.544 43.9847 3.4
      vertex 60.6996 44.4545 3.4
      vertex 61.4567 43.8766 3.4
    endloop
  endfacet
  facet normal 0 0 1
    outer loop
      vertex 61.6178 44.1008 3.4
      vertex 60.7183 44.5047 3.4
      vertex 61.544 43.9847 3.4
    endloop
  endfacet
  facet normal 0 0 1
    outer loop
      vertex 60.4825 45.2527 3.4
      vertex 60.8785 46.0957 3.4
      vertex 60.7486 46.1257 3.4
    endloop
  endfacet
  facet normal 0 0 1
    outer loop
      vertex 61.7812 44.9245 3.4
      vertex 60.7405 44.8716 3.4
      vertex 60.7488 44.8058 3.4
    endloop
  endfacet
  facet normal 0 0 1
    outer loop
      vertex 61.7458 45.1603 3.4
      vertex 60.7269 44.9334 3.4
      vertex 60.7405 44.8716 3.4
    endloop
  endfacet
  facet normal 0 0 1
    outer loop
      vertex 61.7148 45.2722 3.4
      vertex 60.7077 44.9913 3.4
      vertex 60.7269 44.9334 3.4
    endloop
  endfacet
  facet normal 0 0 1
    outer loop
      vertex 61.6262 45.4839 3.4
      vertex 60.6831 45.0452 3.4
      vertex 60.7077 44.9913 3.4
    endloop
  endfacet
  facet normal 0 0 1
    outer loop
      vertex 61.5037 45.6774 3.4
      vertex 60.6531 45.0952 3.4
      vertex 60.6831 45.0452 3.4
    endloop
  endfacet
  facet normal 0 0 1
    outer loop
      vertex 61.4329 45.7624 3.4
      vertex 60.6175 45.1413 3.4
      vertex 60.6531 45.0952 3.4
    endloop
  endfacet
  facet normal 0 0 1
    outer loop
      vertex 60.4285 45.2805 3.4
      vertex 60.7486 46.1257 3.4
      vertex 60.601 46.1503 3.4
    endloop
  endfacet
  facet normal 0 0 1
    outer loop
      vertex 61.2736 45.907 3.4
      vertex 60.577 45.183 3.4
      vertex 60.6175 45.1413 3.4
    endloop
  endfacet
  facet normal 0 0 1
    outer loop
      vertex 61.0908 46.0176 3.4
      vertex 60.532 45.2202 3.4
      vertex 60.577 45.183 3.4
    endloop
  endfacet
  facet normal 0 0 1
    outer loop
      vertex 60.8785 46.0957 3.4
      vertex 60.4825 45.2527 3.4
      vertex 60.532 45.2202 3.4
    endloop
  endfacet
  facet normal 0 0 1
    outer loop
      vertex 60.37 45.3037 3.4
      vertex 60.601 46.1503 3.4
      vertex 60.4356 46.1695 3.4
    endloop
  endfacet
  facet normal 0 0 1
    outer loop
      vertex 60.7486 46.1257 3.4
      vertex 60.4285 45.2805 3.4
      vertex 60.4825 45.2527 3.4
    endloop
  endfacet
  facet normal 0 0 1
    outer loop
      vertex 60.601 46.1503 3.4
      vertex 60.37 45.3037 3.4
      vertex 60.4285 45.2805 3.4
    endloop
  endfacet
  facet normal 0 0 1
    outer loop
      vertex 60.4356 46.1695 3.4
      vertex 60.307 45.3223 3.4
      vertex 60.37 45.3037 3.4
    endloop
  endfacet
  facet normal 0 0 1
    outer loop
      vertex 60.2395 45.3363 3.4
      vertex 60.4356 46.1695 3.4
      vertex 60.2524 46.1831 3.4
    endloop
  endfacet
  facet normal 0 0 1
    outer loop
      vertex 60.4356 46.1695 3.4
      vertex 60.2395 45.3363 3.4
      vertex 60.307 45.3223 3.4
    endloop
  endfacet
  facet normal 0 0 1
    outer loop
      vertex 60.2524 46.1831 3.4
      vertex 60.1947 45.3408 3.4
      vertex 60.2395 45.3363 3.4
    endloop
  endfacet
  facet normal 0 0 1
    outer loop
      vertex 60.2524 46.1831 3.4
      vertex 60.1299 45.3446 3.4
      vertex 60.1947 45.3408 3.4
    endloop
  endfacet
  facet normal 0 0 1
    outer loop
      vertex 60.0514 46.1913 3.4
      vertex 60.1299 45.3446 3.4
      vertex 60.2524 46.1831 3.4
    endloop
  endfacet
  facet normal 0 0 1
    outer loop
      vertex 60.0514 46.1913 3.4
      vertex 60.0452 45.3477 3.4
      vertex 60.1299 45.3446 3.4
    endloop
  endfacet
  facet normal 0 0 1
    outer loop
      vertex 60.0514 46.1913 3.4
      vertex 59.9406 45.3501 3.4
      vertex 60.0452 45.3477 3.4
    endloop
  endfacet
  facet normal 0 0 1
    outer loop
      vertex 59.8326 46.1941 3.4
      vertex 59.9406 45.3501 3.4
      vertex 60.0514 46.1913 3.4
    endloop
  endfacet
  facet normal 0 0 1
    outer loop
      vertex 59.8326 46.1941 3.4
      vertex 59.816 45.3518 3.4
      vertex 59.9406 45.3501 3.4
    endloop
  endfacet
  facet normal 0 0 1
    outer loop
      vertex 59.8326 46.1941 3.4
      vertex 59.6715 45.3529 3.4
      vertex 59.816 45.3518 3.4
    endloop
  endfacet
  facet normal 0 0 1
    outer loop
      vertex 59.8326 46.1941 3.4
      vertex 59.5071 45.3532 3.4
      vertex 59.6715 45.3529 3.4
    endloop
  endfacet
  facet normal 0 0 1
    outer loop
      vertex 59.8326 46.1941 3.4
      vertex 58.7239 45.3532 3.4
      vertex 59.5071 45.3532 3.4
    endloop
  endfacet
  facet normal 0 0 1
    outer loop
      vertex 57.7203 46.1941 3.4
      vertex 58.7239 44.0919 3.4
      vertex 58.7239 45.3532 3.4
    endloop
  endfacet
  facet normal 0 0 1
    outer loop
      vertex 58.7239 44.0919 3.4
      vertex 57.7203 46.1941 3.4
      vertex 58.7239 43.2985 3.4
    endloop
  endfacet
  facet normal -0 0 1
    outer loop
      vertex 57.7203 46.1941 3.4
      vertex 58.7239 45.3532 3.4
      vertex 59.8326 46.1941 3.4
    endloop
  endfacet
  facet normal 0 0 1
    outer loop
      vertex 58.7239 43.2985 3.4
      vertex 57.7203 46.1941 3.4
      vertex 57.7203 41.2234 3.4
    endloop
  endfacet
  facet normal 0 0 1
    outer loop
      vertex 58.7239 43.2985 3.4
      vertex 57.7203 41.2234 3.4
      vertex 58.7239 41.2234 3.4
    endloop
  endfacet
  facet normal -0 0 1
    outer loop
      vertex 60.6768 44.4073 3.4
      vertex 61.4567 43.8766 3.4
      vertex 60.6996 44.4545 3.4
    endloop
  endfacet
  facet normal 0 0 1
    outer loop
      vertex 61.4567 43.8766 3.4
      vertex 60.6768 44.4073 3.4
      vertex 61.3561 43.7779 3.4
    endloop
  endfacet
  facet normal -0 0 1
    outer loop
      vertex 60.6498 44.3631 3.4
      vertex 61.3561 43.7779 3.4
      vertex 60.6768 44.4073 3.4
    endloop
  endfacet
  facet normal 0 0 1
    outer loop
      vertex 61.3561 43.7779 3.4
      vertex 60.6498 44.3631 3.4
      vertex 61.2422 43.6903 3.4
    endloop
  endfacet
  facet normal -0 0 1
    outer loop
      vertex 60.6191 44.3223 3.4
      vertex 61.2422 43.6903 3.4
      vertex 60.6498 44.3631 3.4
    endloop
  endfacet
  facet normal 0 0 1
    outer loop
      vertex 61.2422 43.6903 3.4
      vertex 60.6191 44.3223 3.4
      vertex 61.115 43.6137 3.4
    endloop
  endfacet
  facet normal -0 0 1
    outer loop
      vertex 60.5853 44.2851 3.4
      vertex 61.115 43.6137 3.4
      vertex 60.6191 44.3223 3.4
    endloop
  endfacet
  facet normal 0 0 1
    outer loop
      vertex 61.115 43.6137 3.4
      vertex 60.5853 44.2851 3.4
      vertex 60.9746 43.5481 3.4
    endloop
  endfacet
  facet normal -0 0 1
    outer loop
      vertex 60.5483 44.2515 3.4
      vertex 60.9746 43.5481 3.4
      vertex 60.5853 44.2851 3.4
    endloop
  endfacet
  facet normal -0 0 1
    outer loop
      vertex 60.5081 44.2214 3.4
      vertex 60.9746 43.5481 3.4
      vertex 60.5483 44.2515 3.4
    endloop
  endfacet
  facet normal 0 0 1
    outer loop
      vertex 60.9746 43.5481 3.4
      vertex 60.5081 44.2214 3.4
      vertex 60.8208 43.4934 3.4
    endloop
  endfacet
  facet normal -0 0 1
    outer loop
      vertex 60.4647 44.195 3.4
      vertex 60.8208 43.4934 3.4
      vertex 60.5081 44.2214 3.4
    endloop
  endfacet
  facet normal 0 0 1
    outer loop
      vertex 60.8208 43.4934 3.4
      vertex 60.4647 44.195 3.4
      vertex 60.6538 43.4498 3.4
    endloop
  endfacet
  facet normal -0 0 1
    outer loop
      vertex 60.4181 44.1722 3.4
      vertex 60.6538 43.4498 3.4
      vertex 60.4647 44.195 3.4
    endloop
  endfacet
  facet normal 0 0 1
    outer loop
      vertex 60.9888 41.2234 3.4
      vertex 61.5822 42.1931 3.4
      vertex 61.4825 42.3516 3.4
    endloop
  endfacet
  facet normal 0 0 1
    outer loop
      vertex 60.2632 42.305 3.4
      vertex 61.4825 42.3516 3.4
      vertex 61.3888 42.4957 3.4
    endloop
  endfacet
  facet normal 0 0 1
    outer loop
      vertex 60.2632 42.305 3.4
      vertex 61.3888 42.4957 3.4
      vertex 61.3012 42.6253 3.4
    endloop
  endfacet
  facet normal 0 0 1
    outer loop
      vertex 60.2632 42.305 3.4
      vertex 61.3012 42.6253 3.4
      vertex 61.2196 42.7406 3.4
    endloop
  endfacet
  facet normal 0 0 1
    outer loop
      vertex 60.2632 42.305 3.4
      vertex 61.2196 42.7406 3.4
      vertex 61.144 42.8415 3.4
    endloop
  endfacet
  facet normal 0 0 1
    outer loop
      vertex 60.2632 42.305 3.4
      vertex 61.144 42.8415 3.4
      vertex 61.0744 42.928 3.4
    endloop
  endfacet
  facet normal 0 0 1
    outer loop
      vertex 60.2632 42.305 3.4
      vertex 61.0744 42.928 3.4
      vertex 61.0109 43.0001 3.4
    endloop
  endfacet
  facet normal 0 0 1
    outer loop
      vertex 61.5822 42.1931 3.4
      vertex 60.9888 41.2234 3.4
      vertex 62.1891 41.2234 3.4
    endloop
  endfacet
  facet normal 0 0 1
    outer loop
      vertex 60.1578 42.4619 3.4
      vertex 61.0109 43.0001 3.4
      vertex 60.948 43.0642 3.4
    endloop
  endfacet
  facet normal 0 0 1
    outer loop
      vertex 60.1578 42.4619 3.4
      vertex 60.948 43.0642 3.4
      vertex 60.8805 43.1269 3.4
    endloop
  endfacet
  facet normal 0 0 1
    outer loop
      vertex 60.1578 42.4619 3.4
      vertex 60.8805 43.1269 3.4
      vertex 60.8084 43.188 3.4
    endloop
  endfacet
  facet normal 0 0 1
    outer loop
      vertex 60.0623 42.6013 3.4
      vertex 60.8084 43.188 3.4
      vertex 60.7316 43.2476 3.4
    endloop
  endfacet
  facet normal 0 0 1
    outer loop
      vertex 60.0623 42.6013 3.4
      vertex 60.7316 43.2476 3.4
      vertex 60.6502 43.3056 3.4
    endloop
  endfacet
  facet normal 0 0 1
    outer loop
      vertex 59.9768 42.7232 3.4
      vertex 60.6502 43.3056 3.4
      vertex 60.5642 43.3622 3.4
    endloop
  endfacet
  facet normal 0 0 1
    outer loop
      vertex 59.9768 42.7232 3.4
      vertex 60.5642 43.3622 3.4
      vertex 60.4735 43.4172 3.4
    endloop
  endfacet
  facet normal -0 0 1
    outer loop
      vertex 60.3683 44.1529 3.4
      vertex 60.6538 43.4498 3.4
      vertex 60.4181 44.1722 3.4
    endloop
  endfacet
  facet normal 0 0 1
    outer loop
      vertex 60.6538 43.4498 3.4
      vertex 60.3683 44.1529 3.4
      vertex 60.4735 43.4172 3.4
    endloop
  endfacet
  facet normal -0 0 1
    outer loop
      vertex 60.3059 44.1367 3.4
      vertex 60.4735 43.4172 3.4
      vertex 60.3683 44.1529 3.4
    endloop
  endfacet
  facet normal 0 0 1
    outer loop
      vertex 61.4825 42.3516 3.4
      vertex 60.2632 42.305 3.4
      vertex 60.9888 41.2234 3.4
    endloop
  endfacet
  facet normal -0 0 1
    outer loop
      vertex 60.2214 44.123 3.4
      vertex 60.4735 43.4172 3.4
      vertex 60.3059 44.1367 3.4
    endloop
  endfacet
  facet normal -0 0 1
    outer loop
      vertex 60.1147 44.1118 3.4
      vertex 60.4735 43.4172 3.4
      vertex 60.2214 44.123 3.4
    endloop
  endfacet
  facet normal 0 0 1
    outer loop
      vertex 61.0109 43.0001 3.4
      vertex 60.1578 42.4619 3.4
      vertex 60.2632 42.305 3.4
    endloop
  endfacet
  facet normal -0 0 1
    outer loop
      vertex 59.9858 44.1031 3.4
      vertex 60.4735 43.4172 3.4
      vertex 60.1147 44.1118 3.4
    endloop
  endfacet
  facet normal 0 0 1
    outer loop
      vertex 60.8084 43.188 3.4
      vertex 60.0623 42.6013 3.4
      vertex 60.1578 42.4619 3.4
    endloop
  endfacet
  facet normal 0 0 1
    outer loop
      vertex 59.6091 43.1476 3.4
      vertex 60.4735 43.4172 3.4
      vertex 59.9858 44.1031 3.4
    endloop
  endfacet
  facet normal 0 0 1
    outer loop
      vertex 60.6502 43.3056 3.4
      vertex 59.9768 42.7232 3.4
      vertex 60.0623 42.6013 3.4
    endloop
  endfacet
  facet normal 0 0 1
    outer loop
      vertex 60.4735 43.4172 3.4
      vertex 59.9012 42.8276 3.4
      vertex 59.9768 42.7232 3.4
    endloop
  endfacet
  facet normal 0 0 1
    outer loop
      vertex 60.4735 43.4172 3.4
      vertex 59.8356 42.9145 3.4
      vertex 59.9012 42.8276 3.4
    endloop
  endfacet
  facet normal 0 0 1
    outer loop
      vertex 59.6091 43.1476 3.4
      vertex 59.9858 44.1031 3.4
      vertex 59.8348 44.0969 3.4
    endloop
  endfacet
  facet normal 0 0 1
    outer loop
      vertex 60.4735 43.4172 3.4
      vertex 59.78 42.9838 3.4
      vertex 59.8356 42.9145 3.4
    endloop
  endfacet
  facet normal 0 0 1
    outer loop
      vertex 60.4735 43.4172 3.4
      vertex 59.7343 43.0357 3.4
      vertex 59.78 42.9838 3.4
    endloop
  endfacet
  facet normal 0 0 1
    outer loop
      vertex 60.4735 43.4172 3.4
      vertex 59.6933 43.0769 3.4
      vertex 59.7343 43.0357 3.4
    endloop
  endfacet
  facet normal 0 0 1
    outer loop
      vertex 59.5222 43.2028 3.4
      vertex 59.8348 44.0969 3.4
      vertex 59.6617 44.0931 3.4
    endloop
  endfacet
  facet normal 0 0 1
    outer loop
      vertex 60.4735 43.4172 3.4
      vertex 59.6515 43.1142 3.4
      vertex 59.6933 43.0769 3.4
    endloop
  endfacet
  facet normal 0 0 1
    outer loop
      vertex 60.4735 43.4172 3.4
      vertex 59.6091 43.1476 3.4
      vertex 59.6515 43.1142 3.4
    endloop
  endfacet
  facet normal 0 0 1
    outer loop
      vertex 59.8348 44.0969 3.4
      vertex 59.566 43.1771 3.4
      vertex 59.6091 43.1476 3.4
    endloop
  endfacet
  facet normal 0 0 1
    outer loop
      vertex 59.8348 44.0969 3.4
      vertex 59.5222 43.2028 3.4
      vertex 59.566 43.1771 3.4
    endloop
  endfacet
  facet normal 0 0 1
    outer loop
      vertex 59.6617 44.0931 3.4
      vertex 59.4777 43.2246 3.4
      vertex 59.5222 43.2028 3.4
    endloop
  endfacet
  facet normal 0 0 1
    outer loop
      vertex 59.4325 43.2425 3.4
      vertex 59.6617 44.0931 3.4
      vertex 59.4665 44.0919 3.4
    endloop
  endfacet
  facet normal 0 0 1
    outer loop
      vertex 59.6617 44.0931 3.4
      vertex 59.4325 43.2425 3.4
      vertex 59.4777 43.2246 3.4
    endloop
  endfacet
  facet normal 0 0 1
    outer loop
      vertex 59.4665 44.0919 3.4
      vertex 59.3832 43.2574 3.4
      vertex 59.4325 43.2425 3.4
    endloop
  endfacet
  facet normal 0 0 1
    outer loop
      vertex 59.4665 44.0919 3.4
      vertex 59.3263 43.2699 3.4
      vertex 59.3832 43.2574 3.4
    endloop
  endfacet
  facet normal 0 0 1
    outer loop
      vertex 59.4665 44.0919 3.4
      vertex 59.2617 43.2802 3.4
      vertex 59.3263 43.2699 3.4
    endloop
  endfacet
  facet normal 0 0 1
    outer loop
      vertex 59.4665 44.0919 3.4
      vertex 59.1895 43.2882 3.4
      vertex 59.2617 43.2802 3.4
    endloop
  endfacet
  facet normal 0 0 1
    outer loop
      vertex 59.4665 44.0919 3.4
      vertex 59.1097 43.2939 3.4
      vertex 59.1895 43.2882 3.4
    endloop
  endfacet
  facet normal -0 0 1
    outer loop
      vertex 58.7239 44.0919 3.4
      vertex 59.1097 43.2939 3.4
      vertex 59.4665 44.0919 3.4
    endloop
  endfacet
  facet normal 0 0 1
    outer loop
      vertex 59.1097 43.2939 3.4
      vertex 58.7239 44.0919 3.4
      vertex 59.0224 43.2974 3.4
    endloop
  endfacet
  facet normal 0 0 1
    outer loop
      vertex 59.0224 43.2974 3.4
      vertex 58.7239 44.0919 3.4
      vertex 58.9273 43.2985 3.4
    endloop
  endfacet
  facet normal 0 0 1
    outer loop
      vertex 58.9273 43.2985 3.4
      vertex 58.7239 44.0919 3.4
      vertex 58.7239 43.2985 3.4
    endloop
  endfacet
  facet normal -0.0817212 0.996655 0
    outer loop
      vertex 45.3427 41.1577 3.4
      vertex 45.1683 41.1434 3.79999
      vertex 45.3427 41.1577 3.79999
    endloop
  endfacet
  facet normal -0.0817212 0.996655 0
    outer loop
      vertex 45.1683 41.1434 3.79999
      vertex 45.3427 41.1577 3.4
      vertex 45.1683 41.1434 3.4
    endloop
  endfacet
  facet normal -0.135113 0.99083 0
    outer loop
      vertex 45.5165 41.1814 3.4
      vertex 45.3427 41.1577 3.79999
      vertex 45.5165 41.1814 3.79999
    endloop
  endfacet
  facet normal -0.135113 0.99083 0
    outer loop
      vertex 45.3427 41.1577 3.79999
      vertex 45.5165 41.1814 3.4
      vertex 45.3427 41.1577 3.4
    endloop
  endfacet
  facet normal -0.187711 0.982224 0
    outer loop
      vertex 45.6897 41.2145 3.4
      vertex 45.5165 41.1814 3.79999
      vertex 45.6897 41.2145 3.79999
    endloop
  endfacet
  facet normal -0.187711 0.982224 0
    outer loop
      vertex 45.5165 41.1814 3.79999
      vertex 45.6897 41.2145 3.4
      vertex 45.5165 41.1814 3.4
    endloop
  endfacet
  facet normal -0.240284 0.970703 0
    outer loop
      vertex 45.8622 41.2572 3.4
      vertex 45.6897 41.2145 3.79999
      vertex 45.8622 41.2572 3.79999
    endloop
  endfacet
  facet normal -0.240284 0.970703 0
    outer loop
      vertex 45.6897 41.2145 3.79999
      vertex 45.8622 41.2572 3.4
      vertex 45.6897 41.2145 3.4
    endloop
  endfacet
  facet normal -0.290054 0.95701 0
    outer loop
      vertex 46.0341 41.3093 3.4
      vertex 45.8622 41.2572 3.79999
      vertex 46.0341 41.3093 3.79999
    endloop
  endfacet
  facet normal -0.290054 0.95701 0
    outer loop
      vertex 45.8622 41.2572 3.79999
      vertex 46.0341 41.3093 3.4
      vertex 45.8622 41.2572 3.4
    endloop
  endfacet
  facet normal -0.338389 0.941006 0
    outer loop
      vertex 46.2054 41.3709 3.4
      vertex 46.0341 41.3093 3.79999
      vertex 46.2054 41.3709 3.79999
    endloop
  endfacet
  facet normal -0.338389 0.941006 0
    outer loop
      vertex 46.0341 41.3093 3.79999
      vertex 46.2054 41.3709 3.4
      vertex 46.0341 41.3093 3.4
    endloop
  endfacet
  facet normal -0.380158 0.924921 0
    outer loop
      vertex 46.3706 41.4388 3.4
      vertex 46.2054 41.3709 3.79999
      vertex 46.3706 41.4388 3.79999
    endloop
  endfacet
  facet normal -0.380158 0.924921 0
    outer loop
      vertex 46.2054 41.3709 3.79999
      vertex 46.3706 41.4388 3.4
      vertex 46.2054 41.3709 3.4
    endloop
  endfacet
  facet normal -0.418384 0.90827 0
    outer loop
      vertex 46.5243 41.5096 3.4
      vertex 46.3706 41.4388 3.79999
      vertex 46.5243 41.5096 3.79999
    endloop
  endfacet
  facet normal -0.418384 0.90827 0
    outer loop
      vertex 46.3706 41.4388 3.79999
      vertex 46.5243 41.5096 3.4
      vertex 46.3706 41.4388 3.4
    endloop
  endfacet
  facet normal -0.4609 0.887452 0
    outer loop
      vertex 46.6664 41.5834 3.4
      vertex 46.5243 41.5096 3.79999
      vertex 46.6664 41.5834 3.79999
    endloop
  endfacet
  facet normal -0.4609 0.887452 0
    outer loop
      vertex 46.5243 41.5096 3.79999
      vertex 46.6664 41.5834 3.4
      vertex 46.5243 41.5096 3.4
    endloop
  endfacet
  facet normal -0.507193 0.861832 0
    outer loop
      vertex 46.7969 41.6602 3.4
      vertex 46.6664 41.5834 3.79999
      vertex 46.7969 41.6602 3.79999
    endloop
  endfacet
  facet normal -0.507193 0.861832 0
    outer loop
      vertex 46.6664 41.5834 3.79999
      vertex 46.7969 41.6602 3.4
      vertex 46.6664 41.5834 3.4
    endloop
  endfacet
  facet normal -0.556471 0.830867 0
    outer loop
      vertex 46.9159 41.7399 3.4
      vertex 46.7969 41.6602 3.79999
      vertex 46.9159 41.7399 3.79999
    endloop
  endfacet
  facet normal -0.556471 0.830867 0
    outer loop
      vertex 46.7969 41.6602 3.79999
      vertex 46.9159 41.7399 3.4
      vertex 46.7969 41.6602 3.4
    endloop
  endfacet
  facet normal -0.610566 0.791966 0
    outer loop
      vertex 47.0233 41.8227 3.4
      vertex 46.9159 41.7399 3.79999
      vertex 47.0233 41.8227 3.79999
    endloop
  endfacet
  facet normal -0.610566 0.791966 0
    outer loop
      vertex 46.9159 41.7399 3.79999
      vertex 47.0233 41.8227 3.4
      vertex 46.9159 41.7399 3.4
    endloop
  endfacet
  facet normal -0.665908 0.746034 0
    outer loop
      vertex 47.1192 41.9083 3.4
      vertex 47.0233 41.8227 3.79999
      vertex 47.1192 41.9083 3.79999
    endloop
  endfacet
  facet normal -0.665908 0.746034 0
    outer loop
      vertex 47.0233 41.8227 3.79999
      vertex 47.1192 41.9083 3.4
      vertex 47.0233 41.8227 3.4
    endloop
  endfacet
  facet normal -1 0 0
    outer loop
      vertex 47.1192 41.9083 3.4
      vertex 47.1192 43.8885 3.79999
      vertex 47.1192 43.8885 3.4
    endloop
  endfacet
  facet normal -1 -0 0
    outer loop
      vertex 47.1192 43.8885 3.79999
      vertex 47.1192 41.9083 3.4
      vertex 47.1192 41.9083 3.79999
    endloop
  endfacet
  facet normal 0 -1 0
    outer loop
      vertex 44.956 43.8885 3.4
      vertex 47.1192 43.8885 3.79999
      vertex 44.956 43.8885 3.79999
    endloop
  endfacet
  facet normal 0 -1 -0
    outer loop
      vertex 47.1192 43.8885 3.79999
      vertex 44.956 43.8885 3.4
      vertex 47.1192 43.8885 3.4
    endloop
  endfacet
  facet normal 1 -0 0
    outer loop
      vertex 44.956 43.051 3.79999
      vertex 44.956 43.8885 3.4
      vertex 44.956 43.8885 3.79999
    endloop
  endfacet
  facet normal 1 0 0
    outer loop
      vertex 44.956 43.8885 3.4
      vertex 44.956 43.051 3.79999
      vertex 44.956 43.051 3.4
    endloop
  endfacet
  facet normal 0 1 -0
    outer loop
      vertex 46.1054 43.051 3.4
      vertex 44.956 43.051 3.79999
      vertex 46.1054 43.051 3.79999
    endloop
  endfacet
  facet normal 0 1 0
    outer loop
      vertex 44.956 43.051 3.79999
      vertex 46.1054 43.051 3.4
      vertex 44.956 43.051 3.4
    endloop
  endfacet
  facet normal 1 -0 0
    outer loop
      vertex 46.1054 42.4203 3.79999
      vertex 46.1054 43.051 3.4
      vertex 46.1054 43.051 3.79999
    endloop
  endfacet
  facet normal 1 0 0
    outer loop
      vertex 46.1054 43.051 3.4
      vertex 46.1054 42.4203 3.79999
      vertex 46.1054 42.4203 3.4
    endloop
  endfacet
  facet normal 0.594391 -0.804176 0
    outer loop
      vertex 46.0387 42.371 3.4
      vertex 46.1054 42.4203 3.79999
      vertex 46.0387 42.371 3.79999
    endloop
  endfacet
  facet normal 0.594391 -0.804176 0
    outer loop
      vertex 46.1054 42.4203 3.79999
      vertex 46.0387 42.371 3.4
      vertex 46.1054 42.4203 3.4
    endloop
  endfacet
  facet normal 0.556062 -0.831141 0
    outer loop
      vertex 45.9683 42.3239 3.4
      vertex 46.0387 42.371 3.79999
      vertex 45.9683 42.3239 3.79999
    endloop
  endfacet
  facet normal 0.556062 -0.831141 0
    outer loop
      vertex 46.0387 42.371 3.79999
      vertex 45.9683 42.3239 3.4
      vertex 46.0387 42.371 3.4
    endloop
  endfacet
  facet normal 0.519068 -0.854733 0
    outer loop
      vertex 45.8942 42.2789 3.4
      vertex 45.9683 42.3239 3.79999
      vertex 45.8942 42.2789 3.79999
    endloop
  endfacet
  facet normal 0.519068 -0.854733 0
    outer loop
      vertex 45.9683 42.3239 3.79999
      vertex 45.8942 42.2789 3.4
      vertex 45.9683 42.3239 3.4
    endloop
  endfacet
  facet normal 0.482869 -0.875693 0
    outer loop
      vertex 45.8164 42.236 3.4
      vertex 45.8942 42.2789 3.79999
      vertex 45.8164 42.236 3.79999
    endloop
  endfacet
  facet normal 0.482869 -0.875693 0
    outer loop
      vertex 45.8942 42.2789 3.79999
      vertex 45.8164 42.236 3.4
      vertex 45.8942 42.2789 3.4
    endloop
  endfacet
  facet normal 0.447214 -0.894427 0
    outer loop
      vertex 45.735 42.1953 3.4
      vertex 45.8164 42.236 3.79999
      vertex 45.735 42.1953 3.79999
    endloop
  endfacet
  facet normal 0.447214 -0.894427 0
    outer loop
      vertex 45.8164 42.236 3.79999
      vertex 45.735 42.1953 3.4
      vertex 45.8164 42.236 3.4
    endloop
  endfacet
  facet normal 0.413077 -0.910696 0
    outer loop
      vertex 45.6499 42.1567 3.4
      vertex 45.735 42.1953 3.79999
      vertex 45.6499 42.1567 3.79999
    endloop
  endfacet
  facet normal 0.413077 -0.910696 0
    outer loop
      vertex 45.735 42.1953 3.79999
      vertex 45.6499 42.1567 3.4
      vertex 45.735 42.1953 3.4
    endloop
  endfacet
  facet normal 0.38054 -0.924764 0
    outer loop
      vertex 45.5612 42.1202 3.4
      vertex 45.6499 42.1567 3.79999
      vertex 45.5612 42.1202 3.79999
    endloop
  endfacet
  facet normal 0.38054 -0.924764 0
    outer loop
      vertex 45.6499 42.1567 3.79999
      vertex 45.5612 42.1202 3.4
      vertex 45.6499 42.1567 3.4
    endloop
  endfacet
  facet normal 0.340409 -0.940277 0
    outer loop
      vertex 45.4706 42.0874 3.4
      vertex 45.5612 42.1202 3.79999
      vertex 45.4706 42.0874 3.79999
    endloop
  endfacet
  facet normal 0.340409 -0.940277 0
    outer loop
      vertex 45.5612 42.1202 3.79999
      vertex 45.4706 42.0874 3.4
      vertex 45.5612 42.1202 3.4
    endloop
  endfacet
  facet normal 0.29364 -0.955916 0
    outer loop
      vertex 45.3801 42.0596 3.4
      vertex 45.4706 42.0874 3.79999
      vertex 45.3801 42.0596 3.79999
    endloop
  endfacet
  facet normal 0.29364 -0.955916 0
    outer loop
      vertex 45.4706 42.0874 3.79999
      vertex 45.3801 42.0596 3.4
      vertex 45.4706 42.0874 3.4
    endloop
  endfacet
  facet normal 0.243799 -0.969826 0
    outer loop
      vertex 45.2898 42.0369 3.4
      vertex 45.3801 42.0596 3.79999
      vertex 45.2898 42.0369 3.79999
    endloop
  endfacet
  facet normal 0.243799 -0.969826 0
    outer loop
      vertex 45.3801 42.0596 3.79999
      vertex 45.2898 42.0369 3.4
      vertex 45.3801 42.0596 3.4
    endloop
  endfacet
  facet normal 0.192148 -0.981366 0
    outer loop
      vertex 45.1994 42.0192 3.4
      vertex 45.2898 42.0369 3.79999
      vertex 45.1994 42.0192 3.79999
    endloop
  endfacet
  facet normal 0.192148 -0.981366 0
    outer loop
      vertex 45.2898 42.0369 3.79999
      vertex 45.1994 42.0192 3.4
      vertex 45.2898 42.0369 3.4
    endloop
  endfacet
  facet normal 0.138346 -0.990384 0
    outer loop
      vertex 45.1092 42.0066 3.4
      vertex 45.1994 42.0192 3.79999
      vertex 45.1092 42.0066 3.79999
    endloop
  endfacet
  facet normal 0.138346 -0.990384 0
    outer loop
      vertex 45.1994 42.0192 3.79999
      vertex 45.1092 42.0066 3.4
      vertex 45.1994 42.0192 3.4
    endloop
  endfacet
  facet normal 0.0839597 -0.996469 0
    outer loop
      vertex 45.019 41.999 3.4
      vertex 45.1092 42.0066 3.79999
      vertex 45.019 41.999 3.79999
    endloop
  endfacet
  facet normal 0.0839597 -0.996469 0
    outer loop
      vertex 45.1092 42.0066 3.79999
      vertex 45.019 41.999 3.4
      vertex 45.1092 42.0066 3.4
    endloop
  endfacet
  facet normal 0.0277363 -0.999615 0
    outer loop
      vertex 44.9289 41.9965 3.4
      vertex 45.019 41.999 3.79999
      vertex 44.9289 41.9965 3.79999
    endloop
  endfacet
  facet normal 0.0277363 -0.999615 0
    outer loop
      vertex 45.019 41.999 3.79999
      vertex 44.9289 41.9965 3.4
      vertex 45.019 41.999 3.4
    endloop
  endfacet
  facet normal -0.0507247 -0.998713 0
    outer loop
      vertex 44.7517 42.0055 3.4
      vertex 44.9289 41.9965 3.79999
      vertex 44.7517 42.0055 3.79999
    endloop
  endfacet
  facet normal -0.0507247 -0.998713 -0
    outer loop
      vertex 44.9289 41.9965 3.79999
      vertex 44.7517 42.0055 3.4
      vertex 44.9289 41.9965 3.4
    endloop
  endfacet
  facet normal -0.159993 -0.987118 0
    outer loop
      vertex 44.5845 42.0326 3.4
      vertex 44.7517 42.0055 3.79999
      vertex 44.5845 42.0326 3.79999
    endloop
  endfacet
  facet normal -0.159993 -0.987118 -0
    outer loop
      vertex 44.7517 42.0055 3.79999
      vertex 44.5845 42.0326 3.4
      vertex 44.7517 42.0055 3.4
    endloop
  endfacet
  facet normal -0.276336 -0.961061 0
    outer loop
      vertex 44.4273 42.0778 3.4
      vertex 44.5845 42.0326 3.79999
      vertex 44.4273 42.0778 3.79999
    endloop
  endfacet
  facet normal -0.276336 -0.961061 -0
    outer loop
      vertex 44.5845 42.0326 3.79999
      vertex 44.4273 42.0778 3.4
      vertex 44.5845 42.0326 3.4
    endloop
  endfacet
  facet normal -0.394522 -0.918887 0
    outer loop
      vertex 44.2801 42.141 3.4
      vertex 44.4273 42.0778 3.79999
      vertex 44.2801 42.141 3.79999
    endloop
  endfacet
  facet normal -0.394522 -0.918887 -0
    outer loop
      vertex 44.4273 42.0778 3.79999
      vertex 44.2801 42.141 3.4
      vertex 44.4273 42.0778 3.4
    endloop
  endfacet
  facet normal -0.509046 -0.860739 0
    outer loop
      vertex 44.1428 42.2222 3.4
      vertex 44.2801 42.141 3.79999
      vertex 44.1428 42.2222 3.79999
    endloop
  endfacet
  facet normal -0.509046 -0.860739 -0
    outer loop
      vertex 44.2801 42.141 3.79999
      vertex 44.1428 42.2222 3.4
      vertex 44.2801 42.141 3.4
    endloop
  endfacet
  facet normal -0.61514 -0.788418 0
    outer loop
      vertex 44.0154 42.3216 3.4
      vertex 44.1428 42.2222 3.79999
      vertex 44.0154 42.3216 3.79999
    endloop
  endfacet
  facet normal -0.61514 -0.788418 -0
    outer loop
      vertex 44.1428 42.2222 3.79999
      vertex 44.0154 42.3216 3.4
      vertex 44.1428 42.2222 3.4
    endloop
  endfacet
  facet normal -0.707107 -0.707107 0
    outer loop
      vertex 44.0154 42.3216 3.4
      vertex 43.8981 42.4389 3.79999
      vertex 43.8981 42.4389 3.4
    endloop
  endfacet
  facet normal -0.707107 -0.707107 0
    outer loop
      vertex 43.8981 42.4389 3.79999
      vertex 44.0154 42.3216 3.4
      vertex 44.0154 42.3216 3.79999
    endloop
  endfacet
  facet normal -0.792146 -0.610332 0
    outer loop
      vertex 43.8981 42.4389 3.4
      vertex 43.7937 42.5744 3.79999
      vertex 43.7937 42.5744 3.4
    endloop
  endfacet
  facet normal -0.792146 -0.610332 0
    outer loop
      vertex 43.7937 42.5744 3.79999
      vertex 43.8981 42.4389 3.4
      vertex 43.8981 42.4389 3.79999
    endloop
  endfacet
  facet normal -0.866815 -0.49863 0
    outer loop
      vertex 43.7937 42.5744 3.4
      vertex 43.7054 42.7279 3.79999
      vertex 43.7054 42.7279 3.4
    endloop
  endfacet
  facet normal -0.866815 -0.49863 0
    outer loop
      vertex 43.7054 42.7279 3.79999
      vertex 43.7937 42.5744 3.4
      vertex 43.7937 42.5744 3.79999
    endloop
  endfacet
  facet normal -0.921736 -0.387817 0
    outer loop
      vertex 43.7054 42.7279 3.4
      vertex 43.6332 42.8995 3.79999
      vertex 43.6332 42.8995 3.4
    endloop
  endfacet
  facet normal -0.921736 -0.387817 0
    outer loop
      vertex 43.6332 42.8995 3.79999
      vertex 43.7054 42.7279 3.4
      vertex 43.7054 42.7279 3.79999
    endloop
  endfacet
  facet normal -0.958767 -0.284192 0
    outer loop
      vertex 43.6332 42.8995 3.4
      vertex 43.577 43.0891 3.79999
      vertex 43.577 43.0891 3.4
    endloop
  endfacet
  facet normal -0.958767 -0.284192 0
    outer loop
      vertex 43.577 43.0891 3.79999
      vertex 43.6332 42.8995 3.4
      vertex 43.6332 42.8995 3.79999
    endloop
  endfacet
  facet normal -0.981868 -0.189566 0
    outer loop
      vertex 43.577 43.0891 3.4
      vertex 43.5369 43.2968 3.79999
      vertex 43.5369 43.2968 3.4
    endloop
  endfacet
  facet normal -0.981868 -0.189566 0
    outer loop
      vertex 43.5369 43.2968 3.79999
      vertex 43.577 43.0891 3.4
      vertex 43.577 43.0891 3.79999
    endloop
  endfacet
  facet normal -0.994352 -0.106129 0
    outer loop
      vertex 43.5369 43.2968 3.4
      vertex 43.5128 43.5226 3.79999
      vertex 43.5128 43.5226 3.4
    endloop
  endfacet
  facet normal -0.994352 -0.106129 0
    outer loop
      vertex 43.5128 43.5226 3.79999
      vertex 43.5369 43.2968 3.4
      vertex 43.5369 43.2968 3.79999
    endloop
  endfacet
  facet normal -0.999462 -0.0327961 0
    outer loop
      vertex 43.5128 43.5226 3.4
      vertex 43.5048 43.7664 3.79999
      vertex 43.5048 43.7664 3.4
    endloop
  endfacet
  facet normal -0.999462 -0.0327961 0
    outer loop
      vertex 43.5048 43.7664 3.79999
      vertex 43.5128 43.5226 3.4
      vertex 43.5128 43.5226 3.79999
    endloop
  endfacet
  facet normal -0.999391 0.0349036 0
    outer loop
      vertex 43.5048 43.7664 3.4
      vertex 43.5127 43.9926 3.79999
      vertex 43.5127 43.9926 3.4
    endloop
  endfacet
  facet normal -0.999391 0.0349036 0
    outer loop
      vertex 43.5127 43.9926 3.79999
      vertex 43.5048 43.7664 3.4
      vertex 43.5048 43.7664 3.79999
    endloop
  endfacet
  facet normal -0.993621 0.112771 0
    outer loop
      vertex 43.5127 43.9926 3.4
      vertex 43.5365 44.2023 3.79999
      vertex 43.5365 44.2023 3.4
    endloop
  endfacet
  facet normal -0.993621 0.112771 0
    outer loop
      vertex 43.5365 44.2023 3.79999
      vertex 43.5127 43.9926 3.4
      vertex 43.5127 43.9926 3.79999
    endloop
  endfacet
  facet normal -0.979654 0.200695 0
    outer loop
      vertex 43.5365 44.2023 3.4
      vertex 43.5761 44.3956 3.79999
      vertex 43.5761 44.3956 3.4
    endloop
  endfacet
  facet normal -0.979654 0.200695 0
    outer loop
      vertex 43.5761 44.3956 3.79999
      vertex 43.5365 44.2023 3.4
      vertex 43.5365 44.2023 3.79999
    endloop
  endfacet
  facet normal -0.954249 0.299012 0
    outer loop
      vertex 43.5761 44.3956 3.4
      vertex 43.6315 44.5724 3.79999
      vertex 43.6315 44.5724 3.4
    endloop
  endfacet
  facet normal -0.954249 0.299012 0
    outer loop
      vertex 43.6315 44.5724 3.79999
      vertex 43.5761 44.3956 3.4
      vertex 43.5761 44.3956 3.79999
    endloop
  endfacet
  facet normal -0.913694 0.406403 0
    outer loop
      vertex 43.6315 44.5724 3.4
      vertex 43.7028 44.7327 3.79999
      vertex 43.7028 44.7327 3.4
    endloop
  endfacet
  facet normal -0.913694 0.406403 0
    outer loop
      vertex 43.7028 44.7327 3.79999
      vertex 43.6315 44.5724 3.4
      vertex 43.6315 44.5724 3.79999
    endloop
  endfacet
  facet normal -0.85523 0.518249 0
    outer loop
      vertex 43.7028 44.7327 3.4
      vertex 43.79 44.8766 3.79999
      vertex 43.79 44.8766 3.4
    endloop
  endfacet
  facet normal -0.85523 0.518249 0
    outer loop
      vertex 43.79 44.8766 3.79999
      vertex 43.7028 44.7327 3.4
      vertex 43.7028 44.7327 3.79999
    endloop
  endfacet
  facet normal -0.777643 0.628706 0
    outer loop
      vertex 43.79 44.8766 3.4
      vertex 43.893 45.004 3.79999
      vertex 43.893 45.004 3.4
    endloop
  endfacet
  facet normal -0.777643 0.628706 0
    outer loop
      vertex 43.893 45.004 3.79999
      vertex 43.79 44.8766 3.4
      vertex 43.79 44.8766 3.79999
    endloop
  endfacet
  facet normal -0.688815 0.724937 0
    outer loop
      vertex 44.0094 45.1146 3.4
      vertex 43.893 45.004 3.79999
      vertex 44.0094 45.1146 3.79999
    endloop
  endfacet
  facet normal -0.688815 0.724937 0
    outer loop
      vertex 43.893 45.004 3.79999
      vertex 44.0094 45.1146 3.4
      vertex 43.893 45.004 3.4
    endloop
  endfacet
  facet normal -0.591775 0.806103 0
    outer loop
      vertex 44.1369 45.2082 3.4
      vertex 44.0094 45.1146 3.79999
      vertex 44.1369 45.2082 3.79999
    endloop
  endfacet
  facet normal -0.591775 0.806103 0
    outer loop
      vertex 44.0094 45.1146 3.79999
      vertex 44.1369 45.2082 3.4
      vertex 44.0094 45.1146 3.4
    endloop
  endfacet
  facet normal -0.48473 0.874664 0
    outer loop
      vertex 44.2753 45.2849 3.4
      vertex 44.1369 45.2082 3.79999
      vertex 44.2753 45.2849 3.79999
    endloop
  endfacet
  facet normal -0.48473 0.874664 0
    outer loop
      vertex 44.1369 45.2082 3.79999
      vertex 44.2753 45.2849 3.4
      vertex 44.1369 45.2082 3.4
    endloop
  endfacet
  facet normal -0.369996 0.929033 0
    outer loop
      vertex 44.4247 45.3444 3.4
      vertex 44.2753 45.2849 3.79999
      vertex 44.4247 45.3444 3.79999
    endloop
  endfacet
  facet normal -0.369996 0.929033 0
    outer loop
      vertex 44.2753 45.2849 3.79999
      vertex 44.4247 45.3444 3.4
      vertex 44.2753 45.2849 3.4
    endloop
  endfacet
  facet normal -0.256538 0.966534 0
    outer loop
      vertex 44.5852 45.387 3.4
      vertex 44.4247 45.3444 3.79999
      vertex 44.5852 45.387 3.79999
    endloop
  endfacet
  facet normal -0.256538 0.966534 0
    outer loop
      vertex 44.4247 45.3444 3.79999
      vertex 44.5852 45.387 3.4
      vertex 44.4247 45.3444 3.4
    endloop
  endfacet
  facet normal -0.147155 0.989113 0
    outer loop
      vertex 44.7566 45.4125 3.4
      vertex 44.5852 45.387 3.79999
      vertex 44.7566 45.4125 3.79999
    endloop
  endfacet
  facet normal -0.147155 0.989113 0
    outer loop
      vertex 44.5852 45.387 3.79999
      vertex 44.7566 45.4125 3.4
      vertex 44.5852 45.387 3.4
    endloop
  endfacet
  facet normal -0.0465504 0.998916 0
    outer loop
      vertex 44.939 45.421 3.4
      vertex 44.7566 45.4125 3.79999
      vertex 44.939 45.421 3.79999
    endloop
  endfacet
  facet normal -0.0465504 0.998916 0
    outer loop
      vertex 44.7566 45.4125 3.79999
      vertex 44.939 45.421 3.4
      vertex 44.7566 45.4125 3.4
    endloop
  endfacet
  facet normal 0.0354855 0.99937 -0
    outer loop
      vertex 45.0601 45.4167 3.4
      vertex 44.939 45.421 3.79999
      vertex 45.0601 45.4167 3.79999
    endloop
  endfacet
  facet normal 0.0354855 0.99937 0
    outer loop
      vertex 44.939 45.421 3.79999
      vertex 45.0601 45.4167 3.4
      vertex 44.939 45.421 3.4
    endloop
  endfacet
  facet normal 0.112135 0.993693 -0
    outer loop
      vertex 45.1753 45.4037 3.4
      vertex 45.0601 45.4167 3.79999
      vertex 45.1753 45.4037 3.79999
    endloop
  endfacet
  facet normal 0.112135 0.993693 0
    outer loop
      vertex 45.0601 45.4167 3.79999
      vertex 45.1753 45.4037 3.4
      vertex 45.0601 45.4167 3.4
    endloop
  endfacet
  facet normal 0.194043 0.980993 -0
    outer loop
      vertex 45.2845 45.3821 3.4
      vertex 45.1753 45.4037 3.79999
      vertex 45.2845 45.3821 3.79999
    endloop
  endfacet
  facet normal 0.194043 0.980993 0
    outer loop
      vertex 45.1753 45.4037 3.79999
      vertex 45.2845 45.3821 3.4
      vertex 45.1753 45.4037 3.4
    endloop
  endfacet
  facet normal 0.280961 0.959719 -0
    outer loop
      vertex 45.388 45.3518 3.4
      vertex 45.2845 45.3821 3.79999
      vertex 45.388 45.3518 3.79999
    endloop
  endfacet
  facet normal 0.280961 0.959719 0
    outer loop
      vertex 45.2845 45.3821 3.79999
      vertex 45.388 45.3518 3.4
      vertex 45.2845 45.3821 3.4
    endloop
  endfacet
  facet normal 0.370569 0.928805 -0
    outer loop
      vertex 45.4855 45.3129 3.4
      vertex 45.388 45.3518 3.79999
      vertex 45.4855 45.3129 3.79999
    endloop
  endfacet
  facet normal 0.370569 0.928805 0
    outer loop
      vertex 45.388 45.3518 3.79999
      vertex 45.4855 45.3129 3.4
      vertex 45.388 45.3518 3.4
    endloop
  endfacet
  facet normal 0.461109 0.887344 -0
    outer loop
      vertex 45.5771 45.2653 3.4
      vertex 45.4855 45.3129 3.79999
      vertex 45.5771 45.2653 3.79999
    endloop
  endfacet
  facet normal 0.461109 0.887344 0
    outer loop
      vertex 45.4855 45.3129 3.79999
      vertex 45.5771 45.2653 3.4
      vertex 45.4855 45.3129 3.4
    endloop
  endfacet
  facet normal 0.547932 0.836523 -0
    outer loop
      vertex 45.6629 45.2091 3.4
      vertex 45.5771 45.2653 3.79999
      vertex 45.6629 45.2091 3.79999
    endloop
  endfacet
  facet normal 0.547932 0.836523 0
    outer loop
      vertex 45.5771 45.2653 3.79999
      vertex 45.6629 45.2091 3.4
      vertex 45.5771 45.2653 3.4
    endloop
  endfacet
  facet normal 0.627213 0.778847 -0
    outer loop
      vertex 45.742 45.1454 3.4
      vertex 45.6629 45.2091 3.79999
      vertex 45.742 45.1454 3.79999
    endloop
  endfacet
  facet normal 0.627213 0.778847 0
    outer loop
      vertex 45.6629 45.2091 3.79999
      vertex 45.742 45.1454 3.4
      vertex 45.6629 45.2091 3.4
    endloop
  endfacet
  facet normal 0.699572 0.714562 -0
    outer loop
      vertex 45.8135 45.0754 3.4
      vertex 45.742 45.1454 3.79999
      vertex 45.8135 45.0754 3.79999
    endloop
  endfacet
  facet normal 0.699572 0.714562 0
    outer loop
      vertex 45.742 45.1454 3.79999
      vertex 45.8135 45.0754 3.4
      vertex 45.742 45.1454 3.4
    endloop
  endfacet
  facet normal 0.766654 0.64206 0
    outer loop
      vertex 45.8774 44.9991 3.79999
      vertex 45.8135 45.0754 3.4
      vertex 45.8135 45.0754 3.79999
    endloop
  endfacet
  facet normal 0.766654 0.64206 0
    outer loop
      vertex 45.8135 45.0754 3.4
      vertex 45.8774 44.9991 3.79999
      vertex 45.8774 44.9991 3.4
    endloop
  endfacet
  facet normal 0.825381 0.564576 0
    outer loop
      vertex 45.9339 44.9165 3.79999
      vertex 45.8774 44.9991 3.4
      vertex 45.8774 44.9991 3.79999
    endloop
  endfacet
  facet normal 0.825381 0.564576 0
    outer loop
      vertex 45.8774 44.9991 3.4
      vertex 45.9339 44.9165 3.79999
      vertex 45.9339 44.9165 3.4
    endloop
  endfacet
  facet normal 0.875966 0.482373 0
    outer loop
      vertex 45.9828 44.8277 3.79999
      vertex 45.9339 44.9165 3.4
      vertex 45.9339 44.9165 3.79999
    endloop
  endfacet
  facet normal 0.875966 0.482373 0
    outer loop
      vertex 45.9339 44.9165 3.4
      vertex 45.9828 44.8277 3.79999
      vertex 45.9828 44.8277 3.4
    endloop
  endfacet
  facet normal 0.917391 0.397986 0
    outer loop
      vertex 46.0241 44.7325 3.79999
      vertex 45.9828 44.8277 3.4
      vertex 45.9828 44.8277 3.79999
    endloop
  endfacet
  facet normal 0.917391 0.397986 0
    outer loop
      vertex 45.9828 44.8277 3.4
      vertex 46.0241 44.7325 3.79999
      vertex 46.0241 44.7325 3.4
    endloop
  endfacet
  facet normal 0.948777 0.315947 0
    outer loop
      vertex 46.0579 44.631 3.79999
      vertex 46.0241 44.7325 3.4
      vertex 46.0241 44.7325 3.79999
    endloop
  endfacet
  facet normal 0.948777 0.315947 0
    outer loop
      vertex 46.0241 44.7325 3.4
      vertex 46.0579 44.631 3.79999
      vertex 46.0579 44.631 3.4
    endloop
  endfacet
  facet normal -0.18389 0.982947 0
    outer loop
      vertex 47.0548 44.8175 3.4
      vertex 46.0579 44.631 3.79999
      vertex 47.0548 44.8175 3.79999
    endloop
  endfacet
  facet normal -0.18389 0.982947 0
    outer loop
      vertex 46.0579 44.631 3.79999
      vertex 47.0548 44.8175 3.4
      vertex 46.0579 44.631 3.4
    endloop
  endfacet
  facet normal -0.96669 -0.255949 0
    outer loop
      vertex 47.0548 44.8175 3.4
      vertex 47.0046 45.0071 3.79999
      vertex 47.0046 45.0071 3.4
    endloop
  endfacet
  facet normal -0.96669 -0.255949 0
    outer loop
      vertex 47.0046 45.0071 3.79999
      vertex 47.0548 44.8175 3.4
      vertex 47.0548 44.8175 3.79999
    endloop
  endfacet
  facet normal -0.938334 -0.34573 0
    outer loop
      vertex 47.0046 45.0071 3.4
      vertex 46.9392 45.1846 3.79999
      vertex 46.9392 45.1846 3.4
    endloop
  endfacet
  facet normal -0.938334 -0.34573 0
    outer loop
      vertex 46.9392 45.1846 3.79999
      vertex 47.0046 45.0071 3.4
      vertex 47.0046 45.0071 3.79999
    endloop
  endfacet
  facet normal -0.89916 -0.43762 0
    outer loop
      vertex 46.9392 45.1846 3.4
      vertex 46.8587 45.35 3.79999
      vertex 46.8587 45.35 3.4
    endloop
  endfacet
  facet normal -0.89916 -0.43762 0
    outer loop
      vertex 46.8587 45.35 3.79999
      vertex 46.9392 45.1846 3.4
      vertex 46.9392 45.1846 3.79999
    endloop
  endfacet
  facet normal -0.848278 -0.529551 0
    outer loop
      vertex 46.8587 45.35 3.4
      vertex 46.763 45.5033 3.79999
      vertex 46.763 45.5033 3.4
    endloop
  endfacet
  facet normal -0.848278 -0.529551 0
    outer loop
      vertex 46.763 45.5033 3.79999
      vertex 46.8587 45.35 3.4
      vertex 46.8587 45.35 3.79999
    endloop
  endfacet
  facet normal -0.786705 -0.617329 0
    outer loop
      vertex 46.763 45.5033 3.4
      vertex 46.6522 45.6445 3.79999
      vertex 46.6522 45.6445 3.4
    endloop
  endfacet
  facet normal -0.786705 -0.617329 0
    outer loop
      vertex 46.6522 45.6445 3.79999
      vertex 46.763 45.5033 3.4
      vertex 46.763 45.5033 3.79999
    endloop
  endfacet
  facet normal -0.715647 -0.698462 0
    outer loop
      vertex 46.6522 45.6445 3.4
      vertex 46.5262 45.7736 3.79999
      vertex 46.5262 45.7736 3.4
    endloop
  endfacet
  facet normal -0.715647 -0.698462 0
    outer loop
      vertex 46.5262 45.7736 3.79999
      vertex 46.6522 45.6445 3.4
      vertex 46.6522 45.6445 3.79999
    endloop
  endfacet
  facet normal -0.638304 -0.769784 0
    outer loop
      vertex 46.3851 45.8906 3.4
      vertex 46.5262 45.7736 3.79999
      vertex 46.3851 45.8906 3.79999
    endloop
  endfacet
  facet normal -0.638304 -0.769784 -0
    outer loop
      vertex 46.5262 45.7736 3.79999
      vertex 46.3851 45.8906 3.4
      vertex 46.5262 45.7736 3.4
    endloop
  endfacet
  facet normal -0.54854 -0.836124 0
    outer loop
      vertex 46.2281 45.9936 3.4
      vertex 46.3851 45.8906 3.79999
      vertex 46.2281 45.9936 3.79999
    endloop
  endfacet
  facet normal -0.54854 -0.836124 -0
    outer loop
      vertex 46.3851 45.8906 3.79999
      vertex 46.2281 45.9936 3.4
      vertex 46.3851 45.8906 3.4
    endloop
  endfacet
  facet normal -0.448655 -0.893705 0
    outer loop
      vertex 46.0546 46.0807 3.4
      vertex 46.2281 45.9936 3.79999
      vertex 46.0546 46.0807 3.79999
    endloop
  endfacet
  facet normal -0.448655 -0.893705 -0
    outer loop
      vertex 46.2281 45.9936 3.79999
      vertex 46.0546 46.0807 3.4
      vertex 46.2281 45.9936 3.4
    endloop
  endfacet
  facet normal -0.351771 -0.936086 0
    outer loop
      vertex 45.8646 46.1521 3.4
      vertex 46.0546 46.0807 3.79999
      vertex 45.8646 46.1521 3.79999
    endloop
  endfacet
  facet normal -0.351771 -0.936086 -0
    outer loop
      vertex 46.0546 46.0807 3.79999
      vertex 45.8646 46.1521 3.4
      vertex 46.0546 46.0807 3.4
    endloop
  endfacet
  facet normal -0.259001 -0.965877 0
    outer loop
      vertex 45.658 46.2075 3.4
      vertex 45.8646 46.1521 3.79999
      vertex 45.658 46.2075 3.79999
    endloop
  endfacet
  facet normal -0.259001 -0.965877 -0
    outer loop
      vertex 45.8646 46.1521 3.79999
      vertex 45.658 46.2075 3.4
      vertex 45.8646 46.1521 3.4
    endloop
  endfacet
  facet normal -0.174767 -0.98461 0
    outer loop
      vertex 45.4349 46.2471 3.4
      vertex 45.658 46.2075 3.79999
      vertex 45.4349 46.2471 3.79999
    endloop
  endfacet
  facet normal -0.174767 -0.98461 -0
    outer loop
      vertex 45.658 46.2075 3.79999
      vertex 45.4349 46.2471 3.4
      vertex 45.658 46.2075 3.4
    endloop
  endfacet
  facet normal -0.0988049 -0.995107 0
    outer loop
      vertex 45.1952 46.2709 3.4
      vertex 45.4349 46.2471 3.79999
      vertex 45.1952 46.2709 3.79999
    endloop
  endfacet
  facet normal -0.0988049 -0.995107 -0
    outer loop
      vertex 45.4349 46.2471 3.79999
      vertex 45.1952 46.2709 3.4
      vertex 45.4349 46.2471 3.4
    endloop
  endfacet
  facet normal -0.0308206 -0.999525 0
    outer loop
      vertex 44.939 46.2788 3.4
      vertex 45.1952 46.2709 3.79999
      vertex 44.939 46.2788 3.79999
    endloop
  endfacet
  facet normal -0.0308206 -0.999525 -0
    outer loop
      vertex 45.1952 46.2709 3.79999
      vertex 44.939 46.2788 3.4
      vertex 45.1952 46.2709 3.4
    endloop
  endfacet
  facet normal 0.0251556 -0.999684 0
    outer loop
      vertex 44.7403 46.2738 3.4
      vertex 44.939 46.2788 3.79999
      vertex 44.7403 46.2738 3.79999
    endloop
  endfacet
  facet normal 0.0251556 -0.999684 0
    outer loop
      vertex 44.939 46.2788 3.79999
      vertex 44.7403 46.2738 3.4
      vertex 44.939 46.2788 3.4
    endloop
  endfacet
  facet normal 0.0801223 -0.996785 0
    outer loop
      vertex 44.5512 46.2586 3.4
      vertex 44.7403 46.2738 3.79999
      vertex 44.5512 46.2586 3.79999
    endloop
  endfacet
  facet normal 0.0801223 -0.996785 0
    outer loop
      vertex 44.7403 46.2738 3.79999
      vertex 44.5512 46.2586 3.4
      vertex 44.7403 46.2738 3.4
    endloop
  endfacet
  facet normal 0.139027 -0.990289 0
    outer loop
      vertex 44.3717 46.2334 3.4
      vertex 44.5512 46.2586 3.79999
      vertex 44.3717 46.2334 3.79999
    endloop
  endfacet
  facet normal 0.139027 -0.990289 0
    outer loop
      vertex 44.5512 46.2586 3.79999
      vertex 44.3717 46.2334 3.4
      vertex 44.5512 46.2586 3.4
    endloop
  endfacet
  facet normal 0.203862 -0.979 0
    outer loop
      vertex 44.2017 46.198 3.4
      vertex 44.3717 46.2334 3.79999
      vertex 44.2017 46.198 3.79999
    endloop
  endfacet
  facet normal 0.203862 -0.979 0
    outer loop
      vertex 44.3717 46.2334 3.79999
      vertex 44.2017 46.198 3.4
      vertex 44.3717 46.2334 3.4
    endloop
  endfacet
  facet normal 0.272741 -0.962087 0
    outer loop
      vertex 44.0412 46.1525 3.4
      vertex 44.2017 46.198 3.79999
      vertex 44.0412 46.1525 3.79999
    endloop
  endfacet
  facet normal 0.272741 -0.962087 0
    outer loop
      vertex 44.2017 46.198 3.79999
      vertex 44.0412 46.1525 3.4
      vertex 44.2017 46.198 3.4
    endloop
  endfacet
  facet normal 0.345187 -0.938534 0
    outer loop
      vertex 43.8903 46.097 3.4
      vertex 44.0412 46.1525 3.79999
      vertex 43.8903 46.097 3.79999
    endloop
  endfacet
  facet normal 0.345187 -0.938534 0
    outer loop
      vertex 44.0412 46.1525 3.79999
      vertex 43.8903 46.097 3.4
      vertex 44.0412 46.1525 3.4
    endloop
  endfacet
  facet normal 0.421375 -0.906886 0
    outer loop
      vertex 43.7489 46.0313 3.4
      vertex 43.8903 46.097 3.79999
      vertex 43.7489 46.0313 3.79999
    endloop
  endfacet
  facet normal 0.421375 -0.906886 0
    outer loop
      vertex 43.8903 46.097 3.79999
      vertex 43.7489 46.0313 3.4
      vertex 43.8903 46.097 3.4
    endloop
  endfacet
  facet normal 0.491742 -0.870741 0
    outer loop
      vertex 43.5759 45.9336 3.4
      vertex 43.7489 46.0313 3.79999
      vertex 43.5759 45.9336 3.79999
    endloop
  endfacet
  facet normal 0.491742 -0.870741 0
    outer loop
      vertex 43.7489 46.0313 3.79999
      vertex 43.5759 45.9336 3.4
      vertex 43.7489 46.0313 3.4
    endloop
  endfacet
  facet normal 0.562155 -0.827032 0
    outer loop
      vertex 43.4151 45.8243 3.4
      vertex 43.5759 45.9336 3.79999
      vertex 43.4151 45.8243 3.79999
    endloop
  endfacet
  facet normal 0.562155 -0.827032 0
    outer loop
      vertex 43.5759 45.9336 3.79999
      vertex 43.4151 45.8243 3.4
      vertex 43.5759 45.9336 3.4
    endloop
  endfacet
  facet normal 0.631301 -0.775538 0
    outer loop
      vertex 43.2667 45.7035 3.4
      vertex 43.4151 45.8243 3.79999
      vertex 43.2667 45.7035 3.79999
    endloop
  endfacet
  facet normal 0.631301 -0.775538 0
    outer loop
      vertex 43.4151 45.8243 3.79999
      vertex 43.2667 45.7035 3.4
      vertex 43.4151 45.8243 3.4
    endloop
  endfacet
  facet normal 0.696755 -0.717309 0
    outer loop
      vertex 43.1306 45.5713 3.4
      vertex 43.2667 45.7035 3.79999
      vertex 43.1306 45.5713 3.79999
    endloop
  endfacet
  facet normal 0.696755 -0.717309 0
    outer loop
      vertex 43.2667 45.7035 3.79999
      vertex 43.1306 45.5713 3.4
      vertex 43.2667 45.7035 3.4
    endloop
  endfacet
  facet normal 0.757617 -0.6527 0
    outer loop
      vertex 43.0068 45.4276 3.79999
      vertex 43.1306 45.5713 3.4
      vertex 43.1306 45.5713 3.79999
    endloop
  endfacet
  facet normal 0.757617 -0.6527 0
    outer loop
      vertex 43.1306 45.5713 3.4
      vertex 43.0068 45.4276 3.79999
      vertex 43.0068 45.4276 3.4
    endloop
  endfacet
  facet normal 0.812139 -0.583464 0
    outer loop
      vertex 42.8953 45.2724 3.79999
      vertex 43.0068 45.4276 3.4
      vertex 43.0068 45.4276 3.79999
    endloop
  endfacet
  facet normal 0.812139 -0.583464 0
    outer loop
      vertex 43.0068 45.4276 3.4
      vertex 42.8953 45.2724 3.79999
      vertex 42.8953 45.2724 3.4
    endloop
  endfacet
  facet normal 0.859579 -0.511003 0
    outer loop
      vertex 42.7962 45.1057 3.79999
      vertex 42.8953 45.2724 3.4
      vertex 42.8953 45.2724 3.79999
    endloop
  endfacet
  facet normal 0.859579 -0.511003 0
    outer loop
      vertex 42.8953 45.2724 3.4
      vertex 42.7962 45.1057 3.79999
      vertex 42.7962 45.1057 3.4
    endloop
  endfacet
  facet normal 0.897668 -0.440673 0
    outer loop
      vertex 42.7098 44.9297 3.79999
      vertex 42.7962 45.1057 3.4
      vertex 42.7962 45.1057 3.79999
    endloop
  endfacet
  facet normal 0.897668 -0.440673 0
    outer loop
      vertex 42.7962 45.1057 3.4
      vertex 42.7098 44.9297 3.79999
      vertex 42.7098 44.9297 3.4
    endloop
  endfacet
  facet normal 0.928652 -0.370953 0
    outer loop
      vertex 42.6367 44.7467 3.79999
      vertex 42.7098 44.9297 3.4
      vertex 42.7098 44.9297 3.79999
    endloop
  endfacet
  facet normal 0.928652 -0.370953 0
    outer loop
      vertex 42.7098 44.9297 3.4
      vertex 42.6367 44.7467 3.79999
      vertex 42.6367 44.7467 3.4
    endloop
  endfacet
  facet normal 0.953916 -0.300075 0
    outer loop
      vertex 42.5769 44.5566 3.79999
      vertex 42.6367 44.7467 3.4
      vertex 42.6367 44.7467 3.79999
    endloop
  endfacet
  facet normal 0.953916 -0.300075 0
    outer loop
      vertex 42.6367 44.7467 3.4
      vertex 42.5769 44.5566 3.79999
      vertex 42.5769 44.5566 3.4
    endloop
  endfacet
  facet normal 0.973281 -0.229617 0
    outer loop
      vertex 42.5304 44.3595 3.79999
      vertex 42.5769 44.5566 3.4
      vertex 42.5769 44.5566 3.79999
    endloop
  endfacet
  facet normal 0.973281 -0.229617 0
    outer loop
      vertex 42.5769 44.5566 3.4
      vertex 42.5304 44.3595 3.79999
      vertex 42.5304 44.3595 3.4
    endloop
  endfacet
  facet normal 0.987039 -0.160478 0
    outer loop
      vertex 42.4972 44.1553 3.79999
      vertex 42.5304 44.3595 3.4
      vertex 42.5304 44.3595 3.79999
    endloop
  endfacet
  facet normal 0.987039 -0.160478 0
    outer loop
      vertex 42.5304 44.3595 3.4
      vertex 42.4972 44.1553 3.79999
      vertex 42.4972 44.1553 3.4
    endloop
  endfacet
  facet normal 0.995594 -0.093764 0
    outer loop
      vertex 42.4773 43.944 3.79999
      vertex 42.4972 44.1553 3.4
      vertex 42.4972 44.1553 3.79999
    endloop
  endfacet
  facet normal 0.995594 -0.093764 0
    outer loop
      vertex 42.4972 44.1553 3.4
      vertex 42.4773 43.944 3.79999
      vertex 42.4773 43.944 3.4
    endloop
  endfacet
  facet normal 0.999543 -0.0302198 0
    outer loop
      vertex 42.4707 43.7257 3.79999
      vertex 42.4773 43.944 3.4
      vertex 42.4773 43.944 3.79999
    endloop
  endfacet
  facet normal 0.999543 -0.0302198 0
    outer loop
      vertex 42.4773 43.944 3.4
      vertex 42.4707 43.7257 3.79999
      vertex 42.4707 43.7257 3.4
    endloop
  endfacet
  facet normal 0.999575 0.0291666 0
    outer loop
      vertex 42.4766 43.5235 3.79999
      vertex 42.4707 43.7257 3.4
      vertex 42.4707 43.7257 3.79999
    endloop
  endfacet
  facet normal 0.999575 0.0291666 0
    outer loop
      vertex 42.4707 43.7257 3.4
      vertex 42.4766 43.5235 3.79999
      vertex 42.4766 43.5235 3.4
    endloop
  endfacet
  facet normal 0.995934 0.090082 0
    outer loop
      vertex 42.4945 43.3256 3.79999
      vertex 42.4766 43.5235 3.4
      vertex 42.4766 43.5235 3.79999
    endloop
  endfacet
  facet normal 0.995934 0.090082 0
    outer loop
      vertex 42.4766 43.5235 3.4
      vertex 42.4945 43.3256 3.79999
      vertex 42.4945 43.3256 3.4
    endloop
  endfacet
  facet normal 0.988425 0.151712 0
    outer loop
      vertex 42.5242 43.1321 3.79999
      vertex 42.4945 43.3256 3.4
      vertex 42.4945 43.3256 3.79999
    endloop
  endfacet
  facet normal 0.988425 0.151712 0
    outer loop
      vertex 42.4945 43.3256 3.4
      vertex 42.5242 43.1321 3.79999
      vertex 42.5242 43.1321 3.4
    endloop
  endfacet
  facet normal 0.976538 0.215344 0
    outer loop
      vertex 42.5659 42.943 3.79999
      vertex 42.5242 43.1321 3.4
      vertex 42.5242 43.1321 3.79999
    endloop
  endfacet
  facet normal 0.976538 0.215344 0
    outer loop
      vertex 42.5242 43.1321 3.4
      vertex 42.5659 42.943 3.79999
      vertex 42.5659 42.943 3.4
    endloop
  endfacet
  facet normal 0.960557 0.278083 0
    outer loop
      vertex 42.6194 42.7582 3.79999
      vertex 42.5659 42.943 3.4
      vertex 42.5659 42.943 3.79999
    endloop
  endfacet
  facet normal 0.960557 0.278083 0
    outer loop
      vertex 42.5659 42.943 3.4
      vertex 42.6194 42.7582 3.79999
      vertex 42.6194 42.7582 3.4
    endloop
  endfacet
  facet normal 0.939961 0.341283 0
    outer loop
      vertex 42.6849 42.5778 3.79999
      vertex 42.6194 42.7582 3.4
      vertex 42.6194 42.7582 3.79999
    endloop
  endfacet
  facet normal 0.939961 0.341283 0
    outer loop
      vertex 42.6194 42.7582 3.4
      vertex 42.6849 42.5778 3.79999
      vertex 42.6849 42.5778 3.4
    endloop
  endfacet
  facet normal 0.915667 0.401937 0
    outer loop
      vertex 42.7622 42.4017 3.79999
      vertex 42.6849 42.5778 3.4
      vertex 42.6849 42.5778 3.79999
    endloop
  endfacet
  facet normal 0.915667 0.401937 0
    outer loop
      vertex 42.6849 42.5778 3.4
      vertex 42.7622 42.4017 3.79999
      vertex 42.7622 42.4017 3.4
    endloop
  endfacet
  facet normal 0.88334 0.468733 0
    outer loop
      vertex 42.8514 42.2336 3.79999
      vertex 42.7622 42.4017 3.4
      vertex 42.7622 42.4017 3.79999
    endloop
  endfacet
  facet normal 0.88334 0.468733 0
    outer loop
      vertex 42.7622 42.4017 3.4
      vertex 42.8514 42.2336 3.79999
      vertex 42.8514 42.2336 3.4
    endloop
  endfacet
  facet normal 0.840533 0.54176 0
    outer loop
      vertex 42.9524 42.0769 3.79999
      vertex 42.8514 42.2336 3.4
      vertex 42.8514 42.2336 3.79999
    endloop
  endfacet
  facet normal 0.840533 0.54176 0
    outer loop
      vertex 42.8514 42.2336 3.4
      vertex 42.9524 42.0769 3.79999
      vertex 42.9524 42.0769 3.4
    endloop
  endfacet
  facet normal 0.789967 0.613149 0
    outer loop
      vertex 43.0651 41.9317 3.79999
      vertex 42.9524 42.0769 3.4
      vertex 42.9524 42.0769 3.79999
    endloop
  endfacet
  facet normal 0.789967 0.613149 0
    outer loop
      vertex 42.9524 42.0769 3.4
      vertex 43.0651 41.9317 3.79999
      vertex 43.0651 41.9317 3.4
    endloop
  endfacet
  facet normal 0.731837 0.681479 0
    outer loop
      vertex 43.1896 41.798 3.79999
      vertex 43.0651 41.9317 3.4
      vertex 43.0651 41.9317 3.79999
    endloop
  endfacet
  facet normal 0.731837 0.681479 0
    outer loop
      vertex 43.0651 41.9317 3.4
      vertex 43.1896 41.798 3.79999
      vertex 43.1896 41.798 3.4
    endloop
  endfacet
  facet normal 0.667817 0.744326 -0
    outer loop
      vertex 43.3258 41.6758 3.4
      vertex 43.1896 41.798 3.79999
      vertex 43.3258 41.6758 3.79999
    endloop
  endfacet
  facet normal 0.667817 0.744326 0
    outer loop
      vertex 43.1896 41.798 3.79999
      vertex 43.3258 41.6758 3.4
      vertex 43.1896 41.798 3.4
    endloop
  endfacet
  facet normal 0.598961 0.800778 -0
    outer loop
      vertex 43.4738 41.5651 3.4
      vertex 43.3258 41.6758 3.79999
      vertex 43.4738 41.5651 3.79999
    endloop
  endfacet
  facet normal 0.598961 0.800778 0
    outer loop
      vertex 43.3258 41.6758 3.79999
      vertex 43.4738 41.5651 3.4
      vertex 43.3258 41.6758 3.4
    endloop
  endfacet
  facet normal 0.527416 0.849607 -0
    outer loop
      vertex 43.6336 41.4659 3.4
      vertex 43.4738 41.5651 3.79999
      vertex 43.6336 41.4659 3.79999
    endloop
  endfacet
  facet normal 0.527416 0.849607 0
    outer loop
      vertex 43.4738 41.5651 3.79999
      vertex 43.6336 41.4659 3.4
      vertex 43.4738 41.5651 3.4
    endloop
  endfacet
  facet normal 0.455166 0.890406 -0
    outer loop
      vertex 43.8034 41.3791 3.4
      vertex 43.6336 41.4659 3.79999
      vertex 43.8034 41.3791 3.79999
    endloop
  endfacet
  facet normal 0.455166 0.890406 0
    outer loop
      vertex 43.6336 41.4659 3.79999
      vertex 43.8034 41.3791 3.4
      vertex 43.6336 41.4659 3.4
    endloop
  endfacet
  facet normal 0.381847 0.924226 -0
    outer loop
      vertex 43.9813 41.3056 3.4
      vertex 43.8034 41.3791 3.79999
      vertex 43.9813 41.3056 3.79999
    endloop
  endfacet
  facet normal 0.381847 0.924226 0
    outer loop
      vertex 43.8034 41.3791 3.79999
      vertex 43.9813 41.3056 3.4
      vertex 43.8034 41.3791 3.4
    endloop
  endfacet
  facet normal 0.307466 0.951559 -0
    outer loop
      vertex 44.1673 41.2455 3.4
      vertex 43.9813 41.3056 3.79999
      vertex 44.1673 41.2455 3.79999
    endloop
  endfacet
  facet normal 0.307466 0.951559 0
    outer loop
      vertex 43.9813 41.3056 3.79999
      vertex 44.1673 41.2455 3.4
      vertex 43.9813 41.3056 3.4
    endloop
  endfacet
  facet normal 0.233695 0.97231 -0
    outer loop
      vertex 44.3616 41.1988 3.4
      vertex 44.1673 41.2455 3.79999
      vertex 44.3616 41.1988 3.79999
    endloop
  endfacet
  facet normal 0.233695 0.97231 0
    outer loop
      vertex 44.1673 41.2455 3.79999
      vertex 44.3616 41.1988 3.4
      vertex 44.1673 41.2455 3.4
    endloop
  endfacet
  facet normal 0.162818 0.986656 -0
    outer loop
      vertex 44.564 41.1654 3.4
      vertex 44.3616 41.1988 3.79999
      vertex 44.564 41.1654 3.79999
    endloop
  endfacet
  facet normal 0.162818 0.986656 0
    outer loop
      vertex 44.3616 41.1988 3.79999
      vertex 44.564 41.1654 3.4
      vertex 44.3616 41.1988 3.4
    endloop
  endfacet
  facet normal 0.0945859 0.995517 -0
    outer loop
      vertex 44.7745 41.1454 3.4
      vertex 44.564 41.1654 3.79999
      vertex 44.7745 41.1454 3.79999
    endloop
  endfacet
  facet normal 0.0945859 0.995517 0
    outer loop
      vertex 44.564 41.1654 3.79999
      vertex 44.7745 41.1454 3.4
      vertex 44.564 41.1654 3.4
    endloop
  endfacet
  facet normal 0.0306072 0.999531 -0
    outer loop
      vertex 44.9933 41.1387 3.4
      vertex 44.7745 41.1454 3.79999
      vertex 44.9933 41.1387 3.79999
    endloop
  endfacet
  facet normal 0.0306072 0.999531 0
    outer loop
      vertex 44.7745 41.1454 3.79999
      vertex 44.9933 41.1387 3.4
      vertex 44.7745 41.1454 3.4
    endloop
  endfacet
  facet normal -0.0268475 0.99964 0
    outer loop
      vertex 45.1683 41.1434 3.4
      vertex 44.9933 41.1387 3.79999
      vertex 45.1683 41.1434 3.79999
    endloop
  endfacet
  facet normal -0.0268475 0.99964 0
    outer loop
      vertex 44.9933 41.1387 3.79999
      vertex 45.1683 41.1434 3.4
      vertex 44.9933 41.1387 3.4
    endloop
  endfacet
  facet normal -0.143989 0.989579 0
    outer loop
      vertex 50.7225 41.1942 3.4
      vertex 50.4366 41.1526 3.79999
      vertex 50.7225 41.1942 3.79999
    endloop
  endfacet
  facet normal -0.143989 0.989579 0
    outer loop
      vertex 50.4366 41.1526 3.79999
      vertex 50.7225 41.1942 3.4
      vertex 50.4366 41.1526 3.4
    endloop
  endfacet
  facet normal -0.250774 0.968046 0
    outer loop
      vertex 50.9904 41.2636 3.4
      vertex 50.7225 41.1942 3.79999
      vertex 50.9904 41.2636 3.79999
    endloop
  endfacet
  facet normal -0.250774 0.968046 0
    outer loop
      vertex 50.7225 41.1942 3.79999
      vertex 50.9904 41.2636 3.4
      vertex 50.7225 41.1942 3.4
    endloop
  endfacet
  facet normal -0.362176 0.93211 0
    outer loop
      vertex 51.2403 41.3607 3.4
      vertex 50.9904 41.2636 3.79999
      vertex 51.2403 41.3607 3.79999
    endloop
  endfacet
  facet normal -0.362176 0.93211 0
    outer loop
      vertex 50.9904 41.2636 3.79999
      vertex 51.2403 41.3607 3.4
      vertex 50.9904 41.2636 3.4
    endloop
  endfacet
  facet normal -0.473738 0.880666 0
    outer loop
      vertex 51.4723 41.4855 3.4
      vertex 51.2403 41.3607 3.79999
      vertex 51.4723 41.4855 3.79999
    endloop
  endfacet
  facet normal -0.473738 0.880666 0
    outer loop
      vertex 51.2403 41.3607 3.79999
      vertex 51.4723 41.4855 3.4
      vertex 51.2403 41.3607 3.4
    endloop
  endfacet
  facet normal -0.58077 0.814068 0
    outer loop
      vertex 51.6862 41.6381 3.4
      vertex 51.4723 41.4855 3.79999
      vertex 51.6862 41.6381 3.79999
    endloop
  endfacet
  facet normal -0.58077 0.814068 0
    outer loop
      vertex 51.4723 41.4855 3.79999
      vertex 51.6862 41.6381 3.4
      vertex 51.4723 41.4855 3.4
    endloop
  endfacet
  facet normal -0.677219 0.735781 0
    outer loop
      vertex 51.8822 41.8185 3.4
      vertex 51.6862 41.6381 3.79999
      vertex 51.8822 41.8185 3.79999
    endloop
  endfacet
  facet normal -0.677219 0.735781 0
    outer loop
      vertex 51.6862 41.6381 3.79999
      vertex 51.8822 41.8185 3.4
      vertex 51.6862 41.6381 3.4
    endloop
  endfacet
  facet normal -0.762977 0.646426 0
    outer loop
      vertex 51.8822 41.8185 3.4
      vertex 52.0558 42.0234 3.79999
      vertex 52.0558 42.0234 3.4
    endloop
  endfacet
  facet normal -0.762977 0.646426 0
    outer loop
      vertex 52.0558 42.0234 3.79999
      vertex 51.8822 41.8185 3.4
      vertex 51.8822 41.8185 3.79999
    endloop
  endfacet
  facet normal -0.838774 0.54448 0
    outer loop
      vertex 52.0558 42.0234 3.4
      vertex 52.2027 42.2497 3.79999
      vertex 52.2027 42.2497 3.4
    endloop
  endfacet
  facet normal -0.838774 0.54448 0
    outer loop
      vertex 52.2027 42.2497 3.79999
      vertex 52.0558 42.0234 3.4
      vertex 52.0558 42.0234 3.79999
    endloop
  endfacet
  facet normal -0.899667 0.436576 0
    outer loop
      vertex 52.2027 42.2497 3.4
      vertex 52.3229 42.4974 3.79999
      vertex 52.3229 42.4974 3.4
    endloop
  endfacet
  facet normal -0.899667 0.436576 0
    outer loop
      vertex 52.3229 42.4974 3.79999
      vertex 52.2027 42.2497 3.4
      vertex 52.2027 42.2497 3.79999
    endloop
  endfacet
  facet normal -0.944606 0.328207 0
    outer loop
      vertex 52.3229 42.4974 3.4
      vertex 52.4164 42.7665 3.79999
      vertex 52.4164 42.7665 3.4
    endloop
  endfacet
  facet normal -0.944606 0.328207 0
    outer loop
      vertex 52.4164 42.7665 3.79999
      vertex 52.3229 42.4974 3.4
      vertex 52.3229 42.4974 3.79999
    endloop
  endfacet
  facet normal -0.974549 0.224173 0
    outer loop
      vertex 52.4164 42.7665 3.4
      vertex 52.4832 43.0569 3.79999
      vertex 52.4832 43.0569 3.4
    endloop
  endfacet
  facet normal -0.974549 0.224173 0
    outer loop
      vertex 52.4832 43.0569 3.79999
      vertex 52.4164 42.7665 3.4
      vertex 52.4164 42.7665 3.79999
    endloop
  endfacet
  facet normal -0.991836 0.127517 0
    outer loop
      vertex 52.4832 43.0569 3.4
      vertex 52.5233 43.3688 3.79999
      vertex 52.5233 43.3688 3.4
    endloop
  endfacet
  facet normal -0.991836 0.127517 0
    outer loop
      vertex 52.5233 43.3688 3.79999
      vertex 52.4832 43.0569 3.4
      vertex 52.4832 43.0569 3.79999
    endloop
  endfacet
  facet normal -0.999204 0.0398842 0
    outer loop
      vertex 52.5233 43.3688 3.4
      vertex 52.5366 43.702 3.79999
      vertex 52.5366 43.702 3.4
    endloop
  endfacet
  facet normal -0.999204 0.0398842 0
    outer loop
      vertex 52.5366 43.702 3.79999
      vertex 52.5233 43.3688 3.4
      vertex 52.5233 43.3688 3.79999
    endloop
  endfacet
  facet normal -0.999205 -0.0398611 0
    outer loop
      vertex 52.5366 43.702 3.4
      vertex 52.5232 44.0379 3.79999
      vertex 52.5232 44.0379 3.4
    endloop
  endfacet
  facet normal -0.999205 -0.0398611 0
    outer loop
      vertex 52.5232 44.0379 3.79999
      vertex 52.5366 43.702 3.4
      vertex 52.5366 43.702 3.79999
    endloop
  endfacet
  facet normal -0.991835 -0.127531 0
    outer loop
      vertex 52.5232 44.0379 3.4
      vertex 52.4828 44.3521 3.79999
      vertex 52.4828 44.3521 3.4
    endloop
  endfacet
  facet normal -0.991835 -0.127531 0
    outer loop
      vertex 52.4828 44.3521 3.79999
      vertex 52.5232 44.0379 3.4
      vertex 52.5232 44.0379 3.79999
    endloop
  endfacet
  facet normal -0.974537 -0.224227 0
    outer loop
      vertex 52.4828 44.3521 3.4
      vertex 52.4155 44.6446 3.79999
      vertex 52.4155 44.6446 3.4
    endloop
  endfacet
  facet normal -0.974537 -0.224227 0
    outer loop
      vertex 52.4155 44.6446 3.79999
      vertex 52.4828 44.3521 3.4
      vertex 52.4828 44.3521 3.79999
    endloop
  endfacet
  facet normal -0.944487 -0.328548 0
    outer loop
      vertex 52.4155 44.6446 3.4
      vertex 52.3213 44.9154 3.79999
      vertex 52.3213 44.9154 3.4
    endloop
  endfacet
  facet normal -0.944487 -0.328548 0
    outer loop
      vertex 52.3213 44.9154 3.79999
      vertex 52.4155 44.6446 3.4
      vertex 52.4155 44.6446 3.79999
    endloop
  endfacet
  facet normal -0.899143 -0.437655 0
    outer loop
      vertex 52.3213 44.9154 3.4
      vertex 52.2001 45.1644 3.79999
      vertex 52.2001 45.1644 3.4
    endloop
  endfacet
  facet normal -0.899143 -0.437655 0
    outer loop
      vertex 52.2001 45.1644 3.79999
      vertex 52.3213 44.9154 3.4
      vertex 52.3213 44.9154 3.79999
    endloop
  endfacet
  facet normal -0.838014 -0.545649 0
    outer loop
      vertex 52.2001 45.1644 3.4
      vertex 52.0521 45.3917 3.79999
      vertex 52.0521 45.3917 3.4
    endloop
  endfacet
  facet normal -0.838014 -0.545649 0
    outer loop
      vertex 52.0521 45.3917 3.79999
      vertex 52.2001 45.1644 3.4
      vertex 52.2001 45.1644 3.79999
    endloop
  endfacet
  facet normal -0.7615 -0.648164 0
    outer loop
      vertex 52.0521 45.3917 3.4
      vertex 51.8771 45.5973 3.79999
      vertex 51.8771 45.5973 3.4
    endloop
  endfacet
  facet normal -0.7615 -0.648164 0
    outer loop
      vertex 51.8771 45.5973 3.79999
      vertex 52.0521 45.3917 3.4
      vertex 52.0521 45.3917 3.79999
    endloop
  endfacet
  facet normal -0.67542 -0.737433 0
    outer loop
      vertex 51.6797 45.7781 3.4
      vertex 51.8771 45.5973 3.79999
      vertex 51.6797 45.7781 3.79999
    endloop
  endfacet
  facet normal -0.67542 -0.737433 -0
    outer loop
      vertex 51.8771 45.5973 3.79999
      vertex 51.6797 45.7781 3.4
      vertex 51.8771 45.5973 3.4
    endloop
  endfacet
  facet normal -0.579267 -0.815138 0
    outer loop
      vertex 51.4644 45.9311 3.4
      vertex 51.6797 45.7781 3.79999
      vertex 51.4644 45.9311 3.79999
    endloop
  endfacet
  facet normal -0.579267 -0.815138 -0
    outer loop
      vertex 51.6797 45.7781 3.79999
      vertex 51.4644 45.9311 3.4
      vertex 51.6797 45.7781 3.4
    endloop
  endfacet
  facet normal -0.473018 -0.881053 0
    outer loop
      vertex 51.2312 46.0563 3.4
      vertex 51.4644 45.9311 3.79999
      vertex 51.2312 46.0563 3.79999
    endloop
  endfacet
  facet normal -0.473018 -0.881053 -0
    outer loop
      vertex 51.4644 45.9311 3.79999
      vertex 51.2312 46.0563 3.4
      vertex 51.4644 45.9311 3.4
    endloop
  endfacet
  facet normal -0.36164 -0.932318 0
    outer loop
      vertex 50.9801 46.1537 3.4
      vertex 51.2312 46.0563 3.79999
      vertex 50.9801 46.1537 3.79999
    endloop
  endfacet
  facet normal -0.36164 -0.932318 -0
    outer loop
      vertex 51.2312 46.0563 3.79999
      vertex 50.9801 46.1537 3.4
      vertex 51.2312 46.0563 3.4
    endloop
  endfacet
  facet normal -0.250063 -0.96823 0
    outer loop
      vertex 50.711 46.2232 3.4
      vertex 50.9801 46.1537 3.79999
      vertex 50.711 46.2232 3.79999
    endloop
  endfacet
  facet normal -0.250063 -0.96823 -0
    outer loop
      vertex 50.9801 46.1537 3.79999
      vertex 50.711 46.2232 3.4
      vertex 50.9801 46.1537 3.4
    endloop
  endfacet
  facet normal -0.143786 -0.989609 0
    outer loop
      vertex 50.424 46.2649 3.4
      vertex 50.711 46.2232 3.79999
      vertex 50.424 46.2649 3.79999
    endloop
  endfacet
  facet normal -0.143786 -0.989609 -0
    outer loop
      vertex 50.711 46.2232 3.79999
      vertex 50.424 46.2649 3.4
      vertex 50.711 46.2232 3.4
    endloop
  endfacet
  facet normal -0.0455414 -0.998962 0
    outer loop
      vertex 50.1191 46.2788 3.4
      vertex 50.424 46.2649 3.79999
      vertex 50.1191 46.2788 3.79999
    endloop
  endfacet
  facet normal -0.0455414 -0.998962 -0
    outer loop
      vertex 50.424 46.2649 3.79999
      vertex 50.1191 46.2788 3.4
      vertex 50.424 46.2649 3.4
    endloop
  endfacet
  facet normal 0.023454 -0.999725 0
    outer loop
      vertex 49.9486 46.2748 3.4
      vertex 50.1191 46.2788 3.79999
      vertex 49.9486 46.2748 3.79999
    endloop
  endfacet
  facet normal 0.023454 -0.999725 0
    outer loop
      vertex 50.1191 46.2788 3.79999
      vertex 49.9486 46.2748 3.4
      vertex 50.1191 46.2788 3.4
    endloop
  endfacet
  facet normal 0.0726671 -0.997356 0
    outer loop
      vertex 49.7839 46.2628 3.4
      vertex 49.9486 46.2748 3.79999
      vertex 49.7839 46.2628 3.79999
    endloop
  endfacet
  facet normal 0.0726671 -0.997356 0
    outer loop
      vertex 49.9486 46.2748 3.79999
      vertex 49.7839 46.2628 3.4
      vertex 49.9486 46.2748 3.4
    endloop
  endfacet
  facet normal 0.125495 -0.992094 0
    outer loop
      vertex 49.625 46.2427 3.4
      vertex 49.7839 46.2628 3.79999
      vertex 49.625 46.2427 3.79999
    endloop
  endfacet
  facet normal 0.125495 -0.992094 0
    outer loop
      vertex 49.7839 46.2628 3.79999
      vertex 49.625 46.2427 3.4
      vertex 49.7839 46.2628 3.4
    endloop
  endfacet
  facet normal 0.180639 -0.983549 0
    outer loop
      vertex 49.472 46.2146 3.4
      vertex 49.625 46.2427 3.79999
      vertex 49.472 46.2146 3.79999
    endloop
  endfacet
  facet normal 0.180639 -0.983549 0
    outer loop
      vertex 49.625 46.2427 3.79999
      vertex 49.472 46.2146 3.4
      vertex 49.625 46.2427 3.4
    endloop
  endfacet
  facet normal 0.238034 -0.971257 0
    outer loop
      vertex 49.3247 46.1785 3.4
      vertex 49.472 46.2146 3.79999
      vertex 49.3247 46.1785 3.79999
    endloop
  endfacet
  facet normal 0.238034 -0.971257 0
    outer loop
      vertex 49.472 46.2146 3.79999
      vertex 49.3247 46.1785 3.4
      vertex 49.472 46.2146 3.4
    endloop
  endfacet
  facet normal 0.297737 -0.954648 0
    outer loop
      vertex 49.1833 46.1344 3.4
      vertex 49.3247 46.1785 3.79999
      vertex 49.1833 46.1344 3.79999
    endloop
  endfacet
  facet normal 0.297737 -0.954648 0
    outer loop
      vertex 49.3247 46.1785 3.79999
      vertex 49.1833 46.1344 3.4
      vertex 49.3247 46.1785 3.4
    endloop
  endfacet
  facet normal 0.359256 -0.933239 0
    outer loop
      vertex 49.0477 46.0822 3.4
      vertex 49.1833 46.1344 3.79999
      vertex 49.0477 46.0822 3.79999
    endloop
  endfacet
  facet normal 0.359256 -0.933239 0
    outer loop
      vertex 49.1833 46.1344 3.79999
      vertex 49.0477 46.0822 3.4
      vertex 49.1833 46.1344 3.4
    endloop
  endfacet
  facet normal 0.414081 -0.91024 0
    outer loop
      vertex 48.949 46.0373 3.4
      vertex 49.0477 46.0822 3.79999
      vertex 48.949 46.0373 3.79999
    endloop
  endfacet
  facet normal 0.414081 -0.91024 0
    outer loop
      vertex 49.0477 46.0822 3.79999
      vertex 48.949 46.0373 3.4
      vertex 49.0477 46.0822 3.4
    endloop
  endfacet
  facet normal 0.469446 -0.882961 0
    outer loop
      vertex 48.8527 45.9861 3.4
      vertex 48.949 46.0373 3.79999
      vertex 48.8527 45.9861 3.79999
    endloop
  endfacet
  facet normal 0.469446 -0.882961 0
    outer loop
      vertex 48.949 46.0373 3.79999
      vertex 48.8527 45.9861 3.4
      vertex 48.949 46.0373 3.4
    endloop
  endfacet
  facet normal 0.521413 -0.853304 0
    outer loop
      vertex 48.7586 45.9286 3.4
      vertex 48.8527 45.9861 3.79999
      vertex 48.7586 45.9286 3.79999
    endloop
  endfacet
  facet normal 0.521413 -0.853304 0
    outer loop
      vertex 48.8527 45.9861 3.79999
      vertex 48.7586 45.9286 3.4
      vertex 48.8527 45.9861 3.4
    endloop
  endfacet
  facet normal 0.571902 -0.820322 0
    outer loop
      vertex 48.6668 45.8646 3.4
      vertex 48.7586 45.9286 3.79999
      vertex 48.6668 45.8646 3.79999
    endloop
  endfacet
  facet normal 0.571902 -0.820322 0
    outer loop
      vertex 48.7586 45.9286 3.79999
      vertex 48.6668 45.8646 3.4
      vertex 48.7586 45.9286 3.4
    endloop
  endfacet
  facet normal 0.617705 -0.78641 0
    outer loop
      vertex 48.5773 45.7943 3.4
      vertex 48.6668 45.8646 3.79999
      vertex 48.5773 45.7943 3.79999
    endloop
  endfacet
  facet normal 0.617705 -0.78641 0
    outer loop
      vertex 48.6668 45.8646 3.79999
      vertex 48.5773 45.7943 3.4
      vertex 48.6668 45.8646 3.4
    endloop
  endfacet
  facet normal 0.659967 -0.751294 0
    outer loop
      vertex 48.4901 45.7177 3.4
      vertex 48.5773 45.7943 3.79999
      vertex 48.4901 45.7177 3.79999
    endloop
  endfacet
  facet normal 0.659967 -0.751294 0
    outer loop
      vertex 48.5773 45.7943 3.79999
      vertex 48.4901 45.7177 3.4
      vertex 48.5773 45.7943 3.4
    endloop
  endfacet
  facet normal 0.69907 -0.715053 0
    outer loop
      vertex 48.4051 45.6346 3.4
      vertex 48.4901 45.7177 3.79999
      vertex 48.4051 45.6346 3.79999
    endloop
  endfacet
  facet normal 0.69907 -0.715053 0
    outer loop
      vertex 48.4901 45.7177 3.79999
      vertex 48.4051 45.6346 3.4
      vertex 48.4901 45.7177 3.4
    endloop
  endfacet
  facet normal 0.733745 -0.679425 0
    outer loop
      vertex 48.3238 45.5468 3.79999
      vertex 48.4051 45.6346 3.4
      vertex 48.4051 45.6346 3.79999
    endloop
  endfacet
  facet normal 0.733745 -0.679425 0
    outer loop
      vertex 48.4051 45.6346 3.4
      vertex 48.3238 45.5468 3.79999
      vertex 48.3238 45.5468 3.4
    endloop
  endfacet
  facet normal 0.7667 -0.642006 0
    outer loop
      vertex 48.2476 45.4558 3.79999
      vertex 48.3238 45.5468 3.4
      vertex 48.3238 45.5468 3.79999
    endloop
  endfacet
  facet normal 0.7667 -0.642006 0
    outer loop
      vertex 48.3238 45.5468 3.4
      vertex 48.2476 45.4558 3.79999
      vertex 48.2476 45.4558 3.4
    endloop
  endfacet
  facet normal 0.79745 -0.603384 0
    outer loop
      vertex 48.1764 45.3617 3.79999
      vertex 48.2476 45.4558 3.4
      vertex 48.2476 45.4558 3.79999
    endloop
  endfacet
  facet normal 0.79745 -0.603384 0
    outer loop
      vertex 48.2476 45.4558 3.4
      vertex 48.1764 45.3617 3.79999
      vertex 48.1764 45.3617 3.4
    endloop
  endfacet
  facet normal 0.827448 -0.561543 0
    outer loop
      vertex 48.1103 45.2643 3.79999
      vertex 48.1764 45.3617 3.4
      vertex 48.1764 45.3617 3.79999
    endloop
  endfacet
  facet normal 0.827448 -0.561543 0
    outer loop
      vertex 48.1764 45.3617 3.4
      vertex 48.1103 45.2643 3.79999
      vertex 48.1103 45.2643 3.4
    endloop
  endfacet
  facet normal 0.854855 -0.518867 0
    outer loop
      vertex 48.0493 45.1638 3.79999
      vertex 48.1103 45.2643 3.4
      vertex 48.1103 45.2643 3.79999
    endloop
  endfacet
  facet normal 0.854855 -0.518867 0
    outer loop
      vertex 48.1103 45.2643 3.4
      vertex 48.0493 45.1638 3.79999
      vertex 48.0493 45.1638 3.4
    endloop
  endfacet
  facet normal 0.88009 -0.474808 0
    outer loop
      vertex 47.9933 45.06 3.79999
      vertex 48.0493 45.1638 3.4
      vertex 48.0493 45.1638 3.79999
    endloop
  endfacet
  facet normal 0.88009 -0.474808 0
    outer loop
      vertex 48.0493 45.1638 3.4
      vertex 47.9933 45.06 3.79999
      vertex 47.9933 45.06 3.4
    endloop
  endfacet
  facet normal 0.902548 -0.430589 0
    outer loop
      vertex 47.9423 44.9531 3.79999
      vertex 47.9933 45.06 3.4
      vertex 47.9933 45.06 3.79999
    endloop
  endfacet
  facet normal 0.902548 -0.430589 0
    outer loop
      vertex 47.9933 45.06 3.4
      vertex 47.9423 44.9531 3.79999
      vertex 47.9423 44.9531 3.4
    endloop
  endfacet
  facet normal 0.929693 -0.368334 0
    outer loop
      vertex 47.882 44.8009 3.79999
      vertex 47.9423 44.9531 3.4
      vertex 47.9423 44.9531 3.79999
    endloop
  endfacet
  facet normal 0.929693 -0.368334 0
    outer loop
      vertex 47.9423 44.9531 3.4
      vertex 47.882 44.8009 3.79999
      vertex 47.882 44.8009 3.4
    endloop
  endfacet
  facet normal 0.953955 -0.299949 0
    outer loop
      vertex 47.831 44.6387 3.79999
      vertex 47.882 44.8009 3.4
      vertex 47.882 44.8009 3.79999
    endloop
  endfacet
  facet normal 0.953955 -0.299949 0
    outer loop
      vertex 47.882 44.8009 3.4
      vertex 47.831 44.6387 3.79999
      vertex 47.831 44.6387 3.4
    endloop
  endfacet
  facet normal 0.971909 -0.235358 0
    outer loop
      vertex 47.7893 44.4665 3.79999
      vertex 47.831 44.6387 3.4
      vertex 47.831 44.6387 3.79999
    endloop
  endfacet
  facet normal 0.971909 -0.235358 0
    outer loop
      vertex 47.831 44.6387 3.4
      vertex 47.7893 44.4665 3.79999
      vertex 47.7893 44.4665 3.4
    endloop
  endfacet
  facet normal 0.984444 -0.175697 0
    outer loop
      vertex 47.7568 44.2844 3.79999
      vertex 47.7893 44.4665 3.4
      vertex 47.7893 44.4665 3.79999
    endloop
  endfacet
  facet normal 0.984444 -0.175697 0
    outer loop
      vertex 47.7893 44.4665 3.4
      vertex 47.7568 44.2844 3.79999
      vertex 47.7568 44.2844 3.4
    endloop
  endfacet
  facet normal 0.992847 -0.11939 0
    outer loop
      vertex 47.7337 44.0923 3.79999
      vertex 47.7568 44.2844 3.4
      vertex 47.7568 44.2844 3.79999
    endloop
  endfacet
  facet normal 0.992847 -0.11939 0
    outer loop
      vertex 47.7568 44.2844 3.4
      vertex 47.7337 44.0923 3.79999
      vertex 47.7337 44.0923 3.4
    endloop
  endfacet
  facet normal 0.997609 -0.069107 0
    outer loop
      vertex 47.7197 43.8902 3.79999
      vertex 47.7337 44.0923 3.4
      vertex 47.7337 44.0923 3.79999
    endloop
  endfacet
  facet normal 0.997609 -0.069107 0
    outer loop
      vertex 47.7337 44.0923 3.4
      vertex 47.7197 43.8902 3.79999
      vertex 47.7197 43.8902 3.4
    endloop
  endfacet
  facet normal 0.999765 -0.021693 0
    outer loop
      vertex 47.7151 43.6782 3.79999
      vertex 47.7197 43.8902 3.4
      vertex 47.7197 43.8902 3.79999
    endloop
  endfacet
  facet normal 0.999765 -0.021693 0
    outer loop
      vertex 47.7197 43.8902 3.4
      vertex 47.7151 43.6782 3.79999
      vertex 47.7151 43.6782 3.4
    endloop
  endfacet
  facet normal 0.99917 0.0407452 0
    outer loop
      vertex 47.7285 43.3496 3.79999
      vertex 47.7151 43.6782 3.4
      vertex 47.7151 43.6782 3.79999
    endloop
  endfacet
  facet normal 0.99917 0.0407452 0
    outer loop
      vertex 47.7151 43.6782 3.4
      vertex 47.7285 43.3496 3.79999
      vertex 47.7285 43.3496 3.4
    endloop
  endfacet
  facet normal 0.991661 0.128871 0
    outer loop
      vertex 47.7685 43.0418 3.79999
      vertex 47.7285 43.3496 3.4
      vertex 47.7285 43.3496 3.79999
    endloop
  endfacet
  facet normal 0.991661 0.128871 0
    outer loop
      vertex 47.7285 43.3496 3.4
      vertex 47.7685 43.0418 3.79999
      vertex 47.7685 43.0418 3.4
    endloop
  endfacet
  facet normal 0.973966 0.226693 0
    outer loop
      vertex 47.8353 42.7548 3.79999
      vertex 47.7685 43.0418 3.4
      vertex 47.7685 43.0418 3.79999
    endloop
  endfacet
  facet normal 0.973966 0.226693 0
    outer loop
      vertex 47.7685 43.0418 3.4
      vertex 47.8353 42.7548 3.79999
      vertex 47.8353 42.7548 3.4
    endloop
  endfacet
  facet normal 0.943493 0.331392 0
    outer loop
      vertex 47.9288 42.4886 3.79999
      vertex 47.8353 42.7548 3.4
      vertex 47.8353 42.7548 3.79999
    endloop
  endfacet
  facet normal 0.943493 0.331392 0
    outer loop
      vertex 47.8353 42.7548 3.4
      vertex 47.9288 42.4886 3.79999
      vertex 47.9288 42.4886 3.4
    endloop
  endfacet
  facet normal 0.897986 0.440024 0
    outer loop
      vertex 48.049 42.2433 3.79999
      vertex 47.9288 42.4886 3.4
      vertex 47.9288 42.4886 3.79999
    endloop
  endfacet
  facet normal 0.897986 0.440024 0
    outer loop
      vertex 47.9288 42.4886 3.4
      vertex 48.049 42.2433 3.79999
      vertex 48.049 42.2433 3.4
    endloop
  endfacet
  facet normal 0.836779 0.547541 0
    outer loop
      vertex 48.1959 42.0188 3.79999
      vertex 48.049 42.2433 3.4
      vertex 48.049 42.2433 3.79999
    endloop
  endfacet
  facet normal 0.836779 0.547541 0
    outer loop
      vertex 48.049 42.2433 3.4
      vertex 48.1959 42.0188 3.79999
      vertex 48.1959 42.0188 3.4
    endloop
  endfacet
  facet normal 0.7611 0.648635 0
    outer loop
      vertex 48.3695 41.8151 3.79999
      vertex 48.1959 42.0188 3.4
      vertex 48.1959 42.0188 3.79999
    endloop
  endfacet
  facet normal 0.7611 0.648635 0
    outer loop
      vertex 48.1959 42.0188 3.4
      vertex 48.3695 41.8151 3.79999
      vertex 48.3695 41.8151 3.4
    endloop
  endfacet
  facet normal 0.674822 0.737981 -0
    outer loop
      vertex 48.5658 41.6356 3.4
      vertex 48.3695 41.8151 3.79999
      vertex 48.5658 41.6356 3.79999
    endloop
  endfacet
  facet normal 0.674822 0.737981 0
    outer loop
      vertex 48.3695 41.8151 3.79999
      vertex 48.5658 41.6356 3.4
      vertex 48.3695 41.8151 3.4
    endloop
  endfacet
  facet normal 0.57731 0.816525 -0
    outer loop
      vertex 48.7805 41.4838 3.4
      vertex 48.5658 41.6356 3.79999
      vertex 48.7805 41.4838 3.79999
    endloop
  endfacet
  facet normal 0.57731 0.816525 0
    outer loop
      vertex 48.5658 41.6356 3.79999
      vertex 48.7805 41.4838 3.4
      vertex 48.5658 41.6356 3.4
    endloop
  endfacet
  facet normal 0.469764 0.882792 -0
    outer loop
      vertex 49.0139 41.3596 3.4
      vertex 48.7805 41.4838 3.79999
      vertex 49.0139 41.3596 3.79999
    endloop
  endfacet
  facet normal 0.469764 0.882792 0
    outer loop
      vertex 48.7805 41.4838 3.79999
      vertex 49.0139 41.3596 3.4
      vertex 48.7805 41.4838 3.4
    endloop
  endfacet
  facet normal 0.358383 0.933575 -0
    outer loop
      vertex 49.2658 41.2629 3.4
      vertex 49.0139 41.3596 3.79999
      vertex 49.2658 41.2629 3.79999
    endloop
  endfacet
  facet normal 0.358383 0.933575 0
    outer loop
      vertex 49.0139 41.3596 3.79999
      vertex 49.2658 41.2629 3.4
      vertex 49.0139 41.3596 3.4
    endloop
  endfacet
  facet normal 0.247254 0.968951 -0
    outer loop
      vertex 49.5362 41.1939 3.4
      vertex 49.2658 41.2629 3.79999
      vertex 49.5362 41.1939 3.79999
    endloop
  endfacet
  facet normal 0.247254 0.968951 0
    outer loop
      vertex 49.2658 41.2629 3.79999
      vertex 49.5362 41.1939 3.4
      vertex 49.2658 41.2629 3.4
    endloop
  endfacet
  facet normal 0.141853 0.989888 -0
    outer loop
      vertex 49.8251 41.1525 3.4
      vertex 49.5362 41.1939 3.79999
      vertex 49.8251 41.1525 3.79999
    endloop
  endfacet
  facet normal 0.141853 0.989888 0
    outer loop
      vertex 49.5362 41.1939 3.79999
      vertex 49.8251 41.1525 3.4
      vertex 49.5362 41.1939 3.4
    endloop
  endfacet
  facet normal 0.0448184 0.998995 -0
    outer loop
      vertex 50.1327 41.1387 3.4
      vertex 49.8251 41.1525 3.79999
      vertex 50.1327 41.1387 3.79999
    endloop
  endfacet
  facet normal 0.0448184 0.998995 0
    outer loop
      vertex 49.8251 41.1525 3.79999
      vertex 50.1327 41.1387 3.4
      vertex 49.8251 41.1525 3.4
    endloop
  endfacet
  facet normal -0.045691 0.998956 0
    outer loop
      vertex 50.4366 41.1526 3.4
      vertex 50.1327 41.1387 3.79999
      vertex 50.4366 41.1526 3.79999
    endloop
  endfacet
  facet normal -0.045691 0.998956 0
    outer loop
      vertex 50.1327 41.1387 3.79999
      vertex 50.4366 41.1526 3.4
      vertex 50.1327 41.1387 3.4
    endloop
  endfacet
  facet normal -0.166012 -0.986124 0
    outer loop
      vertex 49.8035 42.0321 3.4
      vertex 49.9621 42.0054 3.79999
      vertex 49.8035 42.0321 3.79999
    endloop
  endfacet
  facet normal -0.166012 -0.986124 -0
    outer loop
      vertex 49.9621 42.0054 3.79999
      vertex 49.8035 42.0321 3.4
      vertex 49.9621 42.0054 3.4
    endloop
  endfacet
  facet normal -0.283827 -0.958875 0
    outer loop
      vertex 49.6535 42.0765 3.4
      vertex 49.8035 42.0321 3.79999
      vertex 49.6535 42.0765 3.79999
    endloop
  endfacet
  facet normal -0.283827 -0.958875 -0
    outer loop
      vertex 49.8035 42.0321 3.79999
      vertex 49.6535 42.0765 3.4
      vertex 49.8035 42.0321 3.4
    endloop
  endfacet
  facet normal -0.402955 -0.91522 0
    outer loop
      vertex 49.512 42.1388 3.4
      vertex 49.6535 42.0765 3.79999
      vertex 49.512 42.1388 3.79999
    endloop
  endfacet
  facet normal -0.402955 -0.91522 -0
    outer loop
      vertex 49.6535 42.0765 3.79999
      vertex 49.512 42.1388 3.4
      vertex 49.6535 42.0765 3.4
    endloop
  endfacet
  facet normal -0.515728 -0.856753 0
    outer loop
      vertex 49.3791 42.2188 3.4
      vertex 49.512 42.1388 3.79999
      vertex 49.3791 42.2188 3.79999
    endloop
  endfacet
  facet normal -0.515728 -0.856753 -0
    outer loop
      vertex 49.512 42.1388 3.79999
      vertex 49.3791 42.2188 3.4
      vertex 49.512 42.1388 3.4
    endloop
  endfacet
  facet normal -0.618659 -0.785659 0
    outer loop
      vertex 49.2549 42.3166 3.4
      vertex 49.3791 42.2188 3.79999
      vertex 49.2549 42.3166 3.79999
    endloop
  endfacet
  facet normal -0.618659 -0.785659 -0
    outer loop
      vertex 49.3791 42.2188 3.79999
      vertex 49.2549 42.3166 3.4
      vertex 49.3791 42.2188 3.4
    endloop
  endfacet
  facet normal -0.706801 -0.707412 0
    outer loop
      vertex 49.1392 42.4322 3.4
      vertex 49.2549 42.3166 3.79999
      vertex 49.1392 42.4322 3.79999
    endloop
  endfacet
  facet normal -0.706801 -0.707412 -0
    outer loop
      vertex 49.2549 42.3166 3.79999
      vertex 49.1392 42.4322 3.4
      vertex 49.2549 42.3166 3.4
    endloop
  endfacet
  facet normal -0.788744 -0.614722 0
    outer loop
      vertex 49.1392 42.4322 3.4
      vertex 49.0357 42.565 3.79999
      vertex 49.0357 42.565 3.4
    endloop
  endfacet
  facet normal -0.788744 -0.614722 0
    outer loop
      vertex 49.0357 42.565 3.79999
      vertex 49.1392 42.4322 3.4
      vertex 49.1392 42.4322 3.79999
    endloop
  endfacet
  facet normal -0.863045 -0.505127 0
    outer loop
      vertex 49.0357 42.565 3.4
      vertex 48.9482 42.7145 3.79999
      vertex 48.9482 42.7145 3.4
    endloop
  endfacet
  facet normal -0.863045 -0.505127 0
    outer loop
      vertex 48.9482 42.7145 3.79999
      vertex 49.0357 42.565 3.4
      vertex 49.0357 42.565 3.79999
    endloop
  endfacet
  facet normal -0.9184 -0.395653 0
    outer loop
      vertex 48.9482 42.7145 3.4
      vertex 48.8766 42.8807 3.79999
      vertex 48.8766 42.8807 3.4
    endloop
  endfacet
  facet normal -0.9184 -0.395653 0
    outer loop
      vertex 48.8766 42.8807 3.79999
      vertex 48.9482 42.7145 3.4
      vertex 48.9482 42.7145 3.79999
    endloop
  endfacet
  facet normal -0.956579 -0.291474 0
    outer loop
      vertex 48.8766 42.8807 3.4
      vertex 48.8209 43.0635 3.79999
      vertex 48.8209 43.0635 3.4
    endloop
  endfacet
  facet normal -0.956579 -0.291474 0
    outer loop
      vertex 48.8209 43.0635 3.79999
      vertex 48.8766 42.8807 3.4
      vertex 48.8766 42.8807 3.79999
    endloop
  endfacet
  facet normal -0.980694 -0.195549 0
    outer loop
      vertex 48.8209 43.0635 3.4
      vertex 48.7811 43.2631 3.79999
      vertex 48.7811 43.2631 3.4
    endloop
  endfacet
  facet normal -0.980694 -0.195549 0
    outer loop
      vertex 48.7811 43.2631 3.79999
      vertex 48.8209 43.0635 3.4
      vertex 48.8209 43.0635 3.79999
    endloop
  endfacet
  facet normal -0.993945 -0.109876 0
    outer loop
      vertex 48.7811 43.2631 3.4
      vertex 48.7572 43.4793 3.79999
      vertex 48.7572 43.4793 3.4
    endloop
  endfacet
  facet normal -0.993945 -0.109876 0
    outer loop
      vertex 48.7572 43.4793 3.79999
      vertex 48.7811 43.2631 3.4
      vertex 48.7811 43.2631 3.79999
    endloop
  endfacet
  facet normal -0.999425 -0.0339152 0
    outer loop
      vertex 48.7572 43.4793 3.4
      vertex 48.7493 43.7121 3.79999
      vertex 48.7493 43.7121 3.4
    endloop
  endfacet
  facet normal -0.999425 -0.0339152 0
    outer loop
      vertex 48.7493 43.7121 3.79999
      vertex 48.7572 43.4793 3.4
      vertex 48.7572 43.4793 3.79999
    endloop
  endfacet
  facet normal -0.99947 0.0325684 0
    outer loop
      vertex 48.7493 43.7121 3.4
      vertex 48.757 43.9484 3.79999
      vertex 48.757 43.9484 3.4
    endloop
  endfacet
  facet normal -0.99947 0.0325684 0
    outer loop
      vertex 48.757 43.9484 3.79999
      vertex 48.7493 43.7121 3.4
      vertex 48.7493 43.7121 3.79999
    endloop
  endfacet
  facet normal -0.994368 0.105987 0
    outer loop
      vertex 48.757 43.9484 3.4
      vertex 48.7803 44.167 3.79999
      vertex 48.7803 44.167 3.4
    endloop
  endfacet
  facet normal -0.994368 0.105987 0
    outer loop
      vertex 48.7803 44.167 3.79999
      vertex 48.757 43.9484 3.4
      vertex 48.757 43.9484 3.79999
    endloop
  endfacet
  facet normal -0.981965 0.189065 0
    outer loop
      vertex 48.7803 44.167 3.4
      vertex 48.819 44.368 3.79999
      vertex 48.819 44.368 3.4
    endloop
  endfacet
  facet normal -0.981965 0.189065 0
    outer loop
      vertex 48.819 44.368 3.79999
      vertex 48.7803 44.167 3.4
      vertex 48.7803 44.167 3.79999
    endloop
  endfacet
  facet normal -0.958814 0.284035 0
    outer loop
      vertex 48.819 44.368 3.4
      vertex 48.8733 44.5513 3.79999
      vertex 48.8733 44.5513 3.4
    endloop
  endfacet
  facet normal -0.958814 0.284035 0
    outer loop
      vertex 48.8733 44.5513 3.79999
      vertex 48.819 44.368 3.4
      vertex 48.819 44.368 3.79999
    endloop
  endfacet
  facet normal -0.921771 0.387734 0
    outer loop
      vertex 48.8733 44.5513 3.4
      vertex 48.943 44.717 3.79999
      vertex 48.943 44.717 3.4
    endloop
  endfacet
  facet normal -0.921771 0.387734 0
    outer loop
      vertex 48.943 44.717 3.79999
      vertex 48.8733 44.5513 3.4
      vertex 48.8733 44.5513 3.79999
    endloop
  endfacet
  facet normal -0.866546 0.499098 0
    outer loop
      vertex 48.943 44.717 3.4
      vertex 49.0283 44.8651 3.79999
      vertex 49.0283 44.8651 3.4
    endloop
  endfacet
  facet normal -0.866546 0.499098 0
    outer loop
      vertex 49.0283 44.8651 3.79999
      vertex 48.943 44.717 3.4
      vertex 48.943 44.717 3.79999
    endloop
  endfacet
  facet normal -0.791472 0.611206 0
    outer loop
      vertex 49.0283 44.8651 3.4
      vertex 49.129 44.9955 3.79999
      vertex 49.129 44.9955 3.4
    endloop
  endfacet
  facet normal -0.791472 0.611206 0
    outer loop
      vertex 49.129 44.9955 3.79999
      vertex 49.0283 44.8651 3.4
      vertex 49.0283 44.8651 3.79999
    endloop
  endfacet
  facet normal -0.705543 0.708667 0
    outer loop
      vertex 49.2424 45.1084 3.4
      vertex 49.129 44.9955 3.79999
      vertex 49.2424 45.1084 3.79999
    endloop
  endfacet
  facet normal -0.705543 0.708667 0
    outer loop
      vertex 49.129 44.9955 3.79999
      vertex 49.2424 45.1084 3.4
      vertex 49.129 44.9955 3.4
    endloop
  endfacet
  facet normal -0.612341 0.790594 0
    outer loop
      vertex 49.3657 45.2039 3.4
      vertex 49.2424 45.1084 3.79999
      vertex 49.3657 45.2039 3.79999
    endloop
  endfacet
  facet normal -0.612341 0.790594 0
    outer loop
      vertex 49.2424 45.1084 3.79999
      vertex 49.3657 45.2039 3.4
      vertex 49.2424 45.1084 3.4
    endloop
  endfacet
  facet normal -0.50685 0.862034 0
    outer loop
      vertex 49.4987 45.2821 3.4
      vertex 49.3657 45.2039 3.79999
      vertex 49.4987 45.2821 3.79999
    endloop
  endfacet
  facet normal -0.50685 0.862034 0
    outer loop
      vertex 49.3657 45.2039 3.79999
      vertex 49.4987 45.2821 3.4
      vertex 49.3657 45.2039 3.4
    endloop
  endfacet
  facet normal -0.391509 0.920174 0
    outer loop
      vertex 49.6416 45.3429 3.4
      vertex 49.4987 45.2821 3.79999
      vertex 49.6416 45.3429 3.79999
    endloop
  endfacet
  facet normal -0.391509 0.920174 0
    outer loop
      vertex 49.4987 45.2821 3.79999
      vertex 49.6416 45.3429 3.4
      vertex 49.4987 45.2821 3.4
    endloop
  endfacet
  facet normal -0.27339 0.961903 0
    outer loop
      vertex 49.7943 45.3863 3.4
      vertex 49.6416 45.3429 3.79999
      vertex 49.7943 45.3863 3.79999
    endloop
  endfacet
  facet normal -0.27339 0.961903 0
    outer loop
      vertex 49.6416 45.3429 3.79999
      vertex 49.7943 45.3863 3.4
      vertex 49.6416 45.3429 3.4
    endloop
  endfacet
  facet normal -0.157896 0.987456 0
    outer loop
      vertex 49.9569 45.4123 3.4
      vertex 49.7943 45.3863 3.79999
      vertex 49.9569 45.4123 3.79999
    endloop
  endfacet
  facet normal -0.157896 0.987456 0
    outer loop
      vertex 49.7943 45.3863 3.79999
      vertex 49.9569 45.4123 3.4
      vertex 49.7943 45.3863 3.4
    endloop
  endfacet
  facet normal -0.0503999 0.998729 0
    outer loop
      vertex 50.1293 45.421 3.4
      vertex 49.9569 45.4123 3.79999
      vertex 50.1293 45.421 3.79999
    endloop
  endfacet
  facet normal -0.0503999 0.998729 0
    outer loop
      vertex 49.9569 45.4123 3.79999
      vertex 50.1293 45.421 3.4
      vertex 49.9569 45.4123 3.4
    endloop
  endfacet
  facet normal 0.0498798 0.998755 -0
    outer loop
      vertex 50.3015 45.4124 3.4
      vertex 50.1293 45.421 3.79999
      vertex 50.3015 45.4124 3.79999
    endloop
  endfacet
  facet normal 0.0498798 0.998755 0
    outer loop
      vertex 50.1293 45.421 3.79999
      vertex 50.3015 45.4124 3.4
      vertex 50.1293 45.421 3.4
    endloop
  endfacet
  facet normal 0.1564 0.987694 -0
    outer loop
      vertex 50.4638 45.3867 3.4
      vertex 50.3015 45.4124 3.79999
      vertex 50.4638 45.3867 3.79999
    endloop
  endfacet
  facet normal 0.1564 0.987694 0
    outer loop
      vertex 50.3015 45.4124 3.79999
      vertex 50.4638 45.3867 3.4
      vertex 50.3015 45.4124 3.4
    endloop
  endfacet
  facet normal 0.271295 0.962496 -0
    outer loop
      vertex 50.616 45.3438 3.4
      vertex 50.4638 45.3867 3.79999
      vertex 50.616 45.3438 3.79999
    endloop
  endfacet
  facet normal 0.271295 0.962496 0
    outer loop
      vertex 50.4638 45.3867 3.79999
      vertex 50.616 45.3438 3.4
      vertex 50.4638 45.3867 3.4
    endloop
  endfacet
  facet normal 0.389534 0.921012 -0
    outer loop
      vertex 50.7581 45.2837 3.4
      vertex 50.616 45.3438 3.79999
      vertex 50.7581 45.2837 3.79999
    endloop
  endfacet
  facet normal 0.389534 0.921012 0
    outer loop
      vertex 50.616 45.3438 3.79999
      vertex 50.7581 45.2837 3.4
      vertex 50.616 45.3438 3.4
    endloop
  endfacet
  facet normal 0.504277 0.863542 -0
    outer loop
      vertex 50.8903 45.2065 3.4
      vertex 50.7581 45.2837 3.79999
      vertex 50.8903 45.2065 3.79999
    endloop
  endfacet
  facet normal 0.504277 0.863542 0
    outer loop
      vertex 50.7581 45.2837 3.79999
      vertex 50.8903 45.2065 3.4
      vertex 50.7581 45.2837 3.4
    endloop
  endfacet
  facet normal 0.61165 0.791128 -0
    outer loop
      vertex 51.0124 45.1121 3.4
      vertex 50.8903 45.2065 3.79999
      vertex 51.0124 45.1121 3.79999
    endloop
  endfacet
  facet normal 0.61165 0.791128 0
    outer loop
      vertex 50.8903 45.2065 3.79999
      vertex 51.0124 45.1121 3.4
      vertex 50.8903 45.2065 3.4
    endloop
  endfacet
  facet normal 0.705523 0.708687 -0
    outer loop
      vertex 51.1244 45.0006 3.4
      vertex 51.0124 45.1121 3.79999
      vertex 51.1244 45.0006 3.79999
    endloop
  endfacet
  facet normal 0.705523 0.708687 0
    outer loop
      vertex 51.0124 45.1121 3.79999
      vertex 51.1244 45.0006 3.4
      vertex 51.0124 45.1121 3.4
    endloop
  endfacet
  facet normal 0.792122 0.610363 0
    outer loop
      vertex 51.2238 44.8716 3.79999
      vertex 51.1244 45.0006 3.4
      vertex 51.1244 45.0006 3.79999
    endloop
  endfacet
  facet normal 0.792122 0.610363 0
    outer loop
      vertex 51.1244 45.0006 3.4
      vertex 51.2238 44.8716 3.79999
      vertex 51.2238 44.8716 3.4
    endloop
  endfacet
  facet normal 0.867551 0.497349 0
    outer loop
      vertex 51.3079 44.7249 3.79999
      vertex 51.2238 44.8716 3.4
      vertex 51.2238 44.8716 3.79999
    endloop
  endfacet
  facet normal 0.867551 0.497349 0
    outer loop
      vertex 51.2238 44.8716 3.4
      vertex 51.3079 44.7249 3.79999
      vertex 51.3079 44.7249 3.4
    endloop
  endfacet
  facet normal 0.922478 0.386049 0
    outer loop
      vertex 51.3767 44.5605 3.79999
      vertex 51.3079 44.7249 3.4
      vertex 51.3079 44.7249 3.79999
    endloop
  endfacet
  facet normal 0.922478 0.386049 0
    outer loop
      vertex 51.3079 44.7249 3.4
      vertex 51.3767 44.5605 3.79999
      vertex 51.3767 44.5605 3.4
    endloop
  endfacet
  facet normal 0.959449 0.281881 0
    outer loop
      vertex 51.4302 44.3784 3.79999
      vertex 51.3767 44.5605 3.4
      vertex 51.3767 44.5605 3.79999
    endloop
  endfacet
  facet normal 0.959449 0.281881 0
    outer loop
      vertex 51.3767 44.5605 3.4
      vertex 51.4302 44.3784 3.79999
      vertex 51.4302 44.3784 3.4
    endloop
  endfacet
  facet normal 0.982136 0.188173 0
    outer loop
      vertex 51.4685 44.1785 3.79999
      vertex 51.4302 44.3784 3.4
      vertex 51.4302 44.3784 3.79999
    endloop
  endfacet
  facet normal 0.982136 0.188173 0
    outer loop
      vertex 51.4302 44.3784 3.4
      vertex 51.4685 44.1785 3.79999
      vertex 51.4685 44.1785 3.4
    endloop
  endfacet
  facet normal 0.994503 0.104709 0
    outer loop
      vertex 51.4914 43.961 3.79999
      vertex 51.4685 44.1785 3.4
      vertex 51.4685 44.1785 3.79999
    endloop
  endfacet
  facet normal 0.994503 0.104709 0
    outer loop
      vertex 51.4685 44.1785 3.4
      vertex 51.4914 43.961 3.79999
      vertex 51.4914 43.961 3.4
    endloop
  endfacet
  facet normal 0.999465 0.0327067 0
    outer loop
      vertex 51.4991 43.7257 3.79999
      vertex 51.4914 43.961 3.4
      vertex 51.4914 43.961 3.79999
    endloop
  endfacet
  facet normal 0.999465 0.0327067 0
    outer loop
      vertex 51.4914 43.961 3.4
      vertex 51.4991 43.7257 3.79999
      vertex 51.4991 43.7257 3.4
    endloop
  endfacet
  facet normal 0.99945 -0.0331472 0
    outer loop
      vertex 51.4912 43.4875 3.79999
      vertex 51.4991 43.7257 3.4
      vertex 51.4991 43.7257 3.79999
    endloop
  endfacet
  facet normal 0.99945 -0.0331472 0
    outer loop
      vertex 51.4991 43.7257 3.4
      vertex 51.4912 43.4875 3.79999
      vertex 51.4912 43.4875 3.4
    endloop
  endfacet
  facet normal 0.994321 -0.106422 0
    outer loop
      vertex 51.4676 43.267 3.79999
      vertex 51.4912 43.4875 3.4
      vertex 51.4912 43.4875 3.79999
    endloop
  endfacet
  facet normal 0.994321 -0.106422 0
    outer loop
      vertex 51.4912 43.4875 3.4
      vertex 51.4676 43.267 3.79999
      vertex 51.4676 43.267 3.4
    endloop
  endfacet
  facet normal 0.981861 -0.189601 0
    outer loop
      vertex 51.4284 43.064 3.79999
      vertex 51.4676 43.267 3.4
      vertex 51.4676 43.267 3.79999
    endloop
  endfacet
  facet normal 0.981861 -0.189601 0
    outer loop
      vertex 51.4676 43.267 3.4
      vertex 51.4284 43.064 3.79999
      vertex 51.4284 43.064 3.4
    endloop
  endfacet
  facet normal 0.958662 -0.284546 0
    outer loop
      vertex 51.3734 42.8787 3.79999
      vertex 51.4284 43.064 3.4
      vertex 51.4284 43.064 3.79999
    endloop
  endfacet
  facet normal 0.958662 -0.284546 0
    outer loop
      vertex 51.4284 43.064 3.4
      vertex 51.3734 42.8787 3.79999
      vertex 51.3734 42.8787 3.4
    endloop
  endfacet
  facet normal 0.921376 -0.388671 0
    outer loop
      vertex 51.3027 42.7111 3.79999
      vertex 51.3734 42.8787 3.4
      vertex 51.3734 42.8787 3.79999
    endloop
  endfacet
  facet normal 0.921376 -0.388671 0
    outer loop
      vertex 51.3734 42.8787 3.4
      vertex 51.3027 42.7111 3.79999
      vertex 51.3027 42.7111 3.4
    endloop
  endfacet
  facet normal 0.866532 -0.499122 0
    outer loop
      vertex 51.2163 42.5611 3.79999
      vertex 51.3027 42.7111 3.4
      vertex 51.3027 42.7111 3.79999
    endloop
  endfacet
  facet normal 0.866532 -0.499122 0
    outer loop
      vertex 51.3027 42.7111 3.4
      vertex 51.2163 42.5611 3.79999
      vertex 51.2163 42.5611 3.4
    endloop
  endfacet
  facet normal 0.791666 -0.610953 0
    outer loop
      vertex 51.1142 42.4288 3.79999
      vertex 51.2163 42.5611 3.4
      vertex 51.2163 42.5611 3.79999
    endloop
  endfacet
  facet normal 0.791666 -0.610953 0
    outer loop
      vertex 51.2163 42.5611 3.4
      vertex 51.1142 42.4288 3.79999
      vertex 51.1142 42.4288 3.4
    endloop
  endfacet
  facet normal 0.708341 -0.705871 0
    outer loop
      vertex 50.9999 42.3141 3.79999
      vertex 51.1142 42.4288 3.4
      vertex 51.1142 42.4288 3.79999
    endloop
  endfacet
  facet normal 0.708341 -0.705871 0
    outer loop
      vertex 51.1142 42.4288 3.4
      vertex 50.9999 42.3141 3.79999
      vertex 50.9999 42.3141 3.4
    endloop
  endfacet
  facet normal 0.61861 -0.785698 0
    outer loop
      vertex 50.8767 42.2171 3.4
      vertex 50.9999 42.3141 3.79999
      vertex 50.8767 42.2171 3.79999
    endloop
  endfacet
  facet normal 0.61861 -0.785698 0
    outer loop
      vertex 50.9999 42.3141 3.79999
      vertex 50.8767 42.2171 3.4
      vertex 50.9999 42.3141 3.4
    endloop
  endfacet
  facet normal 0.515737 -0.856747 0
    outer loop
      vertex 50.7448 42.1377 3.4
      vertex 50.8767 42.2171 3.79999
      vertex 50.7448 42.1377 3.79999
    endloop
  endfacet
  facet normal 0.515737 -0.856747 0
    outer loop
      vertex 50.8767 42.2171 3.79999
      vertex 50.7448 42.1377 3.4
      vertex 50.8767 42.2171 3.4
    endloop
  endfacet
  facet normal 0.40215 -0.915574 0
    outer loop
      vertex 50.6041 42.0759 3.4
      vertex 50.7448 42.1377 3.79999
      vertex 50.6041 42.0759 3.79999
    endloop
  endfacet
  facet normal 0.40215 -0.915574 0
    outer loop
      vertex 50.7448 42.1377 3.79999
      vertex 50.6041 42.0759 3.4
      vertex 50.7448 42.1377 3.4
    endloop
  endfacet
  facet normal 0.28293 -0.95914 0
    outer loop
      vertex 50.4546 42.0318 3.4
      vertex 50.6041 42.0759 3.79999
      vertex 50.4546 42.0318 3.79999
    endloop
  endfacet
  facet normal 0.28293 -0.95914 0
    outer loop
      vertex 50.6041 42.0759 3.79999
      vertex 50.4546 42.0318 3.4
      vertex 50.6041 42.0759 3.4
    endloop
  endfacet
  facet normal 0.165106 -0.986276 0
    outer loop
      vertex 50.2963 42.0053 3.4
      vertex 50.4546 42.0318 3.79999
      vertex 50.2963 42.0053 3.79999
    endloop
  endfacet
  facet normal 0.165106 -0.986276 0
    outer loop
      vertex 50.4546 42.0318 3.79999
      vertex 50.2963 42.0053 3.4
      vertex 50.4546 42.0318 3.4
    endloop
  endfacet
  facet normal 0.0526216 -0.998615 0
    outer loop
      vertex 50.1293 41.9965 3.4
      vertex 50.2963 42.0053 3.79999
      vertex 50.1293 41.9965 3.79999
    endloop
  endfacet
  facet normal 0.0526216 -0.998615 0
    outer loop
      vertex 50.2963 42.0053 3.79999
      vertex 50.1293 41.9965 3.4
      vertex 50.2963 42.0053 3.4
    endloop
  endfacet
  facet normal -0.0531544 -0.998586 0
    outer loop
      vertex 49.9621 42.0054 3.4
      vertex 50.1293 41.9965 3.79999
      vertex 49.9621 42.0054 3.79999
    endloop
  endfacet
  facet normal -0.0531544 -0.998586 -0
    outer loop
      vertex 50.1293 41.9965 3.79999
      vertex 49.9621 42.0054 3.4
      vertex 50.1293 41.9965 3.4
    endloop
  endfacet
  facet normal -0.143989 0.989579 0
    outer loop
      vertex 65.4183 41.1942 3.4
      vertex 65.1324 41.1526 3.79999
      vertex 65.4183 41.1942 3.79999
    endloop
  endfacet
  facet normal -0.143989 0.989579 0
    outer loop
      vertex 65.1324 41.1526 3.79999
      vertex 65.4183 41.1942 3.4
      vertex 65.1324 41.1526 3.4
    endloop
  endfacet
  facet normal -0.250774 0.968046 0
    outer loop
      vertex 65.6862 41.2636 3.4
      vertex 65.4183 41.1942 3.79999
      vertex 65.6862 41.2636 3.79999
    endloop
  endfacet
  facet normal -0.250774 0.968046 0
    outer loop
      vertex 65.4183 41.1942 3.79999
      vertex 65.6862 41.2636 3.4
      vertex 65.4183 41.1942 3.4
    endloop
  endfacet
  facet normal -0.36205 0.932159 0
    outer loop
      vertex 65.9362 41.3607 3.4
      vertex 65.6862 41.2636 3.79999
      vertex 65.9362 41.3607 3.79999
    endloop
  endfacet
  facet normal -0.36205 0.932159 0
    outer loop
      vertex 65.6862 41.2636 3.79999
      vertex 65.9362 41.3607 3.4
      vertex 65.6862 41.2636 3.4
    endloop
  endfacet
  facet normal -0.473896 0.880581 0
    outer loop
      vertex 66.1681 41.4855 3.4
      vertex 65.9362 41.3607 3.79999
      vertex 66.1681 41.4855 3.79999
    endloop
  endfacet
  facet normal -0.473896 0.880581 0
    outer loop
      vertex 65.9362 41.3607 3.79999
      vertex 66.1681 41.4855 3.4
      vertex 65.9362 41.3607 3.4
    endloop
  endfacet
  facet normal -0.58059 0.814196 0
    outer loop
      vertex 66.3821 41.6381 3.4
      vertex 66.1681 41.4855 3.79999
      vertex 66.3821 41.6381 3.79999
    endloop
  endfacet
  facet normal -0.58059 0.814196 0
    outer loop
      vertex 66.1681 41.4855 3.79999
      vertex 66.3821 41.6381 3.4
      vertex 66.1681 41.4855 3.4
    endloop
  endfacet
  facet normal -0.677406 0.735609 0
    outer loop
      vertex 66.578 41.8185 3.4
      vertex 66.3821 41.6381 3.79999
      vertex 66.578 41.8185 3.79999
    endloop
  endfacet
  facet normal -0.677406 0.735609 0
    outer loop
      vertex 66.3821 41.6381 3.79999
      vertex 66.578 41.8185 3.4
      vertex 66.3821 41.6381 3.4
    endloop
  endfacet
  facet normal -0.762793 0.646643 0
    outer loop
      vertex 66.578 41.8185 3.4
      vertex 66.7517 42.0234 3.79999
      vertex 66.7517 42.0234 3.4
    endloop
  endfacet
  facet normal -0.762793 0.646643 0
    outer loop
      vertex 66.7517 42.0234 3.79999
      vertex 66.578 41.8185 3.4
      vertex 66.578 41.8185 3.79999
    endloop
  endfacet
  facet normal -0.838774 0.54448 0
    outer loop
      vertex 66.7517 42.0234 3.4
      vertex 66.8986 42.2497 3.79999
      vertex 66.8986 42.2497 3.4
    endloop
  endfacet
  facet normal -0.838774 0.54448 0
    outer loop
      vertex 66.8986 42.2497 3.79999
      vertex 66.7517 42.0234 3.4
      vertex 66.7517 42.0234 3.79999
    endloop
  endfacet
  facet normal -0.899667 0.436576 0
    outer loop
      vertex 66.8986 42.2497 3.4
      vertex 67.0188 42.4974 3.79999
      vertex 67.0188 42.4974 3.4
    endloop
  endfacet
  facet normal -0.899667 0.436576 0
    outer loop
      vertex 67.0188 42.4974 3.79999
      vertex 66.8986 42.2497 3.4
      vertex 66.8986 42.2497 3.79999
    endloop
  endfacet
  facet normal -0.944606 0.328207 0
    outer loop
      vertex 67.0188 42.4974 3.4
      vertex 67.1123 42.7665 3.79999
      vertex 67.1123 42.7665 3.4
    endloop
  endfacet
  facet normal -0.944606 0.328207 0
    outer loop
      vertex 67.1123 42.7665 3.79999
      vertex 67.0188 42.4974 3.4
      vertex 67.0188 42.4974 3.79999
    endloop
  endfacet
  facet normal -0.974623 0.223854 0
    outer loop
      vertex 67.1123 42.7665 3.4
      vertex 67.179 43.0569 3.79999
      vertex 67.179 43.0569 3.4
    endloop
  endfacet
  facet normal -0.974623 0.223854 0
    outer loop
      vertex 67.179 43.0569 3.79999
      vertex 67.1123 42.7665 3.4
      vertex 67.1123 42.7665 3.79999
    endloop
  endfacet
  facet normal -0.991836 0.127517 0
    outer loop
      vertex 67.179 43.0569 3.4
      vertex 67.2191 43.3688 3.79999
      vertex 67.2191 43.3688 3.4
    endloop
  endfacet
  facet normal -0.991836 0.127517 0
    outer loop
      vertex 67.2191 43.3688 3.79999
      vertex 67.179 43.0569 3.4
      vertex 67.179 43.0569 3.79999
    endloop
  endfacet
  facet normal -0.999204 0.0398842 0
    outer loop
      vertex 67.2191 43.3688 3.4
      vertex 67.2324 43.702 3.79999
      vertex 67.2324 43.702 3.4
    endloop
  endfacet
  facet normal -0.999204 0.0398842 0
    outer loop
      vertex 67.2324 43.702 3.79999
      vertex 67.2191 43.3688 3.4
      vertex 67.2191 43.3688 3.79999
    endloop
  endfacet
  facet normal -0.999205 -0.0398611 0
    outer loop
      vertex 67.2324 43.702 3.4
      vertex 67.219 44.0379 3.79999
      vertex 67.219 44.0379 3.4
    endloop
  endfacet
  facet normal -0.999205 -0.0398611 0
    outer loop
      vertex 67.219 44.0379 3.79999
      vertex 67.2324 43.702 3.4
      vertex 67.2324 43.702 3.79999
    endloop
  endfacet
  facet normal -0.991835 -0.127531 0
    outer loop
      vertex 67.219 44.0379 3.4
      vertex 67.1786 44.3521 3.79999
      vertex 67.1786 44.3521 3.4
    endloop
  endfacet
  facet normal -0.991835 -0.127531 0
    outer loop
      vertex 67.1786 44.3521 3.79999
      vertex 67.219 44.0379 3.4
      vertex 67.219 44.0379 3.79999
    endloop
  endfacet
  facet normal -0.974537 -0.224227 0
    outer loop
      vertex 67.1786 44.3521 3.4
      vertex 67.1113 44.6446 3.79999
      vertex 67.1113 44.6446 3.4
    endloop
  endfacet
  facet normal -0.974537 -0.224227 0
    outer loop
      vertex 67.1113 44.6446 3.79999
      vertex 67.1786 44.3521 3.4
      vertex 67.1786 44.3521 3.79999
    endloop
  endfacet
  facet normal -0.944487 -0.328548 0
    outer loop
      vertex 67.1113 44.6446 3.4
      vertex 67.0171 44.9154 3.79999
      vertex 67.0171 44.9154 3.4
    endloop
  endfacet
  facet normal -0.944487 -0.328548 0
    outer loop
      vertex 67.0171 44.9154 3.79999
      vertex 67.1113 44.6446 3.4
      vertex 67.1113 44.6446 3.79999
    endloop
  endfacet
  facet normal -0.899285 -0.437363 0
    outer loop
      vertex 67.0171 44.9154 3.4
      vertex 66.896 45.1644 3.79999
      vertex 66.896 45.1644 3.4
    endloop
  endfacet
  facet normal -0.899285 -0.437363 0
    outer loop
      vertex 66.896 45.1644 3.79999
      vertex 67.0171 44.9154 3.4
      vertex 67.0171 44.9154 3.79999
    endloop
  endfacet
  facet normal -0.837845 -0.545908 0
    outer loop
      vertex 66.896 45.1644 3.4
      vertex 66.7479 45.3917 3.79999
      vertex 66.7479 45.3917 3.4
    endloop
  endfacet
  facet normal -0.837845 -0.545908 0
    outer loop
      vertex 66.7479 45.3917 3.79999
      vertex 66.896 45.1644 3.4
      vertex 66.896 45.1644 3.79999
    endloop
  endfacet
  facet normal -0.7615 -0.648164 0
    outer loop
      vertex 66.7479 45.3917 3.4
      vertex 66.5729 45.5973 3.79999
      vertex 66.5729 45.5973 3.4
    endloop
  endfacet
  facet normal -0.7615 -0.648164 0
    outer loop
      vertex 66.5729 45.5973 3.79999
      vertex 66.7479 45.3917 3.4
      vertex 66.7479 45.3917 3.79999
    endloop
  endfacet
  facet normal -0.675606 -0.737263 0
    outer loop
      vertex 66.3756 45.7781 3.4
      vertex 66.5729 45.5973 3.79999
      vertex 66.3756 45.7781 3.79999
    endloop
  endfacet
  facet normal -0.675606 -0.737263 -0
    outer loop
      vertex 66.5729 45.5973 3.79999
      vertex 66.3756 45.7781 3.4
      vertex 66.5729 45.5973 3.4
    endloop
  endfacet
  facet normal -0.579267 -0.815138 0
    outer loop
      vertex 66.1603 45.9311 3.4
      vertex 66.3756 45.7781 3.79999
      vertex 66.1603 45.9311 3.79999
    endloop
  endfacet
  facet normal -0.579267 -0.815138 -0
    outer loop
      vertex 66.3756 45.7781 3.79999
      vertex 66.1603 45.9311 3.4
      vertex 66.3756 45.7781 3.4
    endloop
  endfacet
  facet normal -0.472861 -0.881137 0
    outer loop
      vertex 65.927 46.0563 3.4
      vertex 66.1603 45.9311 3.79999
      vertex 65.927 46.0563 3.79999
    endloop
  endfacet
  facet normal -0.472861 -0.881137 -0
    outer loop
      vertex 66.1603 45.9311 3.79999
      vertex 65.927 46.0563 3.4
      vertex 66.1603 45.9311 3.4
    endloop
  endfacet
  facet normal -0.36164 -0.932318 0
    outer loop
      vertex 65.6759 46.1537 3.4
      vertex 65.927 46.0563 3.79999
      vertex 65.6759 46.1537 3.79999
    endloop
  endfacet
  facet normal -0.36164 -0.932318 -0
    outer loop
      vertex 65.927 46.0563 3.79999
      vertex 65.6759 46.1537 3.4
      vertex 65.927 46.0563 3.4
    endloop
  endfacet
  facet normal -0.250063 -0.96823 0
    outer loop
      vertex 65.4068 46.2232 3.4
      vertex 65.6759 46.1537 3.79999
      vertex 65.4068 46.2232 3.79999
    endloop
  endfacet
  facet normal -0.250063 -0.96823 -0
    outer loop
      vertex 65.6759 46.1537 3.79999
      vertex 65.4068 46.2232 3.4
      vertex 65.6759 46.1537 3.4
    endloop
  endfacet
  facet normal -0.143786 -0.989609 0
    outer loop
      vertex 65.1198 46.2649 3.4
      vertex 65.4068 46.2232 3.79999
      vertex 65.1198 46.2649 3.79999
    endloop
  endfacet
  facet normal -0.143786 -0.989609 -0
    outer loop
      vertex 65.4068 46.2232 3.79999
      vertex 65.1198 46.2649 3.4
      vertex 65.4068 46.2232 3.4
    endloop
  endfacet
  facet normal -0.0455414 -0.998962 0
    outer loop
      vertex 64.8149 46.2788 3.4
      vertex 65.1198 46.2649 3.79999
      vertex 64.8149 46.2788 3.79999
    endloop
  endfacet
  facet normal -0.0455414 -0.998962 -0
    outer loop
      vertex 65.1198 46.2649 3.79999
      vertex 64.8149 46.2788 3.4
      vertex 65.1198 46.2649 3.4
    endloop
  endfacet
  facet normal 0.023454 -0.999725 0
    outer loop
      vertex 64.6444 46.2748 3.4
      vertex 64.8149 46.2788 3.79999
      vertex 64.6444 46.2748 3.79999
    endloop
  endfacet
  facet normal 0.023454 -0.999725 0
    outer loop
      vertex 64.8149 46.2788 3.79999
      vertex 64.6444 46.2748 3.4
      vertex 64.8149 46.2788 3.4
    endloop
  endfacet
  facet normal 0.0726671 -0.997356 0
    outer loop
      vertex 64.4797 46.2628 3.4
      vertex 64.6444 46.2748 3.79999
      vertex 64.4797 46.2628 3.79999
    endloop
  endfacet
  facet normal 0.0726671 -0.997356 0
    outer loop
      vertex 64.6444 46.2748 3.79999
      vertex 64.4797 46.2628 3.4
      vertex 64.6444 46.2748 3.4
    endloop
  endfacet
  facet normal 0.125572 -0.992084 0
    outer loop
      vertex 64.3209 46.2427 3.4
      vertex 64.4797 46.2628 3.79999
      vertex 64.3209 46.2427 3.79999
    endloop
  endfacet
  facet normal 0.125572 -0.992084 0
    outer loop
      vertex 64.4797 46.2628 3.79999
      vertex 64.3209 46.2427 3.4
      vertex 64.4797 46.2628 3.4
    endloop
  endfacet
  facet normal 0.180525 -0.98357 0
    outer loop
      vertex 64.1678 46.2146 3.4
      vertex 64.3209 46.2427 3.79999
      vertex 64.1678 46.2146 3.79999
    endloop
  endfacet
  facet normal 0.180525 -0.98357 0
    outer loop
      vertex 64.3209 46.2427 3.79999
      vertex 64.1678 46.2146 3.4
      vertex 64.3209 46.2427 3.4
    endloop
  endfacet
  facet normal 0.238034 -0.971257 0
    outer loop
      vertex 64.0205 46.1785 3.4
      vertex 64.1678 46.2146 3.79999
      vertex 64.0205 46.1785 3.79999
    endloop
  endfacet
  facet normal 0.238034 -0.971257 0
    outer loop
      vertex 64.1678 46.2146 3.79999
      vertex 64.0205 46.1785 3.4
      vertex 64.1678 46.2146 3.4
    endloop
  endfacet
  facet normal 0.297737 -0.954648 0
    outer loop
      vertex 63.8791 46.1344 3.4
      vertex 64.0205 46.1785 3.79999
      vertex 63.8791 46.1344 3.79999
    endloop
  endfacet
  facet normal 0.297737 -0.954648 0
    outer loop
      vertex 64.0205 46.1785 3.79999
      vertex 63.8791 46.1344 3.4
      vertex 64.0205 46.1785 3.4
    endloop
  endfacet
  facet normal 0.359256 -0.933239 0
    outer loop
      vertex 63.7435 46.0822 3.4
      vertex 63.8791 46.1344 3.79999
      vertex 63.7435 46.0822 3.79999
    endloop
  endfacet
  facet normal 0.359256 -0.933239 0
    outer loop
      vertex 63.8791 46.1344 3.79999
      vertex 63.7435 46.0822 3.4
      vertex 63.8791 46.1344 3.4
    endloop
  endfacet
  facet normal 0.414081 -0.91024 0
    outer loop
      vertex 63.6448 46.0373 3.4
      vertex 63.7435 46.0822 3.79999
      vertex 63.6448 46.0373 3.79999
    endloop
  endfacet
  facet normal 0.414081 -0.91024 0
    outer loop
      vertex 63.7435 46.0822 3.79999
      vertex 63.6448 46.0373 3.4
      vertex 63.7435 46.0822 3.4
    endloop
  endfacet
  facet normal 0.469446 -0.882961 0
    outer loop
      vertex 63.5485 45.9861 3.4
      vertex 63.6448 46.0373 3.79999
      vertex 63.5485 45.9861 3.79999
    endloop
  endfacet
  facet normal 0.469446 -0.882961 0
    outer loop
      vertex 63.6448 46.0373 3.79999
      vertex 63.5485 45.9861 3.4
      vertex 63.6448 46.0373 3.4
    endloop
  endfacet
  facet normal 0.521413 -0.853304 0
    outer loop
      vertex 63.4544 45.9286 3.4
      vertex 63.5485 45.9861 3.79999
      vertex 63.4544 45.9286 3.79999
    endloop
  endfacet
  facet normal 0.521413 -0.853304 0
    outer loop
      vertex 63.5485 45.9861 3.79999
      vertex 63.4544 45.9286 3.4
      vertex 63.5485 45.9861 3.4
    endloop
  endfacet
  facet normal 0.571902 -0.820322 0
    outer loop
      vertex 63.3626 45.8646 3.4
      vertex 63.4544 45.9286 3.79999
      vertex 63.3626 45.8646 3.79999
    endloop
  endfacet
  facet normal 0.571902 -0.820322 0
    outer loop
      vertex 63.4544 45.9286 3.79999
      vertex 63.3626 45.8646 3.4
      vertex 63.4544 45.9286 3.4
    endloop
  endfacet
  facet normal 0.617705 -0.78641 0
    outer loop
      vertex 63.2731 45.7943 3.4
      vertex 63.3626 45.8646 3.79999
      vertex 63.2731 45.7943 3.79999
    endloop
  endfacet
  facet normal 0.617705 -0.78641 0
    outer loop
      vertex 63.3626 45.8646 3.79999
      vertex 63.2731 45.7943 3.4
      vertex 63.3626 45.8646 3.4
    endloop
  endfacet
  facet normal 0.659967 -0.751294 0
    outer loop
      vertex 63.1859 45.7177 3.4
      vertex 63.2731 45.7943 3.79999
      vertex 63.1859 45.7177 3.79999
    endloop
  endfacet
  facet normal 0.659967 -0.751294 0
    outer loop
      vertex 63.2731 45.7943 3.79999
      vertex 63.1859 45.7177 3.4
      vertex 63.2731 45.7943 3.4
    endloop
  endfacet
  facet normal 0.69907 -0.715053 0
    outer loop
      vertex 63.1009 45.6346 3.4
      vertex 63.1859 45.7177 3.79999
      vertex 63.1009 45.6346 3.79999
    endloop
  endfacet
  facet normal 0.69907 -0.715053 0
    outer loop
      vertex 63.1859 45.7177 3.79999
      vertex 63.1009 45.6346 3.4
      vertex 63.1859 45.7177 3.4
    endloop
  endfacet
  facet normal 0.734162 -0.678974 0
    outer loop
      vertex 63.0197 45.5468 3.79999
      vertex 63.1009 45.6346 3.4
      vertex 63.1009 45.6346 3.79999
    endloop
  endfacet
  facet normal 0.734162 -0.678974 0
    outer loop
      vertex 63.1009 45.6346 3.4
      vertex 63.0197 45.5468 3.79999
      vertex 63.0197 45.5468 3.4
    endloop
  endfacet
  facet normal 0.7667 -0.642006 0
    outer loop
      vertex 62.9435 45.4558 3.79999
      vertex 63.0197 45.5468 3.4
      vertex 63.0197 45.5468 3.79999
    endloop
  endfacet
  facet normal 0.7667 -0.642006 0
    outer loop
      vertex 63.0197 45.5468 3.4
      vertex 62.9435 45.4558 3.79999
      vertex 62.9435 45.4558 3.4
    endloop
  endfacet
  facet normal 0.79745 -0.603384 0
    outer loop
      vertex 62.8723 45.3617 3.79999
      vertex 62.9435 45.4558 3.4
      vertex 62.9435 45.4558 3.79999
    endloop
  endfacet
  facet normal 0.79745 -0.603384 0
    outer loop
      vertex 62.9435 45.4558 3.4
      vertex 62.8723 45.3617 3.79999
      vertex 62.8723 45.3617 3.4
    endloop
  endfacet
  facet normal 0.827448 -0.561543 0
    outer loop
      vertex 62.8062 45.2643 3.79999
      vertex 62.8723 45.3617 3.4
      vertex 62.8723 45.3617 3.79999
    endloop
  endfacet
  facet normal 0.827448 -0.561543 0
    outer loop
      vertex 62.8723 45.3617 3.4
      vertex 62.8062 45.2643 3.79999
      vertex 62.8062 45.2643 3.4
    endloop
  endfacet
  facet normal 0.854478 -0.519488 0
    outer loop
      vertex 62.7451 45.1638 3.79999
      vertex 62.8062 45.2643 3.4
      vertex 62.8062 45.2643 3.79999
    endloop
  endfacet
  facet normal 0.854478 -0.519488 0
    outer loop
      vertex 62.8062 45.2643 3.4
      vertex 62.7451 45.1638 3.79999
      vertex 62.7451 45.1638 3.4
    endloop
  endfacet
  facet normal 0.88009 -0.474808 0
    outer loop
      vertex 62.6891 45.06 3.79999
      vertex 62.7451 45.1638 3.4
      vertex 62.7451 45.1638 3.79999
    endloop
  endfacet
  facet normal 0.88009 -0.474808 0
    outer loop
      vertex 62.7451 45.1638 3.4
      vertex 62.6891 45.06 3.79999
      vertex 62.6891 45.06 3.4
    endloop
  endfacet
  facet normal 0.902548 -0.430589 0
    outer loop
      vertex 62.6381 44.9531 3.79999
      vertex 62.6891 45.06 3.4
      vertex 62.6891 45.06 3.79999
    endloop
  endfacet
  facet normal 0.902548 -0.430589 0
    outer loop
      vertex 62.6891 45.06 3.4
      vertex 62.6381 44.9531 3.79999
      vertex 62.6381 44.9531 3.4
    endloop
  endfacet
  facet normal 0.929902 -0.367806 0
    outer loop
      vertex 62.5779 44.8009 3.79999
      vertex 62.6381 44.9531 3.4
      vertex 62.6381 44.9531 3.79999
    endloop
  endfacet
  facet normal 0.929902 -0.367806 0
    outer loop
      vertex 62.6381 44.9531 3.4
      vertex 62.5779 44.8009 3.79999
      vertex 62.5779 44.8009 3.4
    endloop
  endfacet
  facet normal 0.953955 -0.299949 0
    outer loop
      vertex 62.5269 44.6387 3.79999
      vertex 62.5779 44.8009 3.4
      vertex 62.5779 44.8009 3.79999
    endloop
  endfacet
  facet normal 0.953955 -0.299949 0
    outer loop
      vertex 62.5779 44.8009 3.4
      vertex 62.5269 44.6387 3.79999
      vertex 62.5269 44.6387 3.4
    endloop
  endfacet
  facet normal 0.97178 -0.235891 0
    outer loop
      vertex 62.4851 44.4665 3.79999
      vertex 62.5269 44.6387 3.4
      vertex 62.5269 44.6387 3.79999
    endloop
  endfacet
  facet normal 0.97178 -0.235891 0
    outer loop
      vertex 62.5269 44.6387 3.4
      vertex 62.4851 44.4665 3.79999
      vertex 62.4851 44.4665 3.4
    endloop
  endfacet
  facet normal 0.984538 -0.175173 0
    outer loop
      vertex 62.4527 44.2844 3.79999
      vertex 62.4851 44.4665 3.4
      vertex 62.4851 44.4665 3.79999
    endloop
  endfacet
  facet normal 0.984538 -0.175173 0
    outer loop
      vertex 62.4851 44.4665 3.4
      vertex 62.4527 44.2844 3.79999
      vertex 62.4527 44.2844 3.4
    endloop
  endfacet
  facet normal 0.992786 -0.119899 0
    outer loop
      vertex 62.4295 44.0923 3.79999
      vertex 62.4527 44.2844 3.4
      vertex 62.4527 44.2844 3.79999
    endloop
  endfacet
  facet normal 0.992786 -0.119899 0
    outer loop
      vertex 62.4527 44.2844 3.4
      vertex 62.4295 44.0923 3.79999
      vertex 62.4295 44.0923 3.4
    endloop
  endfacet
  facet normal 0.997643 -0.0686157 0
    outer loop
      vertex 62.4156 43.8902 3.79999
      vertex 62.4295 44.0923 3.4
      vertex 62.4295 44.0923 3.79999
    endloop
  endfacet
  facet normal 0.997643 -0.0686157 0
    outer loop
      vertex 62.4295 44.0923 3.4
      vertex 62.4156 43.8902 3.79999
      vertex 62.4156 43.8902 3.4
    endloop
  endfacet
  facet normal 0.999754 -0.0221644 0
    outer loop
      vertex 62.4109 43.6782 3.79999
      vertex 62.4156 43.8902 3.4
      vertex 62.4156 43.8902 3.79999
    endloop
  endfacet
  facet normal 0.999754 -0.0221644 0
    outer loop
      vertex 62.4156 43.8902 3.4
      vertex 62.4109 43.6782 3.79999
      vertex 62.4109 43.6782 3.4
    endloop
  endfacet
  facet normal 0.99917 0.0407452 0
    outer loop
      vertex 62.4243 43.3496 3.79999
      vertex 62.4109 43.6782 3.4
      vertex 62.4109 43.6782 3.79999
    endloop
  endfacet
  facet normal 0.99917 0.0407452 0
    outer loop
      vertex 62.4109 43.6782 3.4
      vertex 62.4243 43.3496 3.79999
      vertex 62.4243 43.3496 3.4
    endloop
  endfacet
  facet normal 0.99162 0.129188 0
    outer loop
      vertex 62.4644 43.0418 3.79999
      vertex 62.4243 43.3496 3.4
      vertex 62.4243 43.3496 3.79999
    endloop
  endfacet
  facet normal 0.99162 0.129188 0
    outer loop
      vertex 62.4243 43.3496 3.4
      vertex 62.4644 43.0418 3.79999
      vertex 62.4644 43.0418 3.4
    endloop
  endfacet
  facet normal 0.974041 0.226371 0
    outer loop
      vertex 62.5311 42.7548 3.79999
      vertex 62.4644 43.0418 3.4
      vertex 62.4644 43.0418 3.79999
    endloop
  endfacet
  facet normal 0.974041 0.226371 0
    outer loop
      vertex 62.4644 43.0418 3.4
      vertex 62.5311 42.7548 3.79999
      vertex 62.5311 42.7548 3.4
    endloop
  endfacet
  facet normal 0.943493 0.331392 0
    outer loop
      vertex 62.6246 42.4886 3.79999
      vertex 62.5311 42.7548 3.4
      vertex 62.5311 42.7548 3.79999
    endloop
  endfacet
  facet normal 0.943493 0.331392 0
    outer loop
      vertex 62.5311 42.7548 3.4
      vertex 62.6246 42.4886 3.79999
      vertex 62.6246 42.4886 3.4
    endloop
  endfacet
  facet normal 0.897986 0.440024 0
    outer loop
      vertex 62.7448 42.2433 3.79999
      vertex 62.6246 42.4886 3.4
      vertex 62.6246 42.4886 3.79999
    endloop
  endfacet
  facet normal 0.897986 0.440024 0
    outer loop
      vertex 62.6246 42.4886 3.4
      vertex 62.7448 42.2433 3.79999
      vertex 62.7448 42.2433 3.4
    endloop
  endfacet
  facet normal 0.836779 0.547541 0
    outer loop
      vertex 62.8917 42.0188 3.79999
      vertex 62.7448 42.2433 3.4
      vertex 62.7448 42.2433 3.79999
    endloop
  endfacet
  facet normal 0.836779 0.547541 0
    outer loop
      vertex 62.7448 42.2433 3.4
      vertex 62.8917 42.0188 3.79999
      vertex 62.8917 42.0188 3.4
    endloop
  endfacet
  facet normal 0.7611 0.648635 0
    outer loop
      vertex 63.0653 41.8151 3.79999
      vertex 62.8917 42.0188 3.4
      vertex 62.8917 42.0188 3.79999
    endloop
  endfacet
  facet normal 0.7611 0.648635 0
    outer loop
      vertex 62.8917 42.0188 3.4
      vertex 63.0653 41.8151 3.79999
      vertex 63.0653 41.8151 3.4
    endloop
  endfacet
  facet normal 0.674822 0.737981 -0
    outer loop
      vertex 63.2616 41.6356 3.4
      vertex 63.0653 41.8151 3.79999
      vertex 63.2616 41.6356 3.79999
    endloop
  endfacet
  facet normal 0.674822 0.737981 0
    outer loop
      vertex 63.0653 41.8151 3.79999
      vertex 63.2616 41.6356 3.4
      vertex 63.0653 41.8151 3.4
    endloop
  endfacet
  facet normal 0.577131 0.816652 -0
    outer loop
      vertex 63.4764 41.4838 3.4
      vertex 63.2616 41.6356 3.79999
      vertex 63.4764 41.4838 3.79999
    endloop
  endfacet
  facet normal 0.577131 0.816652 0
    outer loop
      vertex 63.2616 41.6356 3.79999
      vertex 63.4764 41.4838 3.4
      vertex 63.2616 41.6356 3.4
    endloop
  endfacet
  facet normal 0.46992 0.882709 -0
    outer loop
      vertex 63.7097 41.3596 3.4
      vertex 63.4764 41.4838 3.79999
      vertex 63.7097 41.3596 3.79999
    endloop
  endfacet
  facet normal 0.46992 0.882709 0
    outer loop
      vertex 63.4764 41.4838 3.79999
      vertex 63.7097 41.3596 3.4
      vertex 63.4764 41.4838 3.4
    endloop
  endfacet
  facet normal 0.358383 0.933575 -0
    outer loop
      vertex 63.9616 41.2629 3.4
      vertex 63.7097 41.3596 3.79999
      vertex 63.9616 41.2629 3.79999
    endloop
  endfacet
  facet normal 0.358383 0.933575 0
    outer loop
      vertex 63.7097 41.3596 3.79999
      vertex 63.9616 41.2629 3.4
      vertex 63.7097 41.3596 3.4
    endloop
  endfacet
  facet normal 0.247254 0.968951 -0
    outer loop
      vertex 64.232 41.1939 3.4
      vertex 63.9616 41.2629 3.79999
      vertex 64.232 41.1939 3.79999
    endloop
  endfacet
  facet normal 0.247254 0.968951 0
    outer loop
      vertex 63.9616 41.2629 3.79999
      vertex 64.232 41.1939 3.4
      vertex 63.9616 41.2629 3.4
    endloop
  endfacet
  facet normal 0.141805 0.989895 -0
    outer loop
      vertex 64.521 41.1525 3.4
      vertex 64.232 41.1939 3.79999
      vertex 64.521 41.1525 3.79999
    endloop
  endfacet
  facet normal 0.141805 0.989895 0
    outer loop
      vertex 64.232 41.1939 3.79999
      vertex 64.521 41.1525 3.4
      vertex 64.232 41.1939 3.4
    endloop
  endfacet
  facet normal 0.0448329 0.998994 -0
    outer loop
      vertex 64.8285 41.1387 3.4
      vertex 64.521 41.1525 3.79999
      vertex 64.8285 41.1387 3.79999
    endloop
  endfacet
  facet normal 0.0448329 0.998994 0
    outer loop
      vertex 64.521 41.1525 3.79999
      vertex 64.8285 41.1387 3.4
      vertex 64.521 41.1525 3.4
    endloop
  endfacet
  facet normal -0.045691 0.998956 0
    outer loop
      vertex 65.1324 41.1526 3.4
      vertex 64.8285 41.1387 3.79999
      vertex 65.1324 41.1526 3.79999
    endloop
  endfacet
  facet normal -0.045691 0.998956 0
    outer loop
      vertex 64.8285 41.1387 3.79999
      vertex 65.1324 41.1526 3.4
      vertex 64.8285 41.1387 3.4
    endloop
  endfacet
  facet normal -0.166012 -0.986124 0
    outer loop
      vertex 64.4993 42.0321 3.4
      vertex 64.6579 42.0054 3.79999
      vertex 64.4993 42.0321 3.79999
    endloop
  endfacet
  facet normal -0.166012 -0.986124 -0
    outer loop
      vertex 64.6579 42.0054 3.79999
      vertex 64.4993 42.0321 3.4
      vertex 64.6579 42.0054 3.4
    endloop
  endfacet
  facet normal -0.283827 -0.958875 0
    outer loop
      vertex 64.3493 42.0765 3.4
      vertex 64.4993 42.0321 3.79999
      vertex 64.3493 42.0765 3.79999
    endloop
  endfacet
  facet normal -0.283827 -0.958875 -0
    outer loop
      vertex 64.4993 42.0321 3.79999
      vertex 64.3493 42.0765 3.4
      vertex 64.4993 42.0321 3.4
    endloop
  endfacet
  facet normal -0.402955 -0.91522 0
    outer loop
      vertex 64.2078 42.1388 3.4
      vertex 64.3493 42.0765 3.79999
      vertex 64.2078 42.1388 3.79999
    endloop
  endfacet
  facet normal -0.402955 -0.91522 -0
    outer loop
      vertex 64.3493 42.0765 3.79999
      vertex 64.2078 42.1388 3.4
      vertex 64.3493 42.0765 3.4
    endloop
  endfacet
  facet normal -0.516013 -0.856581 0
    outer loop
      vertex 64.075 42.2188 3.4
      vertex 64.2078 42.1388 3.79999
      vertex 64.075 42.2188 3.79999
    endloop
  endfacet
  facet normal -0.516013 -0.856581 -0
    outer loop
      vertex 64.2078 42.1388 3.79999
      vertex 64.075 42.2188 3.4
      vertex 64.2078 42.1388 3.4
    endloop
  endfacet
  facet normal -0.618352 -0.785901 0
    outer loop
      vertex 63.9507 42.3166 3.4
      vertex 64.075 42.2188 3.79999
      vertex 63.9507 42.3166 3.79999
    endloop
  endfacet
  facet normal -0.618352 -0.785901 -0
    outer loop
      vertex 64.075 42.2188 3.79999
      vertex 63.9507 42.3166 3.4
      vertex 64.075 42.2188 3.4
    endloop
  endfacet
  facet normal -0.706801 -0.707412 0
    outer loop
      vertex 63.835 42.4322 3.4
      vertex 63.9507 42.3166 3.79999
      vertex 63.835 42.4322 3.79999
    endloop
  endfacet
  facet normal -0.706801 -0.707412 -0
    outer loop
      vertex 63.9507 42.3166 3.79999
      vertex 63.835 42.4322 3.4
      vertex 63.9507 42.3166 3.4
    endloop
  endfacet
  facet normal -0.788744 -0.614722 0
    outer loop
      vertex 63.835 42.4322 3.4
      vertex 63.7315 42.565 3.79999
      vertex 63.7315 42.565 3.4
    endloop
  endfacet
  facet normal -0.788744 -0.614722 0
    outer loop
      vertex 63.7315 42.565 3.79999
      vertex 63.835 42.4322 3.4
      vertex 63.835 42.4322 3.79999
    endloop
  endfacet
  facet normal -0.863045 -0.505127 0
    outer loop
      vertex 63.7315 42.565 3.4
      vertex 63.644 42.7145 3.79999
      vertex 63.644 42.7145 3.4
    endloop
  endfacet
  facet normal -0.863045 -0.505127 0
    outer loop
      vertex 63.644 42.7145 3.79999
      vertex 63.7315 42.565 3.4
      vertex 63.7315 42.565 3.79999
    endloop
  endfacet
  facet normal -0.9184 -0.395653 0
    outer loop
      vertex 63.644 42.7145 3.4
      vertex 63.5724 42.8807 3.79999
      vertex 63.5724 42.8807 3.4
    endloop
  endfacet
  facet normal -0.9184 -0.395653 0
    outer loop
      vertex 63.5724 42.8807 3.79999
      vertex 63.644 42.7145 3.4
      vertex 63.644 42.7145 3.79999
    endloop
  endfacet
  facet normal -0.956579 -0.291474 0
    outer loop
      vertex 63.5724 42.8807 3.4
      vertex 63.5167 43.0635 3.79999
      vertex 63.5167 43.0635 3.4
    endloop
  endfacet
  facet normal -0.956579 -0.291474 0
    outer loop
      vertex 63.5167 43.0635 3.79999
      vertex 63.5724 42.8807 3.4
      vertex 63.5724 42.8807 3.79999
    endloop
  endfacet
  facet normal -0.980694 -0.195549 0
    outer loop
      vertex 63.5167 43.0635 3.4
      vertex 63.4769 43.2631 3.79999
      vertex 63.4769 43.2631 3.4
    endloop
  endfacet
  facet normal -0.980694 -0.195549 0
    outer loop
      vertex 63.4769 43.2631 3.79999
      vertex 63.5167 43.0635 3.4
      vertex 63.5167 43.0635 3.79999
    endloop
  endfacet
  facet normal -0.993995 -0.109422 0
    outer loop
      vertex 63.4769 43.2631 3.4
      vertex 63.4531 43.4793 3.79999
      vertex 63.4531 43.4793 3.4
    endloop
  endfacet
  facet normal -0.993995 -0.109422 0
    outer loop
      vertex 63.4531 43.4793 3.79999
      vertex 63.4769 43.2631 3.4
      vertex 63.4769 43.2631 3.79999
    endloop
  endfacet
  facet normal -0.99941 -0.034344 0
    outer loop
      vertex 63.4531 43.4793 3.4
      vertex 63.4451 43.7121 3.79999
      vertex 63.4451 43.7121 3.4
    endloop
  endfacet
  facet normal -0.99941 -0.034344 0
    outer loop
      vertex 63.4451 43.7121 3.79999
      vertex 63.4531 43.4793 3.4
      vertex 63.4531 43.4793 3.79999
    endloop
  endfacet
  facet normal -0.99947 0.0325684 0
    outer loop
      vertex 63.4451 43.7121 3.4
      vertex 63.4528 43.9484 3.79999
      vertex 63.4528 43.9484 3.4
    endloop
  endfacet
  facet normal -0.99947 0.0325684 0
    outer loop
      vertex 63.4528 43.9484 3.79999
      vertex 63.4451 43.7121 3.4
      vertex 63.4451 43.7121 3.79999
    endloop
  endfacet
  facet normal -0.994368 0.105987 0
    outer loop
      vertex 63.4528 43.9484 3.4
      vertex 63.4761 44.167 3.79999
      vertex 63.4761 44.167 3.4
    endloop
  endfacet
  facet normal -0.994368 0.105987 0
    outer loop
      vertex 63.4761 44.167 3.79999
      vertex 63.4528 43.9484 3.4
      vertex 63.4528 43.9484 3.79999
    endloop
  endfacet
  facet normal -0.981965 0.189065 0
    outer loop
      vertex 63.4761 44.167 3.4
      vertex 63.5148 44.368 3.79999
      vertex 63.5148 44.368 3.4
    endloop
  endfacet
  facet normal -0.981965 0.189065 0
    outer loop
      vertex 63.5148 44.368 3.79999
      vertex 63.4761 44.167 3.4
      vertex 63.4761 44.167 3.79999
    endloop
  endfacet
  facet normal -0.958814 0.284035 0
    outer loop
      vertex 63.5148 44.368 3.4
      vertex 63.5691 44.5513 3.79999
      vertex 63.5691 44.5513 3.4
    endloop
  endfacet
  facet normal -0.958814 0.284035 0
    outer loop
      vertex 63.5691 44.5513 3.79999
      vertex 63.5148 44.368 3.4
      vertex 63.5148 44.368 3.79999
    endloop
  endfacet
  facet normal -0.921771 0.387734 0
    outer loop
      vertex 63.5691 44.5513 3.4
      vertex 63.6388 44.717 3.79999
      vertex 63.6388 44.717 3.4
    endloop
  endfacet
  facet normal -0.921771 0.387734 0
    outer loop
      vertex 63.6388 44.717 3.79999
      vertex 63.5691 44.5513 3.4
      vertex 63.5691 44.5513 3.79999
    endloop
  endfacet
  facet normal -0.866546 0.499098 0
    outer loop
      vertex 63.6388 44.717 3.4
      vertex 63.7241 44.8651 3.79999
      vertex 63.7241 44.8651 3.4
    endloop
  endfacet
  facet normal -0.866546 0.499098 0
    outer loop
      vertex 63.7241 44.8651 3.79999
      vertex 63.6388 44.717 3.4
      vertex 63.6388 44.717 3.79999
    endloop
  endfacet
  facet normal -0.791178 0.611586 0
    outer loop
      vertex 63.7241 44.8651 3.4
      vertex 63.8249 44.9955 3.79999
      vertex 63.8249 44.9955 3.4
    endloop
  endfacet
  facet normal -0.791178 0.611586 0
    outer loop
      vertex 63.8249 44.9955 3.79999
      vertex 63.7241 44.8651 3.4
      vertex 63.7241 44.8651 3.79999
    endloop
  endfacet
  facet normal -0.705543 0.708667 0
    outer loop
      vertex 63.9383 45.1084 3.4
      vertex 63.8249 44.9955 3.79999
      vertex 63.9383 45.1084 3.79999
    endloop
  endfacet
  facet normal -0.705543 0.708667 0
    outer loop
      vertex 63.8249 44.9955 3.79999
      vertex 63.9383 45.1084 3.4
      vertex 63.8249 44.9955 3.4
    endloop
  endfacet
  facet normal -0.612652 0.790353 0
    outer loop
      vertex 64.0615 45.2039 3.4
      vertex 63.9383 45.1084 3.79999
      vertex 64.0615 45.2039 3.79999
    endloop
  endfacet
  facet normal -0.612652 0.790353 0
    outer loop
      vertex 63.9383 45.1084 3.79999
      vertex 64.0615 45.2039 3.4
      vertex 63.9383 45.1084 3.4
    endloop
  endfacet
  facet normal -0.506567 0.862201 0
    outer loop
      vertex 64.1946 45.2821 3.4
      vertex 64.0615 45.2039 3.79999
      vertex 64.1946 45.2821 3.79999
    endloop
  endfacet
  facet normal -0.506567 0.862201 0
    outer loop
      vertex 64.0615 45.2039 3.79999
      vertex 64.1946 45.2821 3.4
      vertex 64.0615 45.2039 3.4
    endloop
  endfacet
  facet normal -0.391509 0.920174 0
    outer loop
      vertex 64.3375 45.3429 3.4
      vertex 64.1946 45.2821 3.79999
      vertex 64.3375 45.3429 3.79999
    endloop
  endfacet
  facet normal -0.391509 0.920174 0
    outer loop
      vertex 64.1946 45.2821 3.79999
      vertex 64.3375 45.3429 3.4
      vertex 64.1946 45.2821 3.4
    endloop
  endfacet
  facet normal -0.27339 0.961903 0
    outer loop
      vertex 64.4902 45.3863 3.4
      vertex 64.3375 45.3429 3.79999
      vertex 64.4902 45.3863 3.79999
    endloop
  endfacet
  facet normal -0.27339 0.961903 0
    outer loop
      vertex 64.3375 45.3429 3.79999
      vertex 64.4902 45.3863 3.4
      vertex 64.3375 45.3429 3.4
    endloop
  endfacet
  facet normal -0.157991 0.987441 0
    outer loop
      vertex 64.6527 45.4123 3.4
      vertex 64.4902 45.3863 3.79999
      vertex 64.6527 45.4123 3.79999
    endloop
  endfacet
  facet normal -0.157991 0.987441 0
    outer loop
      vertex 64.4902 45.3863 3.79999
      vertex 64.6527 45.4123 3.4
      vertex 64.4902 45.3863 3.4
    endloop
  endfacet
  facet normal -0.0503999 0.998729 0
    outer loop
      vertex 64.8251 45.421 3.4
      vertex 64.6527 45.4123 3.79999
      vertex 64.8251 45.421 3.79999
    endloop
  endfacet
  facet normal -0.0503999 0.998729 0
    outer loop
      vertex 64.6527 45.4123 3.79999
      vertex 64.8251 45.421 3.4
      vertex 64.6527 45.4123 3.4
    endloop
  endfacet
  facet normal 0.0498509 0.998757 -0
    outer loop
      vertex 64.9974 45.4124 3.4
      vertex 64.8251 45.421 3.79999
      vertex 64.9974 45.4124 3.79999
    endloop
  endfacet
  facet normal 0.0498509 0.998757 0
    outer loop
      vertex 64.8251 45.421 3.79999
      vertex 64.9974 45.4124 3.4
      vertex 64.8251 45.421 3.4
    endloop
  endfacet
  facet normal 0.156494 0.987679 -0
    outer loop
      vertex 65.1596 45.3867 3.4
      vertex 64.9974 45.4124 3.79999
      vertex 65.1596 45.3867 3.79999
    endloop
  endfacet
  facet normal 0.156494 0.987679 0
    outer loop
      vertex 64.9974 45.4124 3.79999
      vertex 65.1596 45.3867 3.4
      vertex 64.9974 45.4124 3.4
    endloop
  endfacet
  facet normal 0.271295 0.962496 -0
    outer loop
      vertex 65.3118 45.3438 3.4
      vertex 65.1596 45.3867 3.79999
      vertex 65.3118 45.3438 3.79999
    endloop
  endfacet
  facet normal 0.271295 0.962496 0
    outer loop
      vertex 65.1596 45.3867 3.79999
      vertex 65.3118 45.3438 3.4
      vertex 65.1596 45.3867 3.4
    endloop
  endfacet
  facet normal 0.389302 0.92111 -0
    outer loop
      vertex 65.454 45.2837 3.4
      vertex 65.3118 45.3438 3.79999
      vertex 65.454 45.2837 3.79999
    endloop
  endfacet
  facet normal 0.389302 0.92111 0
    outer loop
      vertex 65.3118 45.3438 3.79999
      vertex 65.454 45.2837 3.4
      vertex 65.3118 45.3438 3.4
    endloop
  endfacet
  facet normal 0.504562 0.863376 -0
    outer loop
      vertex 65.5861 45.2065 3.4
      vertex 65.454 45.2837 3.79999
      vertex 65.5861 45.2065 3.79999
    endloop
  endfacet
  facet normal 0.504562 0.863376 0
    outer loop
      vertex 65.454 45.2837 3.79999
      vertex 65.5861 45.2065 3.4
      vertex 65.454 45.2837 3.4
    endloop
  endfacet
  facet normal 0.61165 0.791128 -0
    outer loop
      vertex 65.7082 45.1121 3.4
      vertex 65.5861 45.2065 3.79999
      vertex 65.7082 45.1121 3.79999
    endloop
  endfacet
  facet normal 0.61165 0.791128 0
    outer loop
      vertex 65.5861 45.2065 3.79999
      vertex 65.7082 45.1121 3.4
      vertex 65.5861 45.2065 3.4
    endloop
  endfacet
  facet normal 0.705523 0.708687 -0
    outer loop
      vertex 65.8202 45.0006 3.4
      vertex 65.7082 45.1121 3.79999
      vertex 65.8202 45.0006 3.79999
    endloop
  endfacet
  facet normal 0.705523 0.708687 0
    outer loop
      vertex 65.7082 45.1121 3.79999
      vertex 65.8202 45.0006 3.4
      vertex 65.7082 45.1121 3.4
    endloop
  endfacet
  facet normal 0.792122 0.610363 0
    outer loop
      vertex 65.9196 44.8716 3.79999
      vertex 65.8202 45.0006 3.4
      vertex 65.8202 45.0006 3.79999
    endloop
  endfacet
  facet normal 0.792122 0.610363 0
    outer loop
      vertex 65.8202 45.0006 3.4
      vertex 65.9196 44.8716 3.79999
      vertex 65.9196 44.8716 3.4
    endloop
  endfacet
  facet normal 0.867551 0.497349 0
    outer loop
      vertex 66.0037 44.7249 3.79999
      vertex 65.9196 44.8716 3.4
      vertex 65.9196 44.8716 3.79999
    endloop
  endfacet
  facet normal 0.867551 0.497349 0
    outer loop
      vertex 65.9196 44.8716 3.4
      vertex 66.0037 44.7249 3.79999
      vertex 66.0037 44.7249 3.4
    endloop
  endfacet
  facet normal 0.922278 0.386527 0
    outer loop
      vertex 66.0726 44.5605 3.79999
      vertex 66.0037 44.7249 3.4
      vertex 66.0037 44.7249 3.79999
    endloop
  endfacet
  facet normal 0.922278 0.386527 0
    outer loop
      vertex 66.0037 44.7249 3.4
      vertex 66.0726 44.5605 3.79999
      vertex 66.0726 44.5605 3.4
    endloop
  endfacet
  facet normal 0.959449 0.281881 0
    outer loop
      vertex 66.1261 44.3784 3.79999
      vertex 66.0726 44.5605 3.4
      vertex 66.0726 44.5605 3.79999
    endloop
  endfacet
  facet normal 0.959449 0.281881 0
    outer loop
      vertex 66.0726 44.5605 3.4
      vertex 66.1261 44.3784 3.79999
      vertex 66.1261 44.3784 3.4
    endloop
  endfacet
  facet normal 0.982227 0.187699 0
    outer loop
      vertex 66.1643 44.1785 3.79999
      vertex 66.1261 44.3784 3.4
      vertex 66.1261 44.3784 3.79999
    endloop
  endfacet
  facet normal 0.982227 0.187699 0
    outer loop
      vertex 66.1261 44.3784 3.4
      vertex 66.1643 44.1785 3.79999
      vertex 66.1643 44.1785 3.4
    endloop
  endfacet
  facet normal 0.994503 0.104709 0
    outer loop
      vertex 66.1872 43.961 3.79999
      vertex 66.1643 44.1785 3.4
      vertex 66.1643 44.1785 3.79999
    endloop
  endfacet
  facet normal 0.994503 0.104709 0
    outer loop
      vertex 66.1643 44.1785 3.4
      vertex 66.1872 43.961 3.79999
      vertex 66.1872 43.961 3.4
    endloop
  endfacet
  facet normal 0.999465 0.0327067 0
    outer loop
      vertex 66.1949 43.7257 3.79999
      vertex 66.1872 43.961 3.4
      vertex 66.1872 43.961 3.79999
    endloop
  endfacet
  facet normal 0.999465 0.0327067 0
    outer loop
      vertex 66.1872 43.961 3.4
      vertex 66.1949 43.7257 3.79999
      vertex 66.1949 43.7257 3.4
    endloop
  endfacet
  facet normal 0.99945 -0.0331472 0
    outer loop
      vertex 66.187 43.4875 3.79999
      vertex 66.1949 43.7257 3.4
      vertex 66.1949 43.7257 3.79999
    endloop
  endfacet
  facet normal 0.99945 -0.0331472 0
    outer loop
      vertex 66.1949 43.7257 3.4
      vertex 66.187 43.4875 3.79999
      vertex 66.187 43.4875 3.4
    endloop
  endfacet
  facet normal 0.994369 -0.105976 0
    outer loop
      vertex 66.1635 43.267 3.79999
      vertex 66.187 43.4875 3.4
      vertex 66.187 43.4875 3.79999
    endloop
  endfacet
  facet normal 0.994369 -0.105976 0
    outer loop
      vertex 66.187 43.4875 3.4
      vertex 66.1635 43.267 3.79999
      vertex 66.1635 43.267 3.4
    endloop
  endfacet
  facet normal 0.981771 -0.190067 0
    outer loop
      vertex 66.1242 43.064 3.79999
      vertex 66.1635 43.267 3.4
      vertex 66.1635 43.267 3.79999
    endloop
  endfacet
  facet normal 0.981771 -0.190067 0
    outer loop
      vertex 66.1635 43.267 3.4
      vertex 66.1242 43.064 3.79999
      vertex 66.1242 43.064 3.4
    endloop
  endfacet
  facet normal 0.958662 -0.284546 0
    outer loop
      vertex 66.0692 42.8787 3.79999
      vertex 66.1242 43.064 3.4
      vertex 66.1242 43.064 3.79999
    endloop
  endfacet
  facet normal 0.958662 -0.284546 0
    outer loop
      vertex 66.1242 43.064 3.4
      vertex 66.0692 42.8787 3.79999
      vertex 66.0692 42.8787 3.4
    endloop
  endfacet
  facet normal 0.921376 -0.388671 0
    outer loop
      vertex 65.9985 42.7111 3.79999
      vertex 66.0692 42.8787 3.4
      vertex 66.0692 42.8787 3.79999
    endloop
  endfacet
  facet normal 0.921376 -0.388671 0
    outer loop
      vertex 66.0692 42.8787 3.4
      vertex 65.9985 42.7111 3.79999
      vertex 65.9985 42.7111 3.4
    endloop
  endfacet
  facet normal 0.866532 -0.499122 0
    outer loop
      vertex 65.9121 42.5611 3.79999
      vertex 65.9985 42.7111 3.4
      vertex 65.9985 42.7111 3.79999
    endloop
  endfacet
  facet normal 0.866532 -0.499122 0
    outer loop
      vertex 65.9985 42.7111 3.4
      vertex 65.9121 42.5611 3.79999
      vertex 65.9121 42.5611 3.4
    endloop
  endfacet
  facet normal 0.791956 -0.610578 0
    outer loop
      vertex 65.8101 42.4288 3.79999
      vertex 65.9121 42.5611 3.4
      vertex 65.9121 42.5611 3.79999
    endloop
  endfacet
  facet normal 0.791956 -0.610578 0
    outer loop
      vertex 65.9121 42.5611 3.4
      vertex 65.8101 42.4288 3.79999
      vertex 65.8101 42.4288 3.4
    endloop
  endfacet
  facet normal 0.708032 -0.70618 0
    outer loop
      vertex 65.6957 42.3141 3.79999
      vertex 65.8101 42.4288 3.4
      vertex 65.8101 42.4288 3.79999
    endloop
  endfacet
  facet normal 0.708032 -0.70618 0
    outer loop
      vertex 65.8101 42.4288 3.4
      vertex 65.6957 42.3141 3.79999
      vertex 65.6957 42.3141 3.4
    endloop
  endfacet
  facet normal 0.61892 -0.785454 0
    outer loop
      vertex 65.5726 42.2171 3.4
      vertex 65.6957 42.3141 3.79999
      vertex 65.5726 42.2171 3.79999
    endloop
  endfacet
  facet normal 0.61892 -0.785454 0
    outer loop
      vertex 65.6957 42.3141 3.79999
      vertex 65.5726 42.2171 3.4
      vertex 65.6957 42.3141 3.4
    endloop
  endfacet
  facet normal 0.515737 -0.856747 0
    outer loop
      vertex 65.4407 42.1377 3.4
      vertex 65.5726 42.2171 3.79999
      vertex 65.4407 42.1377 3.79999
    endloop
  endfacet
  facet normal 0.515737 -0.856747 0
    outer loop
      vertex 65.5726 42.2171 3.79999
      vertex 65.4407 42.1377 3.4
      vertex 65.5726 42.2171 3.4
    endloop
  endfacet
  facet normal 0.40191 -0.915679 0
    outer loop
      vertex 65.2999 42.0759 3.4
      vertex 65.4407 42.1377 3.79999
      vertex 65.2999 42.0759 3.79999
    endloop
  endfacet
  facet normal 0.40191 -0.915679 0
    outer loop
      vertex 65.4407 42.1377 3.79999
      vertex 65.2999 42.0759 3.4
      vertex 65.4407 42.1377 3.4
    endloop
  endfacet
  facet normal 0.283105 -0.959089 0
    outer loop
      vertex 65.1505 42.0318 3.4
      vertex 65.2999 42.0759 3.79999
      vertex 65.1505 42.0318 3.79999
    endloop
  endfacet
  facet normal 0.283105 -0.959089 0
    outer loop
      vertex 65.2999 42.0759 3.79999
      vertex 65.1505 42.0318 3.4
      vertex 65.2999 42.0759 3.4
    endloop
  endfacet
  facet normal 0.165106 -0.986276 0
    outer loop
      vertex 64.9922 42.0053 3.4
      vertex 65.1505 42.0318 3.79999
      vertex 64.9922 42.0053 3.79999
    endloop
  endfacet
  facet normal 0.165106 -0.986276 0
    outer loop
      vertex 65.1505 42.0318 3.79999
      vertex 64.9922 42.0053 3.4
      vertex 65.1505 42.0318 3.4
    endloop
  endfacet
  facet normal 0.0525902 -0.998616 0
    outer loop
      vertex 64.8251 41.9965 3.4
      vertex 64.9922 42.0053 3.79999
      vertex 64.8251 41.9965 3.79999
    endloop
  endfacet
  facet normal 0.0525902 -0.998616 0
    outer loop
      vertex 64.9922 42.0053 3.79999
      vertex 64.8251 41.9965 3.4
      vertex 64.9922 42.0053 3.4
    endloop
  endfacet
  facet normal -0.0531544 -0.998586 0
    outer loop
      vertex 64.6579 42.0054 3.4
      vertex 64.8251 41.9965 3.79999
      vertex 64.6579 42.0054 3.79999
    endloop
  endfacet
  facet normal -0.0531544 -0.998586 -0
    outer loop
      vertex 64.8251 41.9965 3.79999
      vertex 64.6579 42.0054 3.4
      vertex 64.8251 41.9965 3.4
    endloop
  endfacet
  facet normal 0 -1 0
    outer loop
      vertex 71.2282 46.2144 3.4
      vertex 72.0012 46.2144 3.79999
      vertex 71.2282 46.2144 3.79999
    endloop
  endfacet
  facet normal 0 -1 -0
    outer loop
      vertex 72.0012 46.2144 3.79999
      vertex 71.2282 46.2144 3.4
      vertex 72.0012 46.2144 3.4
    endloop
  endfacet
  facet normal 0.925697 -0.378265 0
    outer loop
      vertex 71.1761 46.0869 3.79999
      vertex 71.2282 46.2144 3.4
      vertex 71.2282 46.2144 3.79999
    endloop
  endfacet
  facet normal 0.925697 -0.378265 0
    outer loop
      vertex 71.2282 46.2144 3.4
      vertex 71.1761 46.0869 3.79999
      vertex 71.1761 46.0869 3.4
    endloop
  endfacet
  facet normal 0.888858 -0.458182 0
    outer loop
      vertex 71.1128 45.9641 3.79999
      vertex 71.1761 46.0869 3.4
      vertex 71.1761 46.0869 3.79999
    endloop
  endfacet
  facet normal 0.888858 -0.458182 0
    outer loop
      vertex 71.1761 46.0869 3.4
      vertex 71.1128 45.9641 3.79999
      vertex 71.1128 45.9641 3.4
    endloop
  endfacet
  facet normal 0.845862 -0.533401 0
    outer loop
      vertex 71.0382 45.8458 3.79999
      vertex 71.1128 45.9641 3.4
      vertex 71.1128 45.9641 3.79999
    endloop
  endfacet
  facet normal 0.845862 -0.533401 0
    outer loop
      vertex 71.1128 45.9641 3.4
      vertex 71.0382 45.8458 3.79999
      vertex 71.0382 45.8458 3.4
    endloop
  endfacet
  facet normal 0.798055 -0.602584 0
    outer loop
      vertex 70.9525 45.7323 3.79999
      vertex 71.0382 45.8458 3.4
      vertex 71.0382 45.8458 3.79999
    endloop
  endfacet
  facet normal 0.798055 -0.602584 0
    outer loop
      vertex 71.0382 45.8458 3.4
      vertex 70.9525 45.7323 3.79999
      vertex 70.9525 45.7323 3.4
    endloop
  endfacet
  facet normal 0.747371 -0.664406 0
    outer loop
      vertex 70.8556 45.6233 3.79999
      vertex 70.9525 45.7323 3.4
      vertex 70.9525 45.7323 3.79999
    endloop
  endfacet
  facet normal 0.747371 -0.664406 0
    outer loop
      vertex 70.9525 45.7323 3.4
      vertex 70.8556 45.6233 3.79999
      vertex 70.8556 45.6233 3.4
    endloop
  endfacet
  facet normal 0.694012 -0.719963 0
    outer loop
      vertex 70.7474 45.519 3.4
      vertex 70.8556 45.6233 3.79999
      vertex 70.7474 45.519 3.79999
    endloop
  endfacet
  facet normal 0.694012 -0.719963 0
    outer loop
      vertex 70.8556 45.6233 3.79999
      vertex 70.7474 45.519 3.4
      vertex 70.8556 45.6233 3.4
    endloop
  endfacet
  facet normal 0.640943 -0.767589 0
    outer loop
      vertex 70.628 45.4193 3.4
      vertex 70.7474 45.519 3.79999
      vertex 70.628 45.4193 3.79999
    endloop
  endfacet
  facet normal 0.640943 -0.767589 0
    outer loop
      vertex 70.7474 45.519 3.79999
      vertex 70.628 45.4193 3.4
      vertex 70.7474 45.519 3.4
    endloop
  endfacet
  facet normal 0.600828 -0.799379 0
    outer loop
      vertex 70.5044 45.3264 3.4
      vertex 70.628 45.4193 3.79999
      vertex 70.5044 45.3264 3.79999
    endloop
  endfacet
  facet normal 0.600828 -0.799379 0
    outer loop
      vertex 70.628 45.4193 3.79999
      vertex 70.5044 45.3264 3.4
      vertex 70.628 45.4193 3.4
    endloop
  endfacet
  facet normal 0.569492 -0.821997 0
    outer loop
      vertex 70.3833 45.2425 3.4
      vertex 70.5044 45.3264 3.79999
      vertex 70.3833 45.2425 3.79999
    endloop
  endfacet
  facet normal 0.569492 -0.821997 0
    outer loop
      vertex 70.5044 45.3264 3.79999
      vertex 70.3833 45.2425 3.4
      vertex 70.5044 45.3264 3.4
    endloop
  endfacet
  facet normal 0.535629 -0.844454 0
    outer loop
      vertex 70.2649 45.1674 3.4
      vertex 70.3833 45.2425 3.79999
      vertex 70.2649 45.1674 3.79999
    endloop
  endfacet
  facet normal 0.535629 -0.844454 0
    outer loop
      vertex 70.3833 45.2425 3.79999
      vertex 70.2649 45.1674 3.4
      vertex 70.3833 45.2425 3.4
    endloop
  endfacet
  facet normal 0.496058 -0.868289 0
    outer loop
      vertex 70.1492 45.1013 3.4
      vertex 70.2649 45.1674 3.79999
      vertex 70.1492 45.1013 3.79999
    endloop
  endfacet
  facet normal 0.496058 -0.868289 0
    outer loop
      vertex 70.2649 45.1674 3.79999
      vertex 70.1492 45.1013 3.4
      vertex 70.2649 45.1674 3.4
    endloop
  endfacet
  facet normal 0.450994 -0.892527 0
    outer loop
      vertex 70.036 45.0441 3.4
      vertex 70.1492 45.1013 3.79999
      vertex 70.036 45.0441 3.79999
    endloop
  endfacet
  facet normal 0.450994 -0.892527 0
    outer loop
      vertex 70.1492 45.1013 3.79999
      vertex 70.036 45.0441 3.4
      vertex 70.1492 45.1013 3.4
    endloop
  endfacet
  facet normal 0.399818 -0.916595 0
    outer loop
      vertex 69.9255 44.9959 3.4
      vertex 70.036 45.0441 3.79999
      vertex 69.9255 44.9959 3.79999
    endloop
  endfacet
  facet normal 0.399818 -0.916595 0
    outer loop
      vertex 70.036 45.0441 3.79999
      vertex 69.9255 44.9959 3.4
      vertex 70.036 45.0441 3.4
    endloop
  endfacet
  facet normal 0.343282 -0.939233 0
    outer loop
      vertex 69.8177 44.9565 3.4
      vertex 69.9255 44.9959 3.79999
      vertex 69.8177 44.9565 3.79999
    endloop
  endfacet
  facet normal 0.343282 -0.939233 0
    outer loop
      vertex 69.9255 44.9959 3.79999
      vertex 69.8177 44.9565 3.4
      vertex 69.9255 44.9959 3.4
    endloop
  endfacet
  facet normal 1 -0 0
    outer loop
      vertex 69.8177 44.0919 3.79999
      vertex 69.8177 44.9565 3.4
      vertex 69.8177 44.9565 3.79999
    endloop
  endfacet
  facet normal 1 0 0
    outer loop
      vertex 69.8177 44.9565 3.4
      vertex 69.8177 44.0919 3.79999
      vertex 69.8177 44.0919 3.4
    endloop
  endfacet
  facet normal -0.340831 0.940125 0
    outer loop
      vertex 70.0163 44.1639 3.4
      vertex 69.8177 44.0919 3.79999
      vertex 70.0163 44.1639 3.79999
    endloop
  endfacet
  facet normal -0.340831 0.940125 0
    outer loop
      vertex 69.8177 44.0919 3.79999
      vertex 70.0163 44.1639 3.4
      vertex 69.8177 44.0919 3.4
    endloop
  endfacet
  facet normal -0.395948 0.918273 0
    outer loop
      vertex 70.2074 44.2463 3.4
      vertex 70.0163 44.1639 3.79999
      vertex 70.2074 44.2463 3.79999
    endloop
  endfacet
  facet normal -0.395948 0.918273 0
    outer loop
      vertex 70.0163 44.1639 3.79999
      vertex 70.2074 44.2463 3.4
      vertex 70.0163 44.1639 3.4
    endloop
  endfacet
  facet normal -0.45149 0.892276 0
    outer loop
      vertex 70.3908 44.3391 3.4
      vertex 70.2074 44.2463 3.79999
      vertex 70.3908 44.3391 3.79999
    endloop
  endfacet
  facet normal -0.45149 0.892276 0
    outer loop
      vertex 70.2074 44.2463 3.79999
      vertex 70.3908 44.3391 3.4
      vertex 70.2074 44.2463 3.4
    endloop
  endfacet
  facet normal -0.506248 0.862388 0
    outer loop
      vertex 70.5666 44.4423 3.4
      vertex 70.3908 44.3391 3.79999
      vertex 70.5666 44.4423 3.79999
    endloop
  endfacet
  facet normal -0.506248 0.862388 0
    outer loop
      vertex 70.3908 44.3391 3.79999
      vertex 70.5666 44.4423 3.4
      vertex 70.3908 44.3391 3.4
    endloop
  endfacet
  facet normal -0.559126 0.829083 0
    outer loop
      vertex 70.7349 44.5558 3.4
      vertex 70.5666 44.4423 3.79999
      vertex 70.7349 44.5558 3.79999
    endloop
  endfacet
  facet normal -0.559126 0.829083 0
    outer loop
      vertex 70.5666 44.4423 3.79999
      vertex 70.7349 44.5558 3.4
      vertex 70.5666 44.4423 3.4
    endloop
  endfacet
  facet normal -0.611139 0.791523 0
    outer loop
      vertex 70.8955 44.6798 3.4
      vertex 70.7349 44.5558 3.79999
      vertex 70.8955 44.6798 3.79999
    endloop
  endfacet
  facet normal -0.611139 0.791523 0
    outer loop
      vertex 70.7349 44.5558 3.79999
      vertex 70.8955 44.6798 3.4
      vertex 70.7349 44.5558 3.4
    endloop
  endfacet
  facet normal -0.659686 0.751541 0
    outer loop
      vertex 71.0485 44.8141 3.4
      vertex 70.8955 44.6798 3.79999
      vertex 71.0485 44.8141 3.79999
    endloop
  endfacet
  facet normal -0.659686 0.751541 0
    outer loop
      vertex 70.8955 44.6798 3.79999
      vertex 71.0485 44.8141 3.4
      vertex 70.8955 44.6798 3.4
    endloop
  endfacet
  facet normal 1 -0 0
    outer loop
      vertex 71.0485 41.2234 3.79999
      vertex 71.0485 44.8141 3.4
      vertex 71.0485 44.8141 3.79999
    endloop
  endfacet
  facet normal 1 0 0
    outer loop
      vertex 71.0485 44.8141 3.4
      vertex 71.0485 41.2234 3.79999
      vertex 71.0485 41.2234 3.4
    endloop
  endfacet
  facet normal 0 1 -0
    outer loop
      vertex 72.0012 41.2234 3.4
      vertex 71.0485 41.2234 3.79999
      vertex 72.0012 41.2234 3.79999
    endloop
  endfacet
  facet normal 0 1 0
    outer loop
      vertex 71.0485 41.2234 3.79999
      vertex 72.0012 41.2234 3.4
      vertex 71.0485 41.2234 3.4
    endloop
  endfacet
  facet normal -1 0 0
    outer loop
      vertex 72.0012 41.2234 3.4
      vertex 72.0012 46.2144 3.79999
      vertex 72.0012 46.2144 3.4
    endloop
  endfacet
  facet normal -1 -0 0
    outer loop
      vertex 72.0012 46.2144 3.79999
      vertex 72.0012 41.2234 3.4
      vertex 72.0012 41.2234 3.79999
    endloop
  endfacet
  facet normal 0 -1 0
    outer loop
      vertex 74.6607 42.1084 3.4
      vertex 76.5527 42.1084 3.79999
      vertex 74.6607 42.1084 3.79999
    endloop
  endfacet
  facet normal 0 -1 -0
    outer loop
      vertex 76.5527 42.1084 3.79999
      vertex 74.6607 42.1084 3.4
      vertex 76.5527 42.1084 3.4
    endloop
  endfacet
  facet normal -0.855851 0.517222 0
    outer loop
      vertex 74.6607 42.1084 3.4
      vertex 74.683 42.1453 3.79999
      vertex 74.683 42.1453 3.4
    endloop
  endfacet
  facet normal -0.855851 0.517222 0
    outer loop
      vertex 74.683 42.1453 3.79999
      vertex 74.6607 42.1084 3.4
      vertex 74.6607 42.1084 3.79999
    endloop
  endfacet
  facet normal -0.839932 0.542691 0
    outer loop
      vertex 74.683 42.1453 3.4
      vertex 74.7071 42.1826 3.79999
      vertex 74.7071 42.1826 3.4
    endloop
  endfacet
  facet normal -0.839932 0.542691 0
    outer loop
      vertex 74.7071 42.1826 3.79999
      vertex 74.683 42.1453 3.4
      vertex 74.683 42.1453 3.79999
    endloop
  endfacet
  facet normal -0.821798 0.56978 0
    outer loop
      vertex 74.7071 42.1826 3.4
      vertex 74.7331 42.2201 3.79999
      vertex 74.7331 42.2201 3.4
    endloop
  endfacet
  facet normal -0.821798 0.56978 0
    outer loop
      vertex 74.7331 42.2201 3.79999
      vertex 74.7071 42.1826 3.4
      vertex 74.7071 42.1826 3.79999
    endloop
  endfacet
  facet normal -0.804841 0.59349 0
    outer loop
      vertex 74.7331 42.2201 3.4
      vertex 74.7609 42.2578 3.79999
      vertex 74.7609 42.2578 3.4
    endloop
  endfacet
  facet normal -0.804841 0.59349 0
    outer loop
      vertex 74.7609 42.2578 3.79999
      vertex 74.7331 42.2201 3.4
      vertex 74.7331 42.2201 3.79999
    endloop
  endfacet
  facet normal -0.788683 0.6148 0
    outer loop
      vertex 74.7609 42.2578 3.4
      vertex 74.7906 42.2959 3.79999
      vertex 74.7906 42.2959 3.4
    endloop
  endfacet
  facet normal -0.788683 0.6148 0
    outer loop
      vertex 74.7906 42.2959 3.79999
      vertex 74.7609 42.2578 3.4
      vertex 74.7609 42.2578 3.79999
    endloop
  endfacet
  facet normal -0.771349 0.636413 0
    outer loop
      vertex 74.7906 42.2959 3.4
      vertex 74.8222 42.3342 3.79999
      vertex 74.8222 42.3342 3.4
    endloop
  endfacet
  facet normal -0.771349 0.636413 0
    outer loop
      vertex 74.8222 42.3342 3.79999
      vertex 74.7906 42.2959 3.4
      vertex 74.7906 42.2959 3.79999
    endloop
  endfacet
  facet normal -0.755237 0.655452 0
    outer loop
      vertex 74.8222 42.3342 3.4
      vertex 74.8557 42.3728 3.79999
      vertex 74.8557 42.3728 3.4
    endloop
  endfacet
  facet normal -0.755237 0.655452 0
    outer loop
      vertex 74.8557 42.3728 3.79999
      vertex 74.8222 42.3342 3.4
      vertex 74.8222 42.3342 3.79999
    endloop
  endfacet
  facet normal -0.734614 0.678486 0
    outer loop
      vertex 74.8557 42.3728 3.4
      vertex 74.8968 42.4173 3.79999
      vertex 74.8968 42.4173 3.4
    endloop
  endfacet
  facet normal -0.734614 0.678486 0
    outer loop
      vertex 74.8968 42.4173 3.79999
      vertex 74.8557 42.3728 3.4
      vertex 74.8557 42.3728 3.79999
    endloop
  endfacet
  facet normal -0.714751 0.69938 0
    outer loop
      vertex 74.8968 42.4173 3.4
      vertex 74.9514 42.4731 3.79999
      vertex 74.9514 42.4731 3.4
    endloop
  endfacet
  facet normal -0.714751 0.69938 0
    outer loop
      vertex 74.9514 42.4731 3.79999
      vertex 74.8968 42.4173 3.4
      vertex 74.8968 42.4173 3.79999
    endloop
  endfacet
  facet normal -0.701335 0.712832 0
    outer loop
      vertex 75.0196 42.5402 3.4
      vertex 74.9514 42.4731 3.79999
      vertex 75.0196 42.5402 3.79999
    endloop
  endfacet
  facet normal -0.701335 0.712832 0
    outer loop
      vertex 74.9514 42.4731 3.79999
      vertex 75.0196 42.5402 3.4
      vertex 74.9514 42.4731 3.4
    endloop
  endfacet
  facet normal -0.692826 0.721105 0
    outer loop
      vertex 75.1012 42.6186 3.4
      vertex 75.0196 42.5402 3.79999
      vertex 75.1012 42.6186 3.79999
    endloop
  endfacet
  facet normal -0.692826 0.721105 0
    outer loop
      vertex 75.0196 42.5402 3.79999
      vertex 75.1012 42.6186 3.4
      vertex 75.0196 42.5402 3.4
    endloop
  endfacet
  facet normal -0.68696 0.726695 0
    outer loop
      vertex 75.1963 42.7085 3.4
      vertex 75.1012 42.6186 3.79999
      vertex 75.1963 42.7085 3.79999
    endloop
  endfacet
  facet normal -0.68696 0.726695 0
    outer loop
      vertex 75.1012 42.6186 3.79999
      vertex 75.1963 42.7085 3.4
      vertex 75.1012 42.6186 3.4
    endloop
  endfacet
  facet normal -0.681381 0.731929 0
    outer loop
      vertex 75.3049 42.8096 3.4
      vertex 75.1963 42.7085 3.79999
      vertex 75.3049 42.8096 3.79999
    endloop
  endfacet
  facet normal -0.681381 0.731929 0
    outer loop
      vertex 75.1963 42.7085 3.79999
      vertex 75.3049 42.8096 3.4
      vertex 75.1963 42.7085 3.4
    endloop
  endfacet
  facet normal -0.677604 0.735427 0
    outer loop
      vertex 75.427 42.9221 3.4
      vertex 75.3049 42.8096 3.79999
      vertex 75.427 42.9221 3.79999
    endloop
  endfacet
  facet normal -0.677604 0.735427 0
    outer loop
      vertex 75.3049 42.8096 3.79999
      vertex 75.427 42.9221 3.4
      vertex 75.3049 42.8096 3.4
    endloop
  endfacet
  facet normal -0.680132 0.73309 0
    outer loop
      vertex 75.5502 43.0364 3.4
      vertex 75.427 42.9221 3.79999
      vertex 75.5502 43.0364 3.79999
    endloop
  endfacet
  facet normal -0.680132 0.73309 0
    outer loop
      vertex 75.427 42.9221 3.79999
      vertex 75.5502 43.0364 3.4
      vertex 75.427 42.9221 3.4
    endloop
  endfacet
  facet normal -0.689056 0.724708 0
    outer loop
      vertex 75.662 43.1427 3.4
      vertex 75.5502 43.0364 3.79999
      vertex 75.662 43.1427 3.79999
    endloop
  endfacet
  facet normal -0.689056 0.724708 0
    outer loop
      vertex 75.5502 43.0364 3.79999
      vertex 75.662 43.1427 3.4
      vertex 75.5502 43.0364 3.4
    endloop
  endfacet
  facet normal -0.699965 0.714177 0
    outer loop
      vertex 75.7625 43.2412 3.4
      vertex 75.662 43.1427 3.79999
      vertex 75.7625 43.2412 3.79999
    endloop
  endfacet
  facet normal -0.699965 0.714177 0
    outer loop
      vertex 75.662 43.1427 3.79999
      vertex 75.7625 43.2412 3.4
      vertex 75.662 43.1427 3.4
    endloop
  endfacet
  facet normal -0.712984 0.70118 0
    outer loop
      vertex 75.7625 43.2412 3.4
      vertex 75.8516 43.3318 3.79999
      vertex 75.8516 43.3318 3.4
    endloop
  endfacet
  facet normal -0.712984 0.70118 0
    outer loop
      vertex 75.8516 43.3318 3.79999
      vertex 75.7625 43.2412 3.4
      vertex 75.7625 43.2412 3.79999
    endloop
  endfacet
  facet normal -0.728355 0.6852 0
    outer loop
      vertex 75.8516 43.3318 3.4
      vertex 75.9294 43.4145 3.79999
      vertex 75.9294 43.4145 3.4
    endloop
  endfacet
  facet normal -0.728355 0.6852 0
    outer loop
      vertex 75.9294 43.4145 3.79999
      vertex 75.8516 43.3318 3.4
      vertex 75.8516 43.3318 3.79999
    endloop
  endfacet
  facet normal -0.74785 0.663867 0
    outer loop
      vertex 75.9294 43.4145 3.4
      vertex 75.9958 43.4893 3.79999
      vertex 75.9958 43.4893 3.4
    endloop
  endfacet
  facet normal -0.74785 0.663867 0
    outer loop
      vertex 75.9958 43.4893 3.79999
      vertex 75.9294 43.4145 3.4
      vertex 75.9294 43.4145 3.79999
    endloop
  endfacet
  facet normal -0.771897 0.635748 0
    outer loop
      vertex 75.9958 43.4893 3.4
      vertex 76.0509 43.5562 3.79999
      vertex 76.0509 43.5562 3.4
    endloop
  endfacet
  facet normal -0.771897 0.635748 0
    outer loop
      vertex 76.0509 43.5562 3.79999
      vertex 75.9958 43.4893 3.4
      vertex 75.9958 43.4893 3.79999
    endloop
  endfacet
  facet normal -0.796032 0.605254 0
    outer loop
      vertex 76.0509 43.5562 3.4
      vertex 76.1226 43.6505 3.79999
      vertex 76.1226 43.6505 3.4
    endloop
  endfacet
  facet normal -0.796032 0.605254 0
    outer loop
      vertex 76.1226 43.6505 3.79999
      vertex 76.0509 43.5562 3.4
      vertex 76.0509 43.5562 3.79999
    endloop
  endfacet
  facet normal -0.816093 0.57792 0
    outer loop
      vertex 76.1226 43.6505 3.4
      vertex 76.1886 43.7437 3.79999
      vertex 76.1886 43.7437 3.4
    endloop
  endfacet
  facet normal -0.816093 0.57792 0
    outer loop
      vertex 76.1886 43.7437 3.79999
      vertex 76.1226 43.6505 3.4
      vertex 76.1226 43.6505 3.79999
    endloop
  endfacet
  facet normal -0.836777 0.547543 0
    outer loop
      vertex 76.1886 43.7437 3.4
      vertex 76.2488 43.8357 3.79999
      vertex 76.2488 43.8357 3.4
    endloop
  endfacet
  facet normal -0.836777 0.547543 0
    outer loop
      vertex 76.2488 43.8357 3.79999
      vertex 76.1886 43.7437 3.4
      vertex 76.1886 43.7437 3.79999
    endloop
  endfacet
  facet normal -0.85741 0.514635 0
    outer loop
      vertex 76.2488 43.8357 3.4
      vertex 76.3033 43.9265 3.79999
      vertex 76.3033 43.9265 3.4
    endloop
  endfacet
  facet normal -0.85741 0.514635 0
    outer loop
      vertex 76.3033 43.9265 3.79999
      vertex 76.2488 43.8357 3.4
      vertex 76.2488 43.8357 3.79999
    endloop
  endfacet
  facet normal -0.87883 0.477135 0
    outer loop
      vertex 76.3033 43.9265 3.4
      vertex 76.352 44.0162 3.79999
      vertex 76.352 44.0162 3.4
    endloop
  endfacet
  facet normal -0.87883 0.477135 0
    outer loop
      vertex 76.352 44.0162 3.79999
      vertex 76.3033 43.9265 3.4
      vertex 76.3033 43.9265 3.79999
    endloop
  endfacet
  facet normal -0.899257 0.437421 0
    outer loop
      vertex 76.352 44.0162 3.4
      vertex 76.395 44.1046 3.79999
      vertex 76.395 44.1046 3.4
    endloop
  endfacet
  facet normal -0.899257 0.437421 0
    outer loop
      vertex 76.395 44.1046 3.79999
      vertex 76.352 44.0162 3.4
      vertex 76.352 44.0162 3.79999
    endloop
  endfacet
  facet normal -0.91958 0.392902 0
    outer loop
      vertex 76.395 44.1046 3.4
      vertex 76.4323 44.1919 3.79999
      vertex 76.4323 44.1919 3.4
    endloop
  endfacet
  facet normal -0.91958 0.392902 0
    outer loop
      vertex 76.4323 44.1919 3.79999
      vertex 76.395 44.1046 3.4
      vertex 76.395 44.1046 3.79999
    endloop
  endfacet
  facet normal -0.939385 0.342865 0
    outer loop
      vertex 76.4323 44.1919 3.4
      vertex 76.4642 44.2793 3.79999
      vertex 76.4642 44.2793 3.4
    endloop
  endfacet
  facet normal -0.939385 0.342865 0
    outer loop
      vertex 76.4642 44.2793 3.79999
      vertex 76.4323 44.1919 3.4
      vertex 76.4323 44.1919 3.79999
    endloop
  endfacet
  facet normal -0.95636 0.292191 0
    outer loop
      vertex 76.4642 44.2793 3.4
      vertex 76.4913 44.368 3.79999
      vertex 76.4913 44.368 3.4
    endloop
  endfacet
  facet normal -0.95636 0.292191 0
    outer loop
      vertex 76.4913 44.368 3.79999
      vertex 76.4642 44.2793 3.4
      vertex 76.4642 44.2793 3.79999
    endloop
  endfacet
  facet normal -0.97115 0.238471 0
    outer loop
      vertex 76.4913 44.368 3.4
      vertex 76.5134 44.458 3.79999
      vertex 76.5134 44.458 3.4
    endloop
  endfacet
  facet normal -0.97115 0.238471 0
    outer loop
      vertex 76.5134 44.458 3.79999
      vertex 76.4913 44.368 3.4
      vertex 76.4913 44.368 3.79999
    endloop
  endfacet
  facet normal -0.982713 0.185133 0
    outer loop
      vertex 76.5134 44.458 3.4
      vertex 76.5306 44.5493 3.79999
      vertex 76.5306 44.5493 3.4
    endloop
  endfacet
  facet normal -0.982713 0.185133 0
    outer loop
      vertex 76.5306 44.5493 3.79999
      vertex 76.5134 44.458 3.4
      vertex 76.5134 44.458 3.79999
    endloop
  endfacet
  facet normal -0.991293 0.131673 0
    outer loop
      vertex 76.5306 44.5493 3.4
      vertex 76.5429 44.6419 3.79999
      vertex 76.5429 44.6419 3.4
    endloop
  endfacet
  facet normal -0.991293 0.131673 0
    outer loop
      vertex 76.5429 44.6419 3.79999
      vertex 76.5306 44.5493 3.4
      vertex 76.5306 44.5493 3.79999
    endloop
  endfacet
  facet normal -0.996909 0.0785637 0
    outer loop
      vertex 76.5429 44.6419 3.4
      vertex 76.5503 44.7358 3.79999
      vertex 76.5503 44.7358 3.4
    endloop
  endfacet
  facet normal -0.996909 0.0785637 0
    outer loop
      vertex 76.5503 44.7358 3.79999
      vertex 76.5429 44.6419 3.4
      vertex 76.5429 44.6419 3.79999
    endloop
  endfacet
  facet normal -0.999683 0.0251756 0
    outer loop
      vertex 76.5503 44.7358 3.4
      vertex 76.5527 44.8311 3.79999
      vertex 76.5527 44.8311 3.4
    endloop
  endfacet
  facet normal -0.999683 0.0251756 0
    outer loop
      vertex 76.5527 44.8311 3.79999
      vertex 76.5503 44.7358 3.4
      vertex 76.5503 44.7358 3.79999
    endloop
  endfacet
  facet normal -0.998638 -0.0521767 0
    outer loop
      vertex 76.5527 44.8311 3.4
      vertex 76.5441 44.9957 3.79999
      vertex 76.5441 44.9957 3.4
    endloop
  endfacet
  facet normal -0.998638 -0.0521767 0
    outer loop
      vertex 76.5441 44.9957 3.79999
      vertex 76.5527 44.8311 3.4
      vertex 76.5527 44.8311 3.79999
    endloop
  endfacet
  facet normal -0.986816 -0.161845 0
    outer loop
      vertex 76.5441 44.9957 3.4
      vertex 76.5184 45.1524 3.79999
      vertex 76.5184 45.1524 3.4
    endloop
  endfacet
  facet normal -0.986816 -0.161845 0
    outer loop
      vertex 76.5184 45.1524 3.79999
      vertex 76.5441 44.9957 3.4
      vertex 76.5441 44.9957 3.79999
    endloop
  endfacet
  facet normal -0.960913 -0.276851 0
    outer loop
      vertex 76.5184 45.1524 3.4
      vertex 76.4755 45.3013 3.79999
      vertex 76.4755 45.3013 3.4
    endloop
  endfacet
  facet normal -0.960913 -0.276851 0
    outer loop
      vertex 76.4755 45.3013 3.79999
      vertex 76.5184 45.1524 3.4
      vertex 76.5184 45.1524 3.79999
    endloop
  endfacet
  facet normal -0.919819 -0.392343 0
    outer loop
      vertex 76.4755 45.3013 3.4
      vertex 76.4154 45.4422 3.79999
      vertex 76.4154 45.4422 3.4
    endloop
  endfacet
  facet normal -0.919819 -0.392343 0
    outer loop
      vertex 76.4154 45.4422 3.79999
      vertex 76.4755 45.3013 3.4
      vertex 76.4755 45.3013 3.79999
    endloop
  endfacet
  facet normal -0.865026 -0.501728 0
    outer loop
      vertex 76.4154 45.4422 3.4
      vertex 76.3382 45.5753 3.79999
      vertex 76.3382 45.5753 3.4
    endloop
  endfacet
  facet normal -0.865026 -0.501728 0
    outer loop
      vertex 76.3382 45.5753 3.79999
      vertex 76.4154 45.4422 3.4
      vertex 76.4154 45.4422 3.79999
    endloop
  endfacet
  facet normal -0.798235 -0.602346 0
    outer loop
      vertex 76.3382 45.5753 3.4
      vertex 76.2438 45.7004 3.79999
      vertex 76.2438 45.7004 3.4
    endloop
  endfacet
  facet normal -0.798235 -0.602346 0
    outer loop
      vertex 76.2438 45.7004 3.79999
      vertex 76.3382 45.5753 3.4
      vertex 76.3382 45.5753 3.79999
    endloop
  endfacet
  facet normal -0.724799 -0.688961 0
    outer loop
      vertex 76.2438 45.7004 3.4
      vertex 76.1323 45.8177 3.79999
      vertex 76.1323 45.8177 3.4
    endloop
  endfacet
  facet normal -0.724799 -0.688961 0
    outer loop
      vertex 76.1323 45.8177 3.79999
      vertex 76.2438 45.7004 3.4
      vertex 76.2438 45.7004 3.79999
    endloop
  endfacet
  facet normal -0.639467 -0.768818 0
    outer loop
      vertex 76.0057 45.923 3.4
      vertex 76.1323 45.8177 3.79999
      vertex 76.0057 45.923 3.79999
    endloop
  endfacet
  facet normal -0.639467 -0.768818 -0
    outer loop
      vertex 76.1323 45.8177 3.79999
      vertex 76.0057 45.923 3.4
      vertex 76.1323 45.8177 3.4
    endloop
  endfacet
  facet normal -0.538127 -0.842864 0
    outer loop
      vertex 75.8663 46.012 3.4
      vertex 76.0057 45.923 3.79999
      vertex 75.8663 46.012 3.79999
    endloop
  endfacet
  facet normal -0.538127 -0.842864 -0
    outer loop
      vertex 76.0057 45.923 3.79999
      vertex 75.8663 46.012 3.4
      vertex 76.0057 45.923 3.4
    endloop
  endfacet
  facet normal -0.431749 -0.901994 0
    outer loop
      vertex 75.714 46.0849 3.4
      vertex 75.8663 46.012 3.79999
      vertex 75.714 46.0849 3.79999
    endloop
  endfacet
  facet normal -0.431749 -0.901994 -0
    outer loop
      vertex 75.8663 46.012 3.79999
      vertex 75.714 46.0849 3.4
      vertex 75.8663 46.012 3.4
    endloop
  endfacet
  facet normal -0.324632 -0.945841 0
    outer loop
      vertex 75.5488 46.1416 3.4
      vertex 75.714 46.0849 3.79999
      vertex 75.5488 46.1416 3.79999
    endloop
  endfacet
  facet normal -0.324632 -0.945841 -0
    outer loop
      vertex 75.714 46.0849 3.79999
      vertex 75.5488 46.1416 3.4
      vertex 75.714 46.0849 3.4
    endloop
  endfacet
  facet normal -0.221337 -0.975197 0
    outer loop
      vertex 75.3708 46.182 3.4
      vertex 75.5488 46.1416 3.79999
      vertex 75.3708 46.182 3.79999
    endloop
  endfacet
  facet normal -0.221337 -0.975197 -0
    outer loop
      vertex 75.5488 46.1416 3.79999
      vertex 75.3708 46.182 3.4
      vertex 75.5488 46.1416 3.4
    endloop
  endfacet
  facet normal -0.126208 -0.992004 0
    outer loop
      vertex 75.1798 46.2063 3.4
      vertex 75.3708 46.182 3.79999
      vertex 75.1798 46.2063 3.79999
    endloop
  endfacet
  facet normal -0.126208 -0.992004 -0
    outer loop
      vertex 75.3708 46.182 3.79999
      vertex 75.1798 46.2063 3.4
      vertex 75.3708 46.182 3.4
    endloop
  endfacet
  facet normal -0.039733 -0.99921 0
    outer loop
      vertex 74.9761 46.2144 3.4
      vertex 75.1798 46.2063 3.79999
      vertex 74.9761 46.2144 3.79999
    endloop
  endfacet
  facet normal -0.039733 -0.99921 -0
    outer loop
      vertex 75.1798 46.2063 3.79999
      vertex 74.9761 46.2144 3.4
      vertex 75.1798 46.2063 3.4
    endloop
  endfacet
  facet normal 0.0373471 -0.999302 0
    outer loop
      vertex 74.7888 46.2074 3.4
      vertex 74.9761 46.2144 3.79999
      vertex 74.7888 46.2074 3.79999
    endloop
  endfacet
  facet normal 0.0373471 -0.999302 0
    outer loop
      vertex 74.9761 46.2144 3.79999
      vertex 74.7888 46.2074 3.4
      vertex 74.9761 46.2144 3.4
    endloop
  endfacet
  facet normal 0.11655 -0.993185 0
    outer loop
      vertex 74.6107 46.1865 3.4
      vertex 74.7888 46.2074 3.79999
      vertex 74.6107 46.1865 3.79999
    endloop
  endfacet
  facet normal 0.11655 -0.993185 0
    outer loop
      vertex 74.7888 46.2074 3.79999
      vertex 74.6107 46.1865 3.4
      vertex 74.7888 46.2074 3.4
    endloop
  endfacet
  facet normal 0.202797 -0.979221 0
    outer loop
      vertex 74.4417 46.1515 3.4
      vertex 74.6107 46.1865 3.79999
      vertex 74.4417 46.1515 3.79999
    endloop
  endfacet
  facet normal 0.202797 -0.979221 0
    outer loop
      vertex 74.6107 46.1865 3.79999
      vertex 74.4417 46.1515 3.4
      vertex 74.6107 46.1865 3.4
    endloop
  endfacet
  facet normal 0.292614 -0.956231 0
    outer loop
      vertex 74.2819 46.1026 3.4
      vertex 74.4417 46.1515 3.79999
      vertex 74.2819 46.1026 3.79999
    endloop
  endfacet
  facet normal 0.292614 -0.956231 0
    outer loop
      vertex 74.4417 46.1515 3.79999
      vertex 74.2819 46.1026 3.4
      vertex 74.4417 46.1515 3.4
    endloop
  endfacet
  facet normal 0.385181 -0.922841 0
    outer loop
      vertex 74.1312 46.0397 3.4
      vertex 74.2819 46.1026 3.79999
      vertex 74.1312 46.0397 3.79999
    endloop
  endfacet
  facet normal 0.385181 -0.922841 0
    outer loop
      vertex 74.2819 46.1026 3.79999
      vertex 74.1312 46.0397 3.4
      vertex 74.2819 46.1026 3.4
    endloop
  endfacet
  facet normal 0.477243 -0.878772 0
    outer loop
      vertex 73.9896 45.9628 3.4
      vertex 74.1312 46.0397 3.79999
      vertex 73.9896 45.9628 3.79999
    endloop
  endfacet
  facet normal 0.477243 -0.878772 0
    outer loop
      vertex 74.1312 46.0397 3.79999
      vertex 73.9896 45.9628 3.4
      vertex 74.1312 46.0397 3.4
    endloop
  endfacet
  facet normal 0.565577 -0.824696 0
    outer loop
      vertex 73.8572 45.872 3.4
      vertex 73.9896 45.9628 3.79999
      vertex 73.8572 45.872 3.79999
    endloop
  endfacet
  facet normal 0.565577 -0.824696 0
    outer loop
      vertex 73.9896 45.9628 3.79999
      vertex 73.8572 45.872 3.4
      vertex 73.9896 45.9628 3.4
    endloop
  endfacet
  facet normal 0.663631 -0.74806 0
    outer loop
      vertex 73.7367 45.7651 3.4
      vertex 73.8572 45.872 3.79999
      vertex 73.7367 45.7651 3.79999
    endloop
  endfacet
  facet normal 0.663631 -0.74806 0
    outer loop
      vertex 73.8572 45.872 3.79999
      vertex 73.7367 45.7651 3.4
      vertex 73.8572 45.872 3.4
    endloop
  endfacet
  facet normal 0.763849 -0.645395 0
    outer loop
      vertex 73.631 45.64 3.79999
      vertex 73.7367 45.7651 3.4
      vertex 73.7367 45.7651 3.79999
    endloop
  endfacet
  facet normal 0.763849 -0.645395 0
    outer loop
      vertex 73.7367 45.7651 3.4
      vertex 73.631 45.64 3.79999
      vertex 73.631 45.64 3.4
    endloop
  endfacet
  facet normal 0.844365 -0.535768 0
    outer loop
      vertex 73.5402 45.4969 3.79999
      vertex 73.631 45.64 3.4
      vertex 73.631 45.64 3.79999
    endloop
  endfacet
  facet normal 0.844365 -0.535768 0
    outer loop
      vertex 73.631 45.64 3.4
      vertex 73.5402 45.4969 3.79999
      vertex 73.5402 45.4969 3.4
    endloop
  endfacet
  facet normal 0.904399 -0.426688 0
    outer loop
      vertex 73.4641 45.3356 3.79999
      vertex 73.5402 45.4969 3.4
      vertex 73.5402 45.4969 3.79999
    endloop
  endfacet
  facet normal 0.904399 -0.426688 0
    outer loop
      vertex 73.5402 45.4969 3.4
      vertex 73.4641 45.3356 3.79999
      vertex 73.4641 45.3356 3.4
    endloop
  endfacet
  facet normal 0.946499 -0.322706 0
    outer loop
      vertex 73.4029 45.1561 3.79999
      vertex 73.4641 45.3356 3.4
      vertex 73.4641 45.3356 3.79999
    endloop
  endfacet
  facet normal 0.946499 -0.322706 0
    outer loop
      vertex 73.4641 45.3356 3.4
      vertex 73.4029 45.1561 3.79999
      vertex 73.4029 45.1561 3.4
    endloop
  endfacet
  facet normal 0.973385 -0.229177 0
    outer loop
      vertex 73.3564 44.9586 3.79999
      vertex 73.4029 45.1561 3.4
      vertex 73.4029 45.1561 3.79999
    endloop
  endfacet
  facet normal 0.973385 -0.229177 0
    outer loop
      vertex 73.4029 45.1561 3.4
      vertex 73.3564 44.9586 3.79999
      vertex 73.3564 44.9586 3.4
    endloop
  endfacet
  facet normal 0.989439 -0.144953 0
    outer loop
      vertex 73.3248 44.7429 3.79999
      vertex 73.3564 44.9586 3.4
      vertex 73.3564 44.9586 3.79999
    endloop
  endfacet
  facet normal 0.989439 -0.144953 0
    outer loop
      vertex 73.3564 44.9586 3.4
      vertex 73.3248 44.7429 3.79999
      vertex 73.3248 44.7429 3.4
    endloop
  endfacet
  facet normal 0.0994622 0.995041 -0
    outer loop
      vertex 74.2742 44.648 3.4
      vertex 73.3248 44.7429 3.79999
      vertex 74.2742 44.648 3.79999
    endloop
  endfacet
  facet normal 0.0994622 0.995041 0
    outer loop
      vertex 73.3248 44.7429 3.79999
      vertex 74.2742 44.648 3.4
      vertex 73.3248 44.7429 3.4
    endloop
  endfacet
  facet normal -0.995566 0.0940692 0
    outer loop
      vertex 74.2742 44.648 3.4
      vertex 74.285 44.7623 3.79999
      vertex 74.285 44.7623 3.4
    endloop
  endfacet
  facet normal -0.995566 0.0940692 0
    outer loop
      vertex 74.285 44.7623 3.79999
      vertex 74.2742 44.648 3.4
      vertex 74.2742 44.648 3.79999
    endloop
  endfacet
  facet normal -0.987198 0.159499 0
    outer loop
      vertex 74.285 44.7623 3.4
      vertex 74.3019 44.8669 3.79999
      vertex 74.3019 44.8669 3.4
    endloop
  endfacet
  facet normal -0.987198 0.159499 0
    outer loop
      vertex 74.3019 44.8669 3.79999
      vertex 74.285 44.7623 3.4
      vertex 74.285 44.7623 3.79999
    endloop
  endfacet
  facet normal -0.972155 0.23434 0
    outer loop
      vertex 74.3019 44.8669 3.4
      vertex 74.3248 44.9619 3.79999
      vertex 74.3248 44.9619 3.4
    endloop
  endfacet
  facet normal -0.972155 0.23434 0
    outer loop
      vertex 74.3248 44.9619 3.79999
      vertex 74.3019 44.8669 3.4
      vertex 74.3019 44.8669 3.79999
    endloop
  endfacet
  facet normal -0.946325 0.323217 0
    outer loop
      vertex 74.3248 44.9619 3.4
      vertex 74.3539 45.0471 3.79999
      vertex 74.3539 45.0471 3.4
    endloop
  endfacet
  facet normal -0.946325 0.323217 0
    outer loop
      vertex 74.3539 45.0471 3.79999
      vertex 74.3248 44.9619 3.4
      vertex 74.3248 44.9619 3.79999
    endloop
  endfacet
  facet normal -0.907009 0.421111 0
    outer loop
      vertex 74.3539 45.0471 3.4
      vertex 74.389 45.1227 3.79999
      vertex 74.389 45.1227 3.4
    endloop
  endfacet
  facet normal -0.907009 0.421111 0
    outer loop
      vertex 74.389 45.1227 3.79999
      vertex 74.3539 45.0471 3.4
      vertex 74.3539 45.0471 3.79999
    endloop
  endfacet
  facet normal -0.846984 0.531618 0
    outer loop
      vertex 74.389 45.1227 3.4
      vertex 74.4303 45.1885 3.79999
      vertex 74.4303 45.1885 3.4
    endloop
  endfacet
  facet normal -0.846984 0.531618 0
    outer loop
      vertex 74.4303 45.1885 3.79999
      vertex 74.389 45.1227 3.4
      vertex 74.389 45.1227 3.79999
    endloop
  endfacet
  facet normal -0.765088 0.643926 0
    outer loop
      vertex 74.4303 45.1885 3.4
      vertex 74.4776 45.2447 3.79999
      vertex 74.4776 45.2447 3.4
    endloop
  endfacet
  facet normal -0.765088 0.643926 0
    outer loop
      vertex 74.4776 45.2447 3.79999
      vertex 74.4303 45.1885 3.4
      vertex 74.4303 45.1885 3.79999
    endloop
  endfacet
  facet normal -0.669663 0.742666 0
    outer loop
      vertex 74.5305 45.2924 3.4
      vertex 74.4776 45.2447 3.79999
      vertex 74.5305 45.2924 3.79999
    endloop
  endfacet
  facet normal -0.669663 0.742666 0
    outer loop
      vertex 74.4776 45.2447 3.79999
      vertex 74.5305 45.2924 3.4
      vertex 74.4776 45.2447 3.4
    endloop
  endfacet
  facet normal -0.571937 0.820297 0
    outer loop
      vertex 74.5883 45.3327 3.4
      vertex 74.5305 45.2924 3.79999
      vertex 74.5883 45.3327 3.79999
    endloop
  endfacet
  facet normal -0.571937 0.820297 0
    outer loop
      vertex 74.5305 45.2924 3.79999
      vertex 74.5883 45.3327 3.4
      vertex 74.5305 45.2924 3.4
    endloop
  endfacet
  facet normal -0.465688 0.884949 0
    outer loop
      vertex 74.6512 45.3658 3.4
      vertex 74.5883 45.3327 3.79999
      vertex 74.6512 45.3658 3.79999
    endloop
  endfacet
  facet normal -0.465688 0.884949 0
    outer loop
      vertex 74.5883 45.3327 3.79999
      vertex 74.6512 45.3658 3.4
      vertex 74.5883 45.3327 3.4
    endloop
  endfacet
  facet normal -0.35324 0.935533 0
    outer loop
      vertex 74.719 45.3914 3.4
      vertex 74.6512 45.3658 3.79999
      vertex 74.719 45.3914 3.79999
    endloop
  endfacet
  facet normal -0.35324 0.935533 0
    outer loop
      vertex 74.6512 45.3658 3.79999
      vertex 74.719 45.3914 3.4
      vertex 74.6512 45.3658 3.4
    endloop
  endfacet
  facet normal -0.245042 0.969513 0
    outer loop
      vertex 74.7918 45.4098 3.4
      vertex 74.719 45.3914 3.79999
      vertex 74.7918 45.4098 3.79999
    endloop
  endfacet
  facet normal -0.245042 0.969513 0
    outer loop
      vertex 74.719 45.3914 3.79999
      vertex 74.7918 45.4098 3.4
      vertex 74.719 45.3914 3.4
    endloop
  endfacet
  facet normal -0.140172 0.990127 0
    outer loop
      vertex 74.8695 45.4208 3.4
      vertex 74.7918 45.4098 3.79999
      vertex 74.8695 45.4208 3.79999
    endloop
  endfacet
  facet normal -0.140172 0.990127 0
    outer loop
      vertex 74.7918 45.4098 3.79999
      vertex 74.8695 45.4208 3.4
      vertex 74.7918 45.4098 3.4
    endloop
  endfacet
  facet normal -0.0434372 0.999056 0
    outer loop
      vertex 74.9523 45.4244 3.4
      vertex 74.8695 45.4208 3.79999
      vertex 74.9523 45.4244 3.79999
    endloop
  endfacet
  facet normal -0.0434372 0.999056 0
    outer loop
      vertex 74.8695 45.4208 3.79999
      vertex 74.9523 45.4244 3.4
      vertex 74.8695 45.4208 3.4
    endloop
  endfacet
  facet normal 0.0418294 0.999125 -0
    outer loop
      vertex 75.0359 45.4209 3.4
      vertex 74.9523 45.4244 3.79999
      vertex 75.0359 45.4209 3.79999
    endloop
  endfacet
  facet normal 0.0418294 0.999125 0
    outer loop
      vertex 74.9523 45.4244 3.79999
      vertex 75.0359 45.4209 3.4
      vertex 74.9523 45.4244 3.4
    endloop
  endfacet
  facet normal 0.133077 0.991106 -0
    outer loop
      vertex 75.1141 45.4104 3.4
      vertex 75.0359 45.4209 3.79999
      vertex 75.1141 45.4104 3.79999
    endloop
  endfacet
  facet normal 0.133077 0.991106 0
    outer loop
      vertex 75.0359 45.4209 3.79999
      vertex 75.1141 45.4104 3.4
      vertex 75.0359 45.4209 3.4
    endloop
  endfacet
  facet normal 0.232162 0.972677 -0
    outer loop
      vertex 75.187 45.393 3.4
      vertex 75.1141 45.4104 3.79999
      vertex 75.187 45.393 3.79999
    endloop
  endfacet
  facet normal 0.232162 0.972677 0
    outer loop
      vertex 75.1141 45.4104 3.79999
      vertex 75.187 45.393 3.4
      vertex 75.1141 45.4104 3.4
    endloop
  endfacet
  facet normal 0.340738 0.940158 -0
    outer loop
      vertex 75.2546 45.3685 3.4
      vertex 75.187 45.393 3.79999
      vertex 75.2546 45.3685 3.79999
    endloop
  endfacet
  facet normal 0.340738 0.940158 0
    outer loop
      vertex 75.187 45.393 3.79999
      vertex 75.2546 45.3685 3.4
      vertex 75.187 45.393 3.4
    endloop
  endfacet
  facet normal 0.450655 0.892698 -0
    outer loop
      vertex 75.3168 45.3371 3.4
      vertex 75.2546 45.3685 3.79999
      vertex 75.3168 45.3371 3.79999
    endloop
  endfacet
  facet normal 0.450655 0.892698 0
    outer loop
      vertex 75.2546 45.3685 3.79999
      vertex 75.3168 45.3371 3.4
      vertex 75.2546 45.3685 3.4
    endloop
  endfacet
  facet normal 0.560397 0.828224 -0
    outer loop
      vertex 75.3737 45.2986 3.4
      vertex 75.3168 45.3371 3.79999
      vertex 75.3737 45.2986 3.79999
    endloop
  endfacet
  facet normal 0.560397 0.828224 0
    outer loop
      vertex 75.3168 45.3371 3.79999
      vertex 75.3737 45.2986 3.4
      vertex 75.3168 45.3371 3.4
    endloop
  endfacet
  facet normal 0.660562 0.750771 -0
    outer loop
      vertex 75.4253 45.2532 3.4
      vertex 75.3737 45.2986 3.79999
      vertex 75.4253 45.2532 3.79999
    endloop
  endfacet
  facet normal 0.660562 0.750771 0
    outer loop
      vertex 75.3737 45.2986 3.79999
      vertex 75.4253 45.2532 3.4
      vertex 75.3737 45.2986 3.4
    endloop
  endfacet
  facet normal 0.752667 0.658402 0
    outer loop
      vertex 75.4707 45.2013 3.79999
      vertex 75.4253 45.2532 3.4
      vertex 75.4253 45.2532 3.79999
    endloop
  endfacet
  facet normal 0.752667 0.658402 0
    outer loop
      vertex 75.4253 45.2532 3.4
      vertex 75.4707 45.2013 3.79999
      vertex 75.4707 45.2013 3.4
    endloop
  endfacet
  facet normal 0.833154 0.553042 0
    outer loop
      vertex 75.5092 45.1433 3.79999
      vertex 75.4707 45.2013 3.4
      vertex 75.4707 45.2013 3.79999
    endloop
  endfacet
  facet normal 0.833154 0.553042 0
    outer loop
      vertex 75.4707 45.2013 3.4
      vertex 75.5092 45.1433 3.79999
      vertex 75.5092 45.1433 3.4
    endloop
  endfacet
  facet normal 0.897768 0.440468 0
    outer loop
      vertex 75.5406 45.0793 3.79999
      vertex 75.5092 45.1433 3.4
      vertex 75.5092 45.1433 3.79999
    endloop
  endfacet
  facet normal 0.897768 0.440468 0
    outer loop
      vertex 75.5092 45.1433 3.4
      vertex 75.5406 45.0793 3.79999
      vertex 75.5406 45.0793 3.4
    endloop
  endfacet
  facet normal 0.943858 0.33035 0
    outer loop
      vertex 75.5651 45.0093 3.79999
      vertex 75.5406 45.0793 3.4
      vertex 75.5406 45.0793 3.79999
    endloop
  endfacet
  facet normal 0.943858 0.33035 0
    outer loop
      vertex 75.5406 45.0793 3.4
      vertex 75.5651 45.0093 3.79999
      vertex 75.5651 45.0093 3.4
    endloop
  endfacet
  facet normal 0.974499 0.224391 0
    outer loop
      vertex 75.5826 44.9333 3.79999
      vertex 75.5651 45.0093 3.4
      vertex 75.5651 45.0093 3.79999
    endloop
  endfacet
  facet normal 0.974499 0.224391 0
    outer loop
      vertex 75.5651 45.0093 3.4
      vertex 75.5826 44.9333 3.79999
      vertex 75.5826 44.9333 3.4
    endloop
  endfacet
  facet normal 0.991901 0.127012 0
    outer loop
      vertex 75.5931 44.8513 3.79999
      vertex 75.5826 44.9333 3.4
      vertex 75.5826 44.9333 3.79999
    endloop
  endfacet
  facet normal 0.991901 0.127012 0
    outer loop
      vertex 75.5826 44.9333 3.4
      vertex 75.5931 44.8513 3.79999
      vertex 75.5931 44.8513 3.4
    endloop
  endfacet
  facet normal 0.999256 0.0385638 0
    outer loop
      vertex 75.5965 44.7632 3.79999
      vertex 75.5931 44.8513 3.4
      vertex 75.5931 44.8513 3.79999
    endloop
  endfacet
  facet normal 0.999256 0.0385638 0
    outer loop
      vertex 75.5931 44.8513 3.4
      vertex 75.5965 44.7632 3.79999
      vertex 75.5965 44.7632 3.4
    endloop
  endfacet
  facet normal 0.998827 -0.048428 0
    outer loop
      vertex 75.5925 44.6807 3.79999
      vertex 75.5965 44.7632 3.4
      vertex 75.5965 44.7632 3.79999
    endloop
  endfacet
  facet normal 0.998827 -0.048428 0
    outer loop
      vertex 75.5965 44.7632 3.4
      vertex 75.5925 44.6807 3.79999
      vertex 75.5925 44.6807 3.4
    endloop
  endfacet
  facet normal 0.989636 -0.143599 0
    outer loop
      vertex 75.5805 44.598 3.79999
      vertex 75.5925 44.6807 3.4
      vertex 75.5925 44.6807 3.79999
    endloop
  endfacet
  facet normal 0.989636 -0.143599 0
    outer loop
      vertex 75.5925 44.6807 3.4
      vertex 75.5805 44.598 3.79999
      vertex 75.5805 44.598 3.4
    endloop
  endfacet
  facet normal 0.971907 -0.235365 0
    outer loop
      vertex 75.5604 44.515 3.79999
      vertex 75.5805 44.598 3.4
      vertex 75.5805 44.598 3.79999
    endloop
  endfacet
  facet normal 0.971907 -0.235365 0
    outer loop
      vertex 75.5805 44.598 3.4
      vertex 75.5604 44.515 3.79999
      vertex 75.5604 44.515 3.4
    endloop
  endfacet
  facet normal 0.94754 -0.319638 0
    outer loop
      vertex 75.5323 44.4317 3.79999
      vertex 75.5604 44.515 3.4
      vertex 75.5604 44.515 3.79999
    endloop
  endfacet
  facet normal 0.94754 -0.319638 0
    outer loop
      vertex 75.5604 44.515 3.4
      vertex 75.5323 44.4317 3.79999
      vertex 75.5323 44.4317 3.4
    endloop
  endfacet
  facet normal 0.918062 -0.396436 0
    outer loop
      vertex 75.4962 44.3481 3.79999
      vertex 75.5323 44.4317 3.4
      vertex 75.5323 44.4317 3.79999
    endloop
  endfacet
  facet normal 0.918062 -0.396436 0
    outer loop
      vertex 75.5323 44.4317 3.4
      vertex 75.4962 44.3481 3.79999
      vertex 75.4962 44.3481 3.4
    endloop
  endfacet
  facet normal 0.88517 -0.465268 0
    outer loop
      vertex 75.4521 44.2642 3.79999
      vertex 75.4962 44.3481 3.4
      vertex 75.4962 44.3481 3.79999
    endloop
  endfacet
  facet normal 0.88517 -0.465268 0
    outer loop
      vertex 75.4962 44.3481 3.4
      vertex 75.4521 44.2642 3.79999
      vertex 75.4521 44.2642 3.4
    endloop
  endfacet
  facet normal 0.84964 -0.527363 0
    outer loop
      vertex 75.3999 44.1801 3.79999
      vertex 75.4521 44.2642 3.4
      vertex 75.4521 44.2642 3.79999
    endloop
  endfacet
  facet normal 0.84964 -0.527363 0
    outer loop
      vertex 75.4521 44.2642 3.4
      vertex 75.3999 44.1801 3.79999
      vertex 75.3999 44.1801 3.4
    endloop
  endfacet
  facet normal 0.799722 -0.600371 0
    outer loop
      vertex 75.3481 44.1111 3.79999
      vertex 75.3999 44.1801 3.4
      vertex 75.3999 44.1801 3.79999
    endloop
  endfacet
  facet normal 0.799722 -0.600371 0
    outer loop
      vertex 75.3999 44.1801 3.4
      vertex 75.3481 44.1111 3.79999
      vertex 75.3481 44.1111 3.4
    endloop
  endfacet
  facet normal 0.76103 -0.648717 0
    outer loop
      vertex 75.2759 44.0264 3.79999
      vertex 75.3481 44.1111 3.4
      vertex 75.3481 44.1111 3.79999
    endloop
  endfacet
  facet normal 0.76103 -0.648717 0
    outer loop
      vertex 75.3481 44.1111 3.4
      vertex 75.2759 44.0264 3.79999
      vertex 75.2759 44.0264 3.4
    endloop
  endfacet
  facet normal 0.735449 -0.67758 0
    outer loop
      vertex 75.1834 43.926 3.79999
      vertex 75.2759 44.0264 3.4
      vertex 75.2759 44.0264 3.79999
    endloop
  endfacet
  facet normal 0.735449 -0.67758 0
    outer loop
      vertex 75.2759 44.0264 3.4
      vertex 75.1834 43.926 3.79999
      vertex 75.1834 43.926 3.4
    endloop
  endfacet
  facet normal 0.717517 -0.696541 0
    outer loop
      vertex 75.0705 43.8097 3.79999
      vertex 75.1834 43.926 3.4
      vertex 75.1834 43.926 3.79999
    endloop
  endfacet
  facet normal 0.717517 -0.696541 0
    outer loop
      vertex 75.1834 43.926 3.4
      vertex 75.0705 43.8097 3.79999
      vertex 75.0705 43.8097 3.4
    endloop
  endfacet
  facet normal 0.7039 -0.710299 0
    outer loop
      vertex 74.9373 43.6777 3.4
      vertex 75.0705 43.8097 3.79999
      vertex 74.9373 43.6777 3.79999
    endloop
  endfacet
  facet normal 0.7039 -0.710299 0
    outer loop
      vertex 75.0705 43.8097 3.79999
      vertex 74.9373 43.6777 3.4
      vertex 75.0705 43.8097 3.4
    endloop
  endfacet
  facet normal 0.693606 -0.720355 0
    outer loop
      vertex 74.7838 43.5299 3.4
      vertex 74.9373 43.6777 3.79999
      vertex 74.7838 43.5299 3.79999
    endloop
  endfacet
  facet normal 0.693606 -0.720355 0
    outer loop
      vertex 74.9373 43.6777 3.79999
      vertex 74.7838 43.5299 3.4
      vertex 74.9373 43.6777 3.4
    endloop
  endfacet
  facet normal 0.685208 -0.728348 0
    outer loop
      vertex 74.6099 43.3663 3.4
      vertex 74.7838 43.5299 3.79999
      vertex 74.6099 43.3663 3.79999
    endloop
  endfacet
  facet normal 0.685208 -0.728348 0
    outer loop
      vertex 74.7838 43.5299 3.79999
      vertex 74.6099 43.3663 3.4
      vertex 74.7838 43.5299 3.4
    endloop
  endfacet
  facet normal 0.687162 -0.726504 0
    outer loop
      vertex 74.392 43.1602 3.4
      vertex 74.6099 43.3663 3.79999
      vertex 74.392 43.1602 3.79999
    endloop
  endfacet
  facet normal 0.687162 -0.726504 0
    outer loop
      vertex 74.6099 43.3663 3.79999
      vertex 74.392 43.1602 3.4
      vertex 74.6099 43.3663 3.4
    endloop
  endfacet
  facet normal 0.703475 -0.71072 0
    outer loop
      vertex 74.1958 42.966 3.4
      vertex 74.392 43.1602 3.79999
      vertex 74.1958 42.966 3.79999
    endloop
  endfacet
  facet normal 0.703475 -0.71072 0
    outer loop
      vertex 74.392 43.1602 3.79999
      vertex 74.1958 42.966 3.4
      vertex 74.392 43.1602 3.4
    endloop
  endfacet
  facet normal 0.721996 -0.691897 0
    outer loop
      vertex 74.0211 42.7837 3.79999
      vertex 74.1958 42.966 3.4
      vertex 74.1958 42.966 3.79999
    endloop
  endfacet
  facet normal 0.721996 -0.691897 0
    outer loop
      vertex 74.1958 42.966 3.4
      vertex 74.0211 42.7837 3.79999
      vertex 74.0211 42.7837 3.4
    endloop
  endfacet
  facet normal 0.743685 -0.66853 0
    outer loop
      vertex 73.8681 42.6135 3.79999
      vertex 74.0211 42.7837 3.4
      vertex 74.0211 42.7837 3.79999
    endloop
  endfacet
  facet normal 0.743685 -0.66853 0
    outer loop
      vertex 74.0211 42.7837 3.4
      vertex 73.8681 42.6135 3.79999
      vertex 73.8681 42.6135 3.4
    endloop
  endfacet
  facet normal 0.769216 -0.638989 0
    outer loop
      vertex 73.7366 42.4552 3.79999
      vertex 73.8681 42.6135 3.4
      vertex 73.8681 42.6135 3.79999
    endloop
  endfacet
  facet normal 0.769216 -0.638989 0
    outer loop
      vertex 73.8681 42.6135 3.4
      vertex 73.7366 42.4552 3.79999
      vertex 73.7366 42.4552 3.4
    endloop
  endfacet
  facet normal 0.799738 -0.60035 0
    outer loop
      vertex 73.6267 42.3088 3.79999
      vertex 73.7366 42.4552 3.4
      vertex 73.7366 42.4552 3.79999
    endloop
  endfacet
  facet normal 0.799738 -0.60035 0
    outer loop
      vertex 73.7366 42.4552 3.4
      vertex 73.6267 42.3088 3.79999
      vertex 73.6267 42.3088 3.4
    endloop
  endfacet
  facet normal 0.835575 -0.549377 0
    outer loop
      vertex 73.5384 42.1745 3.79999
      vertex 73.6267 42.3088 3.4
      vertex 73.6267 42.3088 3.79999
    endloop
  endfacet
  facet normal 0.835575 -0.549377 0
    outer loop
      vertex 73.6267 42.3088 3.4
      vertex 73.5384 42.1745 3.79999
      vertex 73.5384 42.1745 3.4
    endloop
  endfacet
  facet normal 0.870676 -0.491858 0
    outer loop
      vertex 73.4653 42.0451 3.79999
      vertex 73.5384 42.1745 3.4
      vertex 73.5384 42.1745 3.79999
    endloop
  endfacet
  facet normal 0.870676 -0.491858 0
    outer loop
      vertex 73.5384 42.1745 3.4
      vertex 73.4653 42.0451 3.79999
      vertex 73.4653 42.0451 3.4
    endloop
  endfacet
  facet normal 0.898755 -0.438451 0
    outer loop
      vertex 73.4011 41.9135 3.79999
      vertex 73.4653 42.0451 3.4
      vertex 73.4653 42.0451 3.79999
    endloop
  endfacet
  facet normal 0.898755 -0.438451 0
    outer loop
      vertex 73.4653 42.0451 3.4
      vertex 73.4011 41.9135 3.79999
      vertex 73.4011 41.9135 3.4
    endloop
  endfacet
  facet normal 0.924076 -0.382209 0
    outer loop
      vertex 73.3458 41.7798 3.79999
      vertex 73.4011 41.9135 3.4
      vertex 73.4011 41.9135 3.79999
    endloop
  endfacet
  facet normal 0.924076 -0.382209 0
    outer loop
      vertex 73.4011 41.9135 3.4
      vertex 73.3458 41.7798 3.79999
      vertex 73.3458 41.7798 3.4
    endloop
  endfacet
  facet normal 0.946147 -0.323737 0
    outer loop
      vertex 73.2993 41.6439 3.79999
      vertex 73.3458 41.7798 3.4
      vertex 73.3458 41.7798 3.79999
    endloop
  endfacet
  facet normal 0.946147 -0.323737 0
    outer loop
      vertex 73.3458 41.7798 3.4
      vertex 73.2993 41.6439 3.79999
      vertex 73.2993 41.6439 3.4
    endloop
  endfacet
  facet normal 0.964651 -0.263531 0
    outer loop
      vertex 73.2616 41.5059 3.79999
      vertex 73.2993 41.6439 3.4
      vertex 73.2993 41.6439 3.79999
    endloop
  endfacet
  facet normal 0.964651 -0.263531 0
    outer loop
      vertex 73.2993 41.6439 3.4
      vertex 73.2616 41.5059 3.79999
      vertex 73.2616 41.5059 3.4
    endloop
  endfacet
  facet normal 0.979546 -0.201219 0
    outer loop
      vertex 73.2328 41.3657 3.79999
      vertex 73.2616 41.5059 3.4
      vertex 73.2616 41.5059 3.79999
    endloop
  endfacet
  facet normal 0.979546 -0.201219 0
    outer loop
      vertex 73.2616 41.5059 3.4
      vertex 73.2328 41.3657 3.79999
      vertex 73.2328 41.3657 3.4
    endloop
  endfacet
  facet normal 0.990363 -0.138498 0
    outer loop
      vertex 73.2129 41.2234 3.79999
      vertex 73.2328 41.3657 3.4
      vertex 73.2328 41.3657 3.79999
    endloop
  endfacet
  facet normal 0.990363 -0.138498 0
    outer loop
      vertex 73.2328 41.3657 3.4
      vertex 73.2129 41.2234 3.79999
      vertex 73.2129 41.2234 3.4
    endloop
  endfacet
  facet normal 0 1 -0
    outer loop
      vertex 76.5527 41.2234 3.4
      vertex 73.2129 41.2234 3.79999
      vertex 76.5527 41.2234 3.79999
    endloop
  endfacet
  facet normal 0 1 0
    outer loop
      vertex 73.2129 41.2234 3.79999
      vertex 76.5527 41.2234 3.4
      vertex 73.2129 41.2234 3.4
    endloop
  endfacet
  facet normal -1 0 0
    outer loop
      vertex 76.5527 41.2234 3.4
      vertex 76.5527 42.1084 3.79999
      vertex 76.5527 42.1084 3.4
    endloop
  endfacet
  facet normal -1 -0 0
    outer loop
      vertex 76.5527 42.1084 3.79999
      vertex 76.5527 41.2234 3.4
      vertex 76.5527 41.2234 3.79999
    endloop
  endfacet
  facet normal 0 1 -0
    outer loop
      vertex 54.8516 43.0984 3.4
      vertex 54.1972 43.0984 3.79999
      vertex 54.8516 43.0984 3.79999
    endloop
  endfacet
  facet normal 0 1 0
    outer loop
      vertex 54.1972 43.0984 3.79999
      vertex 54.8516 43.0984 3.4
      vertex 54.1972 43.0984 3.4
    endloop
  endfacet
  facet normal -0.00797423 0.999968 0
    outer loop
      vertex 55.0397 43.0999 3.4
      vertex 54.8516 43.0984 3.79999
      vertex 55.0397 43.0999 3.79999
    endloop
  endfacet
  facet normal -0.00797423 0.999968 0
    outer loop
      vertex 54.8516 43.0984 3.79999
      vertex 55.0397 43.0999 3.4
      vertex 54.8516 43.0984 3.4
    endloop
  endfacet
  facet normal -0.0251349 0.999684 0
    outer loop
      vertex 55.2147 43.1043 3.4
      vertex 55.0397 43.0999 3.79999
      vertex 55.2147 43.1043 3.79999
    endloop
  endfacet
  facet normal -0.0251349 0.999684 0
    outer loop
      vertex 55.0397 43.0999 3.79999
      vertex 55.2147 43.1043 3.4
      vertex 55.0397 43.0999 3.4
    endloop
  endfacet
  facet normal -0.044428 0.999013 0
    outer loop
      vertex 55.3766 43.1115 3.4
      vertex 55.2147 43.1043 3.79999
      vertex 55.3766 43.1115 3.79999
    endloop
  endfacet
  facet normal -0.044428 0.999013 0
    outer loop
      vertex 55.2147 43.1043 3.79999
      vertex 55.3766 43.1115 3.4
      vertex 55.2147 43.1043 3.4
    endloop
  endfacet
  facet normal -0.0684337 0.997656 0
    outer loop
      vertex 55.5253 43.1217 3.4
      vertex 55.3766 43.1115 3.79999
      vertex 55.5253 43.1217 3.79999
    endloop
  endfacet
  facet normal -0.0684337 0.997656 0
    outer loop
      vertex 55.3766 43.1115 3.79999
      vertex 55.5253 43.1217 3.4
      vertex 55.3766 43.1115 3.4
    endloop
  endfacet
  facet normal -0.0962303 0.995359 0
    outer loop
      vertex 55.6608 43.1348 3.4
      vertex 55.5253 43.1217 3.79999
      vertex 55.6608 43.1348 3.79999
    endloop
  endfacet
  facet normal -0.0962303 0.995359 0
    outer loop
      vertex 55.5253 43.1217 3.79999
      vertex 55.6608 43.1348 3.4
      vertex 55.5253 43.1217 3.4
    endloop
  endfacet
  facet normal -0.129512 0.991578 0
    outer loop
      vertex 55.7833 43.1508 3.4
      vertex 55.6608 43.1348 3.79999
      vertex 55.7833 43.1508 3.79999
    endloop
  endfacet
  facet normal -0.129512 0.991578 0
    outer loop
      vertex 55.6608 43.1348 3.79999
      vertex 55.7833 43.1508 3.4
      vertex 55.6608 43.1348 3.4
    endloop
  endfacet
  facet normal -0.169665 0.985502 0
    outer loop
      vertex 55.8925 43.1696 3.4
      vertex 55.7833 43.1508 3.79999
      vertex 55.8925 43.1696 3.79999
    endloop
  endfacet
  facet normal -0.169665 0.985502 0
    outer loop
      vertex 55.7833 43.1508 3.79999
      vertex 55.8925 43.1696 3.4
      vertex 55.7833 43.1508 3.4
    endloop
  endfacet
  facet normal -0.244351 0.969687 0
    outer loop
      vertex 55.9679 43.1886 3.4
      vertex 55.8925 43.1696 3.79999
      vertex 55.9679 43.1886 3.79999
    endloop
  endfacet
  facet normal -0.244351 0.969687 0
    outer loop
      vertex 55.8925 43.1696 3.79999
      vertex 55.9679 43.1886 3.4
      vertex 55.8925 43.1696 3.4
    endloop
  endfacet
  facet normal -0.302469 0.953159 0
    outer loop
      vertex 56.0429 43.2124 3.4
      vertex 55.9679 43.1886 3.79999
      vertex 56.0429 43.2124 3.79999
    endloop
  endfacet
  facet normal -0.302469 0.953159 0
    outer loop
      vertex 55.9679 43.1886 3.79999
      vertex 56.0429 43.2124 3.4
      vertex 55.9679 43.1886 3.4
    endloop
  endfacet
  facet normal -0.359732 0.933056 0
    outer loop
      vertex 56.1176 43.2412 3.4
      vertex 56.0429 43.2124 3.79999
      vertex 56.1176 43.2412 3.79999
    endloop
  endfacet
  facet normal -0.359732 0.933056 0
    outer loop
      vertex 56.0429 43.2124 3.79999
      vertex 56.1176 43.2412 3.4
      vertex 56.0429 43.2124 3.4
    endloop
  endfacet
  facet normal -0.411587 0.911371 0
    outer loop
      vertex 56.192 43.2748 3.4
      vertex 56.1176 43.2412 3.79999
      vertex 56.192 43.2748 3.79999
    endloop
  endfacet
  facet normal -0.411587 0.911371 0
    outer loop
      vertex 56.1176 43.2412 3.79999
      vertex 56.192 43.2748 3.4
      vertex 56.1176 43.2412 3.4
    endloop
  endfacet
  facet normal -0.462484 0.886628 0
    outer loop
      vertex 56.266 43.3134 3.4
      vertex 56.192 43.2748 3.79999
      vertex 56.266 43.3134 3.79999
    endloop
  endfacet
  facet normal -0.462484 0.886628 0
    outer loop
      vertex 56.192 43.2748 3.79999
      vertex 56.266 43.3134 3.4
      vertex 56.192 43.2748 3.4
    endloop
  endfacet
  facet normal -0.508808 0.86088 0
    outer loop
      vertex 56.3396 43.3569 3.4
      vertex 56.266 43.3134 3.79999
      vertex 56.3396 43.3569 3.79999
    endloop
  endfacet
  facet normal -0.508808 0.86088 0
    outer loop
      vertex 56.266 43.3134 3.79999
      vertex 56.3396 43.3569 3.4
      vertex 56.266 43.3134 3.4
    endloop
  endfacet
  facet normal -0.550494 0.834839 0
    outer loop
      vertex 56.413 43.4053 3.4
      vertex 56.3396 43.3569 3.79999
      vertex 56.413 43.4053 3.79999
    endloop
  endfacet
  facet normal -0.550494 0.834839 0
    outer loop
      vertex 56.3396 43.3569 3.79999
      vertex 56.413 43.4053 3.4
      vertex 56.3396 43.3569 3.4
    endloop
  endfacet
  facet normal -0.600896 0.799327 0
    outer loop
      vertex 56.4843 43.4589 3.4
      vertex 56.413 43.4053 3.79999
      vertex 56.4843 43.4589 3.79999
    endloop
  endfacet
  facet normal -0.600896 0.799327 0
    outer loop
      vertex 56.413 43.4053 3.79999
      vertex 56.4843 43.4589 3.4
      vertex 56.413 43.4053 3.4
    endloop
  endfacet
  facet normal -0.658189 0.752853 0
    outer loop
      vertex 56.5519 43.518 3.4
      vertex 56.4843 43.4589 3.79999
      vertex 56.5519 43.518 3.79999
    endloop
  endfacet
  facet normal -0.658189 0.752853 0
    outer loop
      vertex 56.4843 43.4589 3.79999
      vertex 56.5519 43.518 3.4
      vertex 56.4843 43.4589 3.4
    endloop
  endfacet
  facet normal -0.709853 0.70435 0
    outer loop
      vertex 56.5519 43.518 3.4
      vertex 56.6159 43.5825 3.79999
      vertex 56.6159 43.5825 3.4
    endloop
  endfacet
  facet normal -0.709853 0.70435 0
    outer loop
      vertex 56.6159 43.5825 3.79999
      vertex 56.5519 43.518 3.4
      vertex 56.5519 43.518 3.79999
    endloop
  endfacet
  facet normal -0.75765 0.652661 0
    outer loop
      vertex 56.6159 43.5825 3.4
      vertex 56.6762 43.6525 3.79999
      vertex 56.6762 43.6525 3.4
    endloop
  endfacet
  facet normal -0.75765 0.652661 0
    outer loop
      vertex 56.6762 43.6525 3.79999
      vertex 56.6159 43.5825 3.4
      vertex 56.6159 43.5825 3.79999
    endloop
  endfacet
  facet normal -0.799745 0.600339 0
    outer loop
      vertex 56.6762 43.6525 3.4
      vertex 56.7328 43.7279 3.79999
      vertex 56.7328 43.7279 3.4
    endloop
  endfacet
  facet normal -0.799745 0.600339 0
    outer loop
      vertex 56.7328 43.7279 3.79999
      vertex 56.6762 43.6525 3.4
      vertex 56.6762 43.6525 3.79999
    endloop
  endfacet
  facet normal -0.836477 0.548001 0
    outer loop
      vertex 56.7328 43.7279 3.4
      vertex 56.7858 43.8088 3.79999
      vertex 56.7858 43.8088 3.4
    endloop
  endfacet
  facet normal -0.836477 0.548001 0
    outer loop
      vertex 56.7858 43.8088 3.79999
      vertex 56.7328 43.7279 3.4
      vertex 56.7328 43.7279 3.79999
    endloop
  endfacet
  facet normal -0.868552 0.495598 0
    outer loop
      vertex 56.7858 43.8088 3.4
      vertex 56.8351 43.8952 3.79999
      vertex 56.8351 43.8952 3.4
    endloop
  endfacet
  facet normal -0.868552 0.495598 0
    outer loop
      vertex 56.8351 43.8952 3.79999
      vertex 56.7858 43.8088 3.4
      vertex 56.7858 43.8088 3.79999
    endloop
  endfacet
  facet normal -0.901935 0.431871 0
    outer loop
      vertex 56.8351 43.8952 3.4
      vertex 56.8792 43.9873 3.79999
      vertex 56.8792 43.9873 3.4
    endloop
  endfacet
  facet normal -0.901935 0.431871 0
    outer loop
      vertex 56.8792 43.9873 3.79999
      vertex 56.8351 43.8952 3.4
      vertex 56.8351 43.8952 3.79999
    endloop
  endfacet
  facet normal -0.934714 0.355401 0
    outer loop
      vertex 56.8792 43.9873 3.4
      vertex 56.9165 44.0854 3.79999
      vertex 56.9165 44.0854 3.4
    endloop
  endfacet
  facet normal -0.934714 0.355401 0
    outer loop
      vertex 56.9165 44.0854 3.79999
      vertex 56.8792 43.9873 3.4
      vertex 56.8792 43.9873 3.79999
    endloop
  endfacet
  facet normal -0.959586 0.281417 0
    outer loop
      vertex 56.9165 44.0854 3.4
      vertex 56.947 44.1894 3.79999
      vertex 56.947 44.1894 3.4
    endloop
  endfacet
  facet normal -0.959586 0.281417 0
    outer loop
      vertex 56.947 44.1894 3.79999
      vertex 56.9165 44.0854 3.4
      vertex 56.9165 44.0854 3.79999
    endloop
  endfacet
  facet normal -0.977568 0.210621 0
    outer loop
      vertex 56.947 44.1894 3.4
      vertex 56.9707 44.2994 3.79999
      vertex 56.9707 44.2994 3.4
    endloop
  endfacet
  facet normal -0.977568 0.210621 0
    outer loop
      vertex 56.9707 44.2994 3.79999
      vertex 56.947 44.1894 3.4
      vertex 56.947 44.1894 3.79999
    endloop
  endfacet
  facet normal -0.989413 0.145125 0
    outer loop
      vertex 56.9707 44.2994 3.4
      vertex 56.9877 44.4153 3.79999
      vertex 56.9877 44.4153 3.4
    endloop
  endfacet
  facet normal -0.989413 0.145125 0
    outer loop
      vertex 56.9877 44.4153 3.79999
      vertex 56.9707 44.2994 3.4
      vertex 56.9707 44.2994 3.79999
    endloop
  endfacet
  facet normal -0.996512 0.0834517 0
    outer loop
      vertex 56.9877 44.4153 3.4
      vertex 56.9979 44.5371 3.79999
      vertex 56.9979 44.5371 3.4
    endloop
  endfacet
  facet normal -0.996512 0.0834517 0
    outer loop
      vertex 56.9979 44.5371 3.79999
      vertex 56.9877 44.4153 3.4
      vertex 56.9877 44.4153 3.79999
    endloop
  endfacet
  facet normal -0.999646 0.0265947 0
    outer loop
      vertex 56.9979 44.5371 3.4
      vertex 57.0013 44.6649 3.79999
      vertex 57.0013 44.6649 3.4
    endloop
  endfacet
  facet normal -0.999646 0.0265947 0
    outer loop
      vertex 57.0013 44.6649 3.79999
      vertex 56.9979 44.5371 3.4
      vertex 56.9979 44.5371 3.79999
    endloop
  endfacet
  facet normal -0.999362 -0.0357131 0
    outer loop
      vertex 57.0013 44.6649 3.4
      vertex 56.9954 44.83 3.79999
      vertex 56.9954 44.83 3.4
    endloop
  endfacet
  facet normal -0.999362 -0.0357131 0
    outer loop
      vertex 56.9954 44.83 3.79999
      vertex 57.0013 44.6649 3.4
      vertex 57.0013 44.6649 3.79999
    endloop
  endfacet
  facet normal -0.993633 -0.112667 0
    outer loop
      vertex 56.9954 44.83 3.4
      vertex 56.9777 44.9861 3.79999
      vertex 56.9777 44.9861 3.4
    endloop
  endfacet
  facet normal -0.993633 -0.112667 0
    outer loop
      vertex 56.9777 44.9861 3.79999
      vertex 56.9954 44.83 3.4
      vertex 56.9954 44.83 3.79999
    endloop
  endfacet
  facet normal -0.980657 -0.195732 0
    outer loop
      vertex 56.9777 44.9861 3.4
      vertex 56.9483 45.1334 3.79999
      vertex 56.9483 45.1334 3.4
    endloop
  endfacet
  facet normal -0.980657 -0.195732 0
    outer loop
      vertex 56.9483 45.1334 3.79999
      vertex 56.9777 44.9861 3.4
      vertex 56.9777 44.9861 3.79999
    endloop
  endfacet
  facet normal -0.958321 -0.285693 0
    outer loop
      vertex 56.9483 45.1334 3.4
      vertex 56.9071 45.2716 3.79999
      vertex 56.9071 45.2716 3.4
    endloop
  endfacet
  facet normal -0.958321 -0.285693 0
    outer loop
      vertex 56.9071 45.2716 3.79999
      vertex 56.9483 45.1334 3.4
      vertex 56.9483 45.1334 3.79999
    endloop
  endfacet
  facet normal -0.925638 -0.37841 0
    outer loop
      vertex 56.9071 45.2716 3.4
      vertex 56.8542 45.401 3.79999
      vertex 56.8542 45.401 3.4
    endloop
  endfacet
  facet normal -0.925638 -0.37841 0
    outer loop
      vertex 56.8542 45.401 3.79999
      vertex 56.9071 45.2716 3.4
      vertex 56.9071 45.2716 3.79999
    endloop
  endfacet
  facet normal -0.88087 -0.473358 0
    outer loop
      vertex 56.8542 45.401 3.4
      vertex 56.7895 45.5214 3.79999
      vertex 56.7895 45.5214 3.4
    endloop
  endfacet
  facet normal -0.88087 -0.473358 0
    outer loop
      vertex 56.7895 45.5214 3.79999
      vertex 56.8542 45.401 3.4
      vertex 56.8542 45.401 3.79999
    endloop
  endfacet
  facet normal -0.824581 -0.565744 0
    outer loop
      vertex 56.7895 45.5214 3.4
      vertex 56.713 45.6329 3.79999
      vertex 56.713 45.6329 3.4
    endloop
  endfacet
  facet normal -0.824581 -0.565744 0
    outer loop
      vertex 56.713 45.6329 3.79999
      vertex 56.7895 45.5214 3.4
      vertex 56.7895 45.5214 3.79999
    endloop
  endfacet
  facet normal -0.766551 -0.642184 0
    outer loop
      vertex 56.713 45.6329 3.4
      vertex 56.6278 45.7346 3.79999
      vertex 56.6278 45.7346 3.4
    endloop
  endfacet
  facet normal -0.766551 -0.642184 0
    outer loop
      vertex 56.6278 45.7346 3.79999
      vertex 56.713 45.6329 3.4
      vertex 56.713 45.6329 3.79999
    endloop
  endfacet
  facet normal -0.707884 -0.706328 0
    outer loop
      vertex 56.6278 45.7346 3.4
      vertex 56.537 45.8256 3.79999
      vertex 56.537 45.8256 3.4
    endloop
  endfacet
  facet normal -0.707884 -0.706328 0
    outer loop
      vertex 56.537 45.8256 3.79999
      vertex 56.6278 45.7346 3.4
      vertex 56.6278 45.7346 3.79999
    endloop
  endfacet
  facet normal -0.639165 -0.76907 0
    outer loop
      vertex 56.4405 45.9058 3.4
      vertex 56.537 45.8256 3.79999
      vertex 56.4405 45.9058 3.79999
    endloop
  endfacet
  facet normal -0.639165 -0.76907 -0
    outer loop
      vertex 56.537 45.8256 3.79999
      vertex 56.4405 45.9058 3.4
      vertex 56.537 45.8256 3.4
    endloop
  endfacet
  facet normal -0.561956 -0.827167 0
    outer loop
      vertex 56.3382 45.9753 3.4
      vertex 56.4405 45.9058 3.79999
      vertex 56.3382 45.9753 3.79999
    endloop
  endfacet
  facet normal -0.561956 -0.827167 -0
    outer loop
      vertex 56.4405 45.9058 3.79999
      vertex 56.3382 45.9753 3.4
      vertex 56.4405 45.9058 3.4
    endloop
  endfacet
  facet normal -0.478852 -0.877896 0
    outer loop
      vertex 56.2304 46.0341 3.4
      vertex 56.3382 45.9753 3.79999
      vertex 56.2304 46.0341 3.79999
    endloop
  endfacet
  facet normal -0.478852 -0.877896 -0
    outer loop
      vertex 56.3382 45.9753 3.79999
      vertex 56.2304 46.0341 3.4
      vertex 56.3382 45.9753 3.4
    endloop
  endfacet
  facet normal -0.389217 -0.921146 0
    outer loop
      vertex 56.1168 46.0821 3.4
      vertex 56.2304 46.0341 3.79999
      vertex 56.1168 46.0821 3.79999
    endloop
  endfacet
  facet normal -0.389217 -0.921146 -0
    outer loop
      vertex 56.2304 46.0341 3.79999
      vertex 56.1168 46.0821 3.4
      vertex 56.2304 46.0341 3.4
    endloop
  endfacet
  facet normal -0.299369 -0.954138 0
    outer loop
      vertex 55.9976 46.1195 3.4
      vertex 56.1168 46.0821 3.79999
      vertex 55.9976 46.1195 3.79999
    endloop
  endfacet
  facet normal -0.299369 -0.954138 -0
    outer loop
      vertex 56.1168 46.0821 3.79999
      vertex 55.9976 46.1195 3.4
      vertex 56.1168 46.0821 3.4
    endloop
  endfacet
  facet normal -0.209529 -0.977802 0
    outer loop
      vertex 55.9052 46.1393 3.4
      vertex 55.9976 46.1195 3.79999
      vertex 55.9052 46.1393 3.79999
    endloop
  endfacet
  facet normal -0.209529 -0.977802 -0
    outer loop
      vertex 55.9976 46.1195 3.79999
      vertex 55.9052 46.1393 3.4
      vertex 55.9976 46.1195 3.4
    endloop
  endfacet
  facet normal -0.139549 -0.990215 0
    outer loop
      vertex 55.7867 46.156 3.4
      vertex 55.9052 46.1393 3.79999
      vertex 55.7867 46.156 3.79999
    endloop
  endfacet
  facet normal -0.139549 -0.990215 -0
    outer loop
      vertex 55.9052 46.1393 3.79999
      vertex 55.7867 46.156 3.4
      vertex 55.9052 46.1393 3.4
    endloop
  endfacet
  facet normal -0.0943864 -0.995536 0
    outer loop
      vertex 55.6422 46.1697 3.4
      vertex 55.7867 46.156 3.79999
      vertex 55.6422 46.1697 3.79999
    endloop
  endfacet
  facet normal -0.0943864 -0.995536 -0
    outer loop
      vertex 55.7867 46.156 3.79999
      vertex 55.6422 46.1697 3.4
      vertex 55.7867 46.156 3.4
    endloop
  endfacet
  facet normal -0.0626334 -0.998037 0
    outer loop
      vertex 55.4717 46.1804 3.4
      vertex 55.6422 46.1697 3.79999
      vertex 55.4717 46.1804 3.79999
    endloop
  endfacet
  facet normal -0.0626334 -0.998037 -0
    outer loop
      vertex 55.6422 46.1697 3.79999
      vertex 55.4717 46.1804 3.4
      vertex 55.6422 46.1697 3.4
    endloop
  endfacet
  facet normal -0.0386479 -0.999253 0
    outer loop
      vertex 55.2752 46.188 3.4
      vertex 55.4717 46.1804 3.79999
      vertex 55.2752 46.188 3.79999
    endloop
  endfacet
  facet normal -0.0386479 -0.999253 -0
    outer loop
      vertex 55.4717 46.1804 3.79999
      vertex 55.2752 46.188 3.4
      vertex 55.4717 46.1804 3.4
    endloop
  endfacet
  facet normal -0.0206697 -0.999786 0
    outer loop
      vertex 55.0527 46.1926 3.4
      vertex 55.2752 46.188 3.79999
      vertex 55.0527 46.1926 3.79999
    endloop
  endfacet
  facet normal -0.0206697 -0.999786 -0
    outer loop
      vertex 55.2752 46.188 3.79999
      vertex 55.0527 46.1926 3.4
      vertex 55.2752 46.188 3.4
    endloop
  endfacet
  facet normal -0.00603368 -0.999982 0
    outer loop
      vertex 54.8041 46.1941 3.4
      vertex 55.0527 46.1926 3.79999
      vertex 54.8041 46.1941 3.79999
    endloop
  endfacet
  facet normal -0.00603368 -0.999982 -0
    outer loop
      vertex 55.0527 46.1926 3.79999
      vertex 54.8041 46.1941 3.4
      vertex 55.0527 46.1926 3.4
    endloop
  endfacet
  facet normal 0 -1 0
    outer loop
      vertex 53.1936 46.1941 3.4
      vertex 54.8041 46.1941 3.79999
      vertex 53.1936 46.1941 3.79999
    endloop
  endfacet
  facet normal 0 -1 -0
    outer loop
      vertex 54.8041 46.1941 3.79999
      vertex 53.1936 46.1941 3.4
      vertex 54.8041 46.1941 3.4
    endloop
  endfacet
  facet normal 1 -0 0
    outer loop
      vertex 53.1936 41.2234 3.79999
      vertex 53.1936 46.1941 3.4
      vertex 53.1936 46.1941 3.79999
    endloop
  endfacet
  facet normal 1 0 0
    outer loop
      vertex 53.1936 46.1941 3.4
      vertex 53.1936 41.2234 3.79999
      vertex 53.1936 41.2234 3.4
    endloop
  endfacet
  facet normal 0 1 -0
    outer loop
      vertex 54.1972 41.2234 3.4
      vertex 53.1936 41.2234 3.79999
      vertex 54.1972 41.2234 3.79999
    endloop
  endfacet
  facet normal 0 1 0
    outer loop
      vertex 53.1936 41.2234 3.79999
      vertex 54.1972 41.2234 3.4
      vertex 53.1936 41.2234 3.4
    endloop
  endfacet
  facet normal -1 0 0
    outer loop
      vertex 54.1972 41.2234 3.4
      vertex 54.1972 43.0984 3.79999
      vertex 54.1972 43.0984 3.4
    endloop
  endfacet
  facet normal -1 -0 0
    outer loop
      vertex 54.1972 43.0984 3.79999
      vertex 54.1972 41.2234 3.4
      vertex 54.1972 41.2234 3.79999
    endloop
  endfacet
  facet normal -1 0 0
    outer loop
      vertex 54.1972 43.9427 3.4
      vertex 54.1972 45.3532 3.79999
      vertex 54.1972 45.3532 3.4
    endloop
  endfacet
  facet normal -1 -0 0
    outer loop
      vertex 54.1972 45.3532 3.79999
      vertex 54.1972 43.9427 3.4
      vertex 54.1972 43.9427 3.79999
    endloop
  endfacet
  facet normal 0 1 -0
    outer loop
      vertex 54.6821 45.3532 3.4
      vertex 54.1972 45.3532 3.79999
      vertex 54.6821 45.3532 3.79999
    endloop
  endfacet
  facet normal 0 1 0
    outer loop
      vertex 54.1972 45.3532 3.79999
      vertex 54.6821 45.3532 3.4
      vertex 54.1972 45.3532 3.4
    endloop
  endfacet
  facet normal 0.00474249 0.999989 -0
    outer loop
      vertex 54.8297 45.3525 3.4
      vertex 54.6821 45.3532 3.79999
      vertex 54.8297 45.3525 3.79999
    endloop
  endfacet
  facet normal 0.00474249 0.999989 0
    outer loop
      vertex 54.6821 45.3532 3.79999
      vertex 54.8297 45.3525 3.4
      vertex 54.6821 45.3532 3.4
    endloop
  endfacet
  facet normal 0.0150699 0.999886 -0
    outer loop
      vertex 54.9624 45.3505 3.4
      vertex 54.8297 45.3525 3.79999
      vertex 54.9624 45.3505 3.79999
    endloop
  endfacet
  facet normal 0.0150699 0.999886 0
    outer loop
      vertex 54.8297 45.3525 3.79999
      vertex 54.9624 45.3505 3.4
      vertex 54.8297 45.3525 3.4
    endloop
  endfacet
  facet normal 0.029648 0.99956 -0
    outer loop
      vertex 55.0804 45.347 3.4
      vertex 54.9624 45.3505 3.79999
      vertex 55.0804 45.347 3.79999
    endloop
  endfacet
  facet normal 0.029648 0.99956 0
    outer loop
      vertex 54.9624 45.3505 3.79999
      vertex 55.0804 45.347 3.4
      vertex 54.9624 45.3505 3.4
    endloop
  endfacet
  facet normal 0.0464614 0.99892 -0
    outer loop
      vertex 55.1836 45.3422 3.4
      vertex 55.0804 45.347 3.79999
      vertex 55.1836 45.3422 3.79999
    endloop
  endfacet
  facet normal 0.0464614 0.99892 0
    outer loop
      vertex 55.0804 45.347 3.79999
      vertex 55.1836 45.3422 3.4
      vertex 55.0804 45.347 3.4
    endloop
  endfacet
  facet normal 0.0710867 0.99747 -0
    outer loop
      vertex 55.272 45.3359 3.4
      vertex 55.1836 45.3422 3.79999
      vertex 55.272 45.3359 3.79999
    endloop
  endfacet
  facet normal 0.0710867 0.99747 0
    outer loop
      vertex 55.1836 45.3422 3.79999
      vertex 55.272 45.3359 3.4
      vertex 55.1836 45.3422 3.4
    endloop
  endfacet
  facet normal 0.102853 0.994697 -0
    outer loop
      vertex 55.3455 45.3283 3.4
      vertex 55.272 45.3359 3.79999
      vertex 55.3455 45.3283 3.79999
    endloop
  endfacet
  facet normal 0.102853 0.994697 0
    outer loop
      vertex 55.272 45.3359 3.79999
      vertex 55.3455 45.3283 3.4
      vertex 55.272 45.3359 3.4
    endloop
  endfacet
  facet normal 0.151299 0.988488 -0
    outer loop
      vertex 55.4043 45.3193 3.4
      vertex 55.3455 45.3283 3.79999
      vertex 55.4043 45.3193 3.79999
    endloop
  endfacet
  facet normal 0.151299 0.988488 0
    outer loop
      vertex 55.3455 45.3283 3.79999
      vertex 55.4043 45.3193 3.4
      vertex 55.3455 45.3283 3.4
    endloop
  endfacet
  facet normal 0.219512 0.97561 -0
    outer loop
      vertex 55.4723 45.304 3.4
      vertex 55.4043 45.3193 3.79999
      vertex 55.4723 45.304 3.79999
    endloop
  endfacet
  facet normal 0.219512 0.97561 0
    outer loop
      vertex 55.4043 45.3193 3.79999
      vertex 55.4723 45.304 3.4
      vertex 55.4043 45.3193 3.4
    endloop
  endfacet
  facet normal 0.305579 0.952167 -0
    outer loop
      vertex 55.5368 45.2833 3.4
      vertex 55.4723 45.304 3.79999
      vertex 55.5368 45.2833 3.79999
    endloop
  endfacet
  facet normal 0.305579 0.952167 0
    outer loop
      vertex 55.4723 45.304 3.79999
      vertex 55.5368 45.2833 3.4
      vertex 55.4723 45.304 3.4
    endloop
  endfacet
  facet normal 0.392829 0.919611 -0
    outer loop
      vertex 55.5979 45.2572 3.4
      vertex 55.5368 45.2833 3.79999
      vertex 55.5979 45.2572 3.79999
    endloop
  endfacet
  facet normal 0.392829 0.919611 0
    outer loop
      vertex 55.5368 45.2833 3.79999
      vertex 55.5979 45.2572 3.4
      vertex 55.5368 45.2833 3.4
    endloop
  endfacet
  facet normal 0.479172 0.877721 -0
    outer loop
      vertex 55.6556 45.2257 3.4
      vertex 55.5979 45.2572 3.79999
      vertex 55.6556 45.2257 3.79999
    endloop
  endfacet
  facet normal 0.479172 0.877721 0
    outer loop
      vertex 55.5979 45.2572 3.79999
      vertex 55.6556 45.2257 3.4
      vertex 55.5979 45.2572 3.4
    endloop
  endfacet
  facet normal 0.563479 0.82613 -0
    outer loop
      vertex 55.7097 45.1888 3.4
      vertex 55.6556 45.2257 3.79999
      vertex 55.7097 45.1888 3.79999
    endloop
  endfacet
  facet normal 0.563479 0.82613 0
    outer loop
      vertex 55.6556 45.2257 3.79999
      vertex 55.7097 45.1888 3.4
      vertex 55.6556 45.2257 3.4
    endloop
  endfacet
  facet normal 0.638992 0.769213 -0
    outer loop
      vertex 55.7605 45.1466 3.4
      vertex 55.7097 45.1888 3.79999
      vertex 55.7605 45.1466 3.79999
    endloop
  endfacet
  facet normal 0.638992 0.769213 0
    outer loop
      vertex 55.7097 45.1888 3.79999
      vertex 55.7605 45.1466 3.4
      vertex 55.7097 45.1888 3.4
    endloop
  endfacet
  facet normal 0.710822 0.703371 0
    outer loop
      vertex 55.8077 45.0989 3.79999
      vertex 55.7605 45.1466 3.4
      vertex 55.7605 45.1466 3.79999
    endloop
  endfacet
  facet normal 0.710822 0.703371 0
    outer loop
      vertex 55.7605 45.1466 3.4
      vertex 55.8077 45.0989 3.79999
      vertex 55.8077 45.0989 3.4
    endloop
  endfacet
  facet normal 0.777522 0.628856 0
    outer loop
      vertex 55.85 45.0466 3.79999
      vertex 55.8077 45.0989 3.4
      vertex 55.8077 45.0989 3.79999
    endloop
  endfacet
  facet normal 0.777522 0.628856 0
    outer loop
      vertex 55.8077 45.0989 3.4
      vertex 55.85 45.0466 3.79999
      vertex 55.85 45.0466 3.4
    endloop
  endfacet
  facet normal 0.843414 0.537264 0
    outer loop
      vertex 55.8858 44.9904 3.79999
      vertex 55.85 45.0466 3.4
      vertex 55.85 45.0466 3.79999
    endloop
  endfacet
  facet normal 0.843414 0.537264 0
    outer loop
      vertex 55.85 45.0466 3.4
      vertex 55.8858 44.9904 3.79999
      vertex 55.8858 44.9904 3.4
    endloop
  endfacet
  facet normal 0.898869 0.438217 0
    outer loop
      vertex 55.9151 44.9303 3.79999
      vertex 55.8858 44.9904 3.4
      vertex 55.8858 44.9904 3.79999
    endloop
  endfacet
  facet normal 0.898869 0.438217 0
    outer loop
      vertex 55.8858 44.9904 3.4
      vertex 55.9151 44.9303 3.79999
      vertex 55.9151 44.9303 3.4
    endloop
  endfacet
  facet normal 0.942308 0.334748 0
    outer loop
      vertex 55.9378 44.8664 3.79999
      vertex 55.9151 44.9303 3.4
      vertex 55.9151 44.9303 3.79999
    endloop
  endfacet
  facet normal 0.942308 0.334748 0
    outer loop
      vertex 55.9151 44.9303 3.4
      vertex 55.9378 44.8664 3.79999
      vertex 55.9378 44.8664 3.4
    endloop
  endfacet
  facet normal 0.972296 0.233753 0
    outer loop
      vertex 55.9541 44.7986 3.79999
      vertex 55.9378 44.8664 3.4
      vertex 55.9378 44.8664 3.79999
    endloop
  endfacet
  facet normal 0.972296 0.233753 0
    outer loop
      vertex 55.9378 44.8664 3.4
      vertex 55.9541 44.7986 3.79999
      vertex 55.9541 44.7986 3.4
    endloop
  endfacet
  facet normal 0.990788 0.135422 0
    outer loop
      vertex 55.9639 44.7269 3.79999
      vertex 55.9541 44.7986 3.4
      vertex 55.9541 44.7986 3.79999
    endloop
  endfacet
  facet normal 0.990788 0.135422 0
    outer loop
      vertex 55.9541 44.7986 3.4
      vertex 55.9639 44.7269 3.79999
      vertex 55.9639 44.7269 3.4
    endloop
  endfacet
  facet normal 0.999105 0.0422902 0
    outer loop
      vertex 55.9671 44.6513 3.79999
      vertex 55.9639 44.7269 3.4
      vertex 55.9639 44.7269 3.79999
    endloop
  endfacet
  facet normal 0.999105 0.0422902 0
    outer loop
      vertex 55.9639 44.7269 3.4
      vertex 55.9671 44.6513 3.79999
      vertex 55.9671 44.6513 3.4
    endloop
  endfacet
  facet normal 0.999308 -0.0371911 0
    outer loop
      vertex 55.9648 44.5895 3.79999
      vertex 55.9671 44.6513 3.4
      vertex 55.9671 44.6513 3.79999
    endloop
  endfacet
  facet normal 0.999308 -0.0371911 0
    outer loop
      vertex 55.9671 44.6513 3.4
      vertex 55.9648 44.5895 3.79999
      vertex 55.9648 44.5895 3.4
    endloop
  endfacet
  facet normal 0.993196 -0.116455 0
    outer loop
      vertex 55.9578 44.5298 3.79999
      vertex 55.9648 44.5895 3.4
      vertex 55.9648 44.5895 3.79999
    endloop
  endfacet
  facet normal 0.993196 -0.116455 0
    outer loop
      vertex 55.9648 44.5895 3.4
      vertex 55.9578 44.5298 3.79999
      vertex 55.9578 44.5298 3.4
    endloop
  endfacet
  facet normal 0.980515 -0.196445 0
    outer loop
      vertex 55.9463 44.4724 3.79999
      vertex 55.9578 44.5298 3.4
      vertex 55.9578 44.5298 3.79999
    endloop
  endfacet
  facet normal 0.980515 -0.196445 0
    outer loop
      vertex 55.9578 44.5298 3.4
      vertex 55.9463 44.4724 3.79999
      vertex 55.9463 44.4724 3.4
    endloop
  endfacet
  facet normal 0.959061 -0.283201 0
    outer loop
      vertex 55.93 44.4172 3.79999
      vertex 55.9463 44.4724 3.4
      vertex 55.9463 44.4724 3.79999
    endloop
  endfacet
  facet normal 0.959061 -0.283201 0
    outer loop
      vertex 55.9463 44.4724 3.4
      vertex 55.93 44.4172 3.79999
      vertex 55.93 44.4172 3.4
    endloop
  endfacet
  facet normal 0.93088 -0.365326 0
    outer loop
      vertex 55.9092 44.3642 3.79999
      vertex 55.93 44.4172 3.4
      vertex 55.93 44.4172 3.79999
    endloop
  endfacet
  facet normal 0.93088 -0.365326 0
    outer loop
      vertex 55.93 44.4172 3.4
      vertex 55.9092 44.3642 3.79999
      vertex 55.9092 44.3642 3.4
    endloop
  endfacet
  facet normal 0.893016 -0.450024 0
    outer loop
      vertex 55.8836 44.3134 3.79999
      vertex 55.9092 44.3642 3.4
      vertex 55.9092 44.3642 3.79999
    endloop
  endfacet
  facet normal 0.893016 -0.450024 0
    outer loop
      vertex 55.9092 44.3642 3.4
      vertex 55.8836 44.3134 3.79999
      vertex 55.8836 44.3134 3.4
    endloop
  endfacet
  facet normal 0.850153 -0.526535 0
    outer loop
      vertex 55.8535 44.2648 3.79999
      vertex 55.8836 44.3134 3.4
      vertex 55.8836 44.3134 3.79999
    endloop
  endfacet
  facet normal 0.850153 -0.526535 0
    outer loop
      vertex 55.8836 44.3134 3.4
      vertex 55.8535 44.2648 3.79999
      vertex 55.8535 44.2648 3.4
    endloop
  endfacet
  facet normal 0.8 -0.6 0
    outer loop
      vertex 55.8193 44.2192 3.79999
      vertex 55.8535 44.2648 3.4
      vertex 55.8535 44.2648 3.79999
    endloop
  endfacet
  facet normal 0.8 -0.6 0
    outer loop
      vertex 55.8535 44.2648 3.4
      vertex 55.8193 44.2192 3.79999
      vertex 55.8193 44.2192 3.4
    endloop
  endfacet
  facet normal 0.744085 -0.668085 0
    outer loop
      vertex 55.7815 44.1771 3.79999
      vertex 55.8193 44.2192 3.4
      vertex 55.8193 44.2192 3.79999
    endloop
  endfacet
  facet normal 0.744085 -0.668085 0
    outer loop
      vertex 55.8193 44.2192 3.4
      vertex 55.7815 44.1771 3.79999
      vertex 55.7815 44.1771 3.4
    endloop
  endfacet
  facet normal 0.68276 -0.730642 0
    outer loop
      vertex 55.7403 44.1386 3.4
      vertex 55.7815 44.1771 3.79999
      vertex 55.7403 44.1386 3.79999
    endloop
  endfacet
  facet normal 0.68276 -0.730642 0
    outer loop
      vertex 55.7815 44.1771 3.79999
      vertex 55.7403 44.1386 3.4
      vertex 55.7815 44.1771 3.4
    endloop
  endfacet
  facet normal 0.61455 -0.788878 0
    outer loop
      vertex 55.6955 44.1037 3.4
      vertex 55.7403 44.1386 3.79999
      vertex 55.6955 44.1037 3.79999
    endloop
  endfacet
  facet normal 0.61455 -0.788878 0
    outer loop
      vertex 55.7403 44.1386 3.79999
      vertex 55.6955 44.1037 3.4
      vertex 55.7403 44.1386 3.4
    endloop
  endfacet
  facet normal 0.54181 -0.840501 0
    outer loop
      vertex 55.6471 44.0725 3.4
      vertex 55.6955 44.1037 3.79999
      vertex 55.6471 44.0725 3.79999
    endloop
  endfacet
  facet normal 0.54181 -0.840501 0
    outer loop
      vertex 55.6955 44.1037 3.79999
      vertex 55.6471 44.0725 3.4
      vertex 55.6955 44.1037 3.4
    endloop
  endfacet
  facet normal 0.47156 -0.881834 0
    outer loop
      vertex 55.5953 44.0448 3.4
      vertex 55.6471 44.0725 3.79999
      vertex 55.5953 44.0448 3.79999
    endloop
  endfacet
  facet normal 0.47156 -0.881834 0
    outer loop
      vertex 55.6471 44.0725 3.79999
      vertex 55.5953 44.0448 3.4
      vertex 55.6471 44.0725 3.4
    endloop
  endfacet
  facet normal 0.398908 -0.916991 0
    outer loop
      vertex 55.5399 44.0207 3.4
      vertex 55.5953 44.0448 3.79999
      vertex 55.5399 44.0207 3.79999
    endloop
  endfacet
  facet normal 0.398908 -0.916991 0
    outer loop
      vertex 55.5953 44.0448 3.79999
      vertex 55.5399 44.0207 3.4
      vertex 55.5953 44.0448 3.4
    endloop
  endfacet
  facet normal 0.3026 -0.953118 0
    outer loop
      vertex 55.4747 44 3.4
      vertex 55.5399 44.0207 3.79999
      vertex 55.4747 44 3.79999
    endloop
  endfacet
  facet normal 0.3026 -0.953118 0
    outer loop
      vertex 55.5399 44.0207 3.79999
      vertex 55.4747 44 3.4
      vertex 55.5399 44.0207 3.4
    endloop
  endfacet
  facet normal 0.210432 -0.977608 0
    outer loop
      vertex 55.3934 43.9825 3.4
      vertex 55.4747 44 3.79999
      vertex 55.3934 43.9825 3.79999
    endloop
  endfacet
  facet normal 0.210432 -0.977608 0
    outer loop
      vertex 55.4747 44 3.79999
      vertex 55.3934 43.9825 3.4
      vertex 55.4747 44 3.4
    endloop
  endfacet
  facet normal 0.145553 -0.989351 0
    outer loop
      vertex 55.2962 43.9682 3.4
      vertex 55.3934 43.9825 3.79999
      vertex 55.2962 43.9682 3.79999
    endloop
  endfacet
  facet normal 0.145553 -0.989351 0
    outer loop
      vertex 55.3934 43.9825 3.79999
      vertex 55.2962 43.9682 3.4
      vertex 55.3934 43.9825 3.4
    endloop
  endfacet
  facet normal 0.097418 -0.995244 0
    outer loop
      vertex 55.1828 43.9571 3.4
      vertex 55.2962 43.9682 3.79999
      vertex 55.1828 43.9571 3.79999
    endloop
  endfacet
  facet normal 0.097418 -0.995244 0
    outer loop
      vertex 55.2962 43.9682 3.79999
      vertex 55.1828 43.9571 3.4
      vertex 55.2962 43.9682 3.4
    endloop
  endfacet
  facet normal 0.061706 -0.998094 0
    outer loop
      vertex 55.0534 43.9491 3.4
      vertex 55.1828 43.9571 3.79999
      vertex 55.0534 43.9491 3.79999
    endloop
  endfacet
  facet normal 0.061706 -0.998094 0
    outer loop
      vertex 55.1828 43.9571 3.79999
      vertex 55.0534 43.9491 3.4
      vertex 55.1828 43.9571 3.4
    endloop
  endfacet
  facet normal 0.0329944 -0.999456 0
    outer loop
      vertex 54.908 43.9443 3.4
      vertex 55.0534 43.9491 3.79999
      vertex 54.908 43.9443 3.79999
    endloop
  endfacet
  facet normal 0.0329944 -0.999456 0
    outer loop
      vertex 55.0534 43.9491 3.79999
      vertex 54.908 43.9443 3.4
      vertex 55.0534 43.9491 3.4
    endloop
  endfacet
  facet normal 0.00990663 -0.999951 0
    outer loop
      vertex 54.7465 43.9427 3.4
      vertex 54.908 43.9443 3.79999
      vertex 54.7465 43.9427 3.79999
    endloop
  endfacet
  facet normal 0.00990663 -0.999951 0
    outer loop
      vertex 54.908 43.9443 3.79999
      vertex 54.7465 43.9427 3.4
      vertex 54.908 43.9443 3.4
    endloop
  endfacet
  facet normal 0 -1 0
    outer loop
      vertex 54.1972 43.9427 3.4
      vertex 54.7465 43.9427 3.79999
      vertex 54.1972 43.9427 3.79999
    endloop
  endfacet
  facet normal 0 -1 -0
    outer loop
      vertex 54.7465 43.9427 3.79999
      vertex 54.1972 43.9427 3.4
      vertex 54.7465 43.9427 3.4
    endloop
  endfacet
  facet normal 0 1 -0
    outer loop
      vertex 58.9273 43.2985 3.4
      vertex 58.7239 43.2985 3.79999
      vertex 58.9273 43.2985 3.79999
    endloop
  endfacet
  facet normal 0 1 0
    outer loop
      vertex 58.7239 43.2985 3.79999
      vertex 58.9273 43.2985 3.4
      vertex 58.7239 43.2985 3.4
    endloop
  endfacet
  facet normal 0.011566 0.999933 -0
    outer loop
      vertex 59.0224 43.2974 3.4
      vertex 58.9273 43.2985 3.79999
      vertex 59.0224 43.2974 3.79999
    endloop
  endfacet
  facet normal 0.011566 0.999933 0
    outer loop
      vertex 58.9273 43.2985 3.79999
      vertex 59.0224 43.2974 3.4
      vertex 58.9273 43.2985 3.4
    endloop
  endfacet
  facet normal 0.0400595 0.999197 -0
    outer loop
      vertex 59.1097 43.2939 3.4
      vertex 59.0224 43.2974 3.79999
      vertex 59.1097 43.2939 3.79999
    endloop
  endfacet
  facet normal 0.0400595 0.999197 0
    outer loop
      vertex 59.0224 43.2974 3.79999
      vertex 59.1097 43.2939 3.4
      vertex 59.0224 43.2974 3.4
    endloop
  endfacet
  facet normal 0.071247 0.997459 -0
    outer loop
      vertex 59.1895 43.2882 3.4
      vertex 59.1097 43.2939 3.79999
      vertex 59.1895 43.2882 3.79999
    endloop
  endfacet
  facet normal 0.071247 0.997459 0
    outer loop
      vertex 59.1097 43.2939 3.79999
      vertex 59.1895 43.2882 3.4
      vertex 59.1097 43.2939 3.4
    endloop
  endfacet
  facet normal 0.110129 0.993917 -0
    outer loop
      vertex 59.2617 43.2802 3.4
      vertex 59.1895 43.2882 3.79999
      vertex 59.2617 43.2802 3.79999
    endloop
  endfacet
  facet normal 0.110129 0.993917 0
    outer loop
      vertex 59.1895 43.2882 3.79999
      vertex 59.2617 43.2802 3.4
      vertex 59.1895 43.2882 3.4
    endloop
  endfacet
  facet normal 0.157454 0.987526 -0
    outer loop
      vertex 59.3263 43.2699 3.4
      vertex 59.2617 43.2802 3.79999
      vertex 59.3263 43.2699 3.79999
    endloop
  endfacet
  facet normal 0.157454 0.987526 0
    outer loop
      vertex 59.2617 43.2802 3.79999
      vertex 59.3263 43.2699 3.4
      vertex 59.2617 43.2802 3.4
    endloop
  endfacet
  facet normal 0.214567 0.976709 -0
    outer loop
      vertex 59.3832 43.2574 3.4
      vertex 59.3263 43.2699 3.79999
      vertex 59.3832 43.2574 3.79999
    endloop
  endfacet
  facet normal 0.214567 0.976709 0
    outer loop
      vertex 59.3263 43.2699 3.79999
      vertex 59.3832 43.2574 3.4
      vertex 59.3263 43.2699 3.4
    endloop
  endfacet
  facet normal 0.289307 0.957236 -0
    outer loop
      vertex 59.4325 43.2425 3.4
      vertex 59.3832 43.2574 3.79999
      vertex 59.4325 43.2425 3.79999
    endloop
  endfacet
  facet normal 0.289307 0.957236 0
    outer loop
      vertex 59.3832 43.2574 3.79999
      vertex 59.4325 43.2425 3.4
      vertex 59.3832 43.2574 3.4
    endloop
  endfacet
  facet normal 0.368197 0.929748 -0
    outer loop
      vertex 59.4777 43.2246 3.4
      vertex 59.4325 43.2425 3.79999
      vertex 59.4777 43.2246 3.79999
    endloop
  endfacet
  facet normal 0.368197 0.929748 0
    outer loop
      vertex 59.4325 43.2425 3.79999
      vertex 59.4777 43.2246 3.4
      vertex 59.4325 43.2425 3.4
    endloop
  endfacet
  facet normal 0.439934 0.89803 -0
    outer loop
      vertex 59.5222 43.2028 3.4
      vertex 59.4777 43.2246 3.79999
      vertex 59.5222 43.2028 3.79999
    endloop
  endfacet
  facet normal 0.439934 0.89803 0
    outer loop
      vertex 59.4777 43.2246 3.79999
      vertex 59.5222 43.2028 3.4
      vertex 59.4777 43.2246 3.4
    endloop
  endfacet
  facet normal 0.506073 0.862491 -0
    outer loop
      vertex 59.566 43.1771 3.4
      vertex 59.5222 43.2028 3.79999
      vertex 59.566 43.1771 3.79999
    endloop
  endfacet
  facet normal 0.506073 0.862491 0
    outer loop
      vertex 59.5222 43.2028 3.79999
      vertex 59.566 43.1771 3.4
      vertex 59.5222 43.2028 3.4
    endloop
  endfacet
  facet normal 0.564821 0.825213 -0
    outer loop
      vertex 59.6091 43.1476 3.4
      vertex 59.566 43.1771 3.79999
      vertex 59.6091 43.1476 3.79999
    endloop
  endfacet
  facet normal 0.564821 0.825213 0
    outer loop
      vertex 59.566 43.1771 3.79999
      vertex 59.6091 43.1476 3.4
      vertex 59.566 43.1771 3.4
    endloop
  endfacet
  facet normal 0.618803 0.785546 -0
    outer loop
      vertex 59.6515 43.1142 3.4
      vertex 59.6091 43.1476 3.79999
      vertex 59.6515 43.1142 3.79999
    endloop
  endfacet
  facet normal 0.618803 0.785546 0
    outer loop
      vertex 59.6091 43.1476 3.79999
      vertex 59.6515 43.1142 3.4
      vertex 59.6091 43.1476 3.4
    endloop
  endfacet
  facet normal 0.665803 0.746128 -0
    outer loop
      vertex 59.6933 43.0769 3.4
      vertex 59.6515 43.1142 3.79999
      vertex 59.6933 43.0769 3.79999
    endloop
  endfacet
  facet normal 0.665803 0.746128 0
    outer loop
      vertex 59.6515 43.1142 3.79999
      vertex 59.6933 43.0769 3.4
      vertex 59.6515 43.1142 3.4
    endloop
  endfacet
  facet normal 0.708825 0.705384 0
    outer loop
      vertex 59.7343 43.0357 3.79999
      vertex 59.6933 43.0769 3.4
      vertex 59.6933 43.0769 3.79999
    endloop
  endfacet
  facet normal 0.708825 0.705384 0
    outer loop
      vertex 59.6933 43.0769 3.4
      vertex 59.7343 43.0357 3.79999
      vertex 59.7343 43.0357 3.4
    endloop
  endfacet
  facet normal 0.750513 0.660856 0
    outer loop
      vertex 59.78 42.9838 3.79999
      vertex 59.7343 43.0357 3.4
      vertex 59.7343 43.0357 3.79999
    endloop
  endfacet
  facet normal 0.750513 0.660856 0
    outer loop
      vertex 59.7343 43.0357 3.4
      vertex 59.78 42.9838 3.79999
      vertex 59.78 42.9838 3.4
    endloop
  endfacet
  facet normal 0.77999 0.625793 0
    outer loop
      vertex 59.8356 42.9145 3.79999
      vertex 59.78 42.9838 3.4
      vertex 59.78 42.9838 3.79999
    endloop
  endfacet
  facet normal 0.77999 0.625793 0
    outer loop
      vertex 59.78 42.9838 3.4
      vertex 59.8356 42.9145 3.79999
      vertex 59.8356 42.9145 3.4
    endloop
  endfacet
  facet normal 0.798122 0.602495 0
    outer loop
      vertex 59.9012 42.8276 3.79999
      vertex 59.8356 42.9145 3.4
      vertex 59.8356 42.9145 3.79999
    endloop
  endfacet
  facet normal 0.798122 0.602495 0
    outer loop
      vertex 59.8356 42.9145 3.4
      vertex 59.9012 42.8276 3.79999
      vertex 59.9012 42.8276 3.4
    endloop
  endfacet
  facet normal 0.809942 0.58651 0
    outer loop
      vertex 59.9768 42.7232 3.79999
      vertex 59.9012 42.8276 3.4
      vertex 59.9012 42.8276 3.79999
    endloop
  endfacet
  facet normal 0.809942 0.58651 0
    outer loop
      vertex 59.9012 42.8276 3.4
      vertex 59.9768 42.7232 3.79999
      vertex 59.9768 42.7232 3.4
    endloop
  endfacet
  facet normal 0.818695 0.574228 0
    outer loop
      vertex 60.0623 42.6013 3.79999
      vertex 59.9768 42.7232 3.4
      vertex 59.9768 42.7232 3.79999
    endloop
  endfacet
  facet normal 0.818695 0.574228 0
    outer loop
      vertex 59.9768 42.7232 3.4
      vertex 60.0623 42.6013 3.79999
      vertex 60.0623 42.6013 3.4
    endloop
  endfacet
  facet normal 0.824973 0.565172 0
    outer loop
      vertex 60.1578 42.4619 3.79999
      vertex 60.0623 42.6013 3.4
      vertex 60.0623 42.6013 3.79999
    endloop
  endfacet
  facet normal 0.824973 0.565172 0
    outer loop
      vertex 60.0623 42.6013 3.4
      vertex 60.1578 42.4619 3.79999
      vertex 60.1578 42.4619 3.4
    endloop
  endfacet
  facet normal 0.830092 0.557627 0
    outer loop
      vertex 60.2632 42.305 3.79999
      vertex 60.1578 42.4619 3.4
      vertex 60.1578 42.4619 3.79999
    endloop
  endfacet
  facet normal 0.830092 0.557627 0
    outer loop
      vertex 60.1578 42.4619 3.4
      vertex 60.2632 42.305 3.79999
      vertex 60.2632 42.305 3.4
    endloop
  endfacet
  facet normal 0.83044 0.557108 0
    outer loop
      vertex 60.9888 41.2234 3.79999
      vertex 60.2632 42.305 3.4
      vertex 60.2632 42.305 3.79999
    endloop
  endfacet
  facet normal 0.83044 0.557108 0
    outer loop
      vertex 60.2632 42.305 3.4
      vertex 60.9888 41.2234 3.79999
      vertex 60.9888 41.2234 3.4
    endloop
  endfacet
  facet normal 0 1 -0
    outer loop
      vertex 62.1891 41.2234 3.4
      vertex 60.9888 41.2234 3.79999
      vertex 62.1891 41.2234 3.79999
    endloop
  endfacet
  facet normal 0 1 0
    outer loop
      vertex 60.9888 41.2234 3.79999
      vertex 62.1891 41.2234 3.4
      vertex 60.9888 41.2234 3.4
    endloop
  endfacet
  facet normal -0.847669 -0.530525 0
    outer loop
      vertex 62.1891 41.2234 3.4
      vertex 61.5822 42.1931 3.79999
      vertex 61.5822 42.1931 3.4
    endloop
  endfacet
  facet normal -0.847669 -0.530525 0
    outer loop
      vertex 61.5822 42.1931 3.79999
      vertex 62.1891 41.2234 3.4
      vertex 62.1891 41.2234 3.79999
    endloop
  endfacet
  facet normal -0.846465 -0.532445 0
    outer loop
      vertex 61.5822 42.1931 3.4
      vertex 61.4825 42.3516 3.79999
      vertex 61.4825 42.3516 3.4
    endloop
  endfacet
  facet normal -0.846465 -0.532445 0
    outer loop
      vertex 61.4825 42.3516 3.79999
      vertex 61.5822 42.1931 3.4
      vertex 61.5822 42.1931 3.79999
    endloop
  endfacet
  facet normal -0.838351 -0.545131 0
    outer loop
      vertex 61.4825 42.3516 3.4
      vertex 61.3888 42.4957 3.79999
      vertex 61.3888 42.4957 3.4
    endloop
  endfacet
  facet normal -0.838351 -0.545131 0
    outer loop
      vertex 61.3888 42.4957 3.79999
      vertex 61.4825 42.3516 3.4
      vertex 61.4825 42.3516 3.79999
    endloop
  endfacet
  facet normal -0.828493 -0.56 0
    outer loop
      vertex 61.3888 42.4957 3.4
      vertex 61.3012 42.6253 3.79999
      vertex 61.3012 42.6253 3.4
    endloop
  endfacet
  facet normal -0.828493 -0.56 0
    outer loop
      vertex 61.3012 42.6253 3.79999
      vertex 61.3888 42.4957 3.4
      vertex 61.3888 42.4957 3.79999
    endloop
  endfacet
  facet normal -0.816261 -0.577683 0
    outer loop
      vertex 61.3012 42.6253 3.4
      vertex 61.2196 42.7406 3.79999
      vertex 61.2196 42.7406 3.4
    endloop
  endfacet
  facet normal -0.816261 -0.577683 0
    outer loop
      vertex 61.2196 42.7406 3.79999
      vertex 61.3012 42.6253 3.4
      vertex 61.3012 42.6253 3.79999
    endloop
  endfacet
  facet normal -0.800285 -0.599619 0
    outer loop
      vertex 61.2196 42.7406 3.4
      vertex 61.144 42.8415 3.79999
      vertex 61.144 42.8415 3.4
    endloop
  endfacet
  facet normal -0.800285 -0.599619 0
    outer loop
      vertex 61.144 42.8415 3.79999
      vertex 61.2196 42.7406 3.4
      vertex 61.2196 42.7406 3.79999
    endloop
  endfacet
  facet normal -0.779108 -0.626889 0
    outer loop
      vertex 61.144 42.8415 3.4
      vertex 61.0744 42.928 3.79999
      vertex 61.0744 42.928 3.4
    endloop
  endfacet
  facet normal -0.779108 -0.626889 0
    outer loop
      vertex 61.0744 42.928 3.79999
      vertex 61.144 42.8415 3.4
      vertex 61.144 42.8415 3.79999
    endloop
  endfacet
  facet normal -0.750445 -0.660933 0
    outer loop
      vertex 61.0744 42.928 3.4
      vertex 61.0109 43.0001 3.79999
      vertex 61.0109 43.0001 3.4
    endloop
  endfacet
  facet normal -0.750445 -0.660933 0
    outer loop
      vertex 61.0109 43.0001 3.79999
      vertex 61.0744 42.928 3.4
      vertex 61.0744 42.928 3.79999
    endloop
  endfacet
  facet normal -0.713756 -0.700394 0
    outer loop
      vertex 61.0109 43.0001 3.4
      vertex 60.948 43.0642 3.79999
      vertex 60.948 43.0642 3.4
    endloop
  endfacet
  facet normal -0.713756 -0.700394 0
    outer loop
      vertex 60.948 43.0642 3.79999
      vertex 61.0109 43.0001 3.4
      vertex 61.0109 43.0001 3.79999
    endloop
  endfacet
  facet normal -0.680576 -0.732678 0
    outer loop
      vertex 60.8805 43.1269 3.4
      vertex 60.948 43.0642 3.79999
      vertex 60.8805 43.1269 3.79999
    endloop
  endfacet
  facet normal -0.680576 -0.732678 -0
    outer loop
      vertex 60.948 43.0642 3.79999
      vertex 60.8805 43.1269 3.4
      vertex 60.948 43.0642 3.4
    endloop
  endfacet
  facet normal -0.646511 -0.762904 0
    outer loop
      vertex 60.8084 43.188 3.4
      vertex 60.8805 43.1269 3.79999
      vertex 60.8084 43.188 3.79999
    endloop
  endfacet
  facet normal -0.646511 -0.762904 -0
    outer loop
      vertex 60.8805 43.1269 3.79999
      vertex 60.8084 43.188 3.4
      vertex 60.8805 43.1269 3.4
    endloop
  endfacet
  facet normal -0.613086 -0.790016 0
    outer loop
      vertex 60.7316 43.2476 3.4
      vertex 60.8084 43.188 3.79999
      vertex 60.7316 43.2476 3.79999
    endloop
  endfacet
  facet normal -0.613086 -0.790016 -0
    outer loop
      vertex 60.8084 43.188 3.79999
      vertex 60.7316 43.2476 3.4
      vertex 60.8084 43.188 3.4
    endloop
  endfacet
  facet normal -0.580291 -0.814409 0
    outer loop
      vertex 60.6502 43.3056 3.4
      vertex 60.7316 43.2476 3.79999
      vertex 60.6502 43.3056 3.79999
    endloop
  endfacet
  facet normal -0.580291 -0.814409 -0
    outer loop
      vertex 60.7316 43.2476 3.79999
      vertex 60.6502 43.3056 3.4
      vertex 60.7316 43.2476 3.4
    endloop
  endfacet
  facet normal -0.549759 -0.835323 0
    outer loop
      vertex 60.5642 43.3622 3.4
      vertex 60.6502 43.3056 3.79999
      vertex 60.5642 43.3622 3.79999
    endloop
  endfacet
  facet normal -0.549759 -0.835323 -0
    outer loop
      vertex 60.6502 43.3056 3.79999
      vertex 60.5642 43.3622 3.4
      vertex 60.6502 43.3056 3.4
    endloop
  endfacet
  facet normal -0.518511 -0.855071 0
    outer loop
      vertex 60.4735 43.4172 3.4
      vertex 60.5642 43.3622 3.79999
      vertex 60.4735 43.4172 3.79999
    endloop
  endfacet
  facet normal -0.518511 -0.855071 -0
    outer loop
      vertex 60.5642 43.3622 3.79999
      vertex 60.4735 43.4172 3.4
      vertex 60.5642 43.3622 3.4
    endloop
  endfacet
  facet normal -0.177925 0.984044 0
    outer loop
      vertex 60.6538 43.4498 3.4
      vertex 60.4735 43.4172 3.79999
      vertex 60.6538 43.4498 3.79999
    endloop
  endfacet
  facet normal -0.177925 0.984044 0
    outer loop
      vertex 60.4735 43.4172 3.79999
      vertex 60.6538 43.4498 3.4
      vertex 60.4735 43.4172 3.4
    endloop
  endfacet
  facet normal -0.252611 0.967568 0
    outer loop
      vertex 60.8208 43.4934 3.4
      vertex 60.6538 43.4498 3.79999
      vertex 60.8208 43.4934 3.79999
    endloop
  endfacet
  facet normal -0.252611 0.967568 0
    outer loop
      vertex 60.6538 43.4498 3.79999
      vertex 60.8208 43.4934 3.4
      vertex 60.6538 43.4498 3.4
    endloop
  endfacet
  facet normal -0.335094 0.942185 0
    outer loop
      vertex 60.9746 43.5481 3.4
      vertex 60.8208 43.4934 3.79999
      vertex 60.9746 43.5481 3.79999
    endloop
  endfacet
  facet normal -0.335094 0.942185 0
    outer loop
      vertex 60.8208 43.4934 3.79999
      vertex 60.9746 43.5481 3.4
      vertex 60.8208 43.4934 3.4
    endloop
  endfacet
  facet normal -0.423309 0.905985 0
    outer loop
      vertex 61.115 43.6137 3.4
      vertex 60.9746 43.5481 3.79999
      vertex 61.115 43.6137 3.79999
    endloop
  endfacet
  facet normal -0.423309 0.905985 0
    outer loop
      vertex 60.9746 43.5481 3.79999
      vertex 61.115 43.6137 3.4
      vertex 60.9746 43.5481 3.4
    endloop
  endfacet
  facet normal -0.515882 0.85666 0
    outer loop
      vertex 61.2422 43.6903 3.4
      vertex 61.115 43.6137 3.79999
      vertex 61.2422 43.6903 3.79999
    endloop
  endfacet
  facet normal -0.515882 0.85666 0
    outer loop
      vertex 61.115 43.6137 3.79999
      vertex 61.2422 43.6903 3.4
      vertex 61.115 43.6137 3.4
    endloop
  endfacet
  facet normal -0.609643 0.792676 0
    outer loop
      vertex 61.3561 43.7779 3.4
      vertex 61.2422 43.6903 3.79999
      vertex 61.3561 43.7779 3.79999
    endloop
  endfacet
  facet normal -0.609643 0.792676 0
    outer loop
      vertex 61.2422 43.6903 3.79999
      vertex 61.3561 43.7779 3.4
      vertex 61.2422 43.6903 3.4
    endloop
  endfacet
  facet normal -0.700334 0.713815 0
    outer loop
      vertex 61.4567 43.8766 3.4
      vertex 61.3561 43.7779 3.79999
      vertex 61.4567 43.8766 3.79999
    endloop
  endfacet
  facet normal -0.700334 0.713815 0
    outer loop
      vertex 61.3561 43.7779 3.79999
      vertex 61.4567 43.8766 3.4
      vertex 61.3561 43.7779 3.4
    endloop
  endfacet
  facet normal -0.777982 0.628287 0
    outer loop
      vertex 61.4567 43.8766 3.4
      vertex 61.544 43.9847 3.79999
      vertex 61.544 43.9847 3.4
    endloop
  endfacet
  facet normal -0.777982 0.628287 0
    outer loop
      vertex 61.544 43.9847 3.79999
      vertex 61.4567 43.8766 3.4
      vertex 61.4567 43.8766 3.79999
    endloop
  endfacet
  facet normal -0.843931 0.536452 0
    outer loop
      vertex 61.544 43.9847 3.4
      vertex 61.6178 44.1008 3.79999
      vertex 61.6178 44.1008 3.4
    endloop
  endfacet
  facet normal -0.843931 0.536452 0
    outer loop
      vertex 61.6178 44.1008 3.79999
      vertex 61.544 43.9847 3.4
      vertex 61.544 43.9847 3.79999
    endloop
  endfacet
  facet normal -0.899019 0.437909 0
    outer loop
      vertex 61.6178 44.1008 3.4
      vertex 61.6782 44.2248 3.79999
      vertex 61.6782 44.2248 3.4
    endloop
  endfacet
  facet normal -0.899019 0.437909 0
    outer loop
      vertex 61.6782 44.2248 3.79999
      vertex 61.6178 44.1008 3.4
      vertex 61.6178 44.1008 3.79999
    endloop
  endfacet
  facet normal -0.942064 0.335432 0
    outer loop
      vertex 61.6782 44.2248 3.4
      vertex 61.7252 44.3568 3.79999
      vertex 61.7252 44.3568 3.4
    endloop
  endfacet
  facet normal -0.942064 0.335432 0
    outer loop
      vertex 61.7252 44.3568 3.79999
      vertex 61.6782 44.2248 3.4
      vertex 61.6782 44.2248 3.79999
    endloop
  endfacet
  facet normal -0.972387 0.233373 0
    outer loop
      vertex 61.7252 44.3568 3.4
      vertex 61.7588 44.4968 3.79999
      vertex 61.7588 44.4968 3.4
    endloop
  endfacet
  facet normal -0.972387 0.233373 0
    outer loop
      vertex 61.7588 44.4968 3.79999
      vertex 61.7252 44.3568 3.4
      vertex 61.7252 44.3568 3.79999
    endloop
  endfacet
  facet normal -0.990891 0.134665 0
    outer loop
      vertex 61.7588 44.4968 3.4
      vertex 61.7789 44.6447 3.79999
      vertex 61.7789 44.6447 3.4
    endloop
  endfacet
  facet normal -0.990891 0.134665 0
    outer loop
      vertex 61.7789 44.6447 3.79999
      vertex 61.7588 44.4968 3.4
      vertex 61.7588 44.4968 3.79999
    endloop
  endfacet
  facet normal -0.999077 0.0429641 0
    outer loop
      vertex 61.7789 44.6447 3.4
      vertex 61.7856 44.8005 3.79999
      vertex 61.7856 44.8005 3.4
    endloop
  endfacet
  facet normal -0.999077 0.0429641 0
    outer loop
      vertex 61.7856 44.8005 3.79999
      vertex 61.7789 44.6447 3.4
      vertex 61.7789 44.6447 3.79999
    endloop
  endfacet
  facet normal -0.999371 -0.0354616 0
    outer loop
      vertex 61.7856 44.8005 3.4
      vertex 61.7812 44.9245 3.79999
      vertex 61.7812 44.9245 3.4
    endloop
  endfacet
  facet normal -0.999371 -0.0354616 0
    outer loop
      vertex 61.7812 44.9245 3.79999
      vertex 61.7856 44.8005 3.4
      vertex 61.7856 44.8005 3.79999
    endloop
  endfacet
  facet normal -0.993904 -0.11025 0
    outer loop
      vertex 61.7812 44.9245 3.4
      vertex 61.7679 45.0444 3.79999
      vertex 61.7679 45.0444 3.4
    endloop
  endfacet
  facet normal -0.993904 -0.11025 0
    outer loop
      vertex 61.7679 45.0444 3.79999
      vertex 61.7812 44.9245 3.4
      vertex 61.7812 44.9245 3.79999
    endloop
  endfacet
  facet normal -0.982301 -0.187307 0
    outer loop
      vertex 61.7679 45.0444 3.4
      vertex 61.7458 45.1603 3.79999
      vertex 61.7458 45.1603 3.4
    endloop
  endfacet
  facet normal -0.982301 -0.187307 0
    outer loop
      vertex 61.7458 45.1603 3.79999
      vertex 61.7679 45.0444 3.4
      vertex 61.7679 45.0444 3.79999
    endloop
  endfacet
  facet normal -0.963703 -0.266978 0
    outer loop
      vertex 61.7458 45.1603 3.4
      vertex 61.7148 45.2722 3.79999
      vertex 61.7148 45.2722 3.4
    endloop
  endfacet
  facet normal -0.963703 -0.266978 0
    outer loop
      vertex 61.7148 45.2722 3.79999
      vertex 61.7458 45.1603 3.4
      vertex 61.7458 45.1603 3.79999
    endloop
  endfacet
  facet normal -0.937927 -0.346833 0
    outer loop
      vertex 61.7148 45.2722 3.4
      vertex 61.6749 45.3801 3.79999
      vertex 61.6749 45.3801 3.4
    endloop
  endfacet
  facet normal -0.937927 -0.346833 0
    outer loop
      vertex 61.6749 45.3801 3.79999
      vertex 61.7148 45.2722 3.4
      vertex 61.7148 45.2722 3.79999
    endloop
  endfacet
  facet normal -0.905312 -0.424747 0
    outer loop
      vertex 61.6749 45.3801 3.4
      vertex 61.6262 45.4839 3.79999
      vertex 61.6262 45.4839 3.4
    endloop
  endfacet
  facet normal -0.905312 -0.424747 0
    outer loop
      vertex 61.6262 45.4839 3.79999
      vertex 61.6749 45.3801 3.4
      vertex 61.6749 45.3801 3.79999
    endloop
  endfacet
  facet normal -0.866315 -0.499497 0
    outer loop
      vertex 61.6262 45.4839 3.4
      vertex 61.5686 45.5838 3.79999
      vertex 61.5686 45.5838 3.4
    endloop
  endfacet
  facet normal -0.866315 -0.499497 0
    outer loop
      vertex 61.5686 45.5838 3.79999
      vertex 61.6262 45.4839 3.4
      vertex 61.6262 45.4839 3.79999
    endloop
  endfacet
  facet normal -0.821781 -0.569803 0
    outer loop
      vertex 61.5686 45.5838 3.4
      vertex 61.5037 45.6774 3.79999
      vertex 61.5037 45.6774 3.4
    endloop
  endfacet
  facet normal -0.821781 -0.569803 0
    outer loop
      vertex 61.5037 45.6774 3.79999
      vertex 61.5686 45.5838 3.4
      vertex 61.5686 45.5838 3.79999
    endloop
  endfacet
  facet normal -0.768369 -0.640007 0
    outer loop
      vertex 61.5037 45.6774 3.4
      vertex 61.4329 45.7624 3.79999
      vertex 61.4329 45.7624 3.4
    endloop
  endfacet
  facet normal -0.768369 -0.640007 0
    outer loop
      vertex 61.4329 45.7624 3.79999
      vertex 61.5037 45.6774 3.4
      vertex 61.5037 45.6774 3.79999
    endloop
  endfacet
  facet normal -0.706645 -0.707568 0
    outer loop
      vertex 61.3562 45.839 3.4
      vertex 61.4329 45.7624 3.79999
      vertex 61.3562 45.839 3.79999
    endloop
  endfacet
  facet normal -0.706645 -0.707568 -0
    outer loop
      vertex 61.4329 45.7624 3.79999
      vertex 61.3562 45.839 3.4
      vertex 61.4329 45.7624 3.4
    endloop
  endfacet
  facet normal -0.635576 -0.772038 0
    outer loop
      vertex 61.2736 45.907 3.4
      vertex 61.3562 45.839 3.79999
      vertex 61.2736 45.907 3.79999
    endloop
  endfacet
  facet normal -0.635576 -0.772038 -0
    outer loop
      vertex 61.3562 45.839 3.79999
      vertex 61.2736 45.907 3.4
      vertex 61.3562 45.839 3.4
    endloop
  endfacet
  facet normal -0.558587 -0.829446 0
    outer loop
      vertex 61.1851 45.9666 3.4
      vertex 61.2736 45.907 3.79999
      vertex 61.1851 45.9666 3.79999
    endloop
  endfacet
  facet normal -0.558587 -0.829446 -0
    outer loop
      vertex 61.2736 45.907 3.79999
      vertex 61.1851 45.9666 3.4
      vertex 61.2736 45.907 3.4
    endloop
  endfacet
  facet normal -0.475712 -0.879601 0
    outer loop
      vertex 61.0908 46.0176 3.4
      vertex 61.1851 45.9666 3.79999
      vertex 61.0908 46.0176 3.79999
    endloop
  endfacet
  facet normal -0.475712 -0.879601 -0
    outer loop
      vertex 61.1851 45.9666 3.79999
      vertex 61.0908 46.0176 3.4
      vertex 61.1851 45.9666 3.4
    endloop
  endfacet
  facet normal -0.390149 -0.920752 0
    outer loop
      vertex 60.9905 46.0601 3.4
      vertex 61.0908 46.0176 3.79999
      vertex 60.9905 46.0601 3.79999
    endloop
  endfacet
  facet normal -0.390149 -0.920752 -0
    outer loop
      vertex 61.0908 46.0176 3.79999
      vertex 60.9905 46.0601 3.4
      vertex 61.0908 46.0176 3.4
    endloop
  endfacet
  facet normal -0.302923 -0.953015 0
    outer loop
      vertex 60.8785 46.0957 3.4
      vertex 60.9905 46.0601 3.79999
      vertex 60.8785 46.0957 3.79999
    endloop
  endfacet
  facet normal -0.302923 -0.953015 -0
    outer loop
      vertex 60.9905 46.0601 3.79999
      vertex 60.8785 46.0957 3.4
      vertex 60.9905 46.0601 3.4
    endloop
  endfacet
  facet normal -0.225024 -0.974353 0
    outer loop
      vertex 60.7486 46.1257 3.4
      vertex 60.8785 46.0957 3.79999
      vertex 60.7486 46.1257 3.79999
    endloop
  endfacet
  facet normal -0.225024 -0.974353 -0
    outer loop
      vertex 60.8785 46.0957 3.79999
      vertex 60.7486 46.1257 3.4
      vertex 60.8785 46.0957 3.4
    endloop
  endfacet
  facet normal -0.164399 -0.986394 0
    outer loop
      vertex 60.601 46.1503 3.4
      vertex 60.7486 46.1257 3.79999
      vertex 60.601 46.1503 3.79999
    endloop
  endfacet
  facet normal -0.164399 -0.986394 -0
    outer loop
      vertex 60.7486 46.1257 3.79999
      vertex 60.601 46.1503 3.4
      vertex 60.7486 46.1257 3.4
    endloop
  endfacet
  facet normal -0.115308 -0.99333 0
    outer loop
      vertex 60.4356 46.1695 3.4
      vertex 60.601 46.1503 3.79999
      vertex 60.4356 46.1695 3.79999
    endloop
  endfacet
  facet normal -0.115308 -0.99333 -0
    outer loop
      vertex 60.601 46.1503 3.79999
      vertex 60.4356 46.1695 3.4
      vertex 60.601 46.1503 3.4
    endloop
  endfacet
  facet normal -0.0740321 -0.997256 0
    outer loop
      vertex 60.2524 46.1831 3.4
      vertex 60.4356 46.1695 3.79999
      vertex 60.2524 46.1831 3.79999
    endloop
  endfacet
  facet normal -0.0740321 -0.997256 -0
    outer loop
      vertex 60.4356 46.1695 3.79999
      vertex 60.2524 46.1831 3.4
      vertex 60.4356 46.1695 3.4
    endloop
  endfacet
  facet normal -0.0407621 -0.999169 0
    outer loop
      vertex 60.0514 46.1913 3.4
      vertex 60.2524 46.1831 3.79999
      vertex 60.0514 46.1913 3.79999
    endloop
  endfacet
  facet normal -0.0407621 -0.999169 -0
    outer loop
      vertex 60.2524 46.1831 3.79999
      vertex 60.0514 46.1913 3.4
      vertex 60.2524 46.1831 3.4
    endloop
  endfacet
  facet normal -0.012796 -0.999918 0
    outer loop
      vertex 59.8326 46.1941 3.4
      vertex 60.0514 46.1913 3.79999
      vertex 59.8326 46.1941 3.79999
    endloop
  endfacet
  facet normal -0.012796 -0.999918 -0
    outer loop
      vertex 60.0514 46.1913 3.79999
      vertex 59.8326 46.1941 3.4
      vertex 60.0514 46.1913 3.4
    endloop
  endfacet
  facet normal 0 -1 0
    outer loop
      vertex 57.7203 46.1941 3.4
      vertex 59.8326 46.1941 3.79999
      vertex 57.7203 46.1941 3.79999
    endloop
  endfacet
  facet normal 0 -1 -0
    outer loop
      vertex 59.8326 46.1941 3.79999
      vertex 57.7203 46.1941 3.4
      vertex 59.8326 46.1941 3.4
    endloop
  endfacet
  facet normal 1 -0 0
    outer loop
      vertex 57.7203 41.2234 3.79999
      vertex 57.7203 46.1941 3.4
      vertex 57.7203 46.1941 3.79999
    endloop
  endfacet
  facet normal 1 0 0
    outer loop
      vertex 57.7203 46.1941 3.4
      vertex 57.7203 41.2234 3.79999
      vertex 57.7203 41.2234 3.4
    endloop
  endfacet
  facet normal 0 1 -0
    outer loop
      vertex 58.7239 41.2234 3.4
      vertex 57.7203 41.2234 3.79999
      vertex 58.7239 41.2234 3.79999
    endloop
  endfacet
  facet normal 0 1 0
    outer loop
      vertex 57.7203 41.2234 3.79999
      vertex 58.7239 41.2234 3.4
      vertex 57.7203 41.2234 3.4
    endloop
  endfacet
  facet normal -1 0 0
    outer loop
      vertex 58.7239 41.2234 3.4
      vertex 58.7239 43.2985 3.79999
      vertex 58.7239 43.2985 3.4
    endloop
  endfacet
  facet normal -1 -0 0
    outer loop
      vertex 58.7239 43.2985 3.79999
      vertex 58.7239 41.2234 3.4
      vertex 58.7239 41.2234 3.79999
    endloop
  endfacet
  facet normal -1 0 0
    outer loop
      vertex 58.7239 44.0919 3.4
      vertex 58.7239 45.3532 3.79999
      vertex 58.7239 45.3532 3.4
    endloop
  endfacet
  facet normal -1 -0 0
    outer loop
      vertex 58.7239 45.3532 3.79999
      vertex 58.7239 44.0919 3.4
      vertex 58.7239 44.0919 3.79999
    endloop
  endfacet
  facet normal 0 1 -0
    outer loop
      vertex 59.5071 45.3532 3.4
      vertex 58.7239 45.3532 3.79999
      vertex 59.5071 45.3532 3.79999
    endloop
  endfacet
  facet normal 0 1 0
    outer loop
      vertex 58.7239 45.3532 3.79999
      vertex 59.5071 45.3532 3.4
      vertex 58.7239 45.3532 3.4
    endloop
  endfacet
  facet normal 0.00182481 0.999998 -0
    outer loop
      vertex 59.6715 45.3529 3.4
      vertex 59.5071 45.3532 3.79999
      vertex 59.6715 45.3529 3.79999
    endloop
  endfacet
  facet normal 0.00182481 0.999998 0
    outer loop
      vertex 59.5071 45.3532 3.79999
      vertex 59.6715 45.3529 3.4
      vertex 59.5071 45.3532 3.4
    endloop
  endfacet
  facet normal 0.00761224 0.999971 -0
    outer loop
      vertex 59.816 45.3518 3.4
      vertex 59.6715 45.3529 3.79999
      vertex 59.816 45.3518 3.79999
    endloop
  endfacet
  facet normal 0.00761224 0.999971 0
    outer loop
      vertex 59.6715 45.3529 3.79999
      vertex 59.816 45.3518 3.4
      vertex 59.6715 45.3529 3.4
    endloop
  endfacet
  facet normal 0.0136424 0.999907 -0
    outer loop
      vertex 59.9406 45.3501 3.4
      vertex 59.816 45.3518 3.79999
      vertex 59.9406 45.3501 3.79999
    endloop
  endfacet
  facet normal 0.0136424 0.999907 0
    outer loop
      vertex 59.816 45.3518 3.79999
      vertex 59.9406 45.3501 3.4
      vertex 59.816 45.3518 3.4
    endloop
  endfacet
  facet normal 0.0229385 0.999737 -0
    outer loop
      vertex 60.0452 45.3477 3.4
      vertex 59.9406 45.3501 3.79999
      vertex 60.0452 45.3477 3.79999
    endloop
  endfacet
  facet normal 0.0229385 0.999737 0
    outer loop
      vertex 59.9406 45.3501 3.79999
      vertex 60.0452 45.3477 3.4
      vertex 59.9406 45.3501 3.4
    endloop
  endfacet
  facet normal 0.0365753 0.999331 -0
    outer loop
      vertex 60.1299 45.3446 3.4
      vertex 60.0452 45.3477 3.79999
      vertex 60.1299 45.3446 3.79999
    endloop
  endfacet
  facet normal 0.0365753 0.999331 0
    outer loop
      vertex 60.0452 45.3477 3.79999
      vertex 60.1299 45.3446 3.4
      vertex 60.0452 45.3477 3.4
    endloop
  endfacet
  facet normal 0.0585414 0.998285 -0
    outer loop
      vertex 60.1947 45.3408 3.4
      vertex 60.1299 45.3446 3.79999
      vertex 60.1947 45.3408 3.79999
    endloop
  endfacet
  facet normal 0.0585414 0.998285 0
    outer loop
      vertex 60.1299 45.3446 3.79999
      vertex 60.1947 45.3408 3.4
      vertex 60.1299 45.3446 3.4
    endloop
  endfacet
  facet normal 0.0999435 0.994993 -0
    outer loop
      vertex 60.2395 45.3363 3.4
      vertex 60.1947 45.3408 3.79999
      vertex 60.2395 45.3363 3.79999
    endloop
  endfacet
  facet normal 0.0999435 0.994993 0
    outer loop
      vertex 60.1947 45.3408 3.79999
      vertex 60.2395 45.3363 3.4
      vertex 60.1947 45.3408 3.4
    endloop
  endfacet
  facet normal 0.203085 0.979161 -0
    outer loop
      vertex 60.307 45.3223 3.4
      vertex 60.2395 45.3363 3.79999
      vertex 60.307 45.3223 3.79999
    endloop
  endfacet
  facet normal 0.203085 0.979161 0
    outer loop
      vertex 60.2395 45.3363 3.79999
      vertex 60.307 45.3223 3.4
      vertex 60.2395 45.3363 3.4
    endloop
  endfacet
  facet normal 0.283155 0.959074 -0
    outer loop
      vertex 60.37 45.3037 3.4
      vertex 60.307 45.3223 3.79999
      vertex 60.37 45.3037 3.79999
    endloop
  endfacet
  facet normal 0.283155 0.959074 0
    outer loop
      vertex 60.307 45.3223 3.79999
      vertex 60.37 45.3037 3.4
      vertex 60.307 45.3223 3.4
    endloop
  endfacet
  facet normal 0.368649 0.929569 -0
    outer loop
      vertex 60.4285 45.2805 3.4
      vertex 60.37 45.3037 3.79999
      vertex 60.4285 45.2805 3.79999
    endloop
  endfacet
  facet normal 0.368649 0.929569 0
    outer loop
      vertex 60.37 45.3037 3.79999
      vertex 60.4285 45.2805 3.4
      vertex 60.37 45.3037 3.4
    endloop
  endfacet
  facet normal 0.45772 0.889096 -0
    outer loop
      vertex 60.4825 45.2527 3.4
      vertex 60.4285 45.2805 3.79999
      vertex 60.4825 45.2527 3.79999
    endloop
  endfacet
  facet normal 0.45772 0.889096 0
    outer loop
      vertex 60.4285 45.2805 3.79999
      vertex 60.4825 45.2527 3.4
      vertex 60.4285 45.2805 3.4
    endloop
  endfacet
  facet normal 0.548841 0.835927 -0
    outer loop
      vertex 60.532 45.2202 3.4
      vertex 60.4825 45.2527 3.79999
      vertex 60.532 45.2202 3.79999
    endloop
  endfacet
  facet normal 0.548841 0.835927 0
    outer loop
      vertex 60.4825 45.2527 3.79999
      vertex 60.532 45.2202 3.4
      vertex 60.4825 45.2527 3.4
    endloop
  endfacet
  facet normal 0.637147 0.770742 -0
    outer loop
      vertex 60.577 45.183 3.4
      vertex 60.532 45.2202 3.79999
      vertex 60.577 45.183 3.79999
    endloop
  endfacet
  facet normal 0.637147 0.770742 0
    outer loop
      vertex 60.532 45.2202 3.79999
      vertex 60.577 45.183 3.4
      vertex 60.532 45.2202 3.4
    endloop
  endfacet
  facet normal 0.717353 0.69671 0
    outer loop
      vertex 60.6175 45.1413 3.79999
      vertex 60.577 45.183 3.4
      vertex 60.577 45.183 3.79999
    endloop
  endfacet
  facet normal 0.717353 0.69671 0
    outer loop
      vertex 60.577 45.183 3.4
      vertex 60.6175 45.1413 3.79999
      vertex 60.6175 45.1413 3.4
    endloop
  endfacet
  facet normal 0.791474 0.611203 0
    outer loop
      vertex 60.6531 45.0952 3.79999
      vertex 60.6175 45.1413 3.4
      vertex 60.6175 45.1413 3.79999
    endloop
  endfacet
  facet normal 0.791474 0.611203 0
    outer loop
      vertex 60.6175 45.1413 3.4
      vertex 60.6531 45.0952 3.79999
      vertex 60.6531 45.0952 3.4
    endloop
  endfacet
  facet normal 0.857493 0.514496 0
    outer loop
      vertex 60.6831 45.0452 3.79999
      vertex 60.6531 45.0952 3.4
      vertex 60.6531 45.0952 3.79999
    endloop
  endfacet
  facet normal 0.857493 0.514496 0
    outer loop
      vertex 60.6531 45.0952 3.4
      vertex 60.6831 45.0452 3.79999
      vertex 60.6831 45.0452 3.4
    endloop
  endfacet
  facet normal 0.90973 0.415201 0
    outer loop
      vertex 60.7077 44.9913 3.79999
      vertex 60.6831 45.0452 3.4
      vertex 60.6831 45.0452 3.79999
    endloop
  endfacet
  facet normal 0.90973 0.415201 0
    outer loop
      vertex 60.6831 45.0452 3.4
      vertex 60.7077 44.9913 3.79999
      vertex 60.7077 44.9913 3.4
    endloop
  endfacet
  facet normal 0.949174 0.314752 0
    outer loop
      vertex 60.7269 44.9334 3.79999
      vertex 60.7077 44.9913 3.4
      vertex 60.7077 44.9913 3.79999
    endloop
  endfacet
  facet normal 0.949174 0.314752 0
    outer loop
      vertex 60.7077 44.9913 3.4
      vertex 60.7269 44.9334 3.79999
      vertex 60.7269 44.9334 3.4
    endloop
  endfacet
  facet normal 0.976631 0.214922 0
    outer loop
      vertex 60.7405 44.8716 3.79999
      vertex 60.7269 44.9334 3.4
      vertex 60.7269 44.9334 3.79999
    endloop
  endfacet
  facet normal 0.976631 0.214922 0
    outer loop
      vertex 60.7269 44.9334 3.4
      vertex 60.7405 44.8716 3.79999
      vertex 60.7405 44.8716 3.4
    endloop
  endfacet
  facet normal 0.992138 0.125148 0
    outer loop
      vertex 60.7488 44.8058 3.79999
      vertex 60.7405 44.8716 3.4
      vertex 60.7405 44.8716 3.79999
    endloop
  endfacet
  facet normal 0.992138 0.125148 0
    outer loop
      vertex 60.7405 44.8716 3.4
      vertex 60.7488 44.8058 3.79999
      vertex 60.7488 44.8058 3.4
    endloop
  endfacet
  facet normal 0.999251 0.0387084 0
    outer loop
      vertex 60.7515 44.7361 3.79999
      vertex 60.7488 44.8058 3.4
      vertex 60.7488 44.8058 3.79999
    endloop
  endfacet
  facet normal 0.999251 0.0387084 0
    outer loop
      vertex 60.7488 44.8058 3.4
      vertex 60.7515 44.7361 3.79999
      vertex 60.7515 44.7361 3.4
    endloop
  endfacet
  facet normal 0.999434 -0.0336348 0
    outer loop
      vertex 60.7494 44.6737 3.79999
      vertex 60.7515 44.7361 3.4
      vertex 60.7515 44.7361 3.79999
    endloop
  endfacet
  facet normal 0.999434 -0.0336348 0
    outer loop
      vertex 60.7515 44.7361 3.4
      vertex 60.7494 44.6737 3.79999
      vertex 60.7494 44.6737 3.4
    endloop
  endfacet
  facet normal 0.994597 -0.103813 0
    outer loop
      vertex 60.7432 44.6143 3.79999
      vertex 60.7494 44.6737 3.4
      vertex 60.7494 44.6737 3.79999
    endloop
  endfacet
  facet normal 0.994597 -0.103813 0
    outer loop
      vertex 60.7494 44.6737 3.4
      vertex 60.7432 44.6143 3.79999
      vertex 60.7432 44.6143 3.4
    endloop
  endfacet
  facet normal 0.983363 -0.181651 0
    outer loop
      vertex 60.7328 44.558 3.79999
      vertex 60.7432 44.6143 3.4
      vertex 60.7432 44.6143 3.79999
    endloop
  endfacet
  facet normal 0.983363 -0.181651 0
    outer loop
      vertex 60.7432 44.6143 3.4
      vertex 60.7328 44.558 3.79999
      vertex 60.7328 44.558 3.4
    endloop
  endfacet
  facet normal 0.964931 -0.262505 0
    outer loop
      vertex 60.7183 44.5047 3.79999
      vertex 60.7328 44.558 3.4
      vertex 60.7328 44.558 3.79999
    endloop
  endfacet
  facet normal 0.964931 -0.262505 0
    outer loop
      vertex 60.7328 44.558 3.4
      vertex 60.7183 44.5047 3.79999
      vertex 60.7183 44.5047 3.4
    endloop
  endfacet
  facet normal 0.937094 -0.349077 0
    outer loop
      vertex 60.6996 44.4545 3.79999
      vertex 60.7183 44.5047 3.4
      vertex 60.7183 44.5047 3.79999
    endloop
  endfacet
  facet normal 0.937094 -0.349077 0
    outer loop
      vertex 60.7183 44.5047 3.4
      vertex 60.6996 44.4545 3.79999
      vertex 60.6996 44.4545 3.4
    endloop
  endfacet
  facet normal 0.900449 -0.434962 0
    outer loop
      vertex 60.6768 44.4073 3.79999
      vertex 60.6996 44.4545 3.4
      vertex 60.6996 44.4545 3.79999
    endloop
  endfacet
  facet normal 0.900449 -0.434962 0
    outer loop
      vertex 60.6996 44.4545 3.4
      vertex 60.6768 44.4073 3.79999
      vertex 60.6768 44.4073 3.4
    endloop
  endfacet
  facet normal 0.853377 -0.521294 0
    outer loop
      vertex 60.6498 44.3631 3.79999
      vertex 60.6768 44.4073 3.4
      vertex 60.6768 44.4073 3.79999
    endloop
  endfacet
  facet normal 0.853377 -0.521294 0
    outer loop
      vertex 60.6768 44.4073 3.4
      vertex 60.6498 44.3631 3.79999
      vertex 60.6498 44.3631 3.4
    endloop
  endfacet
  facet normal 0.799059 -0.601253 0
    outer loop
      vertex 60.6191 44.3223 3.79999
      vertex 60.6498 44.3631 3.4
      vertex 60.6498 44.3631 3.79999
    endloop
  endfacet
  facet normal 0.799059 -0.601253 0
    outer loop
      vertex 60.6498 44.3631 3.4
      vertex 60.6191 44.3223 3.79999
      vertex 60.6191 44.3223 3.4
    endloop
  endfacet
  facet normal 0.74012 -0.672475 0
    outer loop
      vertex 60.5853 44.2851 3.79999
      vertex 60.6191 44.3223 3.4
      vertex 60.6191 44.3223 3.79999
    endloop
  endfacet
  facet normal 0.74012 -0.672475 0
    outer loop
      vertex 60.6191 44.3223 3.4
      vertex 60.5853 44.2851 3.79999
      vertex 60.5853 44.2851 3.4
    endloop
  endfacet
  facet normal 0.672274 -0.740302 0
    outer loop
      vertex 60.5483 44.2515 3.4
      vertex 60.5853 44.2851 3.79999
      vertex 60.5483 44.2515 3.79999
    endloop
  endfacet
  facet normal 0.672274 -0.740302 0
    outer loop
      vertex 60.5853 44.2851 3.79999
      vertex 60.5483 44.2515 3.4
      vertex 60.5853 44.2851 3.4
    endloop
  endfacet
  facet normal 0.599363 -0.800478 0
    outer loop
      vertex 60.5081 44.2214 3.4
      vertex 60.5483 44.2515 3.79999
      vertex 60.5081 44.2214 3.79999
    endloop
  endfacet
  facet normal 0.599363 -0.800478 0
    outer loop
      vertex 60.5483 44.2515 3.79999
      vertex 60.5081 44.2214 3.4
      vertex 60.5483 44.2515 3.4
    endloop
  endfacet
  facet normal 0.519697 -0.854351 0
    outer loop
      vertex 60.4647 44.195 3.4
      vertex 60.5081 44.2214 3.79999
      vertex 60.4647 44.195 3.79999
    endloop
  endfacet
  facet normal 0.519697 -0.854351 0
    outer loop
      vertex 60.5081 44.2214 3.79999
      vertex 60.4647 44.195 3.4
      vertex 60.5081 44.2214 3.4
    endloop
  endfacet
  facet normal 0.439487 -0.898249 0
    outer loop
      vertex 60.4181 44.1722 3.4
      vertex 60.4647 44.195 3.79999
      vertex 60.4181 44.1722 3.79999
    endloop
  endfacet
  facet normal 0.439487 -0.898249 0
    outer loop
      vertex 60.4647 44.195 3.79999
      vertex 60.4181 44.1722 3.4
      vertex 60.4647 44.195 3.4
    endloop
  endfacet
  facet normal 0.361362 -0.932426 0
    outer loop
      vertex 60.3683 44.1529 3.4
      vertex 60.4181 44.1722 3.79999
      vertex 60.3683 44.1529 3.79999
    endloop
  endfacet
  facet normal 0.361362 -0.932426 0
    outer loop
      vertex 60.4181 44.1722 3.79999
      vertex 60.3683 44.1529 3.4
      vertex 60.4181 44.1722 3.4
    endloop
  endfacet
  facet normal 0.251285 -0.967913 0
    outer loop
      vertex 60.3059 44.1367 3.4
      vertex 60.3683 44.1529 3.79999
      vertex 60.3059 44.1367 3.79999
    endloop
  endfacet
  facet normal 0.251285 -0.967913 0
    outer loop
      vertex 60.3683 44.1529 3.79999
      vertex 60.3059 44.1367 3.4
      vertex 60.3683 44.1529 3.4
    endloop
  endfacet
  facet normal 0.16004 -0.98711 0
    outer loop
      vertex 60.2214 44.123 3.4
      vertex 60.3059 44.1367 3.79999
      vertex 60.2214 44.123 3.79999
    endloop
  endfacet
  facet normal 0.16004 -0.98711 0
    outer loop
      vertex 60.3059 44.1367 3.79999
      vertex 60.2214 44.123 3.4
      vertex 60.3059 44.1367 3.4
    endloop
  endfacet
  facet normal 0.104394 -0.994536 0
    outer loop
      vertex 60.1147 44.1118 3.4
      vertex 60.2214 44.123 3.79999
      vertex 60.1147 44.1118 3.79999
    endloop
  endfacet
  facet normal 0.104394 -0.994536 0
    outer loop
      vertex 60.2214 44.123 3.79999
      vertex 60.1147 44.1118 3.4
      vertex 60.2214 44.123 3.4
    endloop
  endfacet
  facet normal 0.067341 -0.99773 0
    outer loop
      vertex 59.9858 44.1031 3.4
      vertex 60.1147 44.1118 3.79999
      vertex 59.9858 44.1031 3.79999
    endloop
  endfacet
  facet normal 0.067341 -0.99773 0
    outer loop
      vertex 60.1147 44.1118 3.79999
      vertex 59.9858 44.1031 3.4
      vertex 60.1147 44.1118 3.4
    endloop
  endfacet
  facet normal 0.041025 -0.999158 0
    outer loop
      vertex 59.8348 44.0969 3.4
      vertex 59.9858 44.1031 3.79999
      vertex 59.8348 44.0969 3.79999
    endloop
  endfacet
  facet normal 0.041025 -0.999158 0
    outer loop
      vertex 59.9858 44.1031 3.79999
      vertex 59.8348 44.0969 3.4
      vertex 59.9858 44.1031 3.4
    endloop
  endfacet
  facet normal 0.0219473 -0.999759 0
    outer loop
      vertex 59.6617 44.0931 3.4
      vertex 59.8348 44.0969 3.79999
      vertex 59.6617 44.0931 3.79999
    endloop
  endfacet
  facet normal 0.0219473 -0.999759 0
    outer loop
      vertex 59.8348 44.0969 3.79999
      vertex 59.6617 44.0931 3.4
      vertex 59.8348 44.0969 3.4
    endloop
  endfacet
  facet normal 0.00614742 -0.999981 0
    outer loop
      vertex 59.4665 44.0919 3.4
      vertex 59.6617 44.0931 3.79999
      vertex 59.4665 44.0919 3.79999
    endloop
  endfacet
  facet normal 0.00614742 -0.999981 0
    outer loop
      vertex 59.6617 44.0931 3.79999
      vertex 59.4665 44.0919 3.4
      vertex 59.6617 44.0931 3.4
    endloop
  endfacet
  facet normal 0 -1 0
    outer loop
      vertex 58.7239 44.0919 3.4
      vertex 59.4665 44.0919 3.79999
      vertex 58.7239 44.0919 3.79999
    endloop
  endfacet
  facet normal 0 -1 -0
    outer loop
      vertex 59.4665 44.0919 3.79999
      vertex 58.7239 44.0919 3.4
      vertex 59.4665 44.0919 3.4
    endloop
  endfacet
endsolid OpenSCAD_Model
