solid OpenSCAD_Model
  facet normal -1 0 0
    outer loop
      vertex 0 24 -6.2
      vertex 0 20.5 -3
      vertex 0 24 -3
    endloop
  endfacet
  facet normal -1 0 0
    outer loop
      vertex 0 15 -6.2
      vertex 0 20.5 -3
      vertex 0 24 -6.2
    endloop
  endfacet
  facet normal -1 0 0
    outer loop
      vertex 0 15 -6.2
      vertex 0 18 -0.5
      vertex 0 20.5 -3
    endloop
  endfacet
  facet normal -1 0 0
    outer loop
      vertex 0 15 11.4
      vertex 0 18 -0.5
      vertex 0 15 -6.2
    endloop
  endfacet
  facet normal -1 0 0
    outer loop
      vertex 0 18 -0.5
      vertex 0 15 11.4
      vertex 0 18 15
    endloop
  endfacet
  facet normal -1 0 0
    outer loop
      vertex 0 13.18 15
      vertex 0 15 11.4
      vertex 0 13.18 11.4
    endloop
  endfacet
  facet normal -1 0 0
    outer loop
      vertex 0 15 11.4
      vertex 0 13.18 15
      vertex 0 18 15
    endloop
  endfacet
  facet normal 0 -1 0
    outer loop
      vertex 0 15 -6.2
      vertex 86.256 15 11.4
      vertex 0 15 11.4
    endloop
  endfacet
  facet normal 0 -1 -0
    outer loop
      vertex 86.256 15 11.4
      vertex 0 15 -6.2
      vertex 86.256 15 -6.2
    endloop
  endfacet
  facet normal 1 0 0
    outer loop
      vertex 86.256 18 15
      vertex 86.256 15 11.4
      vertex 86.256 18 -0.5
    endloop
  endfacet
  facet normal 1 -0 0
    outer loop
      vertex 86.256 12.8444 15
      vertex 86.256 15 11.4
      vertex 86.256 18 15
    endloop
  endfacet
  facet normal 1 0 0
    outer loop
      vertex 86.256 15 11.4
      vertex 86.256 12.8444 15
      vertex 86.256 12.8444 11.4
    endloop
  endfacet
  facet normal 1 -0 0
    outer loop
      vertex 86.256 20.5 -3
      vertex 86.256 24 -6.2
      vertex 86.256 24 -3
    endloop
  endfacet
  facet normal 1 0 0
    outer loop
      vertex 86.256 20.5 -3
      vertex 86.256 15 -6.2
      vertex 86.256 24 -6.2
    endloop
  endfacet
  facet normal 1 0 0
    outer loop
      vertex 86.256 18 -0.5
      vertex 86.256 15 -6.2
      vertex 86.256 20.5 -3
    endloop
  endfacet
  facet normal 1 0 0
    outer loop
      vertex 86.256 15 -6.2
      vertex 86.256 18 -0.5
      vertex 86.256 15 11.4
    endloop
  endfacet
  facet normal -0 0 1
    outer loop
      vertex 0 24 -3
      vertex 86.256 20.5 -3
      vertex 86.256 24 -3
    endloop
  endfacet
  facet normal 0 0 1
    outer loop
      vertex 86.256 20.5 -3
      vertex 0 24 -3
      vertex 0 20.5 -3
    endloop
  endfacet
  facet normal 0 1 -0
    outer loop
      vertex 86.256 24 -6.2
      vertex 0 24 -3
      vertex 86.256 24 -3
    endloop
  endfacet
  facet normal 0 1 0
    outer loop
      vertex 0 24 -3
      vertex 86.256 24 -6.2
      vertex 0 24 -6.2
    endloop
  endfacet
  facet normal 0 0 -1
    outer loop
      vertex 0 15 -6.2
      vertex 86.256 24 -6.2
      vertex 86.256 15 -6.2
    endloop
  endfacet
  facet normal -0 0 -1
    outer loop
      vertex 86.256 24 -6.2
      vertex 0 15 -6.2
      vertex 0 24 -6.2
    endloop
  endfacet
  facet normal 0 0.707107 0.707107
    outer loop
      vertex 86.256 20.5 -3
      vertex 0 18 -0.5
      vertex 86.256 18 -0.5
    endloop
  endfacet
  facet normal 0 0.707107 0.707107
    outer loop
      vertex 0 18 -0.5
      vertex 86.256 20.5 -3
      vertex 0 20.5 -3
    endloop
  endfacet
  facet normal 0 1 -0
    outer loop
      vertex 86.256 18 -0.5
      vertex 0 18 15
      vertex 86.256 18 15
    endloop
  endfacet
  facet normal 0 1 0
    outer loop
      vertex 0 18 15
      vertex 86.256 18 -0.5
      vertex 0 18 -0.5
    endloop
  endfacet
  facet normal 0 0 1
    outer loop
      vertex 76.7442 5.08892 15
      vertex 86.256 12.8444 15
      vertex 86.256 18 15
    endloop
  endfacet
  facet normal 0 0 1
    outer loop
      vertex 86.256 12.8444 15
      vertex 85.1301 2.49557 15
      vertex 85.7753 1.87041 15
    endloop
  endfacet
  facet normal 0 0 1
    outer loop
      vertex 86.256 12.8444 15
      vertex 84.4497 3.05064 15
      vertex 85.1301 2.49557 15
    endloop
  endfacet
  facet normal 0 0 1
    outer loop
      vertex 86.256 12.8444 15
      vertex 83.7405 3.5404 15
      vertex 84.4497 3.05064 15
    endloop
  endfacet
  facet normal 0 0 1
    outer loop
      vertex 86.256 12.8444 15
      vertex 83.0026 3.96485 15
      vertex 83.7405 3.5404 15
    endloop
  endfacet
  facet normal 0 0 1
    outer loop
      vertex 86.256 12.8444 15
      vertex 82.236 4.32401 15
      vertex 83.0026 3.96485 15
    endloop
  endfacet
  facet normal 0 0 1
    outer loop
      vertex 86.256 12.8444 15
      vertex 81.4407 4.61787 15
      vertex 82.236 4.32401 15
    endloop
  endfacet
  facet normal 0 0 1
    outer loop
      vertex 86.256 12.8444 15
      vertex 80.6165 4.84643 15
      vertex 81.4407 4.61787 15
    endloop
  endfacet
  facet normal 0 0 1
    outer loop
      vertex 86.256 12.8444 15
      vertex 79.7637 5.00968 15
      vertex 80.6165 4.84643 15
    endloop
  endfacet
  facet normal 0 0 1
    outer loop
      vertex 86.256 12.8444 15
      vertex 78.8821 5.10764 15
      vertex 79.7637 5.00968 15
    endloop
  endfacet
  facet normal 0 0 1
    outer loop
      vertex 86.256 12.8444 15
      vertex 77.9718 5.14028 15
      vertex 78.8821 5.10764 15
    endloop
  endfacet
  facet normal 0 0 1
    outer loop
      vertex 86.256 12.8444 15
      vertex 76.7442 5.08892 15
      vertex 77.9718 5.14028 15
    endloop
  endfacet
  facet normal 0 0 1
    outer loop
      vertex 86.256 18 15
      vertex 75.5687 4.93481 15
      vertex 76.7442 5.08892 15
    endloop
  endfacet
  facet normal -0 0 1
    outer loop
      vertex 63.901 9.5 15
      vertex 75.5687 4.93481 15
      vertex 86.256 18 15
    endloop
  endfacet
  facet normal 0 0 1
    outer loop
      vertex 75.5687 4.93481 15
      vertex 63.901 9.5 15
      vertex 74.4456 4.67796 15
    endloop
  endfacet
  facet normal 0 0 1
    outer loop
      vertex 74.4456 4.67796 15
      vertex 63.901 9.5 15
      vertex 73.3747 4.31835 15
    endloop
  endfacet
  facet normal 0 0 1
    outer loop
      vertex 73.3747 4.31835 15
      vertex 63.901 9.5 15
      vertex 72.356 3.85601 15
    endloop
  endfacet
  facet normal 0 0 1
    outer loop
      vertex 72.356 3.85601 15
      vertex 63.901 9.5 15
      vertex 71.3895 3.29093 15
    endloop
  endfacet
  facet normal 0 0 1
    outer loop
      vertex 71.3895 3.29093 15
      vertex 63.901 9.5 15
      vertex 70.4753 2.62312 15
    endloop
  endfacet
  facet normal -0 0 1
    outer loop
      vertex 54.5224 -12.209 15
      vertex 65.2776 -12.9848 15
      vertex 65.3211 -10.876 15
    endloop
  endfacet
  facet normal -0 0 1
    outer loop
      vertex 56.5684 -0.246941 15
      vertex 66.8447 -2.42167 15
      vertex 57.4686 1.76283 15
    endloop
  endfacet
  facet normal -0 0 1
    outer loop
      vertex 57.4686 1.76283 15
      vertex 66.8447 -2.42167 15
      vertex 58.5325 3.64506 15
    endloop
  endfacet
  facet normal 0 0 1
    outer loop
      vertex 67.4107 -1.14872 15
      vertex 58.5325 3.64506 15
      vertex 66.8447 -2.42167 15
    endloop
  endfacet
  facet normal -0 0 1
    outer loop
      vertex 58.5325 3.64506 15
      vertex 67.4107 -1.14872 15
      vertex 59.7601 5.39973 15
    endloop
  endfacet
  facet normal 0 0 1
    outer loop
      vertex 68.0637 -0.0150833 15
      vertex 59.7601 5.39973 15
      vertex 67.4107 -1.14872 15
    endloop
  endfacet
  facet normal -0 0 1
    outer loop
      vertex 59.7601 5.39973 15
      vertex 68.0637 -0.0150833 15
      vertex 61.1514 7.02685 15
    endloop
  endfacet
  facet normal 0 0 1
    outer loop
      vertex 68.8037 0.97924 15
      vertex 61.1514 7.02685 15
      vertex 68.0637 -0.0150833 15
    endloop
  endfacet
  facet normal -0 0 1
    outer loop
      vertex 61.1514 7.02685 15
      vertex 68.8037 0.97924 15
      vertex 62.6699 8.50324 15
    endloop
  endfacet
  facet normal 0 0 1
    outer loop
      vertex 69.6134 1.85255 15
      vertex 62.6699 8.50324 15
      vertex 68.8037 0.97924 15
    endloop
  endfacet
  facet normal -0 0 1
    outer loop
      vertex 62.6699 8.50324 15
      vertex 69.6134 1.85255 15
      vertex 63.901 9.5 15
    endloop
  endfacet
  facet normal 0 0 1
    outer loop
      vertex 70.4753 2.62312 15
      vertex 63.901 9.5 15
      vertex 69.6134 1.85255 15
    endloop
  endfacet
  facet normal 0 0 1
    outer loop
      vertex 86.256 18 15
      vertex 39.6336 9.5 15
      vertex 63.901 9.5 15
    endloop
  endfacet
  facet normal 0 0 1
    outer loop
      vertex 39.6336 9.5 15
      vertex 26.6871 9.5 15
      vertex 32.851 -2.40595 15
    endloop
  endfacet
  facet normal -0 0 1
    outer loop
      vertex 0 18 15
      vertex 39.6336 9.5 15
      vertex 86.256 18 15
    endloop
  endfacet
  facet normal 0 0 1
    outer loop
      vertex 39.6336 9.5 15
      vertex 0 18 15
      vertex 26.6871 9.5 15
    endloop
  endfacet
  facet normal 0 0 1
    outer loop
      vertex 26.6871 9.5 15
      vertex 0 18 15
      vertex 8.08645 9.5 15
    endloop
  endfacet
  facet normal -0 0 1
    outer loop
      vertex 0 13.18 15
      vertex 8.08645 9.5 15
      vertex 0 18 15
    endloop
  endfacet
  facet normal 0 0 1
    outer loop
      vertex 8.08645 9.5 15
      vertex 0 13.18 15
      vertex 1.92552 -3.00552 15
    endloop
  endfacet
  facet normal -0 0 1
    outer loop
      vertex -4.20997 13.18 15
      vertex 1.92552 -3.00552 15
      vertex 0 13.18 15
    endloop
  endfacet
  facet normal 0 0 1
    outer loop
      vertex -16.5516 -38.5147 15
      vertex 1.92552 -3.00552 15
      vertex -4.20997 13.18 15
    endloop
  endfacet
  facet normal 0 0 1
    outer loop
      vertex 1.92552 -3.00552 15
      vertex -16.5516 -38.5147 15
      vertex -5.86721 -38.5147 15
    endloop
  endfacet
  facet normal 0 0 1
    outer loop
      vertex 88.7687 -3.453 15
      vertex 98.9971 -0.790688 15
      vertex 98.3657 0.928673 15
    endloop
  endfacet
  facet normal 0 0 1
    outer loop
      vertex 88.3742 -2.37856 15
      vertex 98.3657 0.928673 15
      vertex 97.6581 2.54052 15
    endloop
  endfacet
  facet normal 0 0 1
    outer loop
      vertex 87.938 -1.37901 15
      vertex 97.6581 2.54052 15
      vertex 96.8743 4.04482 15
    endloop
  endfacet
  facet normal 0 0 1
    outer loop
      vertex 87.46 -0.454338 15
      vertex 96.8743 4.04482 15
      vertex 96.0143 5.44161 15
    endloop
  endfacet
  facet normal 0 0 1
    outer loop
      vertex 86.9403 0.395454 15
      vertex 96.0143 5.44161 15
      vertex 95.078 6.73086 15
    endloop
  endfacet
  facet normal 0 0 1
    outer loop
      vertex 86.3787 1.17037 15
      vertex 95.078 6.73086 15
      vertex 94.0656 7.91257 15
    endloop
  endfacet
  facet normal 0 0 1
    outer loop
      vertex 86.3787 1.17037 15
      vertex 94.0656 7.91257 15
      vertex 92.977 8.98675 15
    endloop
  endfacet
  facet normal 0 0 1
    outer loop
      vertex 85.7753 1.87041 15
      vertex 92.977 8.98675 15
      vertex 91.8121 9.95341 15
    endloop
  endfacet
  facet normal 0 0 1
    outer loop
      vertex 85.7753 1.87041 15
      vertex 91.8121 9.95341 15
      vertex 90.5734 10.8156 15
    endloop
  endfacet
  facet normal 0 0 1
    outer loop
      vertex 96.8743 4.04482 15
      vertex 87.46 -0.454338 15
      vertex 87.938 -1.37901 15
    endloop
  endfacet
  facet normal 0 0 1
    outer loop
      vertex 85.7753 1.87041 15
      vertex 90.5734 10.8156 15
      vertex 89.2629 11.5763 15
    endloop
  endfacet
  facet normal 0 0 1
    outer loop
      vertex 99.5523 -2.61759 15
      vertex 89.1213 -4.60232 15
      vertex 89.4321 -5.82652 15
    endloop
  endfacet
  facet normal 0 0 1
    outer loop
      vertex 98.9971 -0.790688 15
      vertex 89.1213 -4.60232 15
      vertex 99.5523 -2.61759 15
    endloop
  endfacet
  facet normal 0 -0 1
    outer loop
      vertex 89.1213 -4.60232 15
      vertex 98.9971 -0.790688 15
      vertex 88.7687 -3.453 15
    endloop
  endfacet
  facet normal 0 0 1
    outer loop
      vertex 98.3657 0.928673 15
      vertex 88.3742 -2.37856 15
      vertex 88.7687 -3.453 15
    endloop
  endfacet
  facet normal 0 0 1
    outer loop
      vertex 85.7753 1.87041 15
      vertex 89.2629 11.5763 15
      vertex 87.8805 12.2356 15
    endloop
  endfacet
  facet normal 0 0 1
    outer loop
      vertex 97.6581 2.54052 15
      vertex 87.938 -1.37901 15
      vertex 88.3742 -2.37856 15
    endloop
  endfacet
  facet normal 0 0 1
    outer loop
      vertex 96.0143 5.44161 15
      vertex 86.9403 0.395454 15
      vertex 87.46 -0.454338 15
    endloop
  endfacet
  facet normal 0 0 1
    outer loop
      vertex 85.7753 1.87041 15
      vertex 87.8805 12.2356 15
      vertex 86.4263 12.7935 15
    endloop
  endfacet
  facet normal 0 0 1
    outer loop
      vertex 95.078 6.73086 15
      vertex 86.3787 1.17037 15
      vertex 86.9403 0.395454 15
    endloop
  endfacet
  facet normal 0 0 1
    outer loop
      vertex 85.7753 1.87041 15
      vertex 86.4263 12.7935 15
      vertex 86.256 12.8444 15
    endloop
  endfacet
  facet normal 0 0 1
    outer loop
      vertex 92.977 8.98675 15
      vertex 85.7753 1.87041 15
      vertex 86.3787 1.17037 15
    endloop
  endfacet
  facet normal 0 0 1
    outer loop
      vertex 89.0795 -21.8004 15
      vertex 98.9979 -25.6123 15
      vertex 99.4114 -24.2688 15
    endloop
  endfacet
  facet normal 0 0 1
    outer loop
      vertex 98.9979 -25.6123 15
      vertex 88.8512 -22.6728 15
      vertex 98.5409 -26.8843 15
    endloop
  endfacet
  facet normal -0 0 1
    outer loop
      vertex 88.5737 -23.5035 15
      vertex 98.5409 -26.8843 15
      vertex 88.8512 -22.6728 15
    endloop
  endfacet
  facet normal -0 0 1
    outer loop
      vertex 88.247 -24.2924 15
      vertex 98.0402 -28.085 15
      vertex 88.5737 -23.5035 15
    endloop
  endfacet
  facet normal 0 0 1
    outer loop
      vertex 98.0402 -28.085 15
      vertex 88.247 -24.2924 15
      vertex 97.4961 -29.2143 15
    endloop
  endfacet
  facet normal -0 0 1
    outer loop
      vertex 87.871 -25.0394 15
      vertex 97.4961 -29.2143 15
      vertex 88.247 -24.2924 15
    endloop
  endfacet
  facet normal 0 0 1
    outer loop
      vertex 96.9084 -30.2721 15
      vertex 87.871 -25.0394 15
      vertex 96.2771 -31.2586 15
    endloop
  endfacet
  facet normal -0 0 1
    outer loop
      vertex 87.4459 -25.7446 15
      vertex 96.2771 -31.2586 15
      vertex 87.871 -25.0394 15
    endloop
  endfacet
  facet normal 0 0 1
    outer loop
      vertex 96.2771 -31.2586 15
      vertex 87.4459 -25.7446 15
      vertex 95.6023 -32.1736 15
    endloop
  endfacet
  facet normal 0 0 1
    outer loop
      vertex 95.6023 -32.1736 15
      vertex 86.9716 -26.4081 15
      vertex 94.8839 -33.0173 15
    endloop
  endfacet
  facet normal -0 0 1
    outer loop
      vertex 86.4481 -27.0297 15
      vertex 94.122 -33.7895 15
      vertex 86.9716 -26.4081 15
    endloop
  endfacet
  facet normal 0 0 1
    outer loop
      vertex 98.9979 -25.6123 15
      vertex 89.0795 -21.8004 15
      vertex 88.8512 -22.6728 15
    endloop
  endfacet
  facet normal 0 0 1
    outer loop
      vertex 98.5409 -26.8843 15
      vertex 88.5737 -23.5035 15
      vertex 98.0402 -28.085 15
    endloop
  endfacet
  facet normal 0 0 1
    outer loop
      vertex 97.4961 -29.2143 15
      vertex 87.871 -25.0394 15
      vertex 96.9084 -30.2721 15
    endloop
  endfacet
  facet normal -0 0 1
    outer loop
      vertex 86.9716 -26.4081 15
      vertex 95.6023 -32.1736 15
      vertex 87.4459 -25.7446 15
    endloop
  endfacet
  facet normal 0 0 1
    outer loop
      vertex 94.8839 -33.0173 15
      vertex 86.9716 -26.4081 15
      vertex 94.122 -33.7895 15
    endloop
  endfacet
  facet normal 0 0 1
    outer loop
      vertex 94.122 -33.7895 15
      vertex 86.4481 -27.0297 15
      vertex 92.7616 -34.9662 15
    endloop
  endfacet
  facet normal -0 0 1
    outer loop
      vertex 85.8753 -27.6095 15
      vertex 92.7616 -34.9662 15
      vertex 86.4481 -27.0297 15
    endloop
  endfacet
  facet normal 0 0 1
    outer loop
      vertex 92.7616 -34.9662 15
      vertex 85.8753 -27.6095 15
      vertex 91.3133 -36.0045 15
    endloop
  endfacet
  facet normal -0 0 1
    outer loop
      vertex 85.2534 -28.1475 15
      vertex 91.3133 -36.0045 15
      vertex 85.8753 -27.6095 15
    endloop
  endfacet
  facet normal 0 0 1
    outer loop
      vertex 91.3133 -36.0045 15
      vertex 85.2534 -28.1475 15
      vertex 89.777 -36.9043 15
    endloop
  endfacet
  facet normal -0 0 1
    outer loop
      vertex 84.5915 -28.636 15
      vertex 89.777 -36.9043 15
      vertex 85.2534 -28.1475 15
    endloop
  endfacet
  facet normal 0 0 1
    outer loop
      vertex 89.777 -36.9043 15
      vertex 84.5915 -28.636 15
      vertex 88.1527 -37.6657 15
    endloop
  endfacet
  facet normal -0 0 1
    outer loop
      vertex 83.8987 -29.067 15
      vertex 88.1527 -37.6657 15
      vertex 84.5915 -28.636 15
    endloop
  endfacet
  facet normal -0 0 1
    outer loop
      vertex 83.175 -29.4406 15
      vertex 88.1527 -37.6657 15
      vertex 83.8987 -29.067 15
    endloop
  endfacet
  facet normal 0 0 1
    outer loop
      vertex 88.1527 -37.6657 15
      vertex 83.175 -29.4406 15
      vertex 86.4406 -38.2887 15
    endloop
  endfacet
  facet normal -0 0 1
    outer loop
      vertex 82.4204 -29.7567 15
      vertex 86.4406 -38.2887 15
      vertex 83.175 -29.4406 15
    endloop
  endfacet
  facet normal 0 0 1
    outer loop
      vertex 86.4406 -38.2887 15
      vertex 82.4204 -29.7567 15
      vertex 84.6404 -38.7732 15
    endloop
  endfacet
  facet normal -0 0 1
    outer loop
      vertex 81.6348 -30.0153 15
      vertex 84.6404 -38.7732 15
      vertex 82.4204 -29.7567 15
    endloop
  endfacet
  facet normal 0 0 1
    outer loop
      vertex 84.6404 -38.7732 15
      vertex 81.6348 -30.0153 15
      vertex 82.7523 -39.1193 15
    endloop
  endfacet
  facet normal -0 0 1
    outer loop
      vertex 80.8184 -30.2164 15
      vertex 82.7523 -39.1193 15
      vertex 81.6348 -30.0153 15
    endloop
  endfacet
  facet normal 0 0 1
    outer loop
      vertex 80.8184 -30.2164 15
      vertex 80.7763 -39.3269 15
      vertex 82.7523 -39.1193 15
    endloop
  endfacet
  facet normal -0 0 1
    outer loop
      vertex 79.971 -30.3601 15
      vertex 80.7763 -39.3269 15
      vertex 80.8184 -30.2164 15
    endloop
  endfacet
  facet normal -0 0 1
    outer loop
      vertex 79.0927 -30.4463 15
      vertex 80.7763 -39.3269 15
      vertex 79.971 -30.3601 15
    endloop
  endfacet
  facet normal 0 0 1
    outer loop
      vertex 79.0927 -30.4463 15
      vertex 78.7123 -39.3962 15
      vertex 80.7763 -39.3269 15
    endloop
  endfacet
  facet normal -0 0 1
    outer loop
      vertex 78.1835 -30.475 15
      vertex 78.7123 -39.3962 15
      vertex 79.0927 -30.4463 15
    endloop
  endfacet
  facet normal 0 0 1
    outer loop
      vertex 76.3506 -39.308 15
      vertex 78.1835 -30.475 15
      vertex 76.933 -30.4241 15
    endloop
  endfacet
  facet normal 0 0 1
    outer loop
      vertex 78.1835 -30.475 15
      vertex 76.3506 -39.308 15
      vertex 78.7123 -39.3962 15
    endloop
  endfacet
  facet normal 0 0 1
    outer loop
      vertex 75.7361 -30.2713 15
      vertex 76.3506 -39.308 15
      vertex 76.933 -30.4241 15
    endloop
  endfacet
  facet normal 0 0 1
    outer loop
      vertex 74.0925 -39.0435 15
      vertex 75.7361 -30.2713 15
      vertex 74.5927 -30.0166 15
    endloop
  endfacet
  facet normal 0 0 1
    outer loop
      vertex 75.7361 -30.2713 15
      vertex 74.0925 -39.0435 15
      vertex 76.3506 -39.308 15
    endloop
  endfacet
  facet normal 0 0 1
    outer loop
      vertex 71.938 -38.6027 15
      vertex 74.5927 -30.0166 15
      vertex 73.5028 -29.6601 15
    endloop
  endfacet
  facet normal 0 0 1
    outer loop
      vertex 69.8871 -37.9856 15
      vertex 73.5028 -29.6601 15
      vertex 72.4665 -29.2017 15
    endloop
  endfacet
  facet normal 0 0 1
    outer loop
      vertex 74.5927 -30.0166 15
      vertex 71.938 -38.6027 15
      vertex 74.0925 -39.0435 15
    endloop
  endfacet
  facet normal 0 0 1
    outer loop
      vertex 67.9399 -37.1923 15
      vertex 72.4665 -29.2017 15
      vertex 71.4838 -28.6414 15
    endloop
  endfacet
  facet normal 0 0 1
    outer loop
      vertex 66.0962 -36.2225 15
      vertex 71.4838 -28.6414 15
      vertex 70.5546 -27.9793 15
    endloop
  endfacet
  facet normal 0 0 1
    outer loop
      vertex 73.5028 -29.6601 15
      vertex 69.8871 -37.9856 15
      vertex 71.938 -38.6027 15
    endloop
  endfacet
  facet normal 0 0 1
    outer loop
      vertex 64.3561 -35.0765 15
      vertex 70.5546 -27.9793 15
      vertex 69.6789 -27.2152 15
    endloop
  endfacet
  facet normal 0 0 1
    outer loop
      vertex 64.3561 -35.0765 15
      vertex 69.6789 -27.2152 15
      vertex 68.8567 -26.3494 15
    endloop
  endfacet
  facet normal 0 0 1
    outer loop
      vertex 64.3561 -35.0765 15
      vertex 68.8567 -26.3494 15
      vertex 68.1056 -25.3694 15
    endloop
  endfacet
  facet normal 0 0 1
    outer loop
      vertex 72.4665 -29.2017 15
      vertex 67.9399 -37.1923 15
      vertex 69.8871 -37.9856 15
    endloop
  endfacet
  facet normal 0 0 1
    outer loop
      vertex 64.3561 -35.0765 15
      vertex 68.1056 -25.3694 15
      vertex 67.4428 -24.2632 15
    endloop
  endfacet
  facet normal 0 0 1
    outer loop
      vertex 64.3561 -35.0765 15
      vertex 67.4428 -24.2632 15
      vertex 66.8683 -23.0308 15
    endloop
  endfacet
  facet normal 0 0 1
    outer loop
      vertex 64.3561 -35.0765 15
      vertex 66.8683 -23.0308 15
      vertex 66.3823 -21.6721 15
    endloop
  endfacet
  facet normal 0 0 1
    outer loop
      vertex 71.4838 -28.6414 15
      vertex 66.0962 -36.2225 15
      vertex 67.9399 -37.1923 15
    endloop
  endfacet
  facet normal 0 0 1
    outer loop
      vertex 64.3561 -35.0765 15
      vertex 66.3823 -21.6721 15
      vertex 65.9846 -20.1871 15
    endloop
  endfacet
  facet normal 0 0 1
    outer loop
      vertex 64.3561 -35.0765 15
      vertex 65.9846 -20.1871 15
      vertex 65.6753 -18.5759 15
    endloop
  endfacet
  facet normal 0 0 1
    outer loop
      vertex 64.3561 -35.0765 15
      vertex 65.6753 -18.5759 15
      vertex 65.4543 -16.8385 15
    endloop
  endfacet
  facet normal 0 0 1
    outer loop
      vertex 64.3561 -35.0765 15
      vertex 65.4543 -16.8385 15
      vertex 65.3218 -14.9748 15
    endloop
  endfacet
  facet normal 0 0 1
    outer loop
      vertex 70.5546 -27.9793 15
      vertex 64.3561 -35.0765 15
      vertex 66.0962 -36.2225 15
    endloop
  endfacet
  facet normal 0 0 1
    outer loop
      vertex 64.3561 -35.0765 15
      vertex 65.3218 -14.9748 15
      vertex 65.2776 -12.9848 15
    endloop
  endfacet
  facet normal 0 0 1
    outer loop
      vertex 65.2776 -12.9848 15
      vertex 54.6047 -15.0058 15
      vertex 54.8515 -17.6602 15
    endloop
  endfacet
  facet normal 0 0 1
    outer loop
      vertex 66.8447 -2.42167 15
      vertex 56.5684 -0.246941 15
      vertex 66.3659 -3.83393 15
    endloop
  endfacet
  facet normal 0 0 1
    outer loop
      vertex 65.2776 -12.9848 15
      vertex 54.8515 -17.6602 15
      vertex 55.2629 -20.1723 15
    endloop
  endfacet
  facet normal -0 0 1
    outer loop
      vertex 55.8318 -2.38425 15
      vertex 66.3659 -3.83393 15
      vertex 56.5684 -0.246941 15
    endloop
  endfacet
  facet normal 0 0 1
    outer loop
      vertex 65.2776 -12.9848 15
      vertex 55.2629 -20.1723 15
      vertex 55.8388 -22.5421 15
    endloop
  endfacet
  facet normal 0 0 1
    outer loop
      vertex 66.3659 -3.83393 15
      vertex 55.8318 -2.38425 15
      vertex 65.9741 -5.38549 15
    endloop
  endfacet
  facet normal 0 0 1
    outer loop
      vertex 65.2776 -12.9848 15
      vertex 55.8388 -22.5421 15
      vertex 56.5793 -24.7695 15
    endloop
  endfacet
  facet normal -0 0 1
    outer loop
      vertex 55.259 -4.64912 15
      vertex 65.9741 -5.38549 15
      vertex 55.8318 -2.38425 15
    endloop
  endfacet
  facet normal 0 0 1
    outer loop
      vertex 65.2776 -12.9848 15
      vertex 56.5793 -24.7695 15
      vertex 57.4843 -26.8545 15
    endloop
  endfacet
  facet normal 0 0 1
    outer loop
      vertex 65.9741 -5.38549 15
      vertex 55.259 -4.64912 15
      vertex 65.6694 -7.07636 15
    endloop
  endfacet
  facet normal 0 0 1
    outer loop
      vertex 65.2776 -12.9848 15
      vertex 62.7196 -33.7542 15
      vertex 64.3561 -35.0765 15
    endloop
  endfacet
  facet normal -0 0 1
    outer loop
      vertex 54.8498 -7.04153 15
      vertex 65.6694 -7.07636 15
      vertex 55.259 -4.64912 15
    endloop
  endfacet
  facet normal 0 0 1
    outer loop
      vertex 65.2776 -12.9848 15
      vertex 61.1867 -32.2555 15
      vertex 62.7196 -33.7542 15
    endloop
  endfacet
  facet normal 0 0 1
    outer loop
      vertex 65.6694 -7.07636 15
      vertex 54.8498 -7.04153 15
      vertex 65.4517 -8.90655 15
    endloop
  endfacet
  facet normal 0 0 1
    outer loop
      vertex 65.2776 -12.9848 15
      vertex 58.5539 -28.7972 15
      vertex 59.7881 -30.5975 15
    endloop
  endfacet
  facet normal 0 0 1
    outer loop
      vertex 54.6043 -9.56149 15
      vertex 65.4517 -8.90655 15
      vertex 54.8498 -7.04153 15
    endloop
  endfacet
  facet normal 0 0 1
    outer loop
      vertex 65.2776 -12.9848 15
      vertex 59.7881 -30.5975 15
      vertex 61.1867 -32.2555 15
    endloop
  endfacet
  facet normal 0 0 1
    outer loop
      vertex 65.4517 -8.90655 15
      vertex 54.6043 -9.56149 15
      vertex 65.3211 -10.876 15
    endloop
  endfacet
  facet normal 0 0 1
    outer loop
      vertex 65.2776 -12.9848 15
      vertex 57.4843 -26.8545 15
      vertex 58.5539 -28.7972 15
    endloop
  endfacet
  facet normal 0 0 1
    outer loop
      vertex 65.3211 -10.876 15
      vertex 54.6043 -9.56149 15
      vertex 54.5224 -12.209 15
    endloop
  endfacet
  facet normal 0 0 1
    outer loop
      vertex 65.2776 -12.9848 15
      vertex 54.5224 -12.209 15
      vertex 54.6047 -15.0058 15
    endloop
  endfacet
  facet normal -0 0 1
    outer loop
      vertex 32.851 -2.40595 15
      vertex 51.2933 -38.5147 15
      vertex 39.6336 9.5 15
    endloop
  endfacet
  facet normal 0 0 1
    outer loop
      vertex 51.2933 -38.5147 15
      vertex 32.851 -2.40595 15
      vertex 40.7851 -38.5147 15
    endloop
  endfacet
  facet normal 0 0 1
    outer loop
      vertex 17.3706 -25.4679 15
      vertex 32.851 -2.40595 15
      vertex 26.6871 9.5 15
    endloop
  endfacet
  facet normal 0 0 1
    outer loop
      vertex 32.851 -2.40595 15
      vertex 17.3706 -25.4679 15
      vertex 23.7884 -38.5147 15
    endloop
  endfacet
  facet normal 0 0 1
    outer loop
      vertex 17.3706 -25.4679 15
      vertex 11.376 -38.5147 15
      vertex 23.7884 -38.5147 15
    endloop
  endfacet
  facet normal -0 0 1
    outer loop
      vertex 1.92552 -3.00552 15
      vertex 17.3706 -25.4679 15
      vertex 8.08645 9.5 15
    endloop
  endfacet
  facet normal 0 0 1
    outer loop
      vertex 17.3706 -25.4679 15
      vertex 1.92552 -3.00552 15
      vertex 11.376 -38.5147 15
    endloop
  endfacet
  facet normal 0 -1 0
    outer loop
      vertex 8.08645 9.5 11.4
      vertex 26.6871 9.5 15
      vertex 8.08645 9.5 15
    endloop
  endfacet
  facet normal 0 -1 -0
    outer loop
      vertex 26.6871 9.5 15
      vertex 8.08645 9.5 11.4
      vertex 26.6871 9.5 11.4
    endloop
  endfacet
  facet normal 0 -1 0
    outer loop
      vertex 39.6336 9.5 11.4
      vertex 63.901 9.5 15
      vertex 39.6336 9.5 15
    endloop
  endfacet
  facet normal 0 -1 -0
    outer loop
      vertex 63.901 9.5 15
      vertex 39.6336 9.5 11.4
      vertex 63.901 9.5 11.4
    endloop
  endfacet
  facet normal 0 0 -1
    outer loop
      vertex 32.851 -2.40595 11.4
      vertex 51.2933 -38.5147 11.4
      vertex 40.7851 -38.5147 11.4
    endloop
  endfacet
  facet normal 0 0 -1
    outer loop
      vertex 51.2933 -38.5147 11.4
      vertex 32.851 -2.40595 11.4
      vertex 39.6336 9.5 11.4
    endloop
  endfacet
  facet normal 0 0 -1
    outer loop
      vertex 88.8512 -22.6728 11.4
      vertex 98.9979 -25.6123 11.4
      vertex 98.5409 -26.8843 11.4
    endloop
  endfacet
  facet normal 0 0 -1
    outer loop
      vertex 88.5737 -23.5035 11.4
      vertex 98.5409 -26.8843 11.4
      vertex 98.0402 -28.085 11.4
    endloop
  endfacet
  facet normal 0 0 -1
    outer loop
      vertex 88.247 -24.2924 11.4
      vertex 98.0402 -28.085 11.4
      vertex 97.4961 -29.2143 11.4
    endloop
  endfacet
  facet normal 0 0 -1
    outer loop
      vertex 87.871 -25.0394 11.4
      vertex 97.4961 -29.2143 11.4
      vertex 96.9084 -30.2721 11.4
    endloop
  endfacet
  facet normal 0 0 -1
    outer loop
      vertex 87.871 -25.0394 11.4
      vertex 96.9084 -30.2721 11.4
      vertex 96.2771 -31.2586 11.4
    endloop
  endfacet
  facet normal 0 0 -1
    outer loop
      vertex 87.4459 -25.7446 11.4
      vertex 96.2771 -31.2586 11.4
      vertex 95.6023 -32.1736 11.4
    endloop
  endfacet
  facet normal 0 0 -1
    outer loop
      vertex 86.9716 -26.4081 11.4
      vertex 95.6023 -32.1736 11.4
      vertex 94.8839 -33.0173 11.4
    endloop
  endfacet
  facet normal 0 0 -1
    outer loop
      vertex 86.9716 -26.4081 11.4
      vertex 94.8839 -33.0173 11.4
      vertex 94.122 -33.7895 11.4
    endloop
  endfacet
  facet normal 0 0 -1
    outer loop
      vertex 86.4481 -27.0297 11.4
      vertex 94.122 -33.7895 11.4
      vertex 92.7616 -34.9662 11.4
    endloop
  endfacet
  facet normal 0 0 -1
    outer loop
      vertex 85.8753 -27.6095 11.4
      vertex 92.7616 -34.9662 11.4
      vertex 91.3133 -36.0045 11.4
    endloop
  endfacet
  facet normal 0 0 -1
    outer loop
      vertex 85.2534 -28.1475 11.4
      vertex 91.3133 -36.0045 11.4
      vertex 89.777 -36.9043 11.4
    endloop
  endfacet
  facet normal 0 0 -1
    outer loop
      vertex 96.2771 -31.2586 11.4
      vertex 87.4459 -25.7446 11.4
      vertex 87.871 -25.0394 11.4
    endloop
  endfacet
  facet normal 0 0 -1
    outer loop
      vertex 98.9979 -25.6123 11.4
      vertex 89.0795 -21.8004 11.4
      vertex 99.4114 -24.2688 11.4
    endloop
  endfacet
  facet normal 0 -0 -1
    outer loop
      vertex 89.0795 -21.8004 11.4
      vertex 98.9979 -25.6123 11.4
      vertex 88.8512 -22.6728 11.4
    endloop
  endfacet
  facet normal 0 0 -1
    outer loop
      vertex 98.5409 -26.8843 11.4
      vertex 88.5737 -23.5035 11.4
      vertex 88.8512 -22.6728 11.4
    endloop
  endfacet
  facet normal 0 0 -1
    outer loop
      vertex 84.5915 -28.636 11.4
      vertex 89.777 -36.9043 11.4
      vertex 88.1527 -37.6657 11.4
    endloop
  endfacet
  facet normal 0 0 -1
    outer loop
      vertex 98.0402 -28.085 11.4
      vertex 88.247 -24.2924 11.4
      vertex 88.5737 -23.5035 11.4
    endloop
  endfacet
  facet normal 0 0 -1
    outer loop
      vertex 97.4961 -29.2143 11.4
      vertex 87.871 -25.0394 11.4
      vertex 88.247 -24.2924 11.4
    endloop
  endfacet
  facet normal 0 0 -1
    outer loop
      vertex 95.6023 -32.1736 11.4
      vertex 86.9716 -26.4081 11.4
      vertex 87.4459 -25.7446 11.4
    endloop
  endfacet
  facet normal 0 0 -1
    outer loop
      vertex 94.122 -33.7895 11.4
      vertex 86.4481 -27.0297 11.4
      vertex 86.9716 -26.4081 11.4
    endloop
  endfacet
  facet normal 0 0 -1
    outer loop
      vertex 83.175 -29.4406 11.4
      vertex 88.1527 -37.6657 11.4
      vertex 86.4406 -38.2887 11.4
    endloop
  endfacet
  facet normal 0 0 -1
    outer loop
      vertex 92.7616 -34.9662 11.4
      vertex 85.8753 -27.6095 11.4
      vertex 86.4481 -27.0297 11.4
    endloop
  endfacet
  facet normal 0 0 -1
    outer loop
      vertex 91.3133 -36.0045 11.4
      vertex 85.2534 -28.1475 11.4
      vertex 85.8753 -27.6095 11.4
    endloop
  endfacet
  facet normal 0 0 -1
    outer loop
      vertex 82.4204 -29.7567 11.4
      vertex 86.4406 -38.2887 11.4
      vertex 84.6404 -38.7732 11.4
    endloop
  endfacet
  facet normal 0 0 -1
    outer loop
      vertex 89.777 -36.9043 11.4
      vertex 84.5915 -28.636 11.4
      vertex 85.2534 -28.1475 11.4
    endloop
  endfacet
  facet normal 0 0 -1
    outer loop
      vertex 88.1527 -37.6657 11.4
      vertex 83.8987 -29.067 11.4
      vertex 84.5915 -28.636 11.4
    endloop
  endfacet
  facet normal 0 0 -1
    outer loop
      vertex 88.1527 -37.6657 11.4
      vertex 83.175 -29.4406 11.4
      vertex 83.8987 -29.067 11.4
    endloop
  endfacet
  facet normal 0 0 -1
    outer loop
      vertex 81.6348 -30.0153 11.4
      vertex 84.6404 -38.7732 11.4
      vertex 82.7523 -39.1193 11.4
    endloop
  endfacet
  facet normal 0 0 -1
    outer loop
      vertex 86.4406 -38.2887 11.4
      vertex 82.4204 -29.7567 11.4
      vertex 83.175 -29.4406 11.4
    endloop
  endfacet
  facet normal 0 0 -1
    outer loop
      vertex 84.6404 -38.7732 11.4
      vertex 81.6348 -30.0153 11.4
      vertex 82.4204 -29.7567 11.4
    endloop
  endfacet
  facet normal 0 0 -1
    outer loop
      vertex 82.7523 -39.1193 11.4
      vertex 80.8184 -30.2164 11.4
      vertex 81.6348 -30.0153 11.4
    endloop
  endfacet
  facet normal 0 0 -1
    outer loop
      vertex 80.7763 -39.3269 11.4
      vertex 80.8184 -30.2164 11.4
      vertex 82.7523 -39.1193 11.4
    endloop
  endfacet
  facet normal 0 0 -1
    outer loop
      vertex 80.7763 -39.3269 11.4
      vertex 79.971 -30.3601 11.4
      vertex 80.8184 -30.2164 11.4
    endloop
  endfacet
  facet normal 0 0 -1
    outer loop
      vertex 80.7763 -39.3269 11.4
      vertex 79.0927 -30.4463 11.4
      vertex 79.971 -30.3601 11.4
    endloop
  endfacet
  facet normal 0 0 -1
    outer loop
      vertex 78.7123 -39.3962 11.4
      vertex 79.0927 -30.4463 11.4
      vertex 80.7763 -39.3269 11.4
    endloop
  endfacet
  facet normal 0 0 -1
    outer loop
      vertex 78.7123 -39.3962 11.4
      vertex 78.1835 -30.475 11.4
      vertex 79.0927 -30.4463 11.4
    endloop
  endfacet
  facet normal 0 0 -1
    outer loop
      vertex 76.3506 -39.308 11.4
      vertex 78.1835 -30.475 11.4
      vertex 78.7123 -39.3962 11.4
    endloop
  endfacet
  facet normal -0 0 -1
    outer loop
      vertex 78.1835 -30.475 11.4
      vertex 76.3506 -39.308 11.4
      vertex 76.933 -30.4241 11.4
    endloop
  endfacet
  facet normal 0 0 -1
    outer loop
      vertex 76.3506 -39.308 11.4
      vertex 75.7361 -30.2713 11.4
      vertex 76.933 -30.4241 11.4
    endloop
  endfacet
  facet normal 0 0 -1
    outer loop
      vertex 74.0925 -39.0435 11.4
      vertex 75.7361 -30.2713 11.4
      vertex 76.3506 -39.308 11.4
    endloop
  endfacet
  facet normal -0 0 -1
    outer loop
      vertex 75.7361 -30.2713 11.4
      vertex 74.0925 -39.0435 11.4
      vertex 74.5927 -30.0166 11.4
    endloop
  endfacet
  facet normal 0 0 -1
    outer loop
      vertex 71.938 -38.6027 11.4
      vertex 74.5927 -30.0166 11.4
      vertex 74.0925 -39.0435 11.4
    endloop
  endfacet
  facet normal -0 0 -1
    outer loop
      vertex 74.5927 -30.0166 11.4
      vertex 71.938 -38.6027 11.4
      vertex 73.5028 -29.6601 11.4
    endloop
  endfacet
  facet normal 0 0 -1
    outer loop
      vertex 69.8871 -37.9856 11.4
      vertex 73.5028 -29.6601 11.4
      vertex 71.938 -38.6027 11.4
    endloop
  endfacet
  facet normal -0 0 -1
    outer loop
      vertex 73.5028 -29.6601 11.4
      vertex 69.8871 -37.9856 11.4
      vertex 72.4665 -29.2017 11.4
    endloop
  endfacet
  facet normal 0 0 -1
    outer loop
      vertex 67.9399 -37.1923 11.4
      vertex 72.4665 -29.2017 11.4
      vertex 69.8871 -37.9856 11.4
    endloop
  endfacet
  facet normal -0 0 -1
    outer loop
      vertex 72.4665 -29.2017 11.4
      vertex 67.9399 -37.1923 11.4
      vertex 71.4838 -28.6414 11.4
    endloop
  endfacet
  facet normal 0 0 -1
    outer loop
      vertex 66.0962 -36.2225 11.4
      vertex 71.4838 -28.6414 11.4
      vertex 67.9399 -37.1923 11.4
    endloop
  endfacet
  facet normal -0 0 -1
    outer loop
      vertex 71.4838 -28.6414 11.4
      vertex 66.0962 -36.2225 11.4
      vertex 70.5546 -27.9793 11.4
    endloop
  endfacet
  facet normal 0 0 -1
    outer loop
      vertex 64.3561 -35.0765 11.4
      vertex 70.5546 -27.9793 11.4
      vertex 66.0962 -36.2225 11.4
    endloop
  endfacet
  facet normal -0 0 -1
    outer loop
      vertex 70.5546 -27.9793 11.4
      vertex 64.3561 -35.0765 11.4
      vertex 69.6789 -27.2152 11.4
    endloop
  endfacet
  facet normal 0 0 -1
    outer loop
      vertex 62.7196 -33.7542 11.4
      vertex 69.6789 -27.2152 11.4
      vertex 64.3561 -35.0765 11.4
    endloop
  endfacet
  facet normal -0 0 -1
    outer loop
      vertex 69.6789 -27.2152 11.4
      vertex 62.7196 -33.7542 11.4
      vertex 68.8567 -26.3494 11.4
    endloop
  endfacet
  facet normal 0 0 -1
    outer loop
      vertex 61.1867 -32.2555 11.4
      vertex 68.8567 -26.3494 11.4
      vertex 62.7196 -33.7542 11.4
    endloop
  endfacet
  facet normal -0 0 -1
    outer loop
      vertex 68.8567 -26.3494 11.4
      vertex 61.1867 -32.2555 11.4
      vertex 68.1056 -25.3694 11.4
    endloop
  endfacet
  facet normal 0 0 -1
    outer loop
      vertex 59.7881 -30.5975 11.4
      vertex 68.1056 -25.3694 11.4
      vertex 61.1867 -32.2555 11.4
    endloop
  endfacet
  facet normal -0 0 -1
    outer loop
      vertex 68.1056 -25.3694 11.4
      vertex 59.7881 -30.5975 11.4
      vertex 67.4428 -24.2632 11.4
    endloop
  endfacet
  facet normal 0 0 -1
    outer loop
      vertex 58.5539 -28.7972 11.4
      vertex 67.4428 -24.2632 11.4
      vertex 59.7881 -30.5975 11.4
    endloop
  endfacet
  facet normal -0 0 -1
    outer loop
      vertex 67.4428 -24.2632 11.4
      vertex 58.5539 -28.7972 11.4
      vertex 66.8683 -23.0308 11.4
    endloop
  endfacet
  facet normal -0 0 -1
    outer loop
      vertex 66.8683 -23.0308 11.4
      vertex 57.4843 -26.8545 11.4
      vertex 66.3823 -21.6721 11.4
    endloop
  endfacet
  facet normal 0 0 -1
    outer loop
      vertex 57.4843 -26.8545 11.4
      vertex 66.8683 -23.0308 11.4
      vertex 58.5539 -28.7972 11.4
    endloop
  endfacet
  facet normal 0 0 -1
    outer loop
      vertex 89.1213 -4.60232 11.4
      vertex 98.9971 -0.790688 11.4
      vertex 99.5523 -2.61759 11.4
    endloop
  endfacet
  facet normal -0 0 -1
    outer loop
      vertex 98.9971 -0.790688 11.4
      vertex 88.7687 -3.453 11.4
      vertex 98.3657 0.928673 11.4
    endloop
  endfacet
  facet normal 0 0 -1
    outer loop
      vertex 88.3742 -2.37856 11.4
      vertex 98.3657 0.928673 11.4
      vertex 88.7687 -3.453 11.4
    endloop
  endfacet
  facet normal 0 0 -1
    outer loop
      vertex 87.938 -1.37901 11.4
      vertex 97.6581 2.54052 11.4
      vertex 88.3742 -2.37856 11.4
    endloop
  endfacet
  facet normal -0 0 -1
    outer loop
      vertex 97.6581 2.54052 11.4
      vertex 87.938 -1.37901 11.4
      vertex 96.8743 4.04482 11.4
    endloop
  endfacet
  facet normal 0 0 -1
    outer loop
      vertex 87.46 -0.454338 11.4
      vertex 96.8743 4.04482 11.4
      vertex 87.938 -1.37901 11.4
    endloop
  endfacet
  facet normal 0 0 -1
    outer loop
      vertex 86.9403 0.395454 11.4
      vertex 96.0143 5.44161 11.4
      vertex 87.46 -0.454338 11.4
    endloop
  endfacet
  facet normal -0 0 -1
    outer loop
      vertex 96.0143 5.44161 11.4
      vertex 86.9403 0.395454 11.4
      vertex 95.078 6.73086 11.4
    endloop
  endfacet
  facet normal -0 0 -1
    outer loop
      vertex 95.078 6.73086 11.4
      vertex 86.3787 1.17037 11.4
      vertex 94.0656 7.91257 11.4
    endloop
  endfacet
  facet normal 0 0 -1
    outer loop
      vertex 89.1213 -4.60232 11.4
      vertex 99.5523 -2.61759 11.4
      vertex 89.4321 -5.82652 11.4
    endloop
  endfacet
  facet normal 0 0 -1
    outer loop
      vertex 98.9971 -0.790688 11.4
      vertex 89.1213 -4.60232 11.4
      vertex 88.7687 -3.453 11.4
    endloop
  endfacet
  facet normal -0 0 -1
    outer loop
      vertex 98.3657 0.928673 11.4
      vertex 88.3742 -2.37856 11.4
      vertex 97.6581 2.54052 11.4
    endloop
  endfacet
  facet normal -0 0 -1
    outer loop
      vertex 96.8743 4.04482 11.4
      vertex 87.46 -0.454338 11.4
      vertex 96.0143 5.44161 11.4
    endloop
  endfacet
  facet normal 0 0 -1
    outer loop
      vertex 86.3787 1.17037 11.4
      vertex 95.078 6.73086 11.4
      vertex 86.9403 0.395454 11.4
    endloop
  endfacet
  facet normal -0 0 -1
    outer loop
      vertex 94.0656 7.91257 11.4
      vertex 86.3787 1.17037 11.4
      vertex 92.977 8.98675 11.4
    endloop
  endfacet
  facet normal 0 0 -1
    outer loop
      vertex 85.7753 1.87041 11.4
      vertex 92.977 8.98675 11.4
      vertex 86.3787 1.17037 11.4
    endloop
  endfacet
  facet normal -0 0 -1
    outer loop
      vertex 92.977 8.98675 11.4
      vertex 85.7753 1.87041 11.4
      vertex 91.8121 9.95341 11.4
    endloop
  endfacet
  facet normal 0 0 -1
    outer loop
      vertex 85.1301 2.49557 11.4
      vertex 91.8121 9.95341 11.4
      vertex 85.7753 1.87041 11.4
    endloop
  endfacet
  facet normal -0 0 -1
    outer loop
      vertex 91.8121 9.95341 11.4
      vertex 85.1301 2.49557 11.4
      vertex 90.5734 10.8156 11.4
    endloop
  endfacet
  facet normal 0 0 -1
    outer loop
      vertex 84.4497 3.05064 11.4
      vertex 90.5734 10.8156 11.4
      vertex 85.1301 2.49557 11.4
    endloop
  endfacet
  facet normal -0 0 -1
    outer loop
      vertex 90.5734 10.8156 11.4
      vertex 84.4497 3.05064 11.4
      vertex 89.2629 11.5763 11.4
    endloop
  endfacet
  facet normal 0 0 -1
    outer loop
      vertex 83.7405 3.5404 11.4
      vertex 89.2629 11.5763 11.4
      vertex 84.4497 3.05064 11.4
    endloop
  endfacet
  facet normal -0 0 -1
    outer loop
      vertex 89.2629 11.5763 11.4
      vertex 83.7405 3.5404 11.4
      vertex 87.8805 12.2356 11.4
    endloop
  endfacet
  facet normal 0 0 -1
    outer loop
      vertex 83.0026 3.96485 11.4
      vertex 87.8805 12.2356 11.4
      vertex 83.7405 3.5404 11.4
    endloop
  endfacet
  facet normal -0 0 -1
    outer loop
      vertex 87.8805 12.2356 11.4
      vertex 83.0026 3.96485 11.4
      vertex 86.4263 12.7935 11.4
    endloop
  endfacet
  facet normal -0 0 -1
    outer loop
      vertex 86.4263 12.7935 11.4
      vertex 83.0026 3.96485 11.4
      vertex 86.256 12.8444 11.4
    endloop
  endfacet
  facet normal 0 0 -1
    outer loop
      vertex 82.236 4.32401 11.4
      vertex 86.256 12.8444 11.4
      vertex 83.0026 3.96485 11.4
    endloop
  endfacet
  facet normal 0 0 -1
    outer loop
      vertex 81.4407 4.61787 11.4
      vertex 86.256 12.8444 11.4
      vertex 82.236 4.32401 11.4
    endloop
  endfacet
  facet normal 0 0 -1
    outer loop
      vertex 80.6165 4.84643 11.4
      vertex 86.256 12.8444 11.4
      vertex 81.4407 4.61787 11.4
    endloop
  endfacet
  facet normal 0 0 -1
    outer loop
      vertex 79.7637 5.00968 11.4
      vertex 86.256 12.8444 11.4
      vertex 80.6165 4.84643 11.4
    endloop
  endfacet
  facet normal 0 0 -1
    outer loop
      vertex 78.8821 5.10764 11.4
      vertex 86.256 12.8444 11.4
      vertex 79.7637 5.00968 11.4
    endloop
  endfacet
  facet normal 0 0 -1
    outer loop
      vertex 77.9718 5.14028 11.4
      vertex 86.256 12.8444 11.4
      vertex 78.8821 5.10764 11.4
    endloop
  endfacet
  facet normal -0 0 -1
    outer loop
      vertex 86.256 12.8444 11.4
      vertex 77.9718 5.14028 11.4
      vertex 86.256 15 11.4
    endloop
  endfacet
  facet normal 0 0 -1
    outer loop
      vertex 76.7442 5.08892 11.4
      vertex 86.256 15 11.4
      vertex 77.9718 5.14028 11.4
    endloop
  endfacet
  facet normal 0 0 -1
    outer loop
      vertex 75.5687 4.93481 11.4
      vertex 86.256 15 11.4
      vertex 76.7442 5.08892 11.4
    endloop
  endfacet
  facet normal 0 0 -1
    outer loop
      vertex 63.901 9.5 11.4
      vertex 75.5687 4.93481 11.4
      vertex 74.4456 4.67796 11.4
    endloop
  endfacet
  facet normal 0 0 -1
    outer loop
      vertex 63.901 9.5 11.4
      vertex 74.4456 4.67796 11.4
      vertex 73.3747 4.31835 11.4
    endloop
  endfacet
  facet normal 0 0 -1
    outer loop
      vertex 63.901 9.5 11.4
      vertex 73.3747 4.31835 11.4
      vertex 72.356 3.85601 11.4
    endloop
  endfacet
  facet normal 0 0 -1
    outer loop
      vertex 63.901 9.5 11.4
      vertex 72.356 3.85601 11.4
      vertex 71.3895 3.29093 11.4
    endloop
  endfacet
  facet normal 0 0 -1
    outer loop
      vertex 63.901 9.5 11.4
      vertex 71.3895 3.29093 11.4
      vertex 70.4753 2.62312 11.4
    endloop
  endfacet
  facet normal 0 0 -1
    outer loop
      vertex 56.5793 -24.7695 11.4
      vertex 66.3823 -21.6721 11.4
      vertex 57.4843 -26.8545 11.4
    endloop
  endfacet
  facet normal -0 0 -1
    outer loop
      vertex 66.3823 -21.6721 11.4
      vertex 56.5793 -24.7695 11.4
      vertex 65.9846 -20.1871 11.4
    endloop
  endfacet
  facet normal 0 0 -1
    outer loop
      vertex 62.6699 8.50324 11.4
      vertex 65.4517 -8.90655 11.4
      vertex 65.3211 -10.876 11.4
    endloop
  endfacet
  facet normal 0 0 -1
    outer loop
      vertex 62.6699 8.50324 11.4
      vertex 65.6694 -7.07636 11.4
      vertex 65.4517 -8.90655 11.4
    endloop
  endfacet
  facet normal 0 0 -1
    outer loop
      vertex 62.6699 8.50324 11.4
      vertex 65.9741 -5.38549 11.4
      vertex 65.6694 -7.07636 11.4
    endloop
  endfacet
  facet normal 0 0 -1
    outer loop
      vertex 62.6699 8.50324 11.4
      vertex 66.3659 -3.83393 11.4
      vertex 65.9741 -5.38549 11.4
    endloop
  endfacet
  facet normal 0 0 -1
    outer loop
      vertex 62.6699 8.50324 11.4
      vertex 66.8447 -2.42167 11.4
      vertex 66.3659 -3.83393 11.4
    endloop
  endfacet
  facet normal 0 0 -1
    outer loop
      vertex 62.6699 8.50324 11.4
      vertex 67.4107 -1.14872 11.4
      vertex 66.8447 -2.42167 11.4
    endloop
  endfacet
  facet normal 0 0 -1
    outer loop
      vertex 62.6699 8.50324 11.4
      vertex 68.0637 -0.0150833 11.4
      vertex 67.4107 -1.14872 11.4
    endloop
  endfacet
  facet normal 0 0 -1
    outer loop
      vertex 62.6699 8.50324 11.4
      vertex 68.8037 0.97924 11.4
      vertex 68.0637 -0.0150833 11.4
    endloop
  endfacet
  facet normal 0 0 -1
    outer loop
      vertex 62.6699 8.50324 11.4
      vertex 69.6134 1.85255 11.4
      vertex 68.8037 0.97924 11.4
    endloop
  endfacet
  facet normal 0 0 -1
    outer loop
      vertex 63.901 9.5 11.4
      vertex 70.4753 2.62312 11.4
      vertex 69.6134 1.85255 11.4
    endloop
  endfacet
  facet normal 0 0 -1
    outer loop
      vertex 75.5687 4.93481 11.4
      vertex 63.901 9.5 11.4
      vertex 86.256 15 11.4
    endloop
  endfacet
  facet normal 0 0 -1
    outer loop
      vertex 39.6336 9.5 11.4
      vertex 86.256 15 11.4
      vertex 63.901 9.5 11.4
    endloop
  endfacet
  facet normal 0 0 -1
    outer loop
      vertex 26.6871 9.5 11.4
      vertex 39.6336 9.5 11.4
      vertex 32.851 -2.40595 11.4
    endloop
  endfacet
  facet normal 0 0 -1
    outer loop
      vertex 0 15 11.4
      vertex 39.6336 9.5 11.4
      vertex 26.6871 9.5 11.4
    endloop
  endfacet
  facet normal 0 0 -1
    outer loop
      vertex 0 15 11.4
      vertex 26.6871 9.5 11.4
      vertex 8.08645 9.5 11.4
    endloop
  endfacet
  facet normal 0 0 -1
    outer loop
      vertex 0 13.18 11.4
      vertex 8.08645 9.5 11.4
      vertex 1.92552 -3.00552 11.4
    endloop
  endfacet
  facet normal 0 0 -1
    outer loop
      vertex 0 15 11.4
      vertex 8.08645 9.5 11.4
      vertex 0 13.18 11.4
    endloop
  endfacet
  facet normal 0 0 -1
    outer loop
      vertex 39.6336 9.5 11.4
      vertex 0 15 11.4
      vertex 86.256 15 11.4
    endloop
  endfacet
  facet normal 0 0 -1
    outer loop
      vertex 55.8388 -22.5421 11.4
      vertex 65.9846 -20.1871 11.4
      vertex 56.5793 -24.7695 11.4
    endloop
  endfacet
  facet normal 0 0 -1
    outer loop
      vertex 65.2776 -12.9848 11.4
      vertex 54.5224 -12.209 11.4
      vertex 65.3211 -10.876 11.4
    endloop
  endfacet
  facet normal -0 0 -1
    outer loop
      vertex 65.9846 -20.1871 11.4
      vertex 55.8388 -22.5421 11.4
      vertex 65.6753 -18.5759 11.4
    endloop
  endfacet
  facet normal 0 -0 -1
    outer loop
      vertex 54.6043 -9.56149 11.4
      vertex 65.3211 -10.876 11.4
      vertex 54.5224 -12.209 11.4
    endloop
  endfacet
  facet normal 0 0 -1
    outer loop
      vertex 55.2629 -20.1723 11.4
      vertex 65.6753 -18.5759 11.4
      vertex 55.8388 -22.5421 11.4
    endloop
  endfacet
  facet normal 0 -0 -1
    outer loop
      vertex 54.8498 -7.04153 11.4
      vertex 65.3211 -10.876 11.4
      vertex 54.6043 -9.56149 11.4
    endloop
  endfacet
  facet normal -0 0 -1
    outer loop
      vertex 65.6753 -18.5759 11.4
      vertex 55.2629 -20.1723 11.4
      vertex 65.4543 -16.8385 11.4
    endloop
  endfacet
  facet normal 0 -0 -1
    outer loop
      vertex 55.259 -4.64912 11.4
      vertex 65.3211 -10.876 11.4
      vertex 54.8498 -7.04153 11.4
    endloop
  endfacet
  facet normal 0 0 -1
    outer loop
      vertex 54.8515 -17.6602 11.4
      vertex 65.4543 -16.8385 11.4
      vertex 55.2629 -20.1723 11.4
    endloop
  endfacet
  facet normal 0 -0 -1
    outer loop
      vertex 62.6699 8.50324 11.4
      vertex 65.3211 -10.876 11.4
      vertex 61.1514 7.02685 11.4
    endloop
  endfacet
  facet normal -0 0 -1
    outer loop
      vertex 65.4543 -16.8385 11.4
      vertex 54.8515 -17.6602 11.4
      vertex 65.3218 -14.9748 11.4
    endloop
  endfacet
  facet normal 0 0 -1
    outer loop
      vertex 69.6134 1.85255 11.4
      vertex 62.6699 8.50324 11.4
      vertex 63.901 9.5 11.4
    endloop
  endfacet
  facet normal 0 0 -1
    outer loop
      vertex 54.6047 -15.0058 11.4
      vertex 65.3218 -14.9748 11.4
      vertex 54.8515 -17.6602 11.4
    endloop
  endfacet
  facet normal 0 0 -1
    outer loop
      vertex 54.5224 -12.209 11.4
      vertex 65.2776 -12.9848 11.4
      vertex 54.6047 -15.0058 11.4
    endloop
  endfacet
  facet normal -0 0 -1
    outer loop
      vertex 65.3218 -14.9748 11.4
      vertex 54.6047 -15.0058 11.4
      vertex 65.2776 -12.9848 11.4
    endloop
  endfacet
  facet normal 0 0 -1
    outer loop
      vertex 65.3211 -10.876 11.4
      vertex 59.7601 5.39973 11.4
      vertex 61.1514 7.02685 11.4
    endloop
  endfacet
  facet normal 0 0 -1
    outer loop
      vertex 65.3211 -10.876 11.4
      vertex 58.5325 3.64506 11.4
      vertex 59.7601 5.39973 11.4
    endloop
  endfacet
  facet normal 0 0 -1
    outer loop
      vertex 65.3211 -10.876 11.4
      vertex 57.4686 1.76283 11.4
      vertex 58.5325 3.64506 11.4
    endloop
  endfacet
  facet normal 0 0 -1
    outer loop
      vertex 65.3211 -10.876 11.4
      vertex 55.259 -4.64912 11.4
      vertex 55.8318 -2.38425 11.4
    endloop
  endfacet
  facet normal 0 0 -1
    outer loop
      vertex 65.3211 -10.876 11.4
      vertex 55.8318 -2.38425 11.4
      vertex 56.5684 -0.246941 11.4
    endloop
  endfacet
  facet normal 0 0 -1
    outer loop
      vertex 65.3211 -10.876 11.4
      vertex 56.5684 -0.246941 11.4
      vertex 57.4686 1.76283 11.4
    endloop
  endfacet
  facet normal 0 0 -1
    outer loop
      vertex 1.92552 -3.00552 11.4
      vertex -4.20997 13.18 11.4
      vertex 0 13.18 11.4
    endloop
  endfacet
  facet normal 0 0 -1
    outer loop
      vertex -16.5516 -38.5147 11.4
      vertex 1.92552 -3.00552 11.4
      vertex -5.86721 -38.5147 11.4
    endloop
  endfacet
  facet normal -0 0 -1
    outer loop
      vertex 1.92552 -3.00552 11.4
      vertex -16.5516 -38.5147 11.4
      vertex -4.20997 13.18 11.4
    endloop
  endfacet
  facet normal 0 0 -1
    outer loop
      vertex 17.3706 -25.4679 11.4
      vertex 32.851 -2.40595 11.4
      vertex 23.7884 -38.5147 11.4
    endloop
  endfacet
  facet normal -0 0 -1
    outer loop
      vertex 32.851 -2.40595 11.4
      vertex 17.3706 -25.4679 11.4
      vertex 26.6871 9.5 11.4
    endloop
  endfacet
  facet normal 0 0 -1
    outer loop
      vertex 11.376 -38.5147 11.4
      vertex 17.3706 -25.4679 11.4
      vertex 23.7884 -38.5147 11.4
    endloop
  endfacet
  facet normal 0 0 -1
    outer loop
      vertex 1.92552 -3.00552 11.4
      vertex 17.3706 -25.4679 11.4
      vertex 11.376 -38.5147 11.4
    endloop
  endfacet
  facet normal 0 0 -1
    outer loop
      vertex 17.3706 -25.4679 11.4
      vertex 1.92552 -3.00552 11.4
      vertex 8.08645 9.5 11.4
    endloop
  endfacet
  facet normal 0.286367 0.95812 -0
    outer loop
      vertex 86.4263 12.7935 11.4
      vertex 86.256 12.8444 15
      vertex 86.4263 12.7935 15
    endloop
  endfacet
  facet normal 0.286367 0.95812 0
    outer loop
      vertex 86.256 12.8444 15
      vertex 86.4263 12.7935 11.4
      vertex 86.256 12.8444 11.4
    endloop
  endfacet
  facet normal 0.358192 0.933648 -0
    outer loop
      vertex 87.8805 12.2356 11.4
      vertex 86.4263 12.7935 15
      vertex 87.8805 12.2356 15
    endloop
  endfacet
  facet normal 0.358192 0.933648 0
    outer loop
      vertex 86.4263 12.7935 15
      vertex 87.8805 12.2356 11.4
      vertex 86.4263 12.7935 11.4
    endloop
  endfacet
  facet normal 0.430473 0.902603 -0
    outer loop
      vertex 89.2629 11.5763 11.4
      vertex 87.8805 12.2356 15
      vertex 89.2629 11.5763 15
    endloop
  endfacet
  facet normal 0.430473 0.902603 0
    outer loop
      vertex 87.8805 12.2356 15
      vertex 89.2629 11.5763 11.4
      vertex 87.8805 12.2356 11.4
    endloop
  endfacet
  facet normal 0.502019 0.864856 -0
    outer loop
      vertex 90.5734 10.8156 11.4
      vertex 89.2629 11.5763 15
      vertex 90.5734 10.8156 15
    endloop
  endfacet
  facet normal 0.502019 0.864856 0
    outer loop
      vertex 89.2629 11.5763 15
      vertex 90.5734 10.8156 11.4
      vertex 89.2629 11.5763 11.4
    endloop
  endfacet
  facet normal 0.571281 0.820754 -0
    outer loop
      vertex 91.8121 9.95341 11.4
      vertex 90.5734 10.8156 15
      vertex 91.8121 9.95341 15
    endloop
  endfacet
  facet normal 0.571281 0.820754 0
    outer loop
      vertex 90.5734 10.8156 15
      vertex 91.8121 9.95341 11.4
      vertex 90.5734 10.8156 11.4
    endloop
  endfacet
  facet normal 0.638588 0.769548 -0
    outer loop
      vertex 92.977 8.98675 11.4
      vertex 91.8121 9.95341 15
      vertex 92.977 8.98675 15
    endloop
  endfacet
  facet normal 0.638588 0.769548 0
    outer loop
      vertex 91.8121 9.95341 15
      vertex 92.977 8.98675 11.4
      vertex 91.8121 9.95341 11.4
    endloop
  endfacet
  facet normal 0.702377 0.711805 -0
    outer loop
      vertex 94.0656 7.91257 11.4
      vertex 92.977 8.98675 15
      vertex 94.0656 7.91257 15
    endloop
  endfacet
  facet normal 0.702377 0.711805 0
    outer loop
      vertex 92.977 8.98675 15
      vertex 94.0656 7.91257 11.4
      vertex 92.977 8.98675 11.4
    endloop
  endfacet
  facet normal 0.759414 0.650608 0
    outer loop
      vertex 95.078 6.73086 15
      vertex 94.0656 7.91257 11.4
      vertex 94.0656 7.91257 15
    endloop
  endfacet
  facet normal 0.759414 0.650608 0
    outer loop
      vertex 94.0656 7.91257 11.4
      vertex 95.078 6.73086 15
      vertex 95.078 6.73086 11.4
    endloop
  endfacet
  facet normal 0.809135 0.587623 0
    outer loop
      vertex 96.0143 5.44161 15
      vertex 95.078 6.73086 11.4
      vertex 95.078 6.73086 15
    endloop
  endfacet
  facet normal 0.809135 0.587623 0
    outer loop
      vertex 95.078 6.73086 11.4
      vertex 96.0143 5.44161 15
      vertex 96.0143 5.44161 11.4
    endloop
  endfacet
  facet normal 0.851539 0.524291 0
    outer loop
      vertex 96.8743 4.04482 15
      vertex 96.0143 5.44161 11.4
      vertex 96.0143 5.44161 15
    endloop
  endfacet
  facet normal 0.851539 0.524291 0
    outer loop
      vertex 96.0143 5.44161 11.4
      vertex 96.8743 4.04482 15
      vertex 96.8743 4.04482 11.4
    endloop
  endfacet
  facet normal 0.886839 0.462078 0
    outer loop
      vertex 97.6581 2.54052 15
      vertex 96.8743 4.04482 11.4
      vertex 96.8743 4.04482 15
    endloop
  endfacet
  facet normal 0.886839 0.462078 0
    outer loop
      vertex 96.8743 4.04482 11.4
      vertex 97.6581 2.54052 15
      vertex 97.6581 2.54052 11.4
    endloop
  endfacet
  facet normal 0.915652 0.401971 0
    outer loop
      vertex 98.3657 0.928673 15
      vertex 97.6581 2.54052 11.4
      vertex 97.6581 2.54052 15
    endloop
  endfacet
  facet normal 0.915652 0.401971 0
    outer loop
      vertex 97.6581 2.54052 11.4
      vertex 98.3657 0.928673 15
      vertex 98.3657 0.928673 11.4
    endloop
  endfacet
  facet normal 0.938705 0.34472 0
    outer loop
      vertex 98.9971 -0.790688 15
      vertex 98.3657 0.928673 11.4
      vertex 98.3657 0.928673 15
    endloop
  endfacet
  facet normal 0.938705 0.34472 0
    outer loop
      vertex 98.3657 0.928673 11.4
      vertex 98.9971 -0.790688 15
      vertex 98.9971 -0.790688 11.4
    endloop
  endfacet
  facet normal 0.956792 0.290772 0
    outer loop
      vertex 99.5523 -2.61759 15
      vertex 98.9971 -0.790688 11.4
      vertex 98.9971 -0.790688 15
    endloop
  endfacet
  facet normal 0.956792 0.290772 0
    outer loop
      vertex 98.9971 -0.790688 11.4
      vertex 99.5523 -2.61759 15
      vertex 99.5523 -2.61759 11.4
    endloop
  endfacet
  facet normal 0.302251 -0.953228 0
    outer loop
      vertex 89.4321 -5.82652 11.4
      vertex 99.5523 -2.61759 15
      vertex 89.4321 -5.82652 15
    endloop
  endfacet
  facet normal 0.302251 -0.953228 0
    outer loop
      vertex 99.5523 -2.61759 15
      vertex 89.4321 -5.82652 11.4
      vertex 99.5523 -2.61759 11.4
    endloop
  endfacet
  facet normal -0.969251 -0.246074 0
    outer loop
      vertex 89.4321 -5.82652 11.4
      vertex 89.1213 -4.60232 15
      vertex 89.1213 -4.60232 11.4
    endloop
  endfacet
  facet normal -0.969251 -0.246074 0
    outer loop
      vertex 89.1213 -4.60232 15
      vertex 89.4321 -5.82652 11.4
      vertex 89.4321 -5.82652 15
    endloop
  endfacet
  facet normal -0.956021 -0.293298 0
    outer loop
      vertex 89.1213 -4.60232 11.4
      vertex 88.7687 -3.453 15
      vertex 88.7687 -3.453 11.4
    endloop
  endfacet
  facet normal -0.956021 -0.293298 0
    outer loop
      vertex 88.7687 -3.453 15
      vertex 89.1213 -4.60232 11.4
      vertex 89.1213 -4.60232 15
    endloop
  endfacet
  facet normal -0.938724 -0.344669 0
    outer loop
      vertex 88.7687 -3.453 11.4
      vertex 88.3742 -2.37856 15
      vertex 88.3742 -2.37856 11.4
    endloop
  endfacet
  facet normal -0.938724 -0.344669 0
    outer loop
      vertex 88.3742 -2.37856 15
      vertex 88.7687 -3.453 11.4
      vertex 88.7687 -3.453 15
    endloop
  endfacet
  facet normal -0.916528 -0.39997 0
    outer loop
      vertex 88.3742 -2.37856 11.4
      vertex 87.938 -1.37901 15
      vertex 87.938 -1.37901 11.4
    endloop
  endfacet
  facet normal -0.916528 -0.39997 0
    outer loop
      vertex 87.938 -1.37901 15
      vertex 88.3742 -2.37856 11.4
      vertex 88.3742 -2.37856 15
    endloop
  endfacet
  facet normal -0.888327 -0.459212 0
    outer loop
      vertex 87.938 -1.37901 11.4
      vertex 87.46 -0.454338 15
      vertex 87.46 -0.454338 11.4
    endloop
  endfacet
  facet normal -0.888327 -0.459212 0
    outer loop
      vertex 87.46 -0.454338 15
      vertex 87.938 -1.37901 11.4
      vertex 87.938 -1.37901 15
    endloop
  endfacet
  facet normal -0.853111 -0.52173 0
    outer loop
      vertex 87.46 -0.454338 11.4
      vertex 86.9403 0.395454 15
      vertex 86.9403 0.395454 11.4
    endloop
  endfacet
  facet normal -0.853111 -0.52173 0
    outer loop
      vertex 86.9403 0.395454 15
      vertex 87.46 -0.454338 11.4
      vertex 87.46 -0.454338 15
    endloop
  endfacet
  facet normal -0.809717 -0.586821 0
    outer loop
      vertex 86.9403 0.395454 11.4
      vertex 86.3787 1.17037 15
      vertex 86.3787 1.17037 11.4
    endloop
  endfacet
  facet normal -0.809717 -0.586821 0
    outer loop
      vertex 86.3787 1.17037 15
      vertex 86.9403 0.395454 11.4
      vertex 86.9403 0.395454 15
    endloop
  endfacet
  facet normal -0.757454 -0.652888 0
    outer loop
      vertex 86.3787 1.17037 11.4
      vertex 85.7753 1.87041 15
      vertex 85.7753 1.87041 11.4
    endloop
  endfacet
  facet normal -0.757454 -0.652888 0
    outer loop
      vertex 85.7753 1.87041 15
      vertex 86.3787 1.17037 11.4
      vertex 86.3787 1.17037 15
    endloop
  endfacet
  facet normal -0.695866 -0.718172 0
    outer loop
      vertex 85.1301 2.49557 11.4
      vertex 85.7753 1.87041 15
      vertex 85.1301 2.49557 15
    endloop
  endfacet
  facet normal -0.695866 -0.718172 -0
    outer loop
      vertex 85.7753 1.87041 15
      vertex 85.1301 2.49557 11.4
      vertex 85.7753 1.87041 11.4
    endloop
  endfacet
  facet normal -0.632131 -0.774861 0
    outer loop
      vertex 84.4497 3.05064 11.4
      vertex 85.1301 2.49557 15
      vertex 84.4497 3.05064 15
    endloop
  endfacet
  facet normal -0.632131 -0.774861 -0
    outer loop
      vertex 85.1301 2.49557 15
      vertex 84.4497 3.05064 11.4
      vertex 85.1301 2.49557 11.4
    endloop
  endfacet
  facet normal -0.568249 -0.822857 0
    outer loop
      vertex 83.7405 3.5404 11.4
      vertex 84.4497 3.05064 15
      vertex 83.7405 3.5404 15
    endloop
  endfacet
  facet normal -0.568249 -0.822857 -0
    outer loop
      vertex 84.4497 3.05064 15
      vertex 83.7405 3.5404 11.4
      vertex 84.4497 3.05064 11.4
    endloop
  endfacet
  facet normal -0.49861 -0.866826 0
    outer loop
      vertex 83.0026 3.96485 11.4
      vertex 83.7405 3.5404 15
      vertex 83.0026 3.96485 15
    endloop
  endfacet
  facet normal -0.49861 -0.866826 -0
    outer loop
      vertex 83.7405 3.5404 15
      vertex 83.0026 3.96485 11.4
      vertex 83.7405 3.5404 11.4
    endloop
  endfacet
  facet normal -0.424256 -0.905542 0
    outer loop
      vertex 82.236 4.32401 11.4
      vertex 83.0026 3.96485 15
      vertex 82.236 4.32401 15
    endloop
  endfacet
  facet normal -0.424256 -0.905542 -0
    outer loop
      vertex 83.0026 3.96485 15
      vertex 82.236 4.32401 11.4
      vertex 83.0026 3.96485 11.4
    endloop
  endfacet
  facet normal -0.346593 -0.938016 0
    outer loop
      vertex 81.4407 4.61787 11.4
      vertex 82.236 4.32401 15
      vertex 81.4407 4.61787 15
    endloop
  endfacet
  facet normal -0.346593 -0.938016 -0
    outer loop
      vertex 82.236 4.32401 15
      vertex 81.4407 4.61787 11.4
      vertex 82.236 4.32401 11.4
    endloop
  endfacet
  facet normal -0.267227 -0.963634 0
    outer loop
      vertex 80.6165 4.84643 11.4
      vertex 81.4407 4.61787 15
      vertex 80.6165 4.84643 15
    endloop
  endfacet
  facet normal -0.267227 -0.963634 -0
    outer loop
      vertex 81.4407 4.61787 15
      vertex 80.6165 4.84643 11.4
      vertex 81.4407 4.61787 11.4
    endloop
  endfacet
  facet normal -0.188014 -0.982166 0
    outer loop
      vertex 79.7637 5.00968 11.4
      vertex 80.6165 4.84643 15
      vertex 79.7637 5.00968 15
    endloop
  endfacet
  facet normal -0.188014 -0.982166 -0
    outer loop
      vertex 80.6165 4.84643 15
      vertex 79.7637 5.00968 11.4
      vertex 80.6165 4.84643 11.4
    endloop
  endfacet
  facet normal -0.110436 -0.993883 0
    outer loop
      vertex 78.8821 5.10764 11.4
      vertex 79.7637 5.00968 15
      vertex 78.8821 5.10764 15
    endloop
  endfacet
  facet normal -0.110436 -0.993883 -0
    outer loop
      vertex 79.7637 5.00968 15
      vertex 78.8821 5.10764 11.4
      vertex 79.7637 5.00968 11.4
    endloop
  endfacet
  facet normal -0.0358333 -0.999358 0
    outer loop
      vertex 77.9718 5.14028 11.4
      vertex 78.8821 5.10764 15
      vertex 77.9718 5.14028 15
    endloop
  endfacet
  facet normal -0.0358333 -0.999358 -0
    outer loop
      vertex 78.8821 5.10764 15
      vertex 77.9718 5.14028 11.4
      vertex 78.8821 5.10764 11.4
    endloop
  endfacet
  facet normal 0.0418012 -0.999126 0
    outer loop
      vertex 76.7442 5.08892 11.4
      vertex 77.9718 5.14028 15
      vertex 76.7442 5.08892 15
    endloop
  endfacet
  facet normal 0.0418012 -0.999126 0
    outer loop
      vertex 77.9718 5.14028 15
      vertex 76.7442 5.08892 11.4
      vertex 77.9718 5.14028 11.4
    endloop
  endfacet
  facet normal 0.129989 -0.991515 0
    outer loop
      vertex 75.5687 4.93481 11.4
      vertex 76.7442 5.08892 15
      vertex 75.5687 4.93481 15
    endloop
  endfacet
  facet normal 0.129989 -0.991515 0
    outer loop
      vertex 76.7442 5.08892 15
      vertex 75.5687 4.93481 11.4
      vertex 76.7442 5.08892 11.4
    endloop
  endfacet
  facet normal 0.222941 -0.974832 0
    outer loop
      vertex 74.4456 4.67796 11.4
      vertex 75.5687 4.93481 15
      vertex 74.4456 4.67796 15
    endloop
  endfacet
  facet normal 0.222941 -0.974832 0
    outer loop
      vertex 75.5687 4.93481 15
      vertex 74.4456 4.67796 11.4
      vertex 75.5687 4.93481 11.4
    endloop
  endfacet
  facet normal 0.318333 -0.947979 0
    outer loop
      vertex 73.3747 4.31835 11.4
      vertex 74.4456 4.67796 15
      vertex 73.3747 4.31835 15
    endloop
  endfacet
  facet normal 0.318333 -0.947979 0
    outer loop
      vertex 74.4456 4.67796 15
      vertex 73.3747 4.31835 11.4
      vertex 74.4456 4.67796 11.4
    endloop
  endfacet
  facet normal 0.41328 -0.910604 0
    outer loop
      vertex 72.356 3.85601 11.4
      vertex 73.3747 4.31835 15
      vertex 72.356 3.85601 15
    endloop
  endfacet
  facet normal 0.41328 -0.910604 0
    outer loop
      vertex 73.3747 4.31835 15
      vertex 72.356 3.85601 11.4
      vertex 73.3747 4.31835 11.4
    endloop
  endfacet
  facet normal 0.504729 -0.863278 0
    outer loop
      vertex 71.3895 3.29093 11.4
      vertex 72.356 3.85601 15
      vertex 71.3895 3.29093 15
    endloop
  endfacet
  facet normal 0.504729 -0.863278 0
    outer loop
      vertex 72.356 3.85601 15
      vertex 71.3895 3.29093 11.4
      vertex 72.356 3.85601 11.4
    endloop
  endfacet
  facet normal 0.589867 -0.8075 0
    outer loop
      vertex 70.4753 2.62312 11.4
      vertex 71.3895 3.29093 15
      vertex 70.4753 2.62312 15
    endloop
  endfacet
  facet normal 0.589867 -0.8075 0
    outer loop
      vertex 71.3895 3.29093 15
      vertex 70.4753 2.62312 11.4
      vertex 71.3895 3.29093 11.4
    endloop
  endfacet
  facet normal 0.666505 -0.745501 0
    outer loop
      vertex 69.6134 1.85255 11.4
      vertex 70.4753 2.62312 15
      vertex 69.6134 1.85255 15
    endloop
  endfacet
  facet normal 0.666505 -0.745501 0
    outer loop
      vertex 70.4753 2.62312 15
      vertex 69.6134 1.85255 11.4
      vertex 70.4753 2.62312 11.4
    endloop
  endfacet
  facet normal 0.733309 -0.679896 0
    outer loop
      vertex 68.8037 0.97924 15
      vertex 69.6134 1.85255 11.4
      vertex 69.6134 1.85255 15
    endloop
  endfacet
  facet normal 0.733309 -0.679896 0
    outer loop
      vertex 69.6134 1.85255 11.4
      vertex 68.8037 0.97924 15
      vertex 68.8037 0.97924 11.4
    endloop
  endfacet
  facet normal 0.802218 -0.597031 0
    outer loop
      vertex 68.0637 -0.0150833 15
      vertex 68.8037 0.97924 11.4
      vertex 68.8037 0.97924 15
    endloop
  endfacet
  facet normal 0.802218 -0.597031 0
    outer loop
      vertex 68.8037 0.97924 11.4
      vertex 68.0637 -0.0150833 15
      vertex 68.0637 -0.0150833 11.4
    endloop
  endfacet
  facet normal 0.866523 -0.499137 0
    outer loop
      vertex 67.4107 -1.14872 15
      vertex 68.0637 -0.0150833 11.4
      vertex 68.0637 -0.0150833 15
    endloop
  endfacet
  facet normal 0.866523 -0.499137 0
    outer loop
      vertex 68.0637 -0.0150833 11.4
      vertex 67.4107 -1.14872 15
      vertex 67.4107 -1.14872 11.4
    endloop
  endfacet
  facet normal 0.913746 -0.406285 0
    outer loop
      vertex 66.8447 -2.42167 15
      vertex 67.4107 -1.14872 11.4
      vertex 67.4107 -1.14872 15
    endloop
  endfacet
  facet normal 0.913746 -0.406285 0
    outer loop
      vertex 67.4107 -1.14872 11.4
      vertex 66.8447 -2.42167 15
      vertex 66.8447 -2.42167 11.4
    endloop
  endfacet
  facet normal 0.947052 -0.32108 0
    outer loop
      vertex 66.3659 -3.83393 15
      vertex 66.8447 -2.42167 11.4
      vertex 66.8447 -2.42167 15
    endloop
  endfacet
  facet normal 0.947052 -0.32108 0
    outer loop
      vertex 66.8447 -2.42167 11.4
      vertex 66.3659 -3.83393 15
      vertex 66.3659 -3.83393 11.4
    endloop
  endfacet
  facet normal 0.969565 -0.244835 0
    outer loop
      vertex 65.9741 -5.38549 15
      vertex 66.3659 -3.83393 11.4
      vertex 66.3659 -3.83393 15
    endloop
  endfacet
  facet normal 0.969565 -0.244835 0
    outer loop
      vertex 66.3659 -3.83393 11.4
      vertex 65.9741 -5.38549 15
      vertex 65.9741 -5.38549 11.4
    endloop
  endfacet
  facet normal 0.984148 -0.177347 0
    outer loop
      vertex 65.6694 -7.07636 15
      vertex 65.9741 -5.38549 11.4
      vertex 65.9741 -5.38549 15
    endloop
  endfacet
  facet normal 0.984148 -0.177347 0
    outer loop
      vertex 65.9741 -5.38549 11.4
      vertex 65.6694 -7.07636 15
      vertex 65.6694 -7.07636 11.4
    endloop
  endfacet
  facet normal 0.993 -0.118117 0
    outer loop
      vertex 65.4517 -8.90655 15
      vertex 65.6694 -7.07636 11.4
      vertex 65.6694 -7.07636 15
    endloop
  endfacet
  facet normal 0.993 -0.118117 0
    outer loop
      vertex 65.6694 -7.07636 11.4
      vertex 65.4517 -8.90655 15
      vertex 65.4517 -8.90655 11.4
    endloop
  endfacet
  facet normal 0.997809 -0.0661676 0
    outer loop
      vertex 65.3211 -10.876 15
      vertex 65.4517 -8.90655 11.4
      vertex 65.4517 -8.90655 15
    endloop
  endfacet
  facet normal 0.997809 -0.0661676 0
    outer loop
      vertex 65.4517 -8.90655 11.4
      vertex 65.3211 -10.876 15
      vertex 65.3211 -10.876 11.4
    endloop
  endfacet
  facet normal 0.999787 -0.0206235 0
    outer loop
      vertex 65.2776 -12.9848 15
      vertex 65.3211 -10.876 11.4
      vertex 65.3211 -10.876 15
    endloop
  endfacet
  facet normal 0.999787 -0.0206235 0
    outer loop
      vertex 65.3211 -10.876 11.4
      vertex 65.2776 -12.9848 15
      vertex 65.2776 -12.9848 11.4
    endloop
  endfacet
  facet normal 0.999753 0.0222056 0
    outer loop
      vertex 65.3218 -14.9748 15
      vertex 65.2776 -12.9848 11.4
      vertex 65.2776 -12.9848 15
    endloop
  endfacet
  facet normal 0.999753 0.0222056 0
    outer loop
      vertex 65.2776 -12.9848 11.4
      vertex 65.3218 -14.9748 15
      vertex 65.3218 -14.9748 11.4
    endloop
  endfacet
  facet normal 0.997482 0.0709161 0
    outer loop
      vertex 65.4543 -16.8385 15
      vertex 65.3218 -14.9748 11.4
      vertex 65.3218 -14.9748 15
    endloop
  endfacet
  facet normal 0.997482 0.0709161 0
    outer loop
      vertex 65.3218 -14.9748 11.4
      vertex 65.4543 -16.8385 15
      vertex 65.4543 -16.8385 11.4
    endloop
  endfacet
  facet normal 0.992007 0.126185 0
    outer loop
      vertex 65.6753 -18.5759 15
      vertex 65.4543 -16.8385 11.4
      vertex 65.4543 -16.8385 15
    endloop
  endfacet
  facet normal 0.992007 0.126185 0
    outer loop
      vertex 65.4543 -16.8385 11.4
      vertex 65.6753 -18.5759 15
      vertex 65.6753 -18.5759 11.4
    endloop
  endfacet
  facet normal 0.982068 0.188526 0
    outer loop
      vertex 65.9846 -20.1871 15
      vertex 65.6753 -18.5759 11.4
      vertex 65.6753 -18.5759 15
    endloop
  endfacet
  facet normal 0.982068 0.188526 0
    outer loop
      vertex 65.6753 -18.5759 11.4
      vertex 65.9846 -20.1871 15
      vertex 65.9846 -20.1871 11.4
    endloop
  endfacet
  facet normal 0.965959 0.258695 0
    outer loop
      vertex 66.3823 -21.6721 15
      vertex 65.9846 -20.1871 11.4
      vertex 65.9846 -20.1871 15
    endloop
  endfacet
  facet normal 0.965959 0.258695 0
    outer loop
      vertex 65.9846 -20.1871 11.4
      vertex 66.3823 -21.6721 15
      vertex 66.3823 -21.6721 11.4
    endloop
  endfacet
  facet normal 0.941577 0.336797 0
    outer loop
      vertex 66.8683 -23.0308 15
      vertex 66.3823 -21.6721 11.4
      vertex 66.3823 -21.6721 15
    endloop
  endfacet
  facet normal 0.941577 0.336797 0
    outer loop
      vertex 66.3823 -21.6721 11.4
      vertex 66.8683 -23.0308 15
      vertex 66.8683 -23.0308 11.4
    endloop
  endfacet
  facet normal 0.906358 0.422511 0
    outer loop
      vertex 67.4428 -24.2632 15
      vertex 66.8683 -23.0308 11.4
      vertex 66.8683 -23.0308 15
    endloop
  endfacet
  facet normal 0.906358 0.422511 0
    outer loop
      vertex 66.8683 -23.0308 11.4
      vertex 67.4428 -24.2632 15
      vertex 67.4428 -24.2632 11.4
    endloop
  endfacet
  facet normal 0.857808 0.513971 0
    outer loop
      vertex 68.1056 -25.3694 15
      vertex 67.4428 -24.2632 11.4
      vertex 67.4428 -24.2632 15
    endloop
  endfacet
  facet normal 0.857808 0.513971 0
    outer loop
      vertex 67.4428 -24.2632 11.4
      vertex 68.1056 -25.3694 15
      vertex 68.1056 -25.3694 11.4
    endloop
  endfacet
  facet normal 0.793698 0.608313 0
    outer loop
      vertex 68.8567 -26.3494 15
      vertex 68.1056 -25.3694 11.4
      vertex 68.1056 -25.3694 15
    endloop
  endfacet
  facet normal 0.793698 0.608313 0
    outer loop
      vertex 68.1056 -25.3694 11.4
      vertex 68.8567 -26.3494 15
      vertex 68.8567 -26.3494 11.4
    endloop
  endfacet
  facet normal 0.725129 0.688613 0
    outer loop
      vertex 69.6789 -27.2152 15
      vertex 68.8567 -26.3494 11.4
      vertex 68.8567 -26.3494 15
    endloop
  endfacet
  facet normal 0.725129 0.688613 0
    outer loop
      vertex 68.8567 -26.3494 11.4
      vertex 69.6789 -27.2152 15
      vertex 69.6789 -27.2152 11.4
    endloop
  endfacet
  facet normal 0.657462 0.753487 -0
    outer loop
      vertex 70.5546 -27.9793 11.4
      vertex 69.6789 -27.2152 15
      vertex 70.5546 -27.9793 15
    endloop
  endfacet
  facet normal 0.657462 0.753487 0
    outer loop
      vertex 69.6789 -27.2152 15
      vertex 70.5546 -27.9793 11.4
      vertex 69.6789 -27.2152 11.4
    endloop
  endfacet
  facet normal 0.580301 0.814402 -0
    outer loop
      vertex 71.4838 -28.6414 11.4
      vertex 70.5546 -27.9793 15
      vertex 71.4838 -28.6414 15
    endloop
  endfacet
  facet normal 0.580301 0.814402 0
    outer loop
      vertex 70.5546 -27.9793 15
      vertex 71.4838 -28.6414 11.4
      vertex 70.5546 -27.9793 11.4
    endloop
  endfacet
  facet normal 0.49531 0.868716 -0
    outer loop
      vertex 72.4665 -29.2017 11.4
      vertex 71.4838 -28.6414 15
      vertex 72.4665 -29.2017 15
    endloop
  endfacet
  facet normal 0.49531 0.868716 0
    outer loop
      vertex 71.4838 -28.6414 15
      vertex 72.4665 -29.2017 11.4
      vertex 71.4838 -28.6414 11.4
    endloop
  endfacet
  facet normal 0.404533 0.914523 -0
    outer loop
      vertex 73.5028 -29.6601 11.4
      vertex 72.4665 -29.2017 15
      vertex 73.5028 -29.6601 15
    endloop
  endfacet
  facet normal 0.404533 0.914523 0
    outer loop
      vertex 72.4665 -29.2017 15
      vertex 73.5028 -29.6601 11.4
      vertex 72.4665 -29.2017 11.4
    endloop
  endfacet
  facet normal 0.310886 0.950447 -0
    outer loop
      vertex 74.5927 -30.0166 11.4
      vertex 73.5028 -29.6601 15
      vertex 74.5927 -30.0166 15
    endloop
  endfacet
  facet normal 0.310886 0.950447 0
    outer loop
      vertex 73.5028 -29.6601 15
      vertex 74.5927 -30.0166 11.4
      vertex 73.5028 -29.6601 11.4
    endloop
  endfacet
  facet normal 0.217428 0.976076 -0
    outer loop
      vertex 75.7361 -30.2713 11.4
      vertex 74.5927 -30.0166 15
      vertex 75.7361 -30.2713 15
    endloop
  endfacet
  facet normal 0.217428 0.976076 0
    outer loop
      vertex 74.5927 -30.0166 15
      vertex 75.7361 -30.2713 11.4
      vertex 74.5927 -30.0166 11.4
    endloop
  endfacet
  facet normal 0.126635 0.991949 -0
    outer loop
      vertex 76.933 -30.4241 11.4
      vertex 75.7361 -30.2713 15
      vertex 76.933 -30.4241 15
    endloop
  endfacet
  facet normal 0.126635 0.991949 0
    outer loop
      vertex 75.7361 -30.2713 15
      vertex 76.933 -30.4241 11.4
      vertex 75.7361 -30.2713 11.4
    endloop
  endfacet
  facet normal 0.04067 0.999173 -0
    outer loop
      vertex 78.1835 -30.475 11.4
      vertex 76.933 -30.4241 15
      vertex 78.1835 -30.475 15
    endloop
  endfacet
  facet normal 0.04067 0.999173 0
    outer loop
      vertex 76.933 -30.4241 15
      vertex 78.1835 -30.475 11.4
      vertex 76.933 -30.4241 11.4
    endloop
  endfacet
  facet normal -0.0315505 0.999502 0
    outer loop
      vertex 79.0927 -30.4463 11.4
      vertex 78.1835 -30.475 15
      vertex 79.0927 -30.4463 15
    endloop
  endfacet
  facet normal -0.0315505 0.999502 0
    outer loop
      vertex 78.1835 -30.475 15
      vertex 79.0927 -30.4463 11.4
      vertex 78.1835 -30.475 11.4
    endloop
  endfacet
  facet normal -0.0976749 0.995218 0
    outer loop
      vertex 79.971 -30.3601 11.4
      vertex 79.0927 -30.4463 15
      vertex 79.971 -30.3601 15
    endloop
  endfacet
  facet normal -0.0976749 0.995218 0
    outer loop
      vertex 79.0927 -30.4463 15
      vertex 79.971 -30.3601 11.4
      vertex 79.0927 -30.4463 11.4
    endloop
  endfacet
  facet normal -0.167191 0.985925 0
    outer loop
      vertex 80.8184 -30.2164 11.4
      vertex 79.971 -30.3601 15
      vertex 80.8184 -30.2164 15
    endloop
  endfacet
  facet normal -0.167191 0.985925 0
    outer loop
      vertex 79.971 -30.3601 15
      vertex 80.8184 -30.2164 11.4
      vertex 79.971 -30.3601 11.4
    endloop
  endfacet
  facet normal -0.239176 0.970976 0
    outer loop
      vertex 81.6348 -30.0153 11.4
      vertex 80.8184 -30.2164 15
      vertex 81.6348 -30.0153 15
    endloop
  endfacet
  facet normal -0.239176 0.970976 0
    outer loop
      vertex 80.8184 -30.2164 15
      vertex 81.6348 -30.0153 11.4
      vertex 80.8184 -30.2164 11.4
    endloop
  endfacet
  facet normal -0.312671 0.949862 0
    outer loop
      vertex 82.4204 -29.7567 11.4
      vertex 81.6348 -30.0153 15
      vertex 82.4204 -29.7567 15
    endloop
  endfacet
  facet normal -0.312671 0.949862 0
    outer loop
      vertex 81.6348 -30.0153 15
      vertex 82.4204 -29.7567 11.4
      vertex 81.6348 -30.0153 11.4
    endloop
  endfacet
  facet normal -0.386368 0.922345 0
    outer loop
      vertex 83.175 -29.4406 11.4
      vertex 82.4204 -29.7567 15
      vertex 83.175 -29.4406 15
    endloop
  endfacet
  facet normal -0.386368 0.922345 0
    outer loop
      vertex 82.4204 -29.7567 15
      vertex 83.175 -29.4406 11.4
      vertex 82.4204 -29.7567 11.4
    endloop
  endfacet
  facet normal -0.458718 0.888582 0
    outer loop
      vertex 83.8987 -29.067 11.4
      vertex 83.175 -29.4406 15
      vertex 83.8987 -29.067 15
    endloop
  endfacet
  facet normal -0.458718 0.888582 0
    outer loop
      vertex 83.175 -29.4406 15
      vertex 83.8987 -29.067 11.4
      vertex 83.175 -29.4406 11.4
    endloop
  endfacet
  facet normal -0.528235 0.849098 0
    outer loop
      vertex 84.5915 -28.636 11.4
      vertex 83.8987 -29.067 15
      vertex 84.5915 -28.636 15
    endloop
  endfacet
  facet normal -0.528235 0.849098 0
    outer loop
      vertex 83.8987 -29.067 15
      vertex 84.5915 -28.636 11.4
      vertex 83.8987 -29.067 11.4
    endloop
  endfacet
  facet normal -0.593817 0.8046 0
    outer loop
      vertex 85.2534 -28.1475 11.4
      vertex 84.5915 -28.636 15
      vertex 85.2534 -28.1475 15
    endloop
  endfacet
  facet normal -0.593817 0.8046 0
    outer loop
      vertex 84.5915 -28.636 15
      vertex 85.2534 -28.1475 11.4
      vertex 84.5915 -28.636 11.4
    endloop
  endfacet
  facet normal -0.65425 0.756279 0
    outer loop
      vertex 85.8753 -27.6095 11.4
      vertex 85.2534 -28.1475 15
      vertex 85.8753 -27.6095 15
    endloop
  endfacet
  facet normal -0.65425 0.756279 0
    outer loop
      vertex 85.2534 -28.1475 15
      vertex 85.8753 -27.6095 11.4
      vertex 85.2534 -28.1475 11.4
    endloop
  endfacet
  facet normal -0.711388 0.702799 0
    outer loop
      vertex 85.8753 -27.6095 11.4
      vertex 86.4481 -27.0297 15
      vertex 86.4481 -27.0297 11.4
    endloop
  endfacet
  facet normal -0.711388 0.702799 0
    outer loop
      vertex 86.4481 -27.0297 15
      vertex 85.8753 -27.6095 11.4
      vertex 85.8753 -27.6095 15
    endloop
  endfacet
  facet normal -0.764882 0.64417 0
    outer loop
      vertex 86.4481 -27.0297 11.4
      vertex 86.9716 -26.4081 15
      vertex 86.9716 -26.4081 11.4
    endloop
  endfacet
  facet normal -0.764882 0.64417 0
    outer loop
      vertex 86.9716 -26.4081 15
      vertex 86.4481 -27.0297 11.4
      vertex 86.4481 -27.0297 15
    endloop
  endfacet
  facet normal -0.813518 0.58154 0
    outer loop
      vertex 86.9716 -26.4081 11.4
      vertex 87.4459 -25.7446 15
      vertex 87.4459 -25.7446 11.4
    endloop
  endfacet
  facet normal -0.813518 0.58154 0
    outer loop
      vertex 87.4459 -25.7446 15
      vertex 86.9716 -26.4081 11.4
      vertex 86.9716 -26.4081 15
    endloop
  endfacet
  facet normal -0.85643 0.516263 0
    outer loop
      vertex 87.4459 -25.7446 11.4
      vertex 87.871 -25.0394 15
      vertex 87.871 -25.0394 11.4
    endloop
  endfacet
  facet normal -0.85643 0.516263 0
    outer loop
      vertex 87.871 -25.0394 15
      vertex 87.4459 -25.7446 11.4
      vertex 87.4459 -25.7446 15
    endloop
  endfacet
  facet normal -0.893228 0.449604 0
    outer loop
      vertex 87.871 -25.0394 11.4
      vertex 88.247 -24.2924 15
      vertex 88.247 -24.2924 11.4
    endloop
  endfacet
  facet normal -0.893228 0.449604 0
    outer loop
      vertex 88.247 -24.2924 15
      vertex 87.871 -25.0394 11.4
      vertex 87.871 -25.0394 15
    endloop
  endfacet
  facet normal -0.92391 0.38261 0
    outer loop
      vertex 88.247 -24.2924 11.4
      vertex 88.5737 -23.5035 15
      vertex 88.5737 -23.5035 11.4
    endloop
  endfacet
  facet normal -0.92391 0.38261 0
    outer loop
      vertex 88.5737 -23.5035 15
      vertex 88.247 -24.2924 11.4
      vertex 88.247 -24.2924 15
    endloop
  endfacet
  facet normal -0.948478 0.316844 0
    outer loop
      vertex 88.5737 -23.5035 11.4
      vertex 88.8512 -22.6728 15
      vertex 88.8512 -22.6728 11.4
    endloop
  endfacet
  facet normal -0.948478 0.316844 0
    outer loop
      vertex 88.8512 -22.6728 15
      vertex 88.5737 -23.5035 11.4
      vertex 88.5737 -23.5035 15
    endloop
  endfacet
  facet normal -0.967423 0.253167 0
    outer loop
      vertex 88.8512 -22.6728 11.4
      vertex 89.0795 -21.8004 15
      vertex 89.0795 -21.8004 11.4
    endloop
  endfacet
  facet normal -0.967423 0.253167 0
    outer loop
      vertex 89.0795 -21.8004 15
      vertex 88.8512 -22.6728 11.4
      vertex 88.8512 -22.6728 15
    endloop
  endfacet
  facet normal 0.232371 0.972627 -0
    outer loop
      vertex 99.4114 -24.2688 11.4
      vertex 89.0795 -21.8004 15
      vertex 99.4114 -24.2688 15
    endloop
  endfacet
  facet normal 0.232371 0.972627 0
    outer loop
      vertex 89.0795 -21.8004 15
      vertex 99.4114 -24.2688 11.4
      vertex 89.0795 -21.8004 11.4
    endloop
  endfacet
  facet normal 0.955756 -0.294161 0
    outer loop
      vertex 98.9979 -25.6123 15
      vertex 99.4114 -24.2688 11.4
      vertex 99.4114 -24.2688 15
    endloop
  endfacet
  facet normal 0.955756 -0.294161 0
    outer loop
      vertex 99.4114 -24.2688 11.4
      vertex 98.9979 -25.6123 15
      vertex 98.9979 -25.6123 11.4
    endloop
  endfacet
  facet normal 0.941104 -0.338117 0
    outer loop
      vertex 98.5409 -26.8843 15
      vertex 98.9979 -25.6123 11.4
      vertex 98.9979 -25.6123 15
    endloop
  endfacet
  facet normal 0.941104 -0.338117 0
    outer loop
      vertex 98.9979 -25.6123 11.4
      vertex 98.5409 -26.8843 15
      vertex 98.5409 -26.8843 11.4
    endloop
  endfacet
  facet normal 0.922965 -0.384883 0
    outer loop
      vertex 98.0402 -28.085 15
      vertex 98.5409 -26.8843 11.4
      vertex 98.5409 -26.8843 15
    endloop
  endfacet
  facet normal 0.922965 -0.384883 0
    outer loop
      vertex 98.5409 -26.8843 11.4
      vertex 98.0402 -28.085 15
      vertex 98.0402 -28.085 11.4
    endloop
  endfacet
  facet normal 0.900888 -0.434051 0
    outer loop
      vertex 97.4961 -29.2143 15
      vertex 98.0402 -28.085 11.4
      vertex 98.0402 -28.085 15
    endloop
  endfacet
  facet normal 0.900888 -0.434051 0
    outer loop
      vertex 98.0402 -28.085 11.4
      vertex 97.4961 -29.2143 15
      vertex 97.4961 -29.2143 11.4
    endloop
  endfacet
  facet normal 0.874146 -0.485664 0
    outer loop
      vertex 96.9084 -30.2721 15
      vertex 97.4961 -29.2143 11.4
      vertex 97.4961 -29.2143 15
    endloop
  endfacet
  facet normal 0.874146 -0.485664 0
    outer loop
      vertex 97.4961 -29.2143 11.4
      vertex 96.9084 -30.2721 15
      vertex 96.9084 -30.2721 11.4
    endloop
  endfacet
  facet normal 0.842295 -0.539017 0
    outer loop
      vertex 96.2771 -31.2586 15
      vertex 96.9084 -30.2721 11.4
      vertex 96.9084 -30.2721 15
    endloop
  endfacet
  facet normal 0.842295 -0.539017 0
    outer loop
      vertex 96.9084 -30.2721 11.4
      vertex 96.2771 -31.2586 15
      vertex 96.2771 -31.2586 11.4
    endloop
  endfacet
  facet normal 0.804808 -0.593535 0
    outer loop
      vertex 95.6023 -32.1736 15
      vertex 96.2771 -31.2586 11.4
      vertex 96.2771 -31.2586 15
    endloop
  endfacet
  facet normal 0.804808 -0.593535 0
    outer loop
      vertex 96.2771 -31.2586 11.4
      vertex 95.6023 -32.1736 15
      vertex 95.6023 -32.1736 11.4
    endloop
  endfacet
  facet normal 0.76138 -0.648306 0
    outer loop
      vertex 94.8839 -33.0173 15
      vertex 95.6023 -32.1736 11.4
      vertex 95.6023 -32.1736 15
    endloop
  endfacet
  facet normal 0.76138 -0.648306 0
    outer loop
      vertex 95.6023 -32.1736 11.4
      vertex 94.8839 -33.0173 15
      vertex 94.8839 -33.0173 11.4
    endloop
  endfacet
  facet normal 0.711838 -0.702343 0
    outer loop
      vertex 94.122 -33.7895 15
      vertex 94.8839 -33.0173 11.4
      vertex 94.8839 -33.0173 15
    endloop
  endfacet
  facet normal 0.711838 -0.702343 0
    outer loop
      vertex 94.8839 -33.0173 11.4
      vertex 94.122 -33.7895 15
      vertex 94.122 -33.7895 11.4
    endloop
  endfacet
  facet normal 0.654196 -0.756325 0
    outer loop
      vertex 92.7616 -34.9662 11.4
      vertex 94.122 -33.7895 15
      vertex 92.7616 -34.9662 15
    endloop
  endfacet
  facet normal 0.654196 -0.756325 0
    outer loop
      vertex 94.122 -33.7895 15
      vertex 92.7616 -34.9662 11.4
      vertex 94.122 -33.7895 11.4
    endloop
  endfacet
  facet normal 0.582649 -0.812724 0
    outer loop
      vertex 91.3133 -36.0045 11.4
      vertex 92.7616 -34.9662 15
      vertex 91.3133 -36.0045 15
    endloop
  endfacet
  facet normal 0.582649 -0.812724 0
    outer loop
      vertex 92.7616 -34.9662 15
      vertex 91.3133 -36.0045 11.4
      vertex 92.7616 -34.9662 11.4
    endloop
  endfacet
  facet normal 0.505389 -0.862891 0
    outer loop
      vertex 89.777 -36.9043 11.4
      vertex 91.3133 -36.0045 15
      vertex 89.777 -36.9043 15
    endloop
  endfacet
  facet normal 0.505389 -0.862891 0
    outer loop
      vertex 91.3133 -36.0045 15
      vertex 89.777 -36.9043 11.4
      vertex 91.3133 -36.0045 11.4
    endloop
  endfacet
  facet normal 0.424438 -0.905457 0
    outer loop
      vertex 88.1527 -37.6657 11.4
      vertex 89.777 -36.9043 15
      vertex 88.1527 -37.6657 15
    endloop
  endfacet
  facet normal 0.424438 -0.905457 0
    outer loop
      vertex 89.777 -36.9043 15
      vertex 88.1527 -37.6657 11.4
      vertex 89.777 -36.9043 11.4
    endloop
  endfacet
  facet normal 0.341946 -0.93972 0
    outer loop
      vertex 86.4406 -38.2887 11.4
      vertex 88.1527 -37.6657 15
      vertex 86.4406 -38.2887 15
    endloop
  endfacet
  facet normal 0.341946 -0.93972 0
    outer loop
      vertex 88.1527 -37.6657 15
      vertex 86.4406 -38.2887 11.4
      vertex 88.1527 -37.6657 11.4
    endloop
  endfacet
  facet normal 0.259889 -0.965639 0
    outer loop
      vertex 84.6404 -38.7732 11.4
      vertex 86.4406 -38.2887 15
      vertex 84.6404 -38.7732 15
    endloop
  endfacet
  facet normal 0.259889 -0.965639 0
    outer loop
      vertex 86.4406 -38.2887 15
      vertex 84.6404 -38.7732 11.4
      vertex 86.4406 -38.2887 11.4
    endloop
  endfacet
  facet normal 0.180302 -0.983611 0
    outer loop
      vertex 82.7523 -39.1193 11.4
      vertex 84.6404 -38.7732 15
      vertex 82.7523 -39.1193 15
    endloop
  endfacet
  facet normal 0.180302 -0.983611 0
    outer loop
      vertex 84.6404 -38.7732 15
      vertex 82.7523 -39.1193 11.4
      vertex 84.6404 -38.7732 11.4
    endloop
  endfacet
  facet normal 0.104486 -0.994526 0
    outer loop
      vertex 80.7763 -39.3269 11.4
      vertex 82.7523 -39.1193 15
      vertex 80.7763 -39.3269 15
    endloop
  endfacet
  facet normal 0.104486 -0.994526 0
    outer loop
      vertex 82.7523 -39.1193 15
      vertex 80.7763 -39.3269 11.4
      vertex 82.7523 -39.1193 11.4
    endloop
  endfacet
  facet normal 0.0335567 -0.999437 0
    outer loop
      vertex 78.7123 -39.3962 11.4
      vertex 80.7763 -39.3269 15
      vertex 78.7123 -39.3962 15
    endloop
  endfacet
  facet normal 0.0335567 -0.999437 0
    outer loop
      vertex 80.7763 -39.3269 15
      vertex 78.7123 -39.3962 11.4
      vertex 80.7763 -39.3269 11.4
    endloop
  endfacet
  facet normal -0.03732 -0.999303 0
    outer loop
      vertex 76.3506 -39.308 11.4
      vertex 78.7123 -39.3962 15
      vertex 76.3506 -39.308 15
    endloop
  endfacet
  facet normal -0.03732 -0.999303 -0
    outer loop
      vertex 78.7123 -39.3962 15
      vertex 76.3506 -39.308 11.4
      vertex 78.7123 -39.3962 11.4
    endloop
  endfacet
  facet normal -0.116338 -0.99321 0
    outer loop
      vertex 74.0925 -39.0435 11.4
      vertex 76.3506 -39.308 15
      vertex 74.0925 -39.0435 15
    endloop
  endfacet
  facet normal -0.116338 -0.99321 -0
    outer loop
      vertex 76.3506 -39.308 15
      vertex 74.0925 -39.0435 11.4
      vertex 76.3506 -39.308 11.4
    endloop
  endfacet
  facet normal -0.200443 -0.979705 0
    outer loop
      vertex 71.938 -38.6027 11.4
      vertex 74.0925 -39.0435 15
      vertex 71.938 -38.6027 15
    endloop
  endfacet
  facet normal -0.200443 -0.979705 -0
    outer loop
      vertex 74.0925 -39.0435 15
      vertex 71.938 -38.6027 11.4
      vertex 74.0925 -39.0435 11.4
    endloop
  endfacet
  facet normal -0.288132 -0.957591 0
    outer loop
      vertex 69.8871 -37.9856 11.4
      vertex 71.938 -38.6027 15
      vertex 69.8871 -37.9856 15
    endloop
  endfacet
  facet normal -0.288132 -0.957591 -0
    outer loop
      vertex 71.938 -38.6027 15
      vertex 69.8871 -37.9856 11.4
      vertex 71.938 -38.6027 11.4
    endloop
  endfacet
  facet normal -0.377295 -0.926093 0
    outer loop
      vertex 67.9399 -37.1923 11.4
      vertex 69.8871 -37.9856 15
      vertex 67.9399 -37.1923 15
    endloop
  endfacet
  facet normal -0.377295 -0.926093 -0
    outer loop
      vertex 69.8871 -37.9856 15
      vertex 67.9399 -37.1923 11.4
      vertex 69.8871 -37.9856 11.4
    endloop
  endfacet
  facet normal -0.465533 -0.885031 0
    outer loop
      vertex 66.0962 -36.2225 11.4
      vertex 67.9399 -37.1923 15
      vertex 66.0962 -36.2225 15
    endloop
  endfacet
  facet normal -0.465533 -0.885031 -0
    outer loop
      vertex 67.9399 -37.1923 15
      vertex 66.0962 -36.2225 11.4
      vertex 67.9399 -37.1923 11.4
    endloop
  endfacet
  facet normal -0.550018 -0.835153 0
    outer loop
      vertex 64.3561 -35.0765 11.4
      vertex 66.0962 -36.2225 15
      vertex 64.3561 -35.0765 15
    endloop
  endfacet
  facet normal -0.550018 -0.835153 -0
    outer loop
      vertex 66.0962 -36.2225 15
      vertex 64.3561 -35.0765 11.4
      vertex 66.0962 -36.2225 11.4
    endloop
  endfacet
  facet normal -0.628484 -0.777822 0
    outer loop
      vertex 62.7196 -33.7542 11.4
      vertex 64.3561 -35.0765 15
      vertex 62.7196 -33.7542 15
    endloop
  endfacet
  facet normal -0.628484 -0.777822 -0
    outer loop
      vertex 64.3561 -35.0765 15
      vertex 62.7196 -33.7542 11.4
      vertex 64.3561 -35.0765 11.4
    endloop
  endfacet
  facet normal -0.699085 -0.715038 0
    outer loop
      vertex 61.1867 -32.2555 11.4
      vertex 62.7196 -33.7542 15
      vertex 61.1867 -32.2555 15
    endloop
  endfacet
  facet normal -0.699085 -0.715038 -0
    outer loop
      vertex 62.7196 -33.7542 15
      vertex 61.1867 -32.2555 11.4
      vertex 62.7196 -33.7542 11.4
    endloop
  endfacet
  facet normal -0.764368 -0.64478 0
    outer loop
      vertex 61.1867 -32.2555 11.4
      vertex 59.7881 -30.5975 15
      vertex 59.7881 -30.5975 11.4
    endloop
  endfacet
  facet normal -0.764368 -0.64478 0
    outer loop
      vertex 59.7881 -30.5975 15
      vertex 61.1867 -32.2555 11.4
      vertex 61.1867 -32.2555 15
    endloop
  endfacet
  facet normal -0.824791 -0.565438 0
    outer loop
      vertex 59.7881 -30.5975 11.4
      vertex 58.5539 -28.7972 15
      vertex 58.5539 -28.7972 11.4
    endloop
  endfacet
  facet normal -0.824791 -0.565438 0
    outer loop
      vertex 58.5539 -28.7972 15
      vertex 59.7881 -30.5975 11.4
      vertex 59.7881 -30.5975 15
    endloop
  endfacet
  facet normal -0.876004 -0.482305 0
    outer loop
      vertex 58.5539 -28.7972 11.4
      vertex 57.4843 -26.8545 15
      vertex 57.4843 -26.8545 11.4
    endloop
  endfacet
  facet normal -0.876004 -0.482305 0
    outer loop
      vertex 57.4843 -26.8545 15
      vertex 58.5539 -28.7972 11.4
      vertex 58.5539 -28.7972 15
    endloop
  endfacet
  facet normal -0.917315 -0.398163 0
    outer loop
      vertex 57.4843 -26.8545 11.4
      vertex 56.5793 -24.7695 15
      vertex 56.5793 -24.7695 11.4
    endloop
  endfacet
  facet normal -0.917315 -0.398163 0
    outer loop
      vertex 56.5793 -24.7695 15
      vertex 57.4843 -26.8545 11.4
      vertex 57.4843 -26.8545 15
    endloop
  endfacet
  facet normal -0.948934 -0.315474 0
    outer loop
      vertex 56.5793 -24.7695 11.4
      vertex 55.8388 -22.5421 15
      vertex 55.8388 -22.5421 11.4
    endloop
  endfacet
  facet normal -0.948934 -0.315474 0
    outer loop
      vertex 55.8388 -22.5421 15
      vertex 56.5793 -24.7695 11.4
      vertex 56.5793 -24.7695 15
    endloop
  endfacet
  facet normal -0.971718 -0.236143 0
    outer loop
      vertex 55.8388 -22.5421 11.4
      vertex 55.2629 -20.1723 15
      vertex 55.2629 -20.1723 11.4
    endloop
  endfacet
  facet normal -0.971718 -0.236143 0
    outer loop
      vertex 55.2629 -20.1723 15
      vertex 55.8388 -22.5421 11.4
      vertex 55.8388 -22.5421 15
    endloop
  endfacet
  facet normal -0.986854 -0.161614 0
    outer loop
      vertex 55.2629 -20.1723 11.4
      vertex 54.8515 -17.6602 15
      vertex 54.8515 -17.6602 11.4
    endloop
  endfacet
  facet normal -0.986854 -0.161614 0
    outer loop
      vertex 54.8515 -17.6602 15
      vertex 55.2629 -20.1723 11.4
      vertex 55.2629 -20.1723 15
    endloop
  endfacet
  facet normal -0.995705 -0.0925784 0
    outer loop
      vertex 54.8515 -17.6602 11.4
      vertex 54.6047 -15.0058 15
      vertex 54.6047 -15.0058 11.4
    endloop
  endfacet
  facet normal -0.995705 -0.0925784 0
    outer loop
      vertex 54.6047 -15.0058 15
      vertex 54.8515 -17.6602 11.4
      vertex 54.8515 -17.6602 15
    endloop
  endfacet
  facet normal -0.999567 -0.0294138 0
    outer loop
      vertex 54.6047 -15.0058 11.4
      vertex 54.5224 -12.209 15
      vertex 54.5224 -12.209 11.4
    endloop
  endfacet
  facet normal -0.999567 -0.0294138 0
    outer loop
      vertex 54.5224 -12.209 15
      vertex 54.6047 -15.0058 11.4
      vertex 54.6047 -15.0058 15
    endloop
  endfacet
  facet normal -0.999522 0.0309199 0
    outer loop
      vertex 54.5224 -12.209 11.4
      vertex 54.6043 -9.56149 15
      vertex 54.6043 -9.56149 11.4
    endloop
  endfacet
  facet normal -0.999522 0.0309199 0
    outer loop
      vertex 54.6043 -9.56149 15
      vertex 54.5224 -12.209 11.4
      vertex 54.5224 -12.209 15
    endloop
  endfacet
  facet normal -0.995288 0.0969631 0
    outer loop
      vertex 54.6043 -9.56149 11.4
      vertex 54.8498 -7.04153 15
      vertex 54.8498 -7.04153 11.4
    endloop
  endfacet
  facet normal -0.995288 0.0969631 0
    outer loop
      vertex 54.8498 -7.04153 15
      vertex 54.6043 -9.56149 11.4
      vertex 54.6043 -9.56149 15
    endloop
  endfacet
  facet normal -0.985686 0.168593 0
    outer loop
      vertex 54.8498 -7.04153 11.4
      vertex 55.259 -4.64912 15
      vertex 55.259 -4.64912 11.4
    endloop
  endfacet
  facet normal -0.985686 0.168593 0
    outer loop
      vertex 55.259 -4.64912 15
      vertex 54.8498 -7.04153 11.4
      vertex 54.8498 -7.04153 15
    endloop
  endfacet
  facet normal -0.969476 0.245187 0
    outer loop
      vertex 55.259 -4.64912 11.4
      vertex 55.8318 -2.38425 15
      vertex 55.8318 -2.38425 11.4
    endloop
  endfacet
  facet normal -0.969476 0.245187 0
    outer loop
      vertex 55.8318 -2.38425 15
      vertex 55.259 -4.64912 11.4
      vertex 55.259 -4.64912 15
    endloop
  endfacet
  facet normal -0.945428 0.325831 0
    outer loop
      vertex 55.8318 -2.38425 11.4
      vertex 56.5684 -0.246941 15
      vertex 56.5684 -0.246941 11.4
    endloop
  endfacet
  facet normal -0.945428 0.325831 0
    outer loop
      vertex 56.5684 -0.246941 15
      vertex 55.8318 -2.38425 11.4
      vertex 55.8318 -2.38425 15
    endloop
  endfacet
  facet normal -0.912633 0.408779 0
    outer loop
      vertex 56.5684 -0.246941 11.4
      vertex 57.4686 1.76283 15
      vertex 57.4686 1.76283 11.4
    endloop
  endfacet
  facet normal -0.912633 0.408779 0
    outer loop
      vertex 57.4686 1.76283 15
      vertex 56.5684 -0.246941 11.4
      vertex 56.5684 -0.246941 15
    endloop
  endfacet
  facet normal -0.870557 0.492068 0
    outer loop
      vertex 57.4686 1.76283 11.4
      vertex 58.5325 3.64506 15
      vertex 58.5325 3.64506 11.4
    endloop
  endfacet
  facet normal -0.870557 0.492068 0
    outer loop
      vertex 58.5325 3.64506 15
      vertex 57.4686 1.76283 11.4
      vertex 57.4686 1.76283 15
    endloop
  endfacet
  facet normal -0.819379 0.573253 0
    outer loop
      vertex 58.5325 3.64506 11.4
      vertex 59.7601 5.39973 15
      vertex 59.7601 5.39973 11.4
    endloop
  endfacet
  facet normal -0.819379 0.573253 0
    outer loop
      vertex 59.7601 5.39973 15
      vertex 58.5325 3.64506 11.4
      vertex 58.5325 3.64506 15
    endloop
  endfacet
  facet normal -0.760035 0.649882 0
    outer loop
      vertex 59.7601 5.39973 11.4
      vertex 61.1514 7.02685 15
      vertex 61.1514 7.02685 11.4
    endloop
  endfacet
  facet normal -0.760035 0.649882 0
    outer loop
      vertex 61.1514 7.02685 15
      vertex 59.7601 5.39973 11.4
      vertex 59.7601 5.39973 15
    endloop
  endfacet
  facet normal -0.697096 0.716978 0
    outer loop
      vertex 62.6699 8.50324 11.4
      vertex 61.1514 7.02685 15
      vertex 62.6699 8.50324 15
    endloop
  endfacet
  facet normal -0.697096 0.716978 0
    outer loop
      vertex 61.1514 7.02685 15
      vertex 62.6699 8.50324 11.4
      vertex 61.1514 7.02685 11.4
    endloop
  endfacet
  facet normal -0.629257 0.777197 0
    outer loop
      vertex 63.901 9.5 11.4
      vertex 62.6699 8.50324 15
      vertex 63.901 9.5 15
    endloop
  endfacet
  facet normal -0.629257 0.777197 0
    outer loop
      vertex 62.6699 8.50324 15
      vertex 63.901 9.5 11.4
      vertex 62.6699 8.50324 11.4
    endloop
  endfacet
  facet normal -0.966292 0.257449 0
    outer loop
      vertex 17.3706 -25.4679 11.4
      vertex 26.6871 9.5 15
      vertex 26.6871 9.5 11.4
    endloop
  endfacet
  facet normal -0.966292 0.257449 0
    outer loop
      vertex 26.6871 9.5 15
      vertex 17.3706 -25.4679 11.4
      vertex 17.3706 -25.4679 15
    endloop
  endfacet
  facet normal 0.971758 0.235978 0
    outer loop
      vertex 51.2933 -38.5147 15
      vertex 39.6336 9.5 11.4
      vertex 39.6336 9.5 15
    endloop
  endfacet
  facet normal 0.971758 0.235978 0
    outer loop
      vertex 39.6336 9.5 11.4
      vertex 51.2933 -38.5147 15
      vertex 51.2933 -38.5147 11.4
    endloop
  endfacet
  facet normal 0 -1 0
    outer loop
      vertex 40.7851 -38.5147 11.4
      vertex 51.2933 -38.5147 15
      vertex 40.7851 -38.5147 15
    endloop
  endfacet
  facet normal 0 -1 -0
    outer loop
      vertex 51.2933 -38.5147 15
      vertex 40.7851 -38.5147 11.4
      vertex 51.2933 -38.5147 11.4
    endloop
  endfacet
  facet normal -0.9767 -0.214608 0
    outer loop
      vertex 40.7851 -38.5147 11.4
      vertex 32.851 -2.40595 15
      vertex 32.851 -2.40595 11.4
    endloop
  endfacet
  facet normal -0.9767 -0.214608 0
    outer loop
      vertex 32.851 -2.40595 15
      vertex 40.7851 -38.5147 11.4
      vertex 40.7851 -38.5147 15
    endloop
  endfacet
  facet normal 0.969918 -0.243431 0
    outer loop
      vertex 23.7884 -38.5147 15
      vertex 32.851 -2.40595 11.4
      vertex 32.851 -2.40595 15
    endloop
  endfacet
  facet normal 0.969918 -0.243431 0
    outer loop
      vertex 32.851 -2.40595 11.4
      vertex 23.7884 -38.5147 15
      vertex 23.7884 -38.5147 11.4
    endloop
  endfacet
  facet normal 0 -1 0
    outer loop
      vertex 11.376 -38.5147 11.4
      vertex 23.7884 -38.5147 15
      vertex 11.376 -38.5147 15
    endloop
  endfacet
  facet normal 0 -1 -0
    outer loop
      vertex 23.7884 -38.5147 15
      vertex 11.376 -38.5147 11.4
      vertex 23.7884 -38.5147 11.4
    endloop
  endfacet
  facet normal -0.966361 -0.257189 0
    outer loop
      vertex 11.376 -38.5147 11.4
      vertex 1.92552 -3.00552 15
      vertex 1.92552 -3.00552 11.4
    endloop
  endfacet
  facet normal -0.966361 -0.257189 0
    outer loop
      vertex 1.92552 -3.00552 15
      vertex 11.376 -38.5147 11.4
      vertex 11.376 -38.5147 15
    endloop
  endfacet
  facet normal 0.976756 -0.214356 0
    outer loop
      vertex -5.86721 -38.5147 15
      vertex 1.92552 -3.00552 11.4
      vertex 1.92552 -3.00552 15
    endloop
  endfacet
  facet normal 0.976756 -0.214356 0
    outer loop
      vertex 1.92552 -3.00552 11.4
      vertex -5.86721 -38.5147 15
      vertex -5.86721 -38.5147 11.4
    endloop
  endfacet
  facet normal 0 -1 0
    outer loop
      vertex -16.5516 -38.5147 11.4
      vertex -5.86721 -38.5147 15
      vertex -16.5516 -38.5147 15
    endloop
  endfacet
  facet normal 0 -1 -0
    outer loop
      vertex -5.86721 -38.5147 15
      vertex -16.5516 -38.5147 11.4
      vertex -5.86721 -38.5147 11.4
    endloop
  endfacet
  facet normal -0.972665 0.232215 0
    outer loop
      vertex -16.5516 -38.5147 11.4
      vertex -4.20997 13.18 15
      vertex -4.20997 13.18 11.4
    endloop
  endfacet
  facet normal -0.972665 0.232215 0
    outer loop
      vertex -4.20997 13.18 15
      vertex -16.5516 -38.5147 11.4
      vertex -16.5516 -38.5147 15
    endloop
  endfacet
  facet normal 0 1 -0
    outer loop
      vertex 0 13.18 11.4
      vertex -4.20997 13.18 15
      vertex 0 13.18 15
    endloop
  endfacet
  facet normal 0 1 0
    outer loop
      vertex -4.20997 13.18 15
      vertex 0 13.18 11.4
      vertex -4.20997 13.18 11.4
    endloop
  endfacet
  facet normal 0.966514 0.256614 0
    outer loop
      vertex 17.3706 -25.4679 15
      vertex 8.08645 9.5 11.4
      vertex 8.08645 9.5 15
    endloop
  endfacet
  facet normal 0.966514 0.256614 0
    outer loop
      vertex 8.08645 9.5 11.4
      vertex 17.3706 -25.4679 15
      vertex 17.3706 -25.4679 11.4
    endloop
  endfacet
endsolid OpenSCAD_Model
